open_time,open,high,low,close,volume,close_time
2024-09-17 00:00:00+00:00,23.496,23.532,23.136,23.476,810669.0,2024-09-17 03:59:59.999000+00:00
2024-09-17 04:00:00+00:00,23.476,24.03,23.446,23.776,903813.0,2024-09-17 07:59:59.999000+00:00
2024-09-17 08:00:00+00:00,23.775,24.015,23.657,23.824,895290.0,2024-09-17 11:59:59.999000+00:00
2024-09-17 12:00:00+00:00,23.825,24.482,23.605,24.39,2271772.0,2024-09-17 15:59:59.999000+00:00
2024-09-17 16:00:00+00:00,24.39,24.465,23.68,23.858,1499061.0,2024-09-17 19:59:59.999000+00:00
2024-09-17 20:00:00+00:00,23.858,23.963,23.681,23.762,630486.0,2024-09-17 23:59:59.999000+00:00
2024-09-18 00:00:00+00:00,23.762,23.883,23.483,23.835,816982.0,2024-09-18 03:59:59.999000+00:00
2024-09-18 04:00:00+00:00,23.835,23.849,23.539,23.596,652038.0,2024-09-18 07:59:59.999000+00:00
2024-09-18 08:00:00+00:00,23.595,23.605,23.05,23.239,1078694.0,2024-09-18 11:59:59.999000+00:00
2024-09-18 12:00:00+00:00,23.24,23.352,22.835,22.902,1152360.0,2024-09-18 15:59:59.999000+00:00
2024-09-18 16:00:00+00:00,22.904,23.793,22.756,23.368,2834989.0,2024-09-18 19:59:59.999000+00:00
2024-09-18 20:00:00+00:00,23.363,24.726,23.163,24.697,1632845.0,2024-09-18 23:59:59.999000+00:00
2024-09-19 00:00:00+00:00,24.697,26.15,24.695,25.626,3748900.0,2024-09-19 03:59:59.999000+00:00
2024-09-19 04:00:00+00:00,25.625,25.929,25.577,25.891,1282063.0,2024-09-19 07:59:59.999000+00:00
2024-09-19 08:00:00+00:00,25.891,26.359,25.857,26.234,1957739.0,2024-09-19 11:59:59.999000+00:00
2024-09-19 12:00:00+00:00,26.234,26.526,26.071,26.374,1977151.0,2024-09-19 15:59:59.999000+00:00
2024-09-19 16:00:00+00:00,26.376,26.594,26.256,26.413,1373198.0,2024-09-19 19:59:59.999000+00:00
2024-09-19 20:00:00+00:00,26.415,26.786,26.107,26.651,1711754.0,2024-09-19 23:59:59.999000+00:00
2024-09-20 00:00:00+00:00,26.651,27.858,26.451,27.836,2318768.0,2024-09-20 03:59:59.999000+00:00
2024-09-20 04:00:00+00:00,27.833,28.387,27.672,28.191,2880098.0,2024-09-20 07:59:59.999000+00:00
2024-09-20 08:00:00+00:00,28.194,28.816,28.109,28.119,2577210.0,2024-09-20 11:59:59.999000+00:00
2024-09-20 12:00:00+00:00,28.118,28.241,27.118,27.191,3050015.0,2024-09-20 15:59:59.999000+00:00
2024-09-20 16:00:00+00:00,27.192,27.351,26.771,27.09,1546209.0,2024-09-20 19:59:59.999000+00:00
2024-09-20 20:00:00+00:00,27.089,27.662,27.089,27.655,1106153.0,2024-09-20 23:59:59.999000+00:00
2024-09-21 00:00:00+00:00,27.654,27.748,27.122,27.165,1169416.0,2024-09-21 03:59:59.999000+00:00
2024-09-21 04:00:00+00:00,27.164,27.321,26.983,27.254,813844.0,2024-09-21 07:59:59.999000+00:00
2024-09-21 08:00:00+00:00,27.253,27.61,27.17,27.575,927555.0,2024-09-21 11:59:59.999000+00:00
2024-09-21 12:00:00+00:00,27.575,28.117,27.44,27.557,1297921.0,2024-09-21 15:59:59.999000+00:00
2024-09-21 16:00:00+00:00,27.557,27.693,27.336,27.356,766849.0,2024-09-21 19:59:59.999000+00:00
2024-09-21 20:00:00+00:00,27.357,27.963,27.317,27.764,738372.0,2024-09-21 23:59:59.999000+00:00
2024-09-22 00:00:00+00:00,27.765,27.782,27.072,27.254,1086467.0,2024-09-22 03:59:59.999000+00:00
2024-09-22 04:00:00+00:00,27.254,27.468,27.119,27.377,550207.0,2024-09-22 07:59:59.999000+00:00
2024-09-22 08:00:00+00:00,27.378,27.436,26.813,26.905,942388.0,2024-09-22 11:59:59.999000+00:00
2024-09-22 12:00:00+00:00,26.904,27.043,26.611,26.854,992977.0,2024-09-22 15:59:59.999000+00:00
2024-09-22 16:00:00+00:00,26.853,27.151,26.622,27.099,941141.0,2024-09-22 19:59:59.999000+00:00
2024-09-22 20:00:00+00:00,27.099,27.49,26.422,27.287,1562809.0,2024-09-22 23:59:59.999000+00:00
2024-09-23 00:00:00+00:00,27.287,28.158,26.54,27.855,1976525.0,2024-09-23 03:59:59.999000+00:00
2024-09-23 04:00:00+00:00,27.855,27.952,27.37,27.635,1300045.0,2024-09-23 07:59:59.999000+00:00
2024-09-23 08:00:00+00:00,27.636,27.672,27.213,27.321,1433380.0,2024-09-23 11:59:59.999000+00:00
2024-09-23 12:00:00+00:00,27.322,27.741,27.254,27.55,1534106.0,2024-09-23 15:59:59.999000+00:00
2024-09-23 16:00:00+00:00,27.546,27.718,27.154,27.353,1022820.0,2024-09-23 19:59:59.999000+00:00
2024-09-23 20:00:00+00:00,27.36,27.471,27.076,27.379,657620.0,2024-09-23 23:59:59.999000+00:00
2024-09-24 00:00:00+00:00,27.379,27.397,26.822,27.274,1099516.0,2024-09-24 03:59:59.999000+00:00
2024-09-24 04:00:00+00:00,27.269,27.427,27.016,27.382,675173.0,2024-09-24 07:59:59.999000+00:00
2024-09-24 08:00:00+00:00,27.382,27.777,27.35,27.674,1117294.0,2024-09-24 11:59:59.999000+00:00
2024-09-24 12:00:00+00:00,27.674,27.807,26.906,27.126,1956755.0,2024-09-24 15:59:59.999000+00:00
2024-09-24 16:00:00+00:00,27.128,27.733,27.086,27.689,1162558.0,2024-09-24 19:59:59.999000+00:00
2024-09-24 20:00:00+00:00,27.689,28.549,27.479,28.462,1843652.0,2024-09-24 23:59:59.999000+00:00
2024-09-25 00:00:00+00:00,28.462,28.493,27.711,27.954,1853096.0,2024-09-25 03:59:59.999000+00:00
2024-09-25 04:00:00+00:00,27.956,27.964,27.33,27.601,1060142.0,2024-09-25 07:59:59.999000+00:00
2024-09-25 08:00:00+00:00,27.601,27.833,27.518,27.823,982901.0,2024-09-25 11:59:59.999000+00:00
2024-09-25 12:00:00+00:00,27.824,28.075,27.506,27.664,1141630.0,2024-09-25 15:59:59.999000+00:00
2024-09-25 16:00:00+00:00,27.663,27.706,27.222,27.476,1450545.0,2024-09-25 19:59:59.999000+00:00
2024-09-25 20:00:00+00:00,27.476,27.654,27.13,27.27,773753.0,2024-09-25 23:59:59.999000+00:00
2024-09-26 00:00:00+00:00,27.272,27.576,26.946,27.527,899359.0,2024-09-26 03:59:59.999000+00:00
2024-09-26 04:00:00+00:00,27.525,28.009,27.432,28.002,774225.0,2024-09-26 07:59:59.999000+00:00
2024-09-26 08:00:00+00:00,28.002,28.244,27.724,28.241,1289922.0,2024-09-26 11:59:59.999000+00:00
2024-09-26 12:00:00+00:00,28.237,29.32,28.236,29.191,3704315.0,2024-09-26 15:59:59.999000+00:00
2024-09-26 16:00:00+00:00,29.192,29.425,28.847,28.907,1444298.0,2024-09-26 19:59:59.999000+00:00
2024-09-26 20:00:00+00:00,28.909,29.32,28.77,29.155,992666.0,2024-09-26 23:59:59.999000+00:00
2024-09-27 00:00:00+00:00,29.153,29.415,28.92,29.402,1006147.0,2024-09-27 03:59:59.999000+00:00
2024-09-27 04:00:00+00:00,29.402,29.74,29.274,29.614,1210964.0,2024-09-27 07:59:59.999000+00:00
2024-09-27 08:00:00+00:00,29.613,30.084,29.58,29.862,1427872.0,2024-09-27 11:59:59.999000+00:00
2024-09-27 12:00:00+00:00,29.861,30.847,29.712,30.142,2337762.0,2024-09-27 15:59:59.999000+00:00
2024-09-27 16:00:00+00:00,30.142,30.591,30.011,30.204,1164404.0,2024-09-27 19:59:59.999000+00:00
2024-09-27 20:00:00+00:00,30.203,30.559,30.006,30.424,743804.0,2024-09-27 23:59:59.999000+00:00
2024-09-28 00:00:00+00:00,30.425,30.744,30.121,30.184,895538.0,2024-09-28 03:59:59.999000+00:00
2024-09-28 04:00:00+00:00,30.184,30.218,29.372,29.447,1177320.0,2024-09-28 07:59:59.999000+00:00
2024-09-28 08:00:00+00:00,29.448,29.704,29.019,29.487,1149945.0,2024-09-28 11:59:59.999000+00:00
2024-09-28 12:00:00+00:00,29.487,29.629,29.106,29.462,830341.0,2024-09-28 15:59:59.999000+00:00
2024-09-28 16:00:00+00:00,29.462,29.471,29.152,29.358,593559.0,2024-09-28 19:59:59.999000+00:00
2024-09-28 20:00:00+00:00,29.359,29.402,29.083,29.277,513980.0,2024-09-28 23:59:59.999000+00:00
2024-09-29 00:00:00+00:00,29.277,29.457,29.024,29.113,676386.0,2024-09-29 03:59:59.999000+00:00
2024-09-29 04:00:00+00:00,29.114,29.167,28.554,28.602,984280.0,2024-09-29 07:59:59.999000+00:00
2024-09-29 08:00:00+00:00,28.601,28.815,28.51,28.666,882433.0,2024-09-29 11:59:59.999000+00:00
2024-09-29 12:00:00+00:00,28.666,28.839,28.226,28.818,1261928.0,2024-09-29 15:59:59.999000+00:00
2024-09-29 16:00:00+00:00,28.818,29.248,28.602,29.244,1015161.0,2024-09-29 19:59:59.999000+00:00
2024-09-29 20:00:00+00:00,29.244,29.4,28.871,29.02,975338.0,2024-09-29 23:59:59.999000+00:00
2024-09-30 00:00:00+00:00,29.022,29.104,28.111,28.573,1699862.0,2024-09-30 03:59:59.999000+00:00
2024-09-30 04:00:00+00:00,28.573,28.969,28.322,28.948,848132.0,2024-09-30 07:59:59.999000+00:00
2024-09-30 08:00:00+00:00,28.947,28.991,27.912,28.303,1802956.0,2024-09-30 11:59:59.999000+00:00
2024-09-30 12:00:00+00:00,28.302,28.576,27.911,27.931,1422375.0,2024-09-30 15:59:59.999000+00:00
2024-09-30 16:00:00+00:00,27.93,28.286,27.913,27.936,1163230.0,2024-09-30 19:59:59.999000+00:00
2024-09-30 20:00:00+00:00,27.937,28.32,27.533,27.698,1270582.0,2024-09-30 23:59:59.999000+00:00
2024-10-01 00:00:00+00:00,27.697,28.403,27.588,28.374,1092333.0,2024-10-01 03:59:59.999000+00:00
2024-10-01 04:00:00+00:00,28.375,28.71,28.303,28.567,789178.0,2024-10-01 07:59:59.999000+00:00
2024-10-01 08:00:00+00:00,28.568,28.87,28.548,28.634,864842.0,2024-10-01 11:59:59.999000+00:00
2024-10-01 12:00:00+00:00,28.634,28.73,25.949,26.673,4307749.0,2024-10-01 15:59:59.999000+00:00
2024-10-01 16:00:00+00:00,26.67,26.86,25.004,25.903,4428700.0,2024-10-01 19:59:59.999000+00:00
2024-10-01 20:00:00+00:00,25.901,26.214,25.381,25.801,1814921.0,2024-10-01 23:59:59.999000+00:00
2024-10-02 00:00:00+00:00,25.8,26.474,25.59,26.365,1153455.0,2024-10-02 03:59:59.999000+00:00
2024-10-02 04:00:00+00:00,26.365,26.766,26.02,26.588,888245.0,2024-10-02 07:59:59.999000+00:00
2024-10-02 08:00:00+00:00,26.588,26.714,25.69,25.983,1470536.0,2024-10-02 11:59:59.999000+00:00
2024-10-02 12:00:00+00:00,25.983,26.247,25.45,26.201,2085724.0,2024-10-02 15:59:59.999000+00:00
2024-10-02 16:00:00+00:00,26.2,26.454,25.006,25.209,2459302.0,2024-10-02 19:59:59.999000+00:00
2024-10-02 20:00:00+00:00,25.207,25.589,25.071,25.317,1118850.0,2024-10-02 23:59:59.999000+00:00
2024-10-03 00:00:00+00:00,25.316,25.614,25.105,25.544,1120954.0,2024-10-03 03:59:59.999000+00:00
2024-10-03 04:00:00+00:00,25.543,25.651,24.826,24.859,1093174.0,2024-10-03 07:59:59.999000+00:00
2024-10-03 08:00:00+00:00,24.862,25.067,24.168,24.664,2335132.0,2024-10-03 11:59:59.999000+00:00
2024-10-03 12:00:00+00:00,24.665,24.791,23.866,24.357,3298794.0,2024-10-03 15:59:59.999000+00:00
2024-10-03 16:00:00+00:00,24.355,24.756,23.914,24.732,1541283.0,2024-10-03 19:59:59.999000+00:00
2024-10-03 20:00:00+00:00,24.732,24.815,24.399,24.633,814624.0,2024-10-03 23:59:59.999000+00:00
2024-10-04 00:00:00+00:00,24.63,25.086,24.411,24.891,1096455.0,2024-10-04 03:59:59.999000+00:00
2024-10-04 04:00:00+00:00,24.892,25.311,24.84,25.264,790371.0,2024-10-04 07:59:59.999000+00:00
2024-10-04 08:00:00+00:00,25.265,25.678,25.236,25.669,974808.0,2024-10-04 11:59:59.999000+00:00
2024-10-04 12:00:00+00:00,25.671,26.13,25.266,26.13,2161412.0,2024-10-04 15:59:59.999000+00:00
2024-10-04 16:00:00+00:00,26.13,26.472,25.979,26.267,1328864.0,2024-10-04 19:59:59.999000+00:00
2024-10-04 20:00:00+00:00,26.27,26.388,26.11,26.248,508263.0,2024-10-04 23:59:59.999000+00:00
2024-10-05 00:00:00+00:00,26.249,26.43,25.745,25.832,761174.0,2024-10-05 03:59:59.999000+00:00
2024-10-05 04:00:00+00:00,25.834,26.299,25.789,26.005,614050.0,2024-10-05 07:59:59.999000+00:00
2024-10-05 08:00:00+00:00,26.004,26.121,25.8,25.848,522971.0,2024-10-05 11:59:59.999000+00:00
2024-10-05 12:00:00+00:00,25.847,25.94,25.533,25.712,749968.0,2024-10-05 15:59:59.999000+00:00
2024-10-05 16:00:00+00:00,25.713,25.726,25.402,25.443,669150.0,2024-10-05 19:59:59.999000+00:00
2024-10-05 20:00:00+00:00,25.444,25.723,25.08,25.65,832655.0,2024-10-05 23:59:59.999000+00:00
2024-10-06 00:00:00+00:00,25.65,25.861,25.479,25.615,577320.0,2024-10-06 03:59:59.999000+00:00
2024-10-06 04:00:00+00:00,25.615,26.259,25.614,26.187,747244.0,2024-10-06 07:59:59.999000+00:00
2024-10-06 08:00:00+00:00,26.187,26.349,26.012,26.331,722316.0,2024-10-06 11:59:59.999000+00:00
2024-10-06 12:00:00+00:00,26.332,26.95,26.328,26.912,1710079.0,2024-10-06 15:59:59.999000+00:00
2024-10-06 16:00:00+00:00,26.913,27.067,26.716,26.832,860517.0,2024-10-06 19:59:59.999000+00:00
2024-10-06 20:00:00+00:00,26.833,26.991,26.609,26.916,782890.0,2024-10-06 23:59:59.999000+00:00
2024-10-07 00:00:00+00:00,26.915,27.534,26.825,27.273,1376772.0,2024-10-07 03:59:59.999000+00:00
2024-10-07 04:00:00+00:00,27.274,27.533,27.193,27.219,701012.0,2024-10-07 07:59:59.999000+00:00
2024-10-07 08:00:00+00:00,27.219,27.33,26.61,27.006,1344248.0,2024-10-07 11:59:59.999000+00:00
2024-10-07 12:00:00+00:00,27.007,27.728,26.874,27.126,1944850.0,2024-10-07 15:59:59.999000+00:00
2024-10-07 16:00:00+00:00,27.125,27.421,26.781,27.117,1246604.0,2024-10-07 19:59:59.999000+00:00
2024-10-07 20:00:00+00:00,27.119,27.157,26.501,26.546,927310.0,2024-10-07 23:59:59.999000+00:00
2024-10-08 00:00:00+00:00,26.547,27.171,26.536,27.082,879630.0,2024-10-08 03:59:59.999000+00:00
2024-10-08 04:00:00+00:00,27.081,27.119,26.194,26.512,1125401.0,2024-10-08 07:59:59.999000+00:00
2024-10-08 08:00:00+00:00,26.51,26.758,26.351,26.7,772384.0,2024-10-08 11:59:59.999000+00:00
2024-10-08 12:00:00+00:00,26.7,26.842,26.01,26.319,1663343.0,2024-10-08 15:59:59.999000+00:00
2024-10-08 16:00:00+00:00,26.32,26.567,26.161,26.383,1075602.0,2024-10-08 19:59:59.999000+00:00
2024-10-08 20:00:00+00:00,26.385,26.684,26.222,26.335,488819.0,2024-10-08 23:59:59.999000+00:00
2024-10-09 00:00:00+00:00,26.335,26.68,26.159,26.311,704909.0,2024-10-09 03:59:59.999000+00:00
2024-10-09 04:00:00+00:00,26.31,26.585,26.202,26.431,545795.0,2024-10-09 07:59:59.999000+00:00
2024-10-09 08:00:00+00:00,26.432,26.579,26.275,26.444,534499.0,2024-10-09 11:59:59.999000+00:00
2024-10-09 12:00:00+00:00,26.443,26.457,25.66,26.186,1803177.0,2024-10-09 15:59:59.999000+00:00
2024-10-09 16:00:00+00:00,26.188,26.272,25.731,26.071,1318111.0,2024-10-09 19:59:59.999000+00:00
2024-10-09 20:00:00+00:00,26.072,26.156,25.711,25.758,1117230.0,2024-10-09 23:59:59.999000+00:00
2024-10-10 00:00:00+00:00,25.759,26.023,25.512,25.939,797170.0,2024-10-10 03:59:59.999000+00:00
2024-10-10 04:00:00+00:00,25.939,26.354,25.875,26.103,727845.0,2024-10-10 07:59:59.999000+00:00
2024-10-10 08:00:00+00:00,26.103,26.22,25.654,26.138,994864.0,2024-10-10 11:59:59.999000+00:00
2024-10-10 12:00:00+00:00,26.134,26.253,25.501,25.841,1644844.0,2024-10-10 15:59:59.999000+00:00
2024-10-10 16:00:00+00:00,25.841,25.915,25.05,25.498,1646429.0,2024-10-10 19:59:59.999000+00:00
2024-10-10 20:00:00+00:00,25.495,25.912,25.399,25.842,685184.0,2024-10-10 23:59:59.999000+00:00
2024-10-11 00:00:00+00:00,25.842,26.139,25.735,26.032,631190.0,2024-10-11 03:59:59.999000+00:00
2024-10-11 04:00:00+00:00,26.032,26.181,25.944,26.122,462222.0,2024-10-11 07:59:59.999000+00:00
2024-10-11 08:00:00+00:00,26.12,26.594,26.116,26.418,962748.0,2024-10-11 11:59:59.999000+00:00
2024-10-11 12:00:00+00:00,26.417,26.8,26.327,26.759,1177478.0,2024-10-11 15:59:59.999000+00:00
2024-10-11 16:00:00+00:00,26.76,27.311,26.667,27.299,1134866.0,2024-10-11 19:59:59.999000+00:00
2024-10-11 20:00:00+00:00,27.298,27.589,27.217,27.451,1162214.0,2024-10-11 23:59:59.999000+00:00
2024-10-12 00:00:00+00:00,27.451,29.0,27.389,28.305,2402566.0,2024-10-12 03:59:59.999000+00:00
2024-10-12 04:00:00+00:00,28.306,28.54,28.128,28.166,826093.0,2024-10-12 07:59:59.999000+00:00
2024-10-12 08:00:00+00:00,28.166,28.588,28.096,28.544,804192.0,2024-10-12 11:59:59.999000+00:00
2024-10-12 12:00:00+00:00,28.543,29.364,28.498,29.098,1883325.0,2024-10-12 15:59:59.999000+00:00
2024-10-12 16:00:00+00:00,29.093,29.248,28.845,28.95,818674.0,2024-10-12 19:59:59.999000+00:00
2024-10-12 20:00:00+00:00,28.95,28.985,28.521,28.624,895937.0,2024-10-12 23:59:59.999000+00:00
2024-10-13 00:00:00+00:00,28.624,29.028,28.4,28.793,1022777.0,2024-10-13 03:59:59.999000+00:00
2024-10-13 04:00:00+00:00,28.792,29.121,28.791,29.026,556287.0,2024-10-13 07:59:59.999000+00:00
2024-10-13 08:00:00+00:00,29.025,29.349,28.888,28.995,961389.0,2024-10-13 11:59:59.999000+00:00
2024-10-13 12:00:00+00:00,28.995,29.26,28.371,28.45,1450565.0,2024-10-13 15:59:59.999000+00:00
2024-10-13 16:00:00+00:00,28.451,28.818,28.269,28.611,1084515.0,2024-10-13 19:59:59.999000+00:00
2024-10-13 20:00:00+00:00,28.611,29.255,28.409,29.048,1163412.0,2024-10-13 23:59:59.999000+00:00
2024-10-14 00:00:00+00:00,29.049,29.795,28.637,29.729,1718495.0,2024-10-14 03:59:59.999000+00:00
2024-10-14 04:00:00+00:00,29.729,29.858,29.301,29.468,1256253.0,2024-10-14 07:59:59.999000+00:00
2024-10-14 08:00:00+00:00,29.468,29.547,29.088,29.348,1301211.0,2024-10-14 11:59:59.999000+00:00
2024-10-14 12:00:00+00:00,29.347,29.733,29.06,29.542,1668563.0,2024-10-14 15:59:59.999000+00:00
2024-10-14 16:00:00+00:00,29.542,29.595,28.91,29.096,1295852.0,2024-10-14 19:59:59.999000+00:00
2024-10-14 20:00:00+00:00,29.099,29.416,28.924,29.047,911903.0,2024-10-14 23:59:59.999000+00:00
2024-10-15 00:00:00+00:00,29.047,29.099,28.654,28.704,1201325.0,2024-10-15 03:59:59.999000+00:00
2024-10-15 04:00:00+00:00,28.704,28.907,28.43,28.762,1062749.0,2024-10-15 07:59:59.999000+00:00
2024-10-15 08:00:00+00:00,28.764,29.35,28.301,28.471,1702940.0,2024-10-15 11:59:59.999000+00:00
2024-10-15 12:00:00+00:00,28.472,29.615,27.506,28.095,4510291.0,2024-10-15 15:59:59.999000+00:00
2024-10-15 16:00:00+00:00,28.096,28.61,28.005,28.208,1505108.0,2024-10-15 19:59:59.999000+00:00
2024-10-15 20:00:00+00:00,28.208,28.416,27.724,28.195,2138735.0,2024-10-15 23:59:59.999000+00:00
2024-10-16 00:00:00+00:00,28.193,28.207,27.632,27.644,843444.0,2024-10-16 03:59:59.999000+00:00
2024-10-16 04:00:00+00:00,27.645,27.81,27.236,27.323,1660190.0,2024-10-16 07:59:59.999000+00:00
2024-10-16 08:00:00+00:00,27.324,27.999,27.263,27.847,1268589.0,2024-10-16 11:59:59.999000+00:00
2024-10-16 12:00:00+00:00,27.85,28.158,27.376,27.469,1631369.0,2024-10-16 15:59:59.999000+00:00
2024-10-16 16:00:00+00:00,27.47,27.799,27.306,27.603,755863.0,2024-10-16 19:59:59.999000+00:00
2024-10-16 20:00:00+00:00,27.602,28.189,27.585,28.007,683672.0,2024-10-16 23:59:59.999000+00:00
2024-10-17 00:00:00+00:00,28.007,28.257,27.921,28.049,519987.0,2024-10-17 03:59:59.999000+00:00
2024-10-17 04:00:00+00:00,28.048,28.063,27.356,27.56,1080422.0,2024-10-17 07:59:59.999000+00:00
2024-10-17 08:00:00+00:00,27.561,27.822,27.144,27.247,1150140.0,2024-10-17 11:59:59.999000+00:00
2024-10-17 12:00:00+00:00,27.247,27.88,27.175,27.736,1361869.0,2024-10-17 15:59:59.999000+00:00
2024-10-17 16:00:00+00:00,27.736,27.768,26.786,27.132,1720328.0,2024-10-17 19:59:59.999000+00:00
2024-10-17 20:00:00+00:00,27.131,27.387,27.051,27.286,493315.0,2024-10-17 23:59:59.999000+00:00
2024-10-18 00:00:00+00:00,27.286,27.751,27.083,27.406,715651.0,2024-10-18 03:59:59.999000+00:00
2024-10-18 04:00:00+00:00,27.406,27.783,27.361,27.682,648023.0,2024-10-18 07:59:59.999000+00:00
2024-10-18 08:00:00+00:00,27.681,27.733,27.417,27.44,580665.0,2024-10-18 11:59:59.999000+00:00
2024-10-18 12:00:00+00:00,27.439,27.854,27.322,27.778,1158833.0,2024-10-18 15:59:59.999000+00:00
2024-10-18 16:00:00+00:00,27.779,28.148,27.588,27.857,984731.0,2024-10-18 19:59:59.999000+00:00
2024-10-18 20:00:00+00:00,27.861,28.117,27.776,28.077,360370.0,2024-10-18 23:59:59.999000+00:00
2024-10-19 00:00:00+00:00,28.077,28.446,28.015,28.251,693491.0,2024-10-19 03:59:59.999000+00:00
2024-10-19 04:00:00+00:00,28.252,28.322,28.031,28.043,398772.0,2024-10-19 07:59:59.999000+00:00
2024-10-19 08:00:00+00:00,28.044,28.155,27.71,27.716,565474.0,2024-10-19 11:59:59.999000+00:00
2024-10-19 12:00:00+00:00,27.717,28.243,27.701,28.109,638882.0,2024-10-19 15:59:59.999000+00:00
2024-10-19 16:00:00+00:00,28.109,28.126,27.862,27.894,382081.0,2024-10-19 19:59:59.999000+00:00
2024-10-19 20:00:00+00:00,27.895,28.18,27.882,28.089,277543.0,2024-10-19 23:59:59.999000+00:00
2024-10-20 00:00:00+00:00,28.088,28.205,27.75,27.803,383656.0,2024-10-20 03:59:59.999000+00:00
2024-10-20 04:00:00+00:00,27.803,28.031,27.744,27.93,402213.0,2024-10-20 07:59:59.999000+00:00
2024-10-20 08:00:00+00:00,27.929,28.166,27.855,28.124,423011.0,2024-10-20 11:59:59.999000+00:00
2024-10-20 12:00:00+00:00,28.124,28.444,27.815,28.374,1170432.0,2024-10-20 15:59:59.999000+00:00
2024-10-20 16:00:00+00:00,28.374,28.423,28.114,28.293,424586.0,2024-10-20 19:59:59.999000+00:00
2024-10-20 20:00:00+00:00,28.292,29.0,28.195,28.97,1221733.0,2024-10-20 23:59:59.999000+00:00
2024-10-21 00:00:00+00:00,28.968,29.333,28.586,28.683,1196354.0,2024-10-21 03:59:59.999000+00:00
2024-10-21 04:00:00+00:00,28.683,29.077,28.592,28.619,793279.0,2024-10-21 07:59:59.999000+00:00
2024-10-21 08:00:00+00:00,28.619,28.798,28.218,28.251,973766.0,2024-10-21 11:59:59.999000+00:00
2024-10-21 12:00:00+00:00,28.251,28.338,27.57,27.756,1889908.0,2024-10-21 15:59:59.999000+00:00
2024-10-21 16:00:00+00:00,27.759,27.989,27.363,27.986,1026185.0,2024-10-21 19:59:59.999000+00:00
2024-10-21 20:00:00+00:00,27.985,28.049,27.722,27.738,696770.0,2024-10-21 23:59:59.999000+00:00
2024-10-22 00:00:00+00:00,27.737,28.142,27.386,28.01,927581.0,2024-10-22 03:59:59.999000+00:00
2024-10-22 04:00:00+00:00,28.008,28.217,27.883,27.977,470928.0,2024-10-22 07:59:59.999000+00:00
2024-10-22 08:00:00+00:00,27.978,28.006,27.191,27.756,1490965.0,2024-10-22 11:59:59.999000+00:00
2024-10-22 12:00:00+00:00,27.755,27.933,27.4,27.798,1556123.0,2024-10-22 15:59:59.999000+00:00
2024-10-22 16:00:00+00:00,27.798,27.799,27.354,27.652,800634.0,2024-10-22 19:59:59.999000+00:00
2024-10-22 20:00:00+00:00,27.652,27.788,27.552,27.629,414994.0,2024-10-22 23:59:59.999000+00:00
2024-10-23 00:00:00+00:00,27.63,27.69,27.12,27.326,714279.0,2024-10-23 03:59:59.999000+00:00
2024-10-23 04:00:00+00:00,27.327,27.452,27.01,27.057,773759.0,2024-10-23 07:59:59.999000+00:00
2024-10-23 08:00:00+00:00,27.057,27.205,26.553,26.614,1518663.0,2024-10-23 11:59:59.999000+00:00
2024-10-23 12:00:00+00:00,26.618,26.897,26.323,26.494,1458290.0,2024-10-23 15:59:59.999000+00:00
2024-10-23 16:00:00+00:00,26.495,26.586,25.86,26.58,2040879.0,2024-10-23 19:59:59.999000+00:00
2024-10-23 20:00:00+00:00,26.58,26.793,26.472,26.733,676106.0,2024-10-23 23:59:59.999000+00:00
2024-10-24 00:00:00+00:00,26.736,27.228,26.586,26.985,995608.0,2024-10-24 03:59:59.999000+00:00
2024-10-24 04:00:00+00:00,26.981,27.179,26.826,26.827,514289.0,2024-10-24 07:59:59.999000+00:00
2024-10-24 08:00:00+00:00,26.826,26.922,26.366,26.589,927705.0,2024-10-24 11:59:59.999000+00:00
2024-10-24 12:00:00+00:00,26.589,26.919,26.519,26.787,1007364.0,2024-10-24 15:59:59.999000+00:00
2024-10-24 16:00:00+00:00,26.786,27.052,26.658,27.034,503295.0,2024-10-24 19:59:59.999000+00:00
2024-10-24 20:00:00+00:00,27.036,27.233,26.772,26.819,746621.0,2024-10-24 23:59:59.999000+00:00
2024-10-25 00:00:00+00:00,26.818,26.871,26.369,26.546,693619.0,2024-10-25 03:59:59.999000+00:00
2024-10-25 04:00:00+00:00,26.546,26.583,26.023,26.224,876675.0,2024-10-25 07:59:59.999000+00:00
2024-10-25 08:00:00+00:00,26.225,26.576,26.033,26.536,725631.0,2024-10-25 11:59:59.999000+00:00
2024-10-25 12:00:00+00:00,26.536,26.76,26.059,26.132,1222601.0,2024-10-25 15:59:59.999000+00:00
2024-10-25 16:00:00+00:00,26.13,26.255,25.41,25.885,2079732.0,2024-10-25 19:59:59.999000+00:00
2024-10-25 20:00:00+00:00,25.884,26.07,23.901,24.907,3188590.0,2024-10-25 23:59:59.999000+00:00
2024-10-26 00:00:00+00:00,24.908,25.348,24.528,25.261,1392202.0,2024-10-26 03:59:59.999000+00:00
2024-10-26 04:00:00+00:00,25.261,25.576,25.196,25.403,523700.0,2024-10-26 07:59:59.999000+00:00
2024-10-26 08:00:00+00:00,25.403,25.647,25.38,25.598,377507.0,2024-10-26 11:59:59.999000+00:00
2024-10-26 12:00:00+00:00,25.598,25.663,24.887,25.065,945987.0,2024-10-26 15:59:59.999000+00:00
2024-10-26 16:00:00+00:00,25.066,25.465,24.961,25.411,479676.0,2024-10-26 19:59:59.999000+00:00
2024-10-26 20:00:00+00:00,25.412,25.614,25.274,25.388,348048.0,2024-10-26 23:59:59.999000+00:00
2024-10-27 00:00:00+00:00,25.388,25.587,25.225,25.566,323716.0,2024-10-27 03:59:59.999000+00:00
2024-10-27 04:00:00+00:00,25.567,25.592,25.414,25.434,234123.0,2024-10-27 07:59:59.999000+00:00
2024-10-27 08:00:00+00:00,25.435,25.533,25.28,25.352,290891.0,2024-10-27 11:59:59.999000+00:00
2024-10-27 12:00:00+00:00,25.351,25.812,25.351,25.783,553037.0,2024-10-27 15:59:59.999000+00:00
2024-10-27 16:00:00+00:00,25.785,25.928,25.562,25.661,604938.0,2024-10-27 19:59:59.999000+00:00
2024-10-27 20:00:00+00:00,25.664,25.897,25.574,25.744,421659.0,2024-10-27 23:59:59.999000+00:00
2024-10-28 00:00:00+00:00,25.744,25.854,25.15,25.193,547097.0,2024-10-28 03:59:59.999000+00:00
2024-10-28 04:00:00+00:00,25.193,25.863,25.033,25.736,762675.0,2024-10-28 07:59:59.999000+00:00
2024-10-28 08:00:00+00:00,25.737,26.276,25.717,26.197,988623.0,2024-10-28 11:59:59.999000+00:00
2024-10-28 12:00:00+00:00,26.197,26.306,25.553,25.558,1432665.0,2024-10-28 15:59:59.999000+00:00
2024-10-28 16:00:00+00:00,25.558,26.028,25.331,25.854,1358821.0,2024-10-28 19:59:59.999000+00:00
2024-10-28 20:00:00+00:00,25.99,26.522,25.956,26.252,890358.0,2024-10-28 23:59:59.999000+00:00
2024-10-29 00:00:00+00:00,26.252,26.974,26.167,26.795,1070975.0,2024-10-29 03:59:59.999000+00:00
2024-10-29 04:00:00+00:00,26.795,26.883,26.459,26.53,509400.0,2024-10-29 07:59:59.999000+00:00
2024-10-29 08:00:00+00:00,26.532,26.82,26.481,26.743,714792.0,2024-10-29 11:59:59.999000+00:00
2024-10-29 12:00:00+00:00,26.742,26.837,26.4,26.726,985873.0,2024-10-29 15:59:59.999000+00:00
2024-10-29 16:00:00+00:00,26.726,27.153,26.536,26.58,1495480.0,2024-10-29 19:59:59.999000+00:00
2024-10-29 20:00:00+00:00,26.581,26.912,26.274,26.869,887583.0,2024-10-29 23:59:59.999000+00:00
2024-10-30 00:00:00+00:00,26.869,26.898,26.39,26.588,680989.0,2024-10-30 03:59:59.999000+00:00
2024-10-30 04:00:00+00:00,26.587,26.757,26.471,26.604,1429469.0,2024-10-30 07:59:59.999000+00:00
2024-10-30 08:00:00+00:00,26.605,26.694,26.1,26.127,1224767.0,2024-10-30 11:59:59.999000+00:00
2024-10-30 12:00:00+00:00,26.129,26.484,25.979,26.12,1188119.0,2024-10-30 15:59:59.999000+00:00
2024-10-30 16:00:00+00:00,26.121,26.32,26.054,26.149,447713.0,2024-10-30 19:59:59.999000+00:00
2024-10-30 20:00:00+00:00,26.144,26.484,26.036,26.161,643309.0,2024-10-30 23:59:59.999000+00:00
2024-10-31 00:00:00+00:00,26.161,26.212,25.916,26.064,506331.0,2024-10-31 03:59:59.999000+00:00
2024-10-31 04:00:00+00:00,26.065,26.071,25.742,25.919,505428.0,2024-10-31 07:59:59.999000+00:00
2024-10-31 08:00:00+00:00,25.918,25.929,25.65,25.733,607742.0,2024-10-31 11:59:59.999000+00:00
2024-10-31 12:00:00+00:00,25.733,25.779,25.074,25.251,1493400.0,2024-10-31 15:59:59.999000+00:00
2024-10-31 16:00:00+00:00,25.251,25.251,24.657,24.69,1760459.0,2024-10-31 19:59:59.999000+00:00
2024-10-31 20:00:00+00:00,24.688,25.172,24.662,24.999,972978.0,2024-10-31 23:59:59.999000+00:00
2024-11-01 00:00:00+00:00,25.0,25.057,24.548,24.865,918907.0,2024-11-01 03:59:59.999000+00:00
2024-11-01 04:00:00+00:00,24.866,24.992,24.371,24.651,825373.0,2024-11-01 07:59:59.999000+00:00
2024-11-01 08:00:00+00:00,24.651,25.179,24.628,25.109,941336.0,2024-11-01 11:59:59.999000+00:00
2024-11-01 12:00:00+00:00,25.11,25.7,24.567,24.878,1793366.0,2024-11-01 15:59:59.999000+00:00
2024-11-01 16:00:00+00:00,24.877,25.199,24.654,24.767,914144.0,2024-11-01 19:59:59.999000+00:00
2024-11-01 20:00:00+00:00,24.769,24.934,24.475,24.773,733811.0,2024-11-01 23:59:59.999000+00:00
2024-11-02 00:00:00+00:00,24.772,25.002,24.748,24.818,290141.0,2024-11-02 03:59:59.999000+00:00
2024-11-02 04:00:00+00:00,24.819,24.961,24.742,24.859,318445.0,2024-11-02 07:59:59.999000+00:00
2024-11-02 08:00:00+00:00,24.858,24.894,24.619,24.641,314631.0,2024-11-02 11:59:59.999000+00:00
2024-11-02 12:00:00+00:00,24.641,24.692,24.042,24.227,1387526.0,2024-11-02 15:59:59.999000+00:00
2024-11-02 16:00:00+00:00,24.228,24.365,23.935,24.163,588885.0,2024-11-02 19:59:59.999000+00:00
2024-11-02 20:00:00+00:00,24.163,24.257,23.966,24.101,290389.0,2024-11-02 23:59:59.999000+00:00
2024-11-03 00:00:00+00:00,24.101,24.191,23.173,23.569,1564800.0,2024-11-03 03:59:59.999000+00:00
2024-11-03 04:00:00+00:00,23.569,23.777,23.515,23.595,410152.0,2024-11-03 07:59:59.999000+00:00
2024-11-03 08:00:00+00:00,23.596,23.631,23.191,23.211,1101914.0,2024-11-03 11:59:59.999000+00:00
2024-11-03 12:00:00+00:00,23.212,23.295,22.589,23.028,1983852.0,2024-11-03 15:59:59.999000+00:00
2024-11-03 16:00:00+00:00,23.026,23.299,22.814,23.287,1154366.0,2024-11-03 19:59:59.999000+00:00
2024-11-03 20:00:00+00:00,23.286,23.712,23.233,23.517,894135.0,2024-11-03 23:59:59.999000+00:00
2024-11-04 00:00:00+00:00,23.517,23.915,23.318,23.689,756900.0,2024-11-04 03:59:59.999000+00:00
2024-11-04 04:00:00+00:00,23.689,23.833,23.436,23.463,498840.0,2024-11-04 07:59:59.999000+00:00
2024-11-04 08:00:00+00:00,23.464,23.699,23.213,23.588,1056110.0,2024-11-04 11:59:59.999000+00:00
2024-11-04 12:00:00+00:00,23.588,23.786,23.13,23.209,1016786.0,2024-11-04 15:59:59.999000+00:00
2024-11-04 16:00:00+00:00,23.21,23.232,22.861,22.893,1105442.0,2024-11-04 19:59:59.999000+00:00
2024-11-04 20:00:00+00:00,22.895,23.51,22.322,22.717,2588254.0,2024-11-04 23:59:59.999000+00:00
2024-11-05 00:00:00+00:00,22.718,22.907,22.583,22.842,759330.0,2024-11-05 03:59:59.999000+00:00
2024-11-05 04:00:00+00:00,22.841,23.219,22.841,23.177,518779.0,2024-11-05 07:59:59.999000+00:00
2024-11-05 08:00:00+00:00,23.177,23.397,23.114,23.288,661852.0,2024-11-05 11:59:59.999000+00:00
2024-11-05 12:00:00+00:00,23.289,24.211,23.24,23.964,1909977.0,2024-11-05 15:59:59.999000+00:00
2024-11-05 16:00:00+00:00,23.964,24.47,23.608,23.691,1511280.0,2024-11-05 19:59:59.999000+00:00
2024-11-05 20:00:00+00:00,23.69,24.125,23.578,23.973,862739.0,2024-11-05 23:59:59.999000+00:00
2024-11-06 00:00:00+00:00,23.972,26.443,23.972,26.216,3053844.0,2024-11-06 03:59:59.999000+00:00
2024-11-06 04:00:00+00:00,26.216,26.55,25.744,25.882,2372670.0,2024-11-06 07:59:59.999000+00:00
2024-11-06 08:00:00+00:00,25.882,26.348,25.473,26.348,1547639.0,2024-11-06 11:59:59.999000+00:00
2024-11-06 12:00:00+00:00,26.348,26.584,26.0,26.152,1658927.0,2024-11-06 15:59:59.999000+00:00
2024-11-06 16:00:00+00:00,26.153,26.65,26.023,26.604,1121694.0,2024-11-06 19:59:59.999000+00:00
2024-11-06 20:00:00+00:00,26.604,27.329,26.445,27.007,1839992.0,2024-11-06 23:59:59.999000+00:00
2024-11-07 00:00:00+00:00,27.007,28.02,26.936,27.706,1737428.0,2024-11-07 03:59:59.999000+00:00
2024-11-07 04:00:00+00:00,27.707,27.753,26.725,26.933,1614197.0,2024-11-07 07:59:59.999000+00:00
2024-11-07 08:00:00+00:00,26.932,27.13,26.651,26.66,921721.0,2024-11-07 11:59:59.999000+00:00
2024-11-07 12:00:00+00:00,26.66,27.3,26.52,27.283,1416130.0,2024-11-07 15:59:59.999000+00:00
2024-11-07 16:00:00+00:00,27.284,27.697,27.12,27.62,1757840.0,2024-11-07 19:59:59.999000+00:00
2024-11-07 20:00:00+00:00,27.62,27.768,27.102,27.395,1082025.0,2024-11-07 23:59:59.999000+00:00
2024-11-08 00:00:00+00:00,27.395,28.02,27.113,27.406,1410000.0,2024-11-08 03:59:59.999000+00:00
2024-11-08 04:00:00+00:00,27.405,27.709,27.169,27.591,774082.0,2024-11-08 07:59:59.999000+00:00
2024-11-08 08:00:00+00:00,27.593,28.246,27.352,28.147,1443910.0,2024-11-08 11:59:59.999000+00:00
2024-11-08 12:00:00+00:00,28.147,28.589,27.824,28.086,2075115.0,2024-11-08 15:59:59.999000+00:00
2024-11-08 16:00:00+00:00,28.09,28.504,27.515,28.329,2021407.0,2024-11-08 19:59:59.999000+00:00
2024-11-08 20:00:00+00:00,28.329,28.801,28.07,28.788,1223862.0,2024-11-08 23:59:59.999000+00:00
2024-11-09 00:00:00+00:00,28.789,29.66,28.578,28.679,2458638.0,2024-11-09 03:59:59.999000+00:00
2024-11-09 04:00:00+00:00,28.679,29.684,28.678,29.268,1622395.0,2024-11-09 07:59:59.999000+00:00
2024-11-09 08:00:00+00:00,29.267,29.794,29.239,29.507,1221097.0,2024-11-09 11:59:59.999000+00:00
2024-11-09 12:00:00+00:00,29.506,29.613,28.63,28.823,1349042.0,2024-11-09 15:59:59.999000+00:00
2024-11-09 16:00:00+00:00,28.822,29.171,28.48,28.993,1110869.0,2024-11-09 19:59:59.999000+00:00
2024-11-09 20:00:00+00:00,28.992,30.51,28.954,30.389,2027302.0,2024-11-09 23:59:59.999000+00:00
2024-11-10 00:00:00+00:00,30.386,30.68,29.691,30.483,2164319.0,2024-11-10 03:59:59.999000+00:00
2024-11-10 04:00:00+00:00,30.485,32.055,30.462,31.557,2815027.0,2024-11-10 07:59:59.999000+00:00
2024-11-10 08:00:00+00:00,31.555,32.227,31.312,32.006,1655078.0,2024-11-10 11:59:59.999000+00:00
2024-11-10 12:00:00+00:00,32.004,32.858,31.609,32.355,3198751.0,2024-11-10 15:59:59.999000+00:00
2024-11-10 16:00:00+00:00,32.356,33.324,31.734,32.059,3107843.0,2024-11-10 19:59:59.999000+00:00
2024-11-10 20:00:00+00:00,32.06,32.435,30.035,31.904,3911285.0,2024-11-10 23:59:59.999000+00:00
2024-11-11 00:00:00+00:00,31.905,32.648,31.744,32.271,1981903.0,2024-11-11 03:59:59.999000+00:00
2024-11-11 04:00:00+00:00,32.269,32.306,30.727,31.348,2151523.0,2024-11-11 07:59:59.999000+00:00
2024-11-11 08:00:00+00:00,31.348,32.279,31.196,32.163,1396722.0,2024-11-11 11:59:59.999000+00:00
2024-11-11 12:00:00+00:00,32.161,32.938,31.691,32.497,3147973.0,2024-11-11 15:59:59.999000+00:00
2024-11-11 16:00:00+00:00,32.499,34.616,32.46,33.998,4455587.0,2024-11-11 19:59:59.999000+00:00
2024-11-11 20:00:00+00:00,33.992,35.838,33.838,35.748,4090007.0,2024-11-11 23:59:59.999000+00:00
2024-11-12 00:00:00+00:00,35.75,36.381,34.177,36.001,3840580.0,2024-11-12 03:59:59.999000+00:00
2024-11-12 04:00:00+00:00,36.001,37.444,34.964,36.444,3411591.0,2024-11-12 07:59:59.999000+00:00
2024-11-12 08:00:00+00:00,36.445,37.736,33.054,34.48,6305170.0,2024-11-12 11:59:59.999000+00:00
2024-11-12 12:00:00+00:00,34.479,35.24,32.686,33.912,5141032.0,2024-11-12 15:59:59.999000+00:00
2024-11-12 16:00:00+00:00,33.914,34.682,33.21,34.269,3414352.0,2024-11-12 19:59:59.999000+00:00
2024-11-12 20:00:00+00:00,34.27,35.152,33.66,33.971,2613288.0,2024-11-12 23:59:59.999000+00:00
2024-11-13 00:00:00+00:00,33.972,34.789,32.361,32.377,3195852.0,2024-11-13 03:59:59.999000+00:00
2024-11-13 04:00:00+00:00,32.382,33.025,31.226,32.069,3476111.0,2024-11-13 07:59:59.999000+00:00
2024-11-13 08:00:00+00:00,32.07,32.594,31.714,32.227,2222370.0,2024-11-13 11:59:59.999000+00:00
2024-11-13 12:00:00+00:00,32.231,34.928,31.839,34.771,4976457.0,2024-11-13 15:59:59.999000+00:00
2024-11-13 16:00:00+00:00,34.77,35.078,32.364,32.486,3779799.0,2024-11-13 19:59:59.999000+00:00
2024-11-13 20:00:00+00:00,32.485,33.255,31.64,33.13,2779764.0,2024-11-13 23:59:59.999000+00:00
2024-11-14 00:00:00+00:00,33.135,33.4,32.248,33.363,1554295.0,2024-11-14 03:59:59.999000+00:00
2024-11-14 04:00:00+00:00,33.363,34.748,32.963,33.757,2088147.0,2024-11-14 07:59:59.999000+00:00
2024-11-14 08:00:00+00:00,33.756,33.832,32.088,32.483,2194802.0,2024-11-14 11:59:59.999000+00:00
2024-11-14 12:00:00+00:00,32.482,32.879,31.319,31.782,2719236.0,2024-11-14 15:59:59.999000+00:00
2024-11-14 16:00:00+00:00,31.779,32.754,31.594,32.319,1719487.0,2024-11-14 19:59:59.999000+00:00
2024-11-14 20:00:00+00:00,32.317,32.319,30.676,31.207,2002525.0,2024-11-14 23:59:59.999000+00:00
2024-11-15 00:00:00+00:00,31.206,31.767,30.973,31.592,1147630.0,2024-11-15 03:59:59.999000+00:00
2024-11-15 04:00:00+00:00,31.591,32.018,30.578,31.623,1357642.0,2024-11-15 07:59:59.999000+00:00
2024-11-15 08:00:00+00:00,31.627,32.488,31.318,32.427,1223811.0,2024-11-15 11:59:59.999000+00:00
2024-11-15 12:00:00+00:00,32.426,32.809,31.139,31.408,3551460.0,2024-11-15 15:59:59.999000+00:00
2024-11-15 16:00:00+00:00,31.404,32.735,31.228,32.458,1750789.0,2024-11-15 19:59:59.999000+00:00
2024-11-15 20:00:00+00:00,32.464,33.316,32.444,33.132,1379277.0,2024-11-15 23:59:59.999000+00:00
2024-11-16 00:00:00+00:00,33.132,34.382,32.778,34.361,1312978.0,2024-11-16 03:59:59.999000+00:00
2024-11-16 04:00:00+00:00,34.361,35.58,34.256,34.278,2188468.0,2024-11-16 07:59:59.999000+00:00
2024-11-16 08:00:00+00:00,34.28,35.35,34.272,35.341,1533061.0,2024-11-16 11:59:59.999000+00:00
2024-11-16 12:00:00+00:00,35.339,35.76,34.343,34.606,2648703.0,2024-11-16 15:59:59.999000+00:00
2024-11-16 16:00:00+00:00,34.599,35.445,34.334,35.245,1320493.0,2024-11-16 19:59:59.999000+00:00
2024-11-16 20:00:00+00:00,35.245,35.459,34.725,35.172,1242074.0,2024-11-16 23:59:59.999000+00:00
2024-11-17 00:00:00+00:00,35.175,35.743,33.101,34.432,3131162.0,2024-11-17 03:59:59.999000+00:00
2024-11-17 04:00:00+00:00,34.433,36.876,34.254,36.53,3511932.0,2024-11-17 07:59:59.999000+00:00
2024-11-17 08:00:00+00:00,36.531,37.304,36.271,36.36,2570401.0,2024-11-17 11:59:59.999000+00:00
2024-11-17 12:00:00+00:00,36.361,37.08,36.089,36.596,2048801.0,2024-11-17 15:59:59.999000+00:00
2024-11-17 16:00:00+00:00,36.602,36.732,34.764,35.288,2032364.0,2024-11-17 19:59:59.999000+00:00
2024-11-17 20:00:00+00:00,35.288,35.59,34.291,34.738,1828223.0,2024-11-17 23:59:59.999000+00:00
2024-11-18 00:00:00+00:00,34.742,35.653,34.555,35.624,1496208.0,2024-11-18 03:59:59.999000+00:00
2024-11-18 04:00:00+00:00,35.625,36.185,35.125,35.942,1321146.0,2024-11-18 07:59:59.999000+00:00
2024-11-18 08:00:00+00:00,35.942,36.048,34.614,34.786,1550677.0,2024-11-18 11:59:59.999000+00:00
2024-11-18 12:00:00+00:00,34.79,35.782,34.021,35.565,2513873.0,2024-11-18 15:59:59.999000+00:00
2024-11-18 16:00:00+00:00,35.564,36.154,34.43,34.858,2877251.0,2024-11-18 19:59:59.999000+00:00
2024-11-18 20:00:00+00:00,34.857,35.733,34.698,35.509,1706359.0,2024-11-18 23:59:59.999000+00:00
2024-11-19 00:00:00+00:00,35.509,35.518,34.755,35.239,917699.0,2024-11-19 03:59:59.999000+00:00
2024-11-19 04:00:00+00:00,35.239,35.669,34.72,35.075,1073096.0,2024-11-19 07:59:59.999000+00:00
2024-11-19 08:00:00+00:00,35.071,35.214,34.303,34.897,1529874.0,2024-11-19 11:59:59.999000+00:00
2024-11-19 12:00:00+00:00,34.897,35.471,33.634,34.432,2299032.0,2024-11-19 15:59:59.999000+00:00
2024-11-19 16:00:00+00:00,34.432,35.208,34.269,34.781,1523157.0,2024-11-19 19:59:59.999000+00:00
2024-11-19 20:00:00+00:00,34.777,34.944,33.522,34.224,1593575.0,2024-11-19 23:59:59.999000+00:00
2024-11-20 00:00:00+00:00,34.227,34.236,33.028,33.574,1229108.0,2024-11-20 03:59:59.999000+00:00
2024-11-20 04:00:00+00:00,33.573,34.078,33.21,34.008,1123456.0,2024-11-20 07:59:59.999000+00:00
2024-11-20 08:00:00+00:00,34.005,35.78,33.996,34.826,2358623.0,2024-11-20 11:59:59.999000+00:00
2024-11-20 12:00:00+00:00,34.829,35.595,34.294,34.874,2414857.0,2024-11-20 15:59:59.999000+00:00
2024-11-20 16:00:00+00:00,34.872,35.024,32.773,33.194,2678259.0,2024-11-20 19:59:59.999000+00:00
2024-11-20 20:00:00+00:00,33.194,34.423,33.066,33.598,1277827.0,2024-11-20 23:59:59.999000+00:00
2024-11-21 00:00:00+00:00,33.6,33.937,32.312,33.107,1606920.0,2024-11-21 03:59:59.999000+00:00
2024-11-21 04:00:00+00:00,33.108,34.5,33.029,34.301,1907892.0,2024-11-21 07:59:59.999000+00:00
2024-11-21 08:00:00+00:00,34.303,34.409,33.425,34.084,1091680.0,2024-11-21 11:59:59.999000+00:00
2024-11-21 12:00:00+00:00,34.083,36.026,34.061,35.0,4083024.0,2024-11-21 15:59:59.999000+00:00
2024-11-21 16:00:00+00:00,35.0,36.199,34.883,35.751,1967473.0,2024-11-21 19:59:59.999000+00:00
2024-11-21 20:00:00+00:00,35.751,36.244,35.562,35.873,1160394.0,2024-11-21 23:59:59.999000+00:00
2024-11-22 00:00:00+00:00,35.876,36.859,35.215,36.199,2068051.0,2024-11-22 03:59:59.999000+00:00
2024-11-22 04:00:00+00:00,36.2,36.706,35.728,35.778,1311478.0,2024-11-22 07:59:59.999000+00:00
2024-11-22 08:00:00+00:00,35.779,38.2,35.779,38.131,3037970.0,2024-11-22 11:59:59.999000+00:00
2024-11-22 12:00:00+00:00,38.131,39.588,37.3,39.54,7275890.0,2024-11-22 15:59:59.999000+00:00
2024-11-22 16:00:00+00:00,39.539,40.02,38.733,39.543,3819777.0,2024-11-22 19:59:59.999000+00:00
2024-11-22 20:00:00+00:00,39.542,43.701,39.294,43.208,4965711.0,2024-11-22 23:59:59.999000+00:00
2024-11-23 00:00:00+00:00,43.208,45.318,42.455,44.01,5595025.0,2024-11-23 03:59:59.999000+00:00
2024-11-23 04:00:00+00:00,44.011,45.045,42.799,42.971,3527438.0,2024-11-23 07:59:59.999000+00:00
2024-11-23 08:00:00+00:00,42.973,43.256,42.004,42.341,2367408.0,2024-11-23 11:59:59.999000+00:00
2024-11-23 12:00:00+00:00,42.342,43.815,42.228,43.197,3101700.0,2024-11-23 15:59:59.999000+00:00
2024-11-23 16:00:00+00:00,43.197,43.741,41.021,41.976,4577815.0,2024-11-23 19:59:59.999000+00:00
2024-11-23 20:00:00+00:00,41.975,42.309,40.719,41.463,2129953.0,2024-11-23 23:59:59.999000+00:00
2024-11-24 00:00:00+00:00,41.464,43.018,41.271,42.465,2200171.0,2024-11-24 03:59:59.999000+00:00
2024-11-24 04:00:00+00:00,42.463,43.192,41.77,42.339,2105997.0,2024-11-24 07:59:59.999000+00:00
2024-11-24 08:00:00+00:00,42.339,42.392,40.01,40.103,2578397.0,2024-11-24 11:59:59.999000+00:00
2024-11-24 12:00:00+00:00,40.098,40.539,38.264,38.811,4881129.0,2024-11-24 15:59:59.999000+00:00
2024-11-24 16:00:00+00:00,38.81,40.384,38.637,40.198,2406134.0,2024-11-24 19:59:59.999000+00:00
2024-11-24 20:00:00+00:00,40.196,42.229,40.03,42.083,2125833.0,2024-11-24 23:59:59.999000+00:00
2024-11-25 00:00:00+00:00,42.091,42.172,40.056,41.352,2116640.0,2024-11-25 03:59:59.999000+00:00
2024-11-25 04:00:00+00:00,41.35,45.04,41.284,45.012,2952304.0,2024-11-25 07:59:59.999000+00:00
2024-11-25 08:00:00+00:00,45.011,47.954,44.449,45.561,6561288.0,2024-11-25 11:59:59.999000+00:00
2024-11-25 12:00:00+00:00,45.564,45.93,42.01,43.226,5778991.0,2024-11-25 15:59:59.999000+00:00
2024-11-25 16:00:00+00:00,43.232,43.968,41.212,42.073,3706953.0,2024-11-25 19:59:59.999000+00:00
2024-11-25 20:00:00+00:00,42.079,43.312,40.713,41.335,3829432.0,2024-11-25 23:59:59.999000+00:00
2024-11-26 00:00:00+00:00,41.333,42.992,41.136,41.726,2295758.0,2024-11-26 03:59:59.999000+00:00
2024-11-26 04:00:00+00:00,41.722,42.411,40.9,41.204,1607082.0,2024-11-26 07:59:59.999000+00:00
2024-11-26 08:00:00+00:00,41.198,41.241,38.51,40.008,4320725.0,2024-11-26 11:59:59.999000+00:00
2024-11-26 12:00:00+00:00,40.008,42.517,39.875,41.032,4260676.0,2024-11-26 15:59:59.999000+00:00
2024-11-26 16:00:00+00:00,41.036,42.675,40.714,41.508,2822850.0,2024-11-26 19:59:59.999000+00:00
2024-11-26 20:00:00+00:00,41.5,43.4,41.284,42.752,2634429.0,2024-11-26 23:59:59.999000+00:00
2024-11-27 00:00:00+00:00,42.75,43.751,41.95,42.538,2414810.0,2024-11-27 03:59:59.999000+00:00
2024-11-27 04:00:00+00:00,42.537,43.717,42.221,43.314,1847255.0,2024-11-27 07:59:59.999000+00:00
2024-11-27 08:00:00+00:00,43.312,44.494,42.856,43.495,2452658.0,2024-11-27 11:59:59.999000+00:00
2024-11-27 12:00:00+00:00,43.495,44.179,42.378,43.771,3496619.0,2024-11-27 15:59:59.999000+00:00
2024-11-27 16:00:00+00:00,43.773,43.879,42.61,43.186,2194628.0,2024-11-27 19:59:59.999000+00:00
2024-11-27 20:00:00+00:00,43.186,44.286,43.005,43.819,1958118.0,2024-11-27 23:59:59.999000+00:00
2024-11-28 00:00:00+00:00,43.813,44.303,42.603,43.182,2151372.0,2024-11-28 03:59:59.999000+00:00
2024-11-28 04:00:00+00:00,43.181,43.87,42.51,42.69,1263390.0,2024-11-28 07:59:59.999000+00:00
2024-11-28 08:00:00+00:00,42.688,43.019,41.758,42.271,1748097.0,2024-11-28 11:59:59.999000+00:00
2024-11-28 12:00:00+00:00,42.271,42.894,41.509,41.689,1727037.0,2024-11-28 15:59:59.999000+00:00
2024-11-28 16:00:00+00:00,41.687,42.714,41.626,42.485,1133676.0,2024-11-28 19:59:59.999000+00:00
2024-11-28 20:00:00+00:00,42.485,43.232,42.038,42.806,1032112.0,2024-11-28 23:59:59.999000+00:00
2024-11-29 00:00:00+00:00,42.805,43.85,42.565,43.348,1472679.0,2024-11-29 03:59:59.999000+00:00
2024-11-29 04:00:00+00:00,43.348,43.637,42.664,42.666,1134222.0,2024-11-29 07:59:59.999000+00:00
2024-11-29 08:00:00+00:00,42.665,44.076,42.665,43.823,1186563.0,2024-11-29 11:59:59.999000+00:00
2024-11-29 12:00:00+00:00,43.823,44.647,43.395,44.366,1732096.0,2024-11-29 15:59:59.999000+00:00
2024-11-29 16:00:00+00:00,44.367,44.81,43.864,44.471,1689692.0,2024-11-29 19:59:59.999000+00:00
2024-11-29 20:00:00+00:00,44.472,45.098,44.029,44.886,1295446.0,2024-11-29 23:59:59.999000+00:00
2024-11-30 00:00:00+00:00,44.886,44.905,43.672,44.417,1487880.0,2024-11-30 03:59:59.999000+00:00
2024-11-30 04:00:00+00:00,44.418,45.703,44.156,45.438,1552706.0,2024-11-30 07:59:59.999000+00:00
2024-11-30 08:00:00+00:00,45.437,46.025,44.366,44.753,1791765.0,2024-11-30 11:59:59.999000+00:00
2024-11-30 12:00:00+00:00,44.753,46.306,44.745,45.598,1894381.0,2024-11-30 15:59:59.999000+00:00
2024-11-30 16:00:00+00:00,45.598,45.985,45.113,45.557,1127346.0,2024-11-30 19:59:59.999000+00:00
2024-11-30 20:00:00+00:00,45.556,45.844,44.812,44.845,1055556.0,2024-11-30 23:59:59.999000+00:00
2024-12-01 00:00:00+00:00,44.845,45.73,43.809,44.339,1959233.0,2024-12-01 03:59:59.999000+00:00
2024-12-01 04:00:00+00:00,44.34,44.596,43.964,44.185,738132.0,2024-12-01 07:59:59.999000+00:00
2024-12-01 08:00:00+00:00,44.184,44.544,43.619,44.165,1295569.0,2024-12-01 11:59:59.999000+00:00
2024-12-01 12:00:00+00:00,44.166,45.816,43.829,45.288,1437169.0,2024-12-01 15:59:59.999000+00:00
2024-12-01 16:00:00+00:00,45.291,45.576,44.572,45.282,1253031.0,2024-12-01 19:59:59.999000+00:00
2024-12-01 20:00:00+00:00,45.282,45.85,44.122,45.145,1924367.0,2024-12-01 23:59:59.999000+00:00
2024-12-02 00:00:00+00:00,45.143,49.193,45.044,47.126,5030216.0,2024-12-02 03:59:59.999000+00:00
2024-12-02 04:00:00+00:00,47.121,48.796,46.364,48.504,5259010.0,2024-12-02 07:59:59.999000+00:00
2024-12-02 08:00:00+00:00,48.506,49.147,45.111,46.246,6613651.0,2024-12-02 11:59:59.999000+00:00
2024-12-02 12:00:00+00:00,46.244,50.073,46.027,49.104,6721639.0,2024-12-02 15:59:59.999000+00:00
2024-12-02 16:00:00+00:00,49.103,49.723,46.85,48.509,3912440.0,2024-12-02 19:59:59.999000+00:00
2024-12-02 20:00:00+00:00,48.512,52.53,48.046,52.312,6356082.0,2024-12-02 23:59:59.999000+00:00
2024-12-03 00:00:00+00:00,52.313,52.92,50.763,52.065,3665658.0,2024-12-03 03:59:59.999000+00:00
2024-12-03 04:00:00+00:00,52.063,52.388,50.332,50.836,3146758.0,2024-12-03 07:59:59.999000+00:00
2024-12-03 08:00:00+00:00,50.831,52.133,50.577,51.822,2668319.0,2024-12-03 11:59:59.999000+00:00
2024-12-03 12:00:00+00:00,51.822,53.99,47.866,50.185,9014062.0,2024-12-03 15:59:59.999000+00:00
2024-12-03 16:00:00+00:00,50.185,50.982,49.277,50.336,2554497.0,2024-12-03 19:59:59.999000+00:00
2024-12-03 20:00:00+00:00,50.339,51.82,50.266,50.931,2776202.0,2024-12-03 23:59:59.999000+00:00
2024-12-04 00:00:00+00:00,50.932,52.499,50.872,51.928,2870732.0,2024-12-04 03:59:59.999000+00:00
2024-12-04 04:00:00+00:00,51.927,54.96,51.912,54.545,3667285.0,2024-12-04 07:59:59.999000+00:00
2024-12-04 08:00:00+00:00,54.544,55.079,53.715,54.002,2931876.0,2024-12-04 11:59:59.999000+00:00
2024-12-04 12:00:00+00:00,53.998,55.85,53.087,55.689,3794690.0,2024-12-04 15:59:59.999000+00:00
2024-12-04 16:00:00+00:00,55.692,55.86,52.669,54.477,3466923.0,2024-12-04 19:59:59.999000+00:00
2024-12-04 20:00:00+00:00,54.479,55.423,52.08,52.815,2743086.0,2024-12-04 23:59:59.999000+00:00
2024-12-05 00:00:00+00:00,52.813,52.849,49.749,51.015,3827004.0,2024-12-05 03:59:59.999000+00:00
2024-12-05 04:00:00+00:00,51.014,52.401,50.921,51.996,1958556.0,2024-12-05 07:59:59.999000+00:00
2024-12-05 08:00:00+00:00,51.997,52.857,51.89,52.802,1625986.0,2024-12-05 11:59:59.999000+00:00
2024-12-05 12:00:00+00:00,52.801,53.364,51.671,52.295,2403198.0,2024-12-05 15:59:59.999000+00:00
2024-12-05 16:00:00+00:00,52.296,53.699,51.643,51.78,2398306.0,2024-12-05 19:59:59.999000+00:00
2024-12-05 20:00:00+00:00,51.78,52.037,48.35,50.314,4136342.0,2024-12-05 23:59:59.999000+00:00
2024-12-06 00:00:00+00:00,50.32,52.019,50.16,51.65,1634030.0,2024-12-06 03:59:59.999000+00:00
2024-12-06 04:00:00+00:00,51.651,53.632,51.592,52.82,1766521.0,2024-12-06 07:59:59.999000+00:00
2024-12-06 08:00:00+00:00,52.823,52.979,50.682,50.992,2066340.0,2024-12-06 11:59:59.999000+00:00
2024-12-06 12:00:00+00:00,50.99,52.081,49.64,51.705,2826412.0,2024-12-06 15:59:59.999000+00:00
2024-12-06 16:00:00+00:00,51.705,53.07,51.478,52.697,1890038.0,2024-12-06 19:59:59.999000+00:00
2024-12-06 20:00:00+00:00,52.699,53.063,52.113,52.517,1268240.0,2024-12-06 23:59:59.999000+00:00
2024-12-07 00:00:00+00:00,52.518,52.683,51.65,51.907,997856.0,2024-12-07 03:59:59.999000+00:00
2024-12-07 04:00:00+00:00,51.905,52.315,51.241,51.534,846558.0,2024-12-07 07:59:59.999000+00:00
2024-12-07 08:00:00+00:00,51.537,52.449,51.31,52.318,1016988.0,2024-12-07 11:59:59.999000+00:00
2024-12-07 12:00:00+00:00,52.317,52.78,51.603,52.559,1247251.0,2024-12-07 15:59:59.999000+00:00
2024-12-07 16:00:00+00:00,52.56,53.14,51.75,52.267,1503652.0,2024-12-07 19:59:59.999000+00:00
2024-12-07 20:00:00+00:00,52.267,52.684,51.551,51.632,1122864.0,2024-12-07 23:59:59.999000+00:00
2024-12-08 00:00:00+00:00,51.633,52.028,51.379,51.882,816652.0,2024-12-08 03:59:59.999000+00:00
2024-12-08 04:00:00+00:00,51.879,52.179,50.7,51.584,1245346.0,2024-12-08 07:59:59.999000+00:00
2024-12-08 08:00:00+00:00,51.584,51.683,50.384,51.498,1542608.0,2024-12-08 11:59:59.999000+00:00
2024-12-08 12:00:00+00:00,51.499,52.887,51.052,52.265,1858186.0,2024-12-08 15:59:59.999000+00:00
2024-12-08 16:00:00+00:00,52.265,53.259,51.95,52.852,1992966.0,2024-12-08 19:59:59.999000+00:00
2024-12-08 20:00:00+00:00,52.853,54.46,52.822,54.024,1969282.0,2024-12-08 23:59:59.999000+00:00
2024-12-09 00:00:00+00:00,54.025,54.266,51.161,51.756,2250770.0,2024-12-09 03:59:59.999000+00:00
2024-12-09 04:00:00+00:00,51.755,52.513,50.457,51.441,2058421.0,2024-12-09 07:59:59.999000+00:00
2024-12-09 08:00:00+00:00,51.445,51.445,49.1,49.26,3192104.0,2024-12-09 11:59:59.999000+00:00
2024-12-09 12:00:00+00:00,49.26,51.005,48.836,49.056,3110287.0,2024-12-09 15:59:59.999000+00:00
2024-12-09 16:00:00+00:00,49.057,49.79,48.741,48.816,1793263.0,2024-12-09 19:59:59.999000+00:00
2024-12-09 20:00:00+00:00,48.816,48.941,39.6,44.98,11855485.0,2024-12-09 23:59:59.999000+00:00
2024-12-10 00:00:00+00:00,44.981,46.076,42.242,44.072,4228998.0,2024-12-10 03:59:59.999000+00:00
2024-12-10 04:00:00+00:00,44.07,45.745,43.009,45.261,2440848.0,2024-12-10 07:59:59.999000+00:00
2024-12-10 08:00:00+00:00,45.266,46.466,44.7,45.78,2106342.0,2024-12-10 11:59:59.999000+00:00
2024-12-10 12:00:00+00:00,45.783,45.963,42.34,42.374,4168825.0,2024-12-10 15:59:59.999000+00:00
2024-12-10 16:00:00+00:00,42.376,43.662,41.3,43.55,4563979.0,2024-12-10 19:59:59.999000+00:00
2024-12-10 20:00:00+00:00,43.55,45.349,43.293,44.589,1848355.0,2024-12-10 23:59:59.999000+00:00
2024-12-11 00:00:00+00:00,44.588,44.73,42.806,44.255,2002600.0,2024-12-11 03:59:59.999000+00:00
2024-12-11 04:00:00+00:00,44.254,44.608,43.916,43.98,1033910.0,2024-12-11 07:59:59.999000+00:00
2024-12-11 08:00:00+00:00,43.981,45.588,43.919,45.378,1389997.0,2024-12-11 11:59:59.999000+00:00
2024-12-11 12:00:00+00:00,45.378,48.378,45.244,47.899,3189921.0,2024-12-11 15:59:59.999000+00:00
2024-12-11 16:00:00+00:00,47.9,48.337,47.173,47.744,1618779.0,2024-12-11 19:59:59.999000+00:00
2024-12-11 20:00:00+00:00,47.746,48.45,47.605,48.446,909442.0,2024-12-11 23:59:59.999000+00:00
2024-12-12 00:00:00+00:00,48.446,50.357,48.179,49.735,1977573.0,2024-12-12 03:59:59.999000+00:00
2024-12-12 04:00:00+00:00,49.733,51.03,49.526,50.111,1600203.0,2024-12-12 07:59:59.999000+00:00
2024-12-12 08:00:00+00:00,50.111,51.279,49.594,49.795,1887930.0,2024-12-12 11:59:59.999000+00:00
2024-12-12 12:00:00+00:00,49.795,52.979,49.567,52.285,5790747.0,2024-12-12 15:59:59.999000+00:00
2024-12-12 16:00:00+00:00,52.286,55.407,51.855,52.14,5730705.0,2024-12-12 19:59:59.999000+00:00
2024-12-12 20:00:00+00:00,52.14,53.572,51.832,53.124,2718605.0,2024-12-12 23:59:59.999000+00:00
2024-12-13 00:00:00+00:00,53.129,54.005,51.966,52.564,2470060.0,2024-12-13 03:59:59.999000+00:00
2024-12-13 04:00:00+00:00,52.563,53.356,51.157,51.745,2018907.0,2024-12-13 07:59:59.999000+00:00
2024-12-13 08:00:00+00:00,51.745,52.4,51.31,51.819,1493237.0,2024-12-13 11:59:59.999000+00:00
2024-12-13 12:00:00+00:00,51.819,52.866,51.069,51.167,2317205.0,2024-12-13 15:59:59.999000+00:00
2024-12-13 16:00:00+00:00,51.162,52.094,50.614,51.385,2226846.0,2024-12-13 19:59:59.999000+00:00
2024-12-13 20:00:00+00:00,51.386,52.894,51.354,52.781,1151119.0,2024-12-13 23:59:59.999000+00:00
2024-12-14 00:00:00+00:00,52.782,53.837,52.501,52.64,1311973.0,2024-12-14 03:59:59.999000+00:00
2024-12-14 04:00:00+00:00,52.639,52.75,52.018,52.592,851473.0,2024-12-14 07:59:59.999000+00:00
2024-12-14 08:00:00+00:00,52.593,53.629,52.516,52.965,1309537.0,2024-12-14 11:59:59.999000+00:00
2024-12-14 12:00:00+00:00,52.965,53.128,50.791,51.328,2246040.0,2024-12-14 15:59:59.999000+00:00
2024-12-14 16:00:00+00:00,51.328,51.407,49.505,50.018,2132317.0,2024-12-14 19:59:59.999000+00:00
2024-12-14 20:00:00+00:00,50.017,50.253,49.348,49.83,1227850.0,2024-12-14 23:59:59.999000+00:00
2024-12-15 00:00:00+00:00,49.83,50.995,49.3,49.527,1478732.0,2024-12-15 03:59:59.999000+00:00
2024-12-15 04:00:00+00:00,49.528,50.155,48.115,48.415,1484870.0,2024-12-15 07:59:59.999000+00:00
2024-12-15 08:00:00+00:00,48.415,49.678,48.262,49.463,1187376.0,2024-12-15 11:59:59.999000+00:00
2024-12-15 12:00:00+00:00,49.463,51.054,49.362,50.44,1657478.0,2024-12-15 15:59:59.999000+00:00
2024-12-15 16:00:00+00:00,50.44,50.635,49.78,50.305,1210716.0,2024-12-15 19:59:59.999000+00:00
2024-12-15 20:00:00+00:00,50.304,51.385,48.064,50.765,2816687.0,2024-12-15 23:59:59.999000+00:00
2024-12-16 00:00:00+00:00,50.763,52.045,49.58,49.933,2377312.0,2024-12-16 03:59:59.999000+00:00
2024-12-16 04:00:00+00:00,49.934,50.666,49.707,49.833,1049982.0,2024-12-16 07:59:59.999000+00:00
2024-12-16 08:00:00+00:00,49.834,49.959,48.451,48.574,1706711.0,2024-12-16 11:59:59.999000+00:00
2024-12-16 12:00:00+00:00,48.575,49.713,48.284,48.992,2111171.0,2024-12-16 15:59:59.999000+00:00
2024-12-16 16:00:00+00:00,48.991,50.86,48.937,50.044,2583403.0,2024-12-16 19:59:59.999000+00:00
2024-12-16 20:00:00+00:00,50.045,50.245,48.827,48.979,1250019.0,2024-12-16 23:59:59.999000+00:00
2024-12-17 00:00:00+00:00,48.979,49.498,48.295,49.244,1370193.0,2024-12-17 03:59:59.999000+00:00
2024-12-17 04:00:00+00:00,49.244,49.244,48.394,48.803,1603322.0,2024-12-17 07:59:59.999000+00:00
2024-12-17 08:00:00+00:00,48.803,50.798,48.794,50.216,1893466.0,2024-12-17 11:59:59.999000+00:00
2024-12-17 12:00:00+00:00,50.214,50.864,48.439,48.801,2659722.0,2024-12-17 15:59:59.999000+00:00
2024-12-17 16:00:00+00:00,48.796,49.9,48.441,48.84,1635822.0,2024-12-17 19:59:59.999000+00:00
2024-12-17 20:00:00+00:00,48.839,49.38,47.51,47.898,1976434.0,2024-12-17 23:59:59.999000+00:00
2024-12-18 00:00:00+00:00,47.898,48.178,46.958,46.97,1768124.0,2024-12-18 03:59:59.999000+00:00
2024-12-18 04:00:00+00:00,46.97,47.023,46.0,46.427,1707142.0,2024-12-18 07:59:59.999000+00:00
2024-12-18 08:00:00+00:00,46.427,47.335,45.94,47.214,1140779.0,2024-12-18 11:59:59.999000+00:00
2024-12-18 12:00:00+00:00,47.213,47.322,45.6,46.267,1835537.0,2024-12-18 15:59:59.999000+00:00
2024-12-18 16:00:00+00:00,46.267,47.555,45.223,45.223,2475611.0,2024-12-18 19:59:59.999000+00:00
2024-12-18 20:00:00+00:00,45.235,45.58,42.0,42.75,5859030.0,2024-12-18 23:59:59.999000+00:00
2024-12-19 00:00:00+00:00,42.753,43.302,40.141,42.937,3998222.0,2024-12-19 03:59:59.999000+00:00
2024-12-19 04:00:00+00:00,42.937,43.081,42.317,42.998,1143142.0,2024-12-19 07:59:59.999000+00:00
2024-12-19 08:00:00+00:00,42.998,43.585,42.139,43.212,1588504.0,2024-12-19 11:59:59.999000+00:00
2024-12-19 12:00:00+00:00,43.213,43.317,40.918,41.549,3176840.0,2024-12-19 15:59:59.999000+00:00
2024-12-19 16:00:00+00:00,41.548,42.431,37.826,38.624,6291244.0,2024-12-19 19:59:59.999000+00:00
2024-12-19 20:00:00+00:00,38.625,39.783,37.416,38.807,2972712.0,2024-12-19 23:59:59.999000+00:00
2024-12-20 00:00:00+00:00,38.808,40.355,38.177,39.523,2086639.0,2024-12-20 03:59:59.999000+00:00
2024-12-20 04:00:00+00:00,39.522,39.817,38.09,39.118,1621612.0,2024-12-20 07:59:59.999000+00:00
2024-12-20 08:00:00+00:00,39.118,39.17,33.584,33.654,6766893.0,2024-12-20 11:59:59.999000+00:00
2024-12-20 12:00:00+00:00,33.654,38.449,33.578,37.991,4755014.0,2024-12-20 15:59:59.999000+00:00
2024-12-20 16:00:00+00:00,37.992,39.552,37.716,39.105,2635581.0,2024-12-20 19:59:59.999000+00:00
2024-12-20 20:00:00+00:00,39.102,40.016,37.93,39.835,2185330.0,2024-12-20 23:59:59.999000+00:00
2024-12-21 00:00:00+00:00,39.834,40.111,39.367,39.845,1175650.0,2024-12-21 03:59:59.999000+00:00
2024-12-21 04:00:00+00:00,39.846,42.33,39.782,41.83,1670062.0,2024-12-21 07:59:59.999000+00:00
2024-12-21 08:00:00+00:00,41.831,41.99,40.109,40.596,1786331.0,2024-12-21 11:59:59.999000+00:00
2024-12-21 12:00:00+00:00,40.598,40.628,37.774,38.597,3701201.0,2024-12-21 15:59:59.999000+00:00
2024-12-21 16:00:00+00:00,38.598,38.721,37.01,37.728,2955926.0,2024-12-21 19:59:59.999000+00:00
2024-12-21 20:00:00+00:00,37.727,38.137,36.902,37.408,1790066.0,2024-12-21 23:59:59.999000+00:00
2024-12-22 00:00:00+00:00,37.409,37.821,36.947,37.511,1618644.0,2024-12-22 03:59:59.999000+00:00
2024-12-22 04:00:00+00:00,37.51,37.712,36.159,37.593,1656372.0,2024-12-22 07:59:59.999000+00:00
2024-12-22 08:00:00+00:00,37.594,38.526,37.571,38.012,1549180.0,2024-12-22 11:59:59.999000+00:00
2024-12-22 12:00:00+00:00,38.013,38.348,36.608,37.002,2055494.0,2024-12-22 15:59:59.999000+00:00
2024-12-22 16:00:00+00:00,37.003,37.638,36.014,36.135,1958863.0,2024-12-22 19:59:59.999000+00:00
2024-12-22 20:00:00+00:00,36.138,37.064,35.521,36.557,2591445.0,2024-12-22 23:59:59.999000+00:00
2024-12-23 00:00:00+00:00,36.556,37.9,35.6,37.773,2078726.0,2024-12-23 03:59:59.999000+00:00
2024-12-23 04:00:00+00:00,37.773,37.995,35.825,36.299,1668894.0,2024-12-23 07:59:59.999000+00:00
2024-12-23 08:00:00+00:00,36.3,37.474,36.2,36.861,1564859.0,2024-12-23 11:59:59.999000+00:00
2024-12-23 12:00:00+00:00,36.861,37.245,35.69,35.745,2485922.0,2024-12-23 15:59:59.999000+00:00
2024-12-23 16:00:00+00:00,35.745,37.492,35.733,36.935,2678921.0,2024-12-23 19:59:59.999000+00:00
2024-12-23 20:00:00+00:00,36.933,39.722,36.911,39.083,3030742.0,2024-12-23 23:59:59.999000+00:00
2024-12-24 00:00:00+00:00,39.083,39.298,37.684,38.551,1416799.0,2024-12-24 03:59:59.999000+00:00
2024-12-24 04:00:00+00:00,38.552,39.099,38.254,38.539,935737.0,2024-12-24 07:59:59.999000+00:00
2024-12-24 08:00:00+00:00,38.54,39.673,38.352,39.594,1741235.0,2024-12-24 11:59:59.999000+00:00
2024-12-24 12:00:00+00:00,39.594,40.999,39.0,40.871,2382640.0,2024-12-24 15:59:59.999000+00:00
2024-12-24 16:00:00+00:00,40.873,42.036,40.768,40.871,2236177.0,2024-12-24 19:59:59.999000+00:00
2024-12-24 20:00:00+00:00,40.871,41.454,40.268,41.217,1741485.0,2024-12-24 23:59:59.999000+00:00
2024-12-25 00:00:00+00:00,41.217,41.471,40.573,41.121,1053779.0,2024-12-25 03:59:59.999000+00:00
2024-12-25 04:00:00+00:00,41.122,41.56,40.802,40.854,936205.0,2024-12-25 07:59:59.999000+00:00
2024-12-25 08:00:00+00:00,40.854,41.866,40.313,40.444,1463134.0,2024-12-25 11:59:59.999000+00:00
2024-12-25 12:00:00+00:00,40.445,41.016,40.271,40.552,1090689.0,2024-12-25 15:59:59.999000+00:00
2024-12-25 16:00:00+00:00,40.551,40.631,40.003,40.538,977924.0,2024-12-25 19:59:59.999000+00:00
2024-12-25 20:00:00+00:00,40.538,40.787,39.8,40.236,922054.0,2024-12-25 23:59:59.999000+00:00
2024-12-26 00:00:00+00:00,40.236,40.709,39.362,39.56,1209046.0,2024-12-26 03:59:59.999000+00:00
2024-12-26 04:00:00+00:00,39.56,39.56,38.635,38.708,1211615.0,2024-12-26 07:59:59.999000+00:00
2024-12-26 08:00:00+00:00,38.71,38.767,37.595,37.971,2274592.0,2024-12-26 11:59:59.999000+00:00
2024-12-26 12:00:00+00:00,37.97,38.056,37.404,37.654,1449796.0,2024-12-26 15:59:59.999000+00:00
2024-12-26 16:00:00+00:00,37.657,37.937,37.093,37.593,1358485.0,2024-12-26 19:59:59.999000+00:00
2024-12-26 20:00:00+00:00,37.593,37.684,36.944,37.309,1005430.0,2024-12-26 23:59:59.999000+00:00
2024-12-27 00:00:00+00:00,37.308,37.834,37.035,37.558,951304.0,2024-12-27 03:59:59.999000+00:00
2024-12-27 04:00:00+00:00,37.558,38.087,36.804,37.184,1303215.0,2024-12-27 07:59:59.999000+00:00
2024-12-27 08:00:00+00:00,37.185,39.028,37.183,38.498,2224255.0,2024-12-27 11:59:59.999000+00:00
2024-12-27 12:00:00+00:00,38.495,38.567,36.528,36.652,1803237.0,2024-12-27 15:59:59.999000+00:00
2024-12-27 16:00:00+00:00,36.653,37.54,36.274,37.183,1505856.0,2024-12-27 19:59:59.999000+00:00
2024-12-27 20:00:00+00:00,37.183,37.225,36.307,36.552,889736.0,2024-12-27 23:59:59.999000+00:00
2024-12-28 00:00:00+00:00,36.553,36.776,36.265,36.657,631086.0,2024-12-28 03:59:59.999000+00:00
2024-12-28 04:00:00+00:00,36.656,36.979,36.313,36.392,496353.0,2024-12-28 07:59:59.999000+00:00
2024-12-28 08:00:00+00:00,36.392,36.884,36.376,36.766,578220.0,2024-12-28 11:59:59.999000+00:00
2024-12-28 12:00:00+00:00,36.768,37.515,36.417,37.045,1089216.0,2024-12-28 15:59:59.999000+00:00
2024-12-28 16:00:00+00:00,37.044,37.901,36.948,37.605,886578.0,2024-12-28 19:59:59.999000+00:00
2024-12-28 20:00:00+00:00,37.606,38.139,37.429,37.731,826737.0,2024-12-28 23:59:59.999000+00:00
2024-12-29 00:00:00+00:00,37.731,37.791,37.118,37.473,579014.0,2024-12-29 03:59:59.999000+00:00
2024-12-29 04:00:00+00:00,37.473,37.673,37.083,37.657,386428.0,2024-12-29 07:59:59.999000+00:00
2024-12-29 08:00:00+00:00,37.656,37.719,37.052,37.073,474747.0,2024-12-29 11:59:59.999000+00:00
2024-12-29 12:00:00+00:00,37.074,37.3,36.415,36.561,1069018.0,2024-12-29 15:59:59.999000+00:00
2024-12-29 16:00:00+00:00,36.561,36.584,36.071,36.192,974840.0,2024-12-29 19:59:59.999000+00:00
2024-12-29 20:00:00+00:00,36.193,36.228,35.51,35.818,1234491.0,2024-12-29 23:59:59.999000+00:00
2024-12-30 00:00:00+00:00,35.818,37.056,35.686,36.391,1224072.0,2024-12-30 03:59:59.999000+00:00
2024-12-30 04:00:00+00:00,36.393,36.996,36.06,36.766,1000192.0,2024-12-30 07:59:59.999000+00:00
2024-12-30 08:00:00+00:00,36.766,37.063,36.407,36.712,985822.0,2024-12-30 11:59:59.999000+00:00
2024-12-30 12:00:00+00:00,36.711,37.172,34.862,35.123,2342009.0,2024-12-30 15:59:59.999000+00:00
2024-12-30 16:00:00+00:00,35.123,36.987,34.923,36.928,2101757.0,2024-12-30 19:59:59.999000+00:00
2024-12-30 20:00:00+00:00,36.929,37.167,35.692,35.966,1396403.0,2024-12-30 23:59:59.999000+00:00
2024-12-31 00:00:00+00:00,35.965,35.967,35.106,35.208,988590.0,2024-12-31 03:59:59.999000+00:00
2024-12-31 04:00:00+00:00,35.204,35.438,34.909,35.287,796706.0,2024-12-31 07:59:59.999000+00:00
2024-12-31 08:00:00+00:00,35.288,36.449,35.257,36.195,1456138.0,2024-12-31 11:59:59.999000+00:00
2024-12-31 12:00:00+00:00,36.195,37.292,36.026,36.769,1636225.0,2024-12-31 15:59:59.999000+00:00
2024-12-31 16:00:00+00:00,36.769,36.85,35.53,35.987,1443531.0,2024-12-31 19:59:59.999000+00:00
2024-12-31 20:00:00+00:00,35.987,36.128,35.55,35.688,586824.0,2024-12-31 23:59:59.999000+00:00
2025-01-01 00:00:00+00:00,35.689,36.221,35.559,35.597,649112.0,2025-01-01 03:59:59.999000+00:00
2025-01-01 04:00:00+00:00,35.597,35.756,35.323,35.603,485974.0,2025-01-01 07:59:59.999000+00:00
2025-01-01 08:00:00+00:00,35.602,35.694,34.935,35.508,885444.0,2025-01-01 11:59:59.999000+00:00
2025-01-01 12:00:00+00:00,35.509,36.52,35.483,36.465,924423.0,2025-01-01 15:59:59.999000+00:00
2025-01-01 16:00:00+00:00,36.465,37.368,36.014,37.087,1589739.0,2025-01-01 19:59:59.999000+00:00
2025-01-01 20:00:00+00:00,37.086,37.991,37.086,37.771,1476707.0,2025-01-01 23:59:59.999000+00:00
2025-01-02 00:00:00+00:00,37.771,38.701,37.77,38.469,1204572.0,2025-01-02 03:59:59.999000+00:00
2025-01-02 04:00:00+00:00,38.47,39.264,38.451,38.864,938208.0,2025-01-02 07:59:59.999000+00:00
2025-01-02 08:00:00+00:00,38.862,40.552,38.846,40.408,1699822.0,2025-01-02 11:59:59.999000+00:00
2025-01-02 12:00:00+00:00,40.408,40.597,39.287,39.418,1786706.0,2025-01-02 15:59:59.999000+00:00
2025-01-02 16:00:00+00:00,39.413,39.877,38.939,38.992,1269338.0,2025-01-02 19:59:59.999000+00:00
2025-01-02 20:00:00+00:00,38.995,39.371,38.77,39.276,724632.0,2025-01-02 23:59:59.999000+00:00
2025-01-03 00:00:00+00:00,39.276,39.969,38.9,39.876,904042.0,2025-01-03 03:59:59.999000+00:00
2025-01-03 04:00:00+00:00,39.873,40.268,39.328,39.423,986110.0,2025-01-03 07:59:59.999000+00:00
2025-01-03 08:00:00+00:00,39.423,41.349,39.397,41.317,2093499.0,2025-01-03 11:59:59.999000+00:00
2025-01-03 12:00:00+00:00,41.316,42.092,40.958,41.903,1689779.0,2025-01-03 15:59:59.999000+00:00
2025-01-03 16:00:00+00:00,41.904,42.2,41.661,41.985,1336307.0,2025-01-03 19:59:59.999000+00:00
2025-01-03 20:00:00+00:00,41.984,42.05,41.447,41.955,1087656.0,2025-01-03 23:59:59.999000+00:00
2025-01-04 00:00:00+00:00,41.954,42.36,41.473,41.914,895661.0,2025-01-04 03:59:59.999000+00:00
2025-01-04 04:00:00+00:00,41.913,42.072,41.521,42.004,503006.0,2025-01-04 07:59:59.999000+00:00
2025-01-04 08:00:00+00:00,42.005,42.02,41.216,41.45,754229.0,2025-01-04 11:59:59.999000+00:00
2025-01-04 12:00:00+00:00,41.45,42.116,40.869,41.061,1451496.0,2025-01-04 15:59:59.999000+00:00
2025-01-04 16:00:00+00:00,41.06,41.988,41.0,41.942,796482.0,2025-01-04 19:59:59.999000+00:00
2025-01-04 20:00:00+00:00,41.942,42.843,41.901,42.624,1262843.0,2025-01-04 23:59:59.999000+00:00
2025-01-05 00:00:00+00:00,42.624,42.88,41.864,42.287,825615.0,2025-01-05 03:59:59.999000+00:00
2025-01-05 04:00:00+00:00,42.29,42.828,42.186,42.296,654904.0,2025-01-05 07:59:59.999000+00:00
2025-01-05 08:00:00+00:00,42.296,42.34,41.447,41.759,967492.0,2025-01-05 11:59:59.999000+00:00
2025-01-05 12:00:00+00:00,41.759,42.023,41.24,41.773,998911.0,2025-01-05 15:59:59.999000+00:00
2025-01-05 16:00:00+00:00,41.773,42.514,41.676,42.428,838746.0,2025-01-05 19:59:59.999000+00:00
2025-01-05 20:00:00+00:00,42.43,43.216,42.258,43.112,806235.0,2025-01-05 23:59:59.999000+00:00
2025-01-06 00:00:00+00:00,43.113,43.692,42.025,43.692,1428941.0,2025-01-06 03:59:59.999000+00:00
2025-01-06 04:00:00+00:00,43.689,43.986,43.17,43.19,920455.0,2025-01-06 07:59:59.999000+00:00
2025-01-06 08:00:00+00:00,43.19,44.591,43.184,44.281,1406671.0,2025-01-06 11:59:59.999000+00:00
2025-01-06 12:00:00+00:00,44.278,44.883,43.393,44.752,1813236.0,2025-01-06 15:59:59.999000+00:00
2025-01-06 16:00:00+00:00,44.753,45.062,43.613,44.323,1503326.0,2025-01-06 19:59:59.999000+00:00
2025-01-06 20:00:00+00:00,44.322,44.45,43.7,44.048,767505.0,2025-01-06 23:59:59.999000+00:00
2025-01-07 00:00:00+00:00,44.048,44.58,43.601,43.883,841054.0,2025-01-07 03:59:59.999000+00:00
2025-01-07 04:00:00+00:00,43.884,44.178,43.45,43.792,626677.0,2025-01-07 07:59:59.999000+00:00
2025-01-07 08:00:00+00:00,43.792,44.042,42.848,43.125,890972.0,2025-01-07 11:59:59.999000+00:00
2025-01-07 12:00:00+00:00,43.127,43.229,40.239,40.864,3569787.0,2025-01-07 15:59:59.999000+00:00
2025-01-07 16:00:00+00:00,40.864,41.273,39.724,39.85,2208568.0,2025-01-07 19:59:59.999000+00:00
2025-01-07 20:00:00+00:00,39.85,40.323,39.092,39.187,1702269.0,2025-01-07 23:59:59.999000+00:00
2025-01-08 00:00:00+00:00,39.189,39.909,38.652,38.893,1434667.0,2025-01-08 03:59:59.999000+00:00
2025-01-08 04:00:00+00:00,38.892,39.091,37.553,38.348,1966380.0,2025-01-08 07:59:59.999000+00:00
2025-01-08 08:00:00+00:00,38.348,39.187,37.882,38.134,1558895.0,2025-01-08 11:59:59.999000+00:00
2025-01-08 12:00:00+00:00,38.134,38.621,37.73,38.168,1651649.0,2025-01-08 15:59:59.999000+00:00
2025-01-08 16:00:00+00:00,38.168,38.2,36.166,37.197,3455295.0,2025-01-08 19:59:59.999000+00:00
2025-01-08 20:00:00+00:00,37.196,37.818,36.685,37.4,1123503.0,2025-01-08 23:59:59.999000+00:00
2025-01-09 00:00:00+00:00,37.399,37.925,36.834,37.047,1106773.0,2025-01-09 03:59:59.999000+00:00
2025-01-09 04:00:00+00:00,37.046,37.217,36.135,36.293,884953.0,2025-01-09 07:59:59.999000+00:00
2025-01-09 08:00:00+00:00,36.294,37.048,36.2,36.695,1192369.0,2025-01-09 11:59:59.999000+00:00
2025-01-09 12:00:00+00:00,36.695,37.448,35.542,37.234,2385404.0,2025-01-09 15:59:59.999000+00:00
2025-01-09 16:00:00+00:00,37.238,37.417,35.85,35.957,1742178.0,2025-01-09 19:59:59.999000+00:00
2025-01-09 20:00:00+00:00,35.957,36.494,35.479,36.177,1300423.0,2025-01-09 23:59:59.999000+00:00
2025-01-10 00:00:00+00:00,36.178,36.909,36.17,36.846,607073.0,2025-01-10 03:59:59.999000+00:00
2025-01-10 04:00:00+00:00,36.846,37.915,36.71,37.634,859985.0,2025-01-10 07:59:59.999000+00:00
2025-01-10 08:00:00+00:00,37.634,37.894,37.313,37.53,938191.0,2025-01-10 11:59:59.999000+00:00
2025-01-10 12:00:00+00:00,37.531,37.739,36.106,36.582,2653298.0,2025-01-10 15:59:59.999000+00:00
2025-01-10 16:00:00+00:00,36.583,37.444,35.934,36.895,1678290.0,2025-01-10 19:59:59.999000+00:00
2025-01-10 20:00:00+00:00,36.896,36.919,36.38,36.646,610944.0,2025-01-10 23:59:59.999000+00:00
2025-01-11 00:00:00+00:00,36.645,36.785,36.075,36.133,547914.0,2025-01-11 03:59:59.999000+00:00
2025-01-11 04:00:00+00:00,36.134,36.676,36.0,36.443,464830.0,2025-01-11 07:59:59.999000+00:00
2025-01-11 08:00:00+00:00,36.443,36.939,36.151,36.808,599194.0,2025-01-11 11:59:59.999000+00:00
2025-01-11 12:00:00+00:00,36.806,36.869,36.258,36.402,575359.0,2025-01-11 15:59:59.999000+00:00
2025-01-11 16:00:00+00:00,36.403,36.631,36.261,36.488,480160.0,2025-01-11 19:59:59.999000+00:00
2025-01-11 20:00:00+00:00,36.488,37.772,36.384,37.114,1282862.0,2025-01-11 23:59:59.999000+00:00
2025-01-12 00:00:00+00:00,37.114,37.327,36.76,37.098,557261.0,2025-01-12 03:59:59.999000+00:00
2025-01-12 04:00:00+00:00,37.099,37.197,36.52,36.818,489139.0,2025-01-12 07:59:59.999000+00:00
2025-01-12 08:00:00+00:00,36.819,36.942,36.342,36.755,553860.0,2025-01-12 11:59:59.999000+00:00
2025-01-12 12:00:00+00:00,36.755,37.532,36.59,37.476,876213.0,2025-01-12 15:59:59.999000+00:00
2025-01-12 16:00:00+00:00,37.477,37.626,36.75,36.793,724409.0,2025-01-12 19:59:59.999000+00:00
2025-01-12 20:00:00+00:00,36.794,36.952,36.08,36.54,832173.0,2025-01-12 23:59:59.999000+00:00
2025-01-13 00:00:00+00:00,36.539,37.351,35.18,35.336,2075569.0,2025-01-13 03:59:59.999000+00:00
2025-01-13 04:00:00+00:00,35.336,35.908,34.648,35.065,1456676.0,2025-01-13 07:59:59.999000+00:00
2025-01-13 08:00:00+00:00,35.064,35.08,33.343,33.374,2343751.0,2025-01-13 11:59:59.999000+00:00
2025-01-13 12:00:00+00:00,33.375,34.763,32.602,34.398,3742823.0,2025-01-13 15:59:59.999000+00:00
2025-01-13 16:00:00+00:00,34.398,34.54,33.1,33.798,1988784.0,2025-01-13 19:59:59.999000+00:00
2025-01-13 20:00:00+00:00,33.8,35.407,33.555,35.27,1615737.0,2025-01-13 23:59:59.999000+00:00
2025-01-14 00:00:00+00:00,35.27,35.488,34.978,35.177,757109.0,2025-01-14 03:59:59.999000+00:00
2025-01-14 04:00:00+00:00,35.176,35.711,35.176,35.204,674813.0,2025-01-14 07:59:59.999000+00:00
2025-01-14 08:00:00+00:00,35.204,36.363,35.193,35.905,1188898.0,2025-01-14 11:59:59.999000+00:00
2025-01-14 12:00:00+00:00,35.904,36.555,35.642,36.172,1233999.0,2025-01-14 15:59:59.999000+00:00
2025-01-14 16:00:00+00:00,36.173,36.709,35.834,36.389,1032282.0,2025-01-14 19:59:59.999000+00:00
2025-01-14 20:00:00+00:00,36.389,36.654,36.163,36.552,679389.0,2025-01-14 23:59:59.999000+00:00
2025-01-15 00:00:00+00:00,36.553,36.879,36.365,36.859,770682.0,2025-01-15 03:59:59.999000+00:00
2025-01-15 04:00:00+00:00,36.86,37.357,36.514,37.244,771075.0,2025-01-15 07:59:59.999000+00:00
2025-01-15 08:00:00+00:00,37.245,37.42,36.179,36.988,1639242.0,2025-01-15 11:59:59.999000+00:00
2025-01-15 12:00:00+00:00,36.988,39.721,36.709,39.312,3705015.0,2025-01-15 15:59:59.999000+00:00
2025-01-15 16:00:00+00:00,39.312,39.65,38.616,39.456,1450264.0,2025-01-15 19:59:59.999000+00:00
2025-01-15 20:00:00+00:00,39.455,40.026,39.011,39.811,1529155.0,2025-01-15 23:59:59.999000+00:00
2025-01-16 00:00:00+00:00,39.811,40.078,38.908,38.988,1264569.0,2025-01-16 03:59:59.999000+00:00
2025-01-16 04:00:00+00:00,38.988,39.449,38.98,39.299,563370.0,2025-01-16 07:59:59.999000+00:00
2025-01-16 08:00:00+00:00,39.299,39.526,38.316,39.499,1544474.0,2025-01-16 11:59:59.999000+00:00
2025-01-16 12:00:00+00:00,39.499,40.521,38.502,39.731,3587011.0,2025-01-16 15:59:59.999000+00:00
2025-01-16 16:00:00+00:00,39.731,40.28,39.62,40.23,1394501.0,2025-01-16 19:59:59.999000+00:00
2025-01-16 20:00:00+00:00,40.231,40.341,39.55,40.054,983279.0,2025-01-16 23:59:59.999000+00:00
2025-01-17 00:00:00+00:00,40.055,41.045,40.055,40.456,1114560.0,2025-01-17 03:59:59.999000+00:00
2025-01-17 04:00:00+00:00,40.456,41.622,40.304,41.33,913559.0,2025-01-17 07:59:59.999000+00:00
2025-01-17 08:00:00+00:00,41.33,41.491,40.779,41.075,1236087.0,2025-01-17 11:59:59.999000+00:00
2025-01-17 12:00:00+00:00,41.075,41.616,40.715,40.973,1705602.0,2025-01-17 15:59:59.999000+00:00
2025-01-17 16:00:00+00:00,40.974,41.343,40.53,40.898,1324139.0,2025-01-17 19:59:59.999000+00:00
2025-01-17 20:00:00+00:00,40.898,41.821,40.849,41.359,1156767.0,2025-01-17 23:59:59.999000+00:00
2025-01-18 00:00:00+00:00,41.359,41.671,40.418,40.605,1068611.0,2025-01-18 03:59:59.999000+00:00
2025-01-18 04:00:00+00:00,40.602,41.013,39.133,39.348,2398944.0,2025-01-18 07:59:59.999000+00:00
2025-01-18 08:00:00+00:00,39.349,39.585,38.731,39.43,1783063.0,2025-01-18 11:59:59.999000+00:00
2025-01-18 12:00:00+00:00,39.429,39.662,38.781,39.086,1404114.0,2025-01-18 15:59:59.999000+00:00
2025-01-18 16:00:00+00:00,39.086,39.258,38.269,38.997,2095333.0,2025-01-18 19:59:59.999000+00:00
2025-01-18 20:00:00+00:00,38.998,39.444,38.56,39.221,909853.0,2025-01-18 23:59:59.999000+00:00
2025-01-19 00:00:00+00:00,39.222,40.562,39.033,39.382,1326121.0,2025-01-19 03:59:59.999000+00:00
2025-01-19 04:00:00+00:00,39.382,39.616,38.508,38.515,1429752.0,2025-01-19 07:59:59.999000+00:00
2025-01-19 08:00:00+00:00,38.515,38.522,36.43,36.643,3469900.0,2025-01-19 11:59:59.999000+00:00
2025-01-19 12:00:00+00:00,36.644,38.898,36.569,38.463,2825449.0,2025-01-19 15:59:59.999000+00:00
2025-01-19 16:00:00+00:00,38.463,39.1,38.263,38.776,1309682.0,2025-01-19 19:59:59.999000+00:00
2025-01-19 20:00:00+00:00,38.777,39.003,34.907,35.659,5057520.0,2025-01-19 23:59:59.999000+00:00
2025-01-20 00:00:00+00:00,35.659,35.877,34.434,35.572,3844984.0,2025-01-20 03:59:59.999000+00:00
2025-01-20 04:00:00+00:00,35.574,40.5,35.288,38.645,3951110.0,2025-01-20 07:59:59.999000+00:00
2025-01-20 08:00:00+00:00,38.647,39.172,37.795,38.224,1653321.0,2025-01-20 11:59:59.999000+00:00
2025-01-20 12:00:00+00:00,38.223,38.336,36.76,37.302,2573696.0,2025-01-20 15:59:59.999000+00:00
2025-01-20 16:00:00+00:00,37.303,37.729,35.0,36.557,3669171.0,2025-01-20 19:59:59.999000+00:00
2025-01-20 20:00:00+00:00,36.558,37.954,35.521,36.008,2707467.0,2025-01-20 23:59:59.999000+00:00
2025-01-21 00:00:00+00:00,36.009,36.014,34.833,35.234,1781787.0,2025-01-21 03:59:59.999000+00:00
2025-01-21 04:00:00+00:00,35.236,35.511,34.478,35.318,1332048.0,2025-01-21 07:59:59.999000+00:00
2025-01-21 08:00:00+00:00,35.316,36.557,34.984,36.396,1613956.0,2025-01-21 11:59:59.999000+00:00
2025-01-21 12:00:00+00:00,36.396,36.944,35.7,36.175,2061901.0,2025-01-21 15:59:59.999000+00:00
2025-01-21 16:00:00+00:00,36.175,37.579,36.044,37.073,1646465.0,2025-01-21 19:59:59.999000+00:00
2025-01-21 20:00:00+00:00,37.076,37.382,36.631,36.947,904478.0,2025-01-21 23:59:59.999000+00:00
2025-01-22 00:00:00+00:00,36.946,37.319,36.685,37.166,695772.0,2025-01-22 03:59:59.999000+00:00
2025-01-22 04:00:00+00:00,37.166,37.386,36.73,36.847,618546.0,2025-01-22 07:59:59.999000+00:00
2025-01-22 08:00:00+00:00,36.847,37.628,36.483,37.55,870904.0,2025-01-22 11:59:59.999000+00:00
2025-01-22 12:00:00+00:00,37.55,37.778,36.525,36.9,1231398.0,2025-01-22 15:59:59.999000+00:00
2025-01-22 16:00:00+00:00,36.901,37.489,36.547,37.215,1171241.0,2025-01-22 19:59:59.999000+00:00
2025-01-22 20:00:00+00:00,37.215,37.469,36.572,36.798,1043946.0,2025-01-22 23:59:59.999000+00:00
2025-01-23 00:00:00+00:00,36.798,36.952,35.751,36.056,1103411.0,2025-01-23 03:59:59.999000+00:00
2025-01-23 04:00:00+00:00,36.057,36.141,35.253,35.678,885956.0,2025-01-23 07:59:59.999000+00:00
2025-01-23 08:00:00+00:00,35.678,35.678,34.897,35.209,979614.0,2025-01-23 11:59:59.999000+00:00
2025-01-23 12:00:00+00:00,35.21,36.3,34.758,35.927,2188367.0,2025-01-23 15:59:59.999000+00:00
2025-01-23 16:00:00+00:00,35.927,36.607,34.693,34.869,1693158.0,2025-01-23 19:59:59.999000+00:00
2025-01-23 20:00:00+00:00,34.868,35.848,34.614,35.545,2357008.0,2025-01-23 23:59:59.999000+00:00
2025-01-24 00:00:00+00:00,35.548,35.72,34.524,34.995,1092950.0,2025-01-24 03:59:59.999000+00:00
2025-01-24 04:00:00+00:00,34.992,36.349,34.799,35.777,1230867.0,2025-01-24 07:59:59.999000+00:00
2025-01-24 08:00:00+00:00,35.777,36.376,35.68,36.185,843959.0,2025-01-24 11:59:59.999000+00:00
2025-01-24 12:00:00+00:00,36.185,36.663,35.94,36.24,1181521.0,2025-01-24 15:59:59.999000+00:00
2025-01-24 16:00:00+00:00,36.242,36.782,36.016,36.27,902971.0,2025-01-24 19:59:59.999000+00:00
2025-01-24 20:00:00+00:00,36.269,36.444,35.151,35.324,1042100.0,2025-01-24 23:59:59.999000+00:00
2025-01-25 00:00:00+00:00,35.324,35.985,34.873,35.91,949650.0,2025-01-25 03:59:59.999000+00:00
2025-01-25 04:00:00+00:00,35.911,35.944,35.2,35.304,501150.0,2025-01-25 07:59:59.999000+00:00
2025-01-25 08:00:00+00:00,35.304,35.52,35.021,35.47,492059.0,2025-01-25 11:59:59.999000+00:00
2025-01-25 12:00:00+00:00,35.47,36.476,35.13,36.429,1213303.0,2025-01-25 15:59:59.999000+00:00
2025-01-25 16:00:00+00:00,36.43,37.023,36.271,36.929,1643901.0,2025-01-25 19:59:59.999000+00:00
2025-01-25 20:00:00+00:00,36.93,37.257,36.566,36.609,938299.0,2025-01-25 23:59:59.999000+00:00
2025-01-26 00:00:00+00:00,36.603,37.5,36.497,37.466,942268.0,2025-01-26 03:59:59.999000+00:00
2025-01-26 04:00:00+00:00,37.466,38.026,37.41,37.622,983749.0,2025-01-26 07:59:59.999000+00:00
2025-01-26 08:00:00+00:00,37.623,37.734,37.176,37.575,894470.0,2025-01-26 11:59:59.999000+00:00
2025-01-26 12:00:00+00:00,37.575,37.895,37.3,37.4,818023.0,2025-01-26 15:59:59.999000+00:00
2025-01-26 16:00:00+00:00,37.4,38.16,37.29,37.82,1029924.0,2025-01-26 19:59:59.999000+00:00
2025-01-26 20:00:00+00:00,37.82,37.9,35.683,35.724,1748888.0,2025-01-26 23:59:59.999000+00:00
2025-01-27 00:00:00+00:00,35.724,36.031,34.763,35.224,2132509.0,2025-01-27 03:59:59.999000+00:00
2025-01-27 04:00:00+00:00,35.223,35.224,32.868,33.803,2910906.0,2025-01-27 07:59:59.999000+00:00
2025-01-27 08:00:00+00:00,33.802,33.905,32.92,33.066,2011193.0,2025-01-27 11:59:59.999000+00:00
2025-01-27 12:00:00+00:00,33.067,34.196,32.845,33.646,2874128.0,2025-01-27 15:59:59.999000+00:00
2025-01-27 16:00:00+00:00,33.647,34.107,32.906,33.27,1755447.0,2025-01-27 19:59:59.999000+00:00
2025-01-27 20:00:00+00:00,33.27,34.659,33.265,34.17,1586909.0,2025-01-27 23:59:59.999000+00:00
2025-01-28 00:00:00+00:00,34.172,34.509,33.614,34.085,1043648.0,2025-01-28 03:59:59.999000+00:00
2025-01-28 04:00:00+00:00,34.084,34.48,33.932,34.202,1020353.0,2025-01-28 07:59:59.999000+00:00
2025-01-28 08:00:00+00:00,34.202,34.248,33.76,33.984,960779.0,2025-01-28 11:59:59.999000+00:00
2025-01-28 12:00:00+00:00,33.984,34.177,33.452,33.75,1566643.0,2025-01-28 15:59:59.999000+00:00
2025-01-28 16:00:00+00:00,33.749,33.804,33.01,33.18,1394287.0,2025-01-28 19:59:59.999000+00:00
2025-01-28 20:00:00+00:00,33.18,33.239,31.8,32.048,2384490.0,2025-01-28 23:59:59.999000+00:00
2025-01-29 00:00:00+00:00,32.049,32.835,31.96,32.706,1368213.0,2025-01-29 03:59:59.999000+00:00
2025-01-29 04:00:00+00:00,32.705,33.651,32.616,33.438,1117096.0,2025-01-29 07:59:59.999000+00:00
2025-01-29 08:00:00+00:00,33.437,33.545,33.054,33.24,652824.0,2025-01-29 11:59:59.999000+00:00
2025-01-29 12:00:00+00:00,33.24,33.267,32.202,32.587,1204933.0,2025-01-29 15:59:59.999000+00:00
2025-01-29 16:00:00+00:00,32.589,33.416,31.86,32.947,2029885.0,2025-01-29 19:59:59.999000+00:00
2025-01-29 20:00:00+00:00,32.943,33.83,32.562,32.779,1786225.0,2025-01-29 23:59:59.999000+00:00
2025-01-30 00:00:00+00:00,32.778,33.861,32.411,33.835,853902.0,2025-01-30 03:59:59.999000+00:00
2025-01-30 04:00:00+00:00,33.833,33.969,33.531,33.686,704328.0,2025-01-30 07:59:59.999000+00:00
2025-01-30 08:00:00+00:00,33.684,34.099,33.451,33.963,880248.0,2025-01-30 11:59:59.999000+00:00
2025-01-30 12:00:00+00:00,33.963,34.653,33.75,34.38,1354953.0,2025-01-30 15:59:59.999000+00:00
2025-01-30 16:00:00+00:00,34.383,34.688,34.132,34.571,843997.0,2025-01-30 19:59:59.999000+00:00
2025-01-30 20:00:00+00:00,34.571,34.66,34.221,34.278,600423.0,2025-01-30 23:59:59.999000+00:00
2025-01-31 00:00:00+00:00,34.278,34.535,33.841,33.958,829655.0,2025-01-31 03:59:59.999000+00:00
2025-01-31 04:00:00+00:00,33.958,35.2,33.795,34.68,1158355.0,2025-01-31 07:59:59.999000+00:00
2025-01-31 08:00:00+00:00,34.682,35.178,34.334,35.117,919087.0,2025-01-31 11:59:59.999000+00:00
2025-01-31 12:00:00+00:00,35.117,35.966,35.027,35.94,1429746.0,2025-01-31 15:59:59.999000+00:00
2025-01-31 16:00:00+00:00,35.938,36.159,34.407,34.658,1788191.0,2025-01-31 19:59:59.999000+00:00
2025-01-31 20:00:00+00:00,34.657,34.657,34.012,34.421,1048978.0,2025-01-31 23:59:59.999000+00:00
2025-02-01 00:00:00+00:00,34.422,35.096,34.23,34.587,750675.0,2025-02-01 03:59:59.999000+00:00
2025-02-01 04:00:00+00:00,34.588,34.752,34.35,34.418,460131.0,2025-02-01 07:59:59.999000+00:00
2025-02-01 08:00:00+00:00,34.419,34.466,33.6,33.919,1021490.0,2025-02-01 11:59:59.999000+00:00
2025-02-01 12:00:00+00:00,33.92,34.057,33.342,33.676,962454.0,2025-02-01 15:59:59.999000+00:00
2025-02-01 16:00:00+00:00,33.674,33.799,32.766,32.906,996204.0,2025-02-01 19:59:59.999000+00:00
2025-02-01 20:00:00+00:00,32.904,32.914,31.848,32.089,1613031.0,2025-02-01 23:59:59.999000+00:00
2025-02-02 00:00:00+00:00,32.09,32.565,30.696,30.793,1936217.0,2025-02-02 03:59:59.999000+00:00
2025-02-02 04:00:00+00:00,30.79,31.639,30.603,31.235,1470076.0,2025-02-02 07:59:59.999000+00:00
2025-02-02 08:00:00+00:00,31.235,31.629,30.442,30.525,1265271.0,2025-02-02 11:59:59.999000+00:00
2025-02-02 12:00:00+00:00,30.524,31.072,30.339,30.687,1345436.0,2025-02-02 15:59:59.999000+00:00
2025-02-02 16:00:00+00:00,30.688,30.705,27.61,28.632,6146646.0,2025-02-02 19:59:59.999000+00:00
2025-02-02 20:00:00+00:00,28.632,28.904,25.805,27.614,5135694.0,2025-02-02 23:59:59.999000+00:00
2025-02-03 00:00:00+00:00,27.614,27.623,21.219,23.876,12476776.0,2025-02-03 03:59:59.999000+00:00
2025-02-03 04:00:00+00:00,23.877,25.562,22.848,25.517,4375749.0,2025-02-03 07:59:59.999000+00:00
2025-02-03 08:00:00+00:00,25.514,25.612,24.478,25.296,3139355.0,2025-02-03 11:59:59.999000+00:00
2025-02-03 12:00:00+00:00,25.297,27.369,24.313,27.284,5175732.0,2025-02-03 15:59:59.999000+00:00
2025-02-03 16:00:00+00:00,27.285,28.184,26.848,28.164,3436584.0,2025-02-03 19:59:59.999000+00:00
2025-02-03 20:00:00+00:00,28.164,28.763,27.172,28.382,2480555.0,2025-02-03 23:59:59.999000+00:00
2025-02-04 00:00:00+00:00,28.382,28.623,27.376,27.59,1469310.0,2025-02-04 03:59:59.999000+00:00
2025-02-04 04:00:00+00:00,27.591,27.754,25.563,25.634,3167284.0,2025-02-04 07:59:59.999000+00:00
2025-02-04 08:00:00+00:00,25.634,26.736,25.518,26.389,1937216.0,2025-02-04 11:59:59.999000+00:00
2025-02-04 12:00:00+00:00,26.389,27.33,26.389,26.88,2555626.0,2025-02-04 15:59:59.999000+00:00
2025-02-04 16:00:00+00:00,26.881,27.928,26.725,26.793,2155080.0,2025-02-04 19:59:59.999000+00:00
2025-02-04 20:00:00+00:00,26.794,27.065,25.721,26.448,2966825.0,2025-02-04 23:59:59.999000+00:00
2025-02-05 00:00:00+00:00,26.45,27.113,26.241,26.675,1665485.0,2025-02-05 03:59:59.999000+00:00
2025-02-05 04:00:00+00:00,26.675,27.11,26.438,26.832,989004.0,2025-02-05 07:59:59.999000+00:00
2025-02-05 08:00:00+00:00,26.832,27.408,26.622,27.291,1152940.0,2025-02-05 11:59:59.999000+00:00
2025-02-05 12:00:00+00:00,27.29,27.399,26.334,26.55,1657732.0,2025-02-05 15:59:59.999000+00:00
2025-02-05 16:00:00+00:00,26.547,26.608,25.6,26.162,2317238.0,2025-02-05 19:59:59.999000+00:00
2025-02-05 20:00:00+00:00,26.163,26.253,25.593,25.836,1265404.0,2025-02-05 23:59:59.999000+00:00
2025-02-06 00:00:00+00:00,25.836,26.328,25.705,26.142,910545.0,2025-02-06 03:59:59.999000+00:00
2025-02-06 04:00:00+00:00,26.14,26.801,26.072,26.518,829720.0,2025-02-06 07:59:59.999000+00:00
2025-02-06 08:00:00+00:00,26.517,26.804,26.134,26.422,1365944.0,2025-02-06 11:59:59.999000+00:00
2025-02-06 12:00:00+00:00,26.423,26.462,24.791,24.978,2738775.0,2025-02-06 15:59:59.999000+00:00
2025-02-06 16:00:00+00:00,24.978,25.203,24.427,24.626,2660570.0,2025-02-06 19:59:59.999000+00:00
2025-02-06 20:00:00+00:00,24.629,25.04,24.241,24.488,1495355.0,2025-02-06 23:59:59.999000+00:00
2025-02-07 00:00:00+00:00,24.488,25.215,24.45,24.947,1207233.0,2025-02-07 03:59:59.999000+00:00
2025-02-07 04:00:00+00:00,24.947,25.158,24.435,24.805,1078582.0,2025-02-07 07:59:59.999000+00:00
2025-02-07 08:00:00+00:00,24.805,25.554,24.697,25.491,1363312.0,2025-02-07 11:59:59.999000+00:00
2025-02-07 12:00:00+00:00,25.49,26.211,25.11,25.422,3171698.0,2025-02-07 15:59:59.999000+00:00
2025-02-07 16:00:00+00:00,25.424,25.512,24.699,24.842,2074137.0,2025-02-07 19:59:59.999000+00:00
2025-02-07 20:00:00+00:00,24.842,24.865,23.686,24.447,2712163.0,2025-02-07 23:59:59.999000+00:00
2025-02-08 00:00:00+00:00,24.448,24.813,24.207,24.264,1166943.0,2025-02-08 03:59:59.999000+00:00
2025-02-08 04:00:00+00:00,24.263,24.454,23.914,24.339,788317.0,2025-02-08 07:59:59.999000+00:00
2025-02-08 08:00:00+00:00,24.339,24.413,23.9,24.121,940387.0,2025-02-08 11:59:59.999000+00:00
2025-02-08 12:00:00+00:00,24.121,24.46,23.944,24.214,1310885.0,2025-02-08 15:59:59.999000+00:00
2025-02-08 16:00:00+00:00,24.214,24.708,24.058,24.568,1211386.0,2025-02-08 19:59:59.999000+00:00
2025-02-08 20:00:00+00:00,24.568,24.674,24.279,24.569,741697.0,2025-02-08 23:59:59.999000+00:00
2025-02-09 00:00:00+00:00,24.569,25.289,24.492,25.234,986826.0,2025-02-09 03:59:59.999000+00:00
2025-02-09 04:00:00+00:00,25.233,25.37,24.902,25.319,900398.0,2025-02-09 07:59:59.999000+00:00
2025-02-09 08:00:00+00:00,25.319,25.521,24.948,24.957,1542458.0,2025-02-09 11:59:59.999000+00:00
2025-02-09 12:00:00+00:00,24.957,25.239,24.472,25.094,1389811.0,2025-02-09 15:59:59.999000+00:00
2025-02-09 16:00:00+00:00,25.094,25.253,24.593,24.662,1045068.0,2025-02-09 19:59:59.999000+00:00
2025-02-09 20:00:00+00:00,24.662,25.039,23.631,24.86,2591008.0,2025-02-09 23:59:59.999000+00:00
2025-02-10 00:00:00+00:00,24.859,25.394,23.838,24.828,2212767.0,2025-02-10 03:59:59.999000+00:00
2025-02-10 04:00:00+00:00,24.828,25.479,24.718,25.383,1280779.0,2025-02-10 07:59:59.999000+00:00
2025-02-10 08:00:00+00:00,25.382,25.882,25.264,25.426,1540562.0,2025-02-10 11:59:59.999000+00:00
2025-02-10 12:00:00+00:00,25.425,25.989,25.167,25.409,1635665.0,2025-02-10 15:59:59.999000+00:00
2025-02-10 16:00:00+00:00,25.408,25.678,25.294,25.437,1142125.0,2025-02-10 19:59:59.999000+00:00
2025-02-10 20:00:00+00:00,25.437,25.664,25.361,25.658,797400.0,2025-02-10 23:59:59.999000+00:00
2025-02-11 00:00:00+00:00,25.657,26.331,25.637,26.285,1332570.0,2025-02-11 03:59:59.999000+00:00
2025-02-11 04:00:00+00:00,26.286,26.794,26.078,26.69,1304684.0,2025-02-11 07:59:59.999000+00:00
2025-02-11 08:00:00+00:00,26.689,27.016,26.282,26.498,1342891.0,2025-02-11 11:59:59.999000+00:00
2025-02-11 12:00:00+00:00,26.497,26.653,25.803,26.126,1639351.0,2025-02-11 15:59:59.999000+00:00
2025-02-11 16:00:00+00:00,26.126,26.177,24.87,25.036,1737638.0,2025-02-11 19:59:59.999000+00:00
2025-02-11 20:00:00+00:00,25.035,25.595,24.969,25.376,1306721.0,2025-02-11 23:59:59.999000+00:00
2025-02-12 00:00:00+00:00,25.376,25.598,24.956,25.188,965730.0,2025-02-12 03:59:59.999000+00:00
2025-02-12 04:00:00+00:00,25.188,25.328,24.9,25.124,901888.0,2025-02-12 07:59:59.999000+00:00
2025-02-12 08:00:00+00:00,25.123,25.379,24.824,25.245,1064908.0,2025-02-12 11:59:59.999000+00:00
2025-02-12 12:00:00+00:00,25.244,25.67,24.257,25.006,3815012.0,2025-02-12 15:59:59.999000+00:00
2025-02-12 16:00:00+00:00,25.007,26.101,24.66,26.003,1745717.0,2025-02-12 19:59:59.999000+00:00
2025-02-12 20:00:00+00:00,26.004,27.087,25.968,26.491,1623616.0,2025-02-12 23:59:59.999000+00:00
2025-02-13 00:00:00+00:00,26.491,26.606,26.085,26.39,1060103.0,2025-02-13 03:59:59.999000+00:00
2025-02-13 04:00:00+00:00,26.39,26.415,25.456,25.509,1042601.0,2025-02-13 07:59:59.999000+00:00
2025-02-13 08:00:00+00:00,25.509,25.846,25.339,25.606,1038542.0,2025-02-13 11:59:59.999000+00:00
2025-02-13 12:00:00+00:00,25.607,25.739,25.082,25.474,1583324.0,2025-02-13 15:59:59.999000+00:00
2025-02-13 16:00:00+00:00,25.472,25.831,25.068,25.489,1329619.0,2025-02-13 19:59:59.999000+00:00
2025-02-13 20:00:00+00:00,25.49,25.587,25.237,25.382,932609.0,2025-02-13 23:59:59.999000+00:00
2025-02-14 00:00:00+00:00,25.383,26.016,25.281,25.963,835385.0,2025-02-14 03:59:59.999000+00:00
2025-02-14 04:00:00+00:00,25.964,25.992,25.538,25.684,677613.0,2025-02-14 07:59:59.999000+00:00
2025-02-14 08:00:00+00:00,25.685,26.378,25.684,26.051,1465993.0,2025-02-14 11:59:59.999000+00:00
2025-02-14 12:00:00+00:00,26.051,26.722,25.784,26.567,1634415.0,2025-02-14 15:59:59.999000+00:00
2025-02-14 16:00:00+00:00,26.567,27.219,26.282,26.581,2010799.0,2025-02-14 19:59:59.999000+00:00
2025-02-14 20:00:00+00:00,26.581,26.63,25.933,26.371,1487030.0,2025-02-14 23:59:59.999000+00:00
2025-02-15 00:00:00+00:00,26.371,26.95,26.202,26.701,809489.0,2025-02-15 03:59:59.999000+00:00
2025-02-15 04:00:00+00:00,26.701,26.843,26.241,26.373,614621.0,2025-02-15 07:59:59.999000+00:00
2025-02-15 08:00:00+00:00,26.374,26.516,25.93,26.065,744896.0,2025-02-15 11:59:59.999000+00:00
2025-02-15 12:00:00+00:00,26.065,26.236,25.451,25.671,1184843.0,2025-02-15 15:59:59.999000+00:00
2025-02-15 16:00:00+00:00,25.672,25.848,25.525,25.547,924842.0,2025-02-15 19:59:59.999000+00:00
2025-02-15 20:00:00+00:00,25.548,25.729,25.35,25.468,781978.0,2025-02-15 23:59:59.999000+00:00
2025-02-16 00:00:00+00:00,25.467,25.57,25.136,25.422,811801.0,2025-02-16 03:59:59.999000+00:00
2025-02-16 04:00:00+00:00,25.422,25.56,25.119,25.193,621358.0,2025-02-16 07:59:59.999000+00:00
2025-02-16 08:00:00+00:00,25.193,25.462,25.111,25.443,733820.0,2025-02-16 11:59:59.999000+00:00
2025-02-16 12:00:00+00:00,25.44,25.466,24.867,25.128,1178242.0,2025-02-16 15:59:59.999000+00:00
2025-02-16 16:00:00+00:00,25.129,25.215,24.706,24.936,839328.0,2025-02-16 19:59:59.999000+00:00
2025-02-16 20:00:00+00:00,24.936,25.109,24.733,24.842,793079.0,2025-02-16 23:59:59.999000+00:00
2025-02-17 00:00:00+00:00,24.842,25.217,24.821,24.998,627302.0,2025-02-17 03:59:59.999000+00:00
2025-02-17 04:00:00+00:00,24.999,25.174,24.51,24.909,1367049.0,2025-02-17 07:59:59.999000+00:00
2025-02-17 08:00:00+00:00,24.911,25.527,24.807,25.393,1209921.0,2025-02-17 11:59:59.999000+00:00
2025-02-17 12:00:00+00:00,25.393,25.944,25.056,25.119,1824857.0,2025-02-17 15:59:59.999000+00:00
2025-02-17 16:00:00+00:00,25.118,25.276,24.399,24.793,1814968.0,2025-02-17 19:59:59.999000+00:00
2025-02-17 20:00:00+00:00,24.793,25.45,24.699,25.017,969818.0,2025-02-17 23:59:59.999000+00:00
2025-02-18 00:00:00+00:00,25.019,25.112,24.658,24.753,762105.0,2025-02-18 03:59:59.999000+00:00
2025-02-18 04:00:00+00:00,24.753,24.835,23.73,23.966,2304690.0,2025-02-18 07:59:59.999000+00:00
2025-02-18 08:00:00+00:00,23.967,24.25,23.61,23.951,1295521.0,2025-02-18 11:59:59.999000+00:00
2025-02-18 12:00:00+00:00,23.949,24.316,23.254,23.419,2186747.0,2025-02-18 15:59:59.999000+00:00
2025-02-18 16:00:00+00:00,23.42,23.627,22.92,23.14,2912220.0,2025-02-18 19:59:59.999000+00:00
2025-02-18 20:00:00+00:00,23.141,23.552,22.926,23.513,1555442.0,2025-02-18 23:59:59.999000+00:00
2025-02-19 00:00:00+00:00,23.513,23.59,23.11,23.527,965780.0,2025-02-19 03:59:59.999000+00:00
2025-02-19 04:00:00+00:00,23.526,23.839,22.963,23.715,1163468.0,2025-02-19 07:59:59.999000+00:00
2025-02-19 08:00:00+00:00,23.715,24.007,23.612,23.994,1161049.0,2025-02-19 11:59:59.999000+00:00
2025-02-19 12:00:00+00:00,23.993,24.008,23.366,23.487,1768028.0,2025-02-19 15:59:59.999000+00:00
2025-02-19 16:00:00+00:00,23.486,23.915,23.432,23.655,1339219.0,2025-02-19 19:59:59.999000+00:00
2025-02-19 20:00:00+00:00,23.655,23.885,23.319,23.715,1386725.0,2025-02-19 23:59:59.999000+00:00
2025-02-20 00:00:00+00:00,23.715,24.255,23.697,24.219,1310575.0,2025-02-20 03:59:59.999000+00:00
2025-02-20 04:00:00+00:00,24.218,24.453,23.861,23.951,1126191.0,2025-02-20 07:59:59.999000+00:00
2025-02-20 08:00:00+00:00,23.952,24.605,23.952,24.532,1163133.0,2025-02-20 11:59:59.999000+00:00
2025-02-20 12:00:00+00:00,24.531,24.995,24.204,24.243,2310808.0,2025-02-20 15:59:59.999000+00:00
2025-02-20 16:00:00+00:00,24.244,25.269,24.187,25.191,1868182.0,2025-02-20 19:59:59.999000+00:00
2025-02-20 20:00:00+00:00,25.19,25.344,24.851,25.142,1444716.0,2025-02-20 23:59:59.999000+00:00
2025-02-21 00:00:00+00:00,25.142,25.249,24.755,24.851,828471.0,2025-02-21 03:59:59.999000+00:00
2025-02-21 04:00:00+00:00,24.85,25.337,24.848,25.156,808744.0,2025-02-21 07:59:59.999000+00:00
2025-02-21 08:00:00+00:00,25.156,25.912,25.134,25.645,1638586.0,2025-02-21 11:59:59.999000+00:00
2025-02-21 12:00:00+00:00,25.644,26.535,24.942,25.47,4040490.0,2025-02-21 15:59:59.999000+00:00
2025-02-21 16:00:00+00:00,25.468,25.831,23.747,23.891,4534096.0,2025-02-21 19:59:59.999000+00:00
2025-02-21 20:00:00+00:00,23.892,24.703,23.804,24.531,1923918.0,2025-02-21 23:59:59.999000+00:00
2025-02-22 00:00:00+00:00,24.531,25.268,24.421,25.102,1392418.0,2025-02-22 03:59:59.999000+00:00
2025-02-22 04:00:00+00:00,25.102,25.382,24.809,24.9,1201069.0,2025-02-22 07:59:59.999000+00:00
2025-02-22 08:00:00+00:00,24.9,25.38,24.83,25.251,1275931.0,2025-02-22 11:59:59.999000+00:00
2025-02-22 12:00:00+00:00,25.251,25.85,25.251,25.818,1552684.0,2025-02-22 15:59:59.999000+00:00
2025-02-22 16:00:00+00:00,25.817,26.37,25.67,26.028,1503128.0,2025-02-22 19:59:59.999000+00:00
2025-02-22 20:00:00+00:00,26.029,26.047,25.746,25.823,838455.0,2025-02-22 23:59:59.999000+00:00
2025-02-23 00:00:00+00:00,25.822,25.973,25.56,25.687,778633.0,2025-02-23 03:59:59.999000+00:00
2025-02-23 04:00:00+00:00,25.686,25.885,25.41,25.826,870521.0,2025-02-23 07:59:59.999000+00:00
2025-02-23 08:00:00+00:00,25.826,25.841,25.099,25.125,1025982.0,2025-02-23 11:59:59.999000+00:00
2025-02-23 12:00:00+00:00,25.125,25.168,24.525,24.537,1464599.0,2025-02-23 15:59:59.999000+00:00
2025-02-23 16:00:00+00:00,24.537,24.692,24.396,24.49,1182721.0,2025-02-23 19:59:59.999000+00:00
2025-02-23 20:00:00+00:00,24.488,24.947,24.41,24.833,1118234.0,2025-02-23 23:59:59.999000+00:00
2025-02-24 00:00:00+00:00,24.833,25.163,23.878,23.992,1901661.0,2025-02-24 03:59:59.999000+00:00
2025-02-24 04:00:00+00:00,23.992,24.226,23.65,23.962,1444411.0,2025-02-24 07:59:59.999000+00:00
2025-02-24 08:00:00+00:00,23.962,24.03,23.417,23.822,1820925.0,2025-02-24 11:59:59.999000+00:00
2025-02-24 12:00:00+00:00,23.821,23.884,22.869,23.128,2559752.0,2025-02-24 15:59:59.999000+00:00
2025-02-24 16:00:00+00:00,23.127,23.508,22.638,22.899,1901606.0,2025-02-24 19:59:59.999000+00:00
2025-02-24 20:00:00+00:00,22.899,23.258,21.417,21.866,4247273.0,2025-02-24 23:59:59.999000+00:00
2025-02-25 00:00:00+00:00,21.867,22.094,21.273,21.631,2653000.0,2025-02-25 03:59:59.999000+00:00
2025-02-25 04:00:00+00:00,21.632,21.976,20.285,20.847,4373938.0,2025-02-25 07:59:59.999000+00:00
2025-02-25 08:00:00+00:00,20.848,21.515,20.324,21.416,3335626.0,2025-02-25 11:59:59.999000+00:00
2025-02-25 12:00:00+00:00,21.416,21.652,20.532,20.973,3216651.0,2025-02-25 15:59:59.999000+00:00
2025-02-25 16:00:00+00:00,20.973,21.8,20.759,21.781,2205003.0,2025-02-25 19:59:59.999000+00:00
2025-02-25 20:00:00+00:00,21.78,22.324,21.614,21.936,2029064.0,2025-02-25 23:59:59.999000+00:00
2025-02-26 00:00:00+00:00,21.938,22.327,21.623,22.194,1230631.0,2025-02-26 03:59:59.999000+00:00
2025-02-26 04:00:00+00:00,22.195,22.406,21.909,22.155,1234919.0,2025-02-26 07:59:59.999000+00:00
2025-02-26 08:00:00+00:00,22.155,22.582,21.858,22.159,1646331.0,2025-02-26 11:59:59.999000+00:00
2025-02-26 12:00:00+00:00,22.159,22.411,21.458,22.243,3047513.0,2025-02-26 15:59:59.999000+00:00
2025-02-26 16:00:00+00:00,22.244,22.442,21.048,21.215,3754160.0,2025-02-26 19:59:59.999000+00:00
2025-02-26 20:00:00+00:00,21.215,22.276,20.976,21.859,2647100.0,2025-02-26 23:59:59.999000+00:00
2025-02-27 00:00:00+00:00,21.859,22.409,21.631,22.319,1597423.0,2025-02-27 03:59:59.999000+00:00
2025-02-27 04:00:00+00:00,22.32,23.162,22.149,22.994,1539442.0,2025-02-27 07:59:59.999000+00:00
2025-02-27 08:00:00+00:00,22.993,23.383,22.838,23.014,1578251.0,2025-02-27 11:59:59.999000+00:00
2025-02-27 12:00:00+00:00,23.015,23.3,22.527,22.777,2115696.0,2025-02-27 15:59:59.999000+00:00
2025-02-27 16:00:00+00:00,22.778,22.936,22.164,22.321,1649810.0,2025-02-27 19:59:59.999000+00:00
2025-02-27 20:00:00+00:00,22.322,22.589,21.978,22.519,1728594.0,2025-02-27 23:59:59.999000+00:00
2025-02-28 00:00:00+00:00,22.519,22.6,20.524,20.58,4608344.0,2025-02-28 03:59:59.999000+00:00
2025-02-28 04:00:00+00:00,20.581,20.762,20.201,20.613,2912217.0,2025-02-28 07:59:59.999000+00:00
2025-02-28 08:00:00+00:00,20.613,21.442,20.38,20.946,2934052.0,2025-02-28 11:59:59.999000+00:00
2025-02-28 12:00:00+00:00,20.946,21.989,20.737,21.729,3062946.0,2025-02-28 15:59:59.999000+00:00
2025-02-28 16:00:00+00:00,21.729,22.236,21.521,22.104,1936180.0,2025-02-28 19:59:59.999000+00:00
2025-02-28 20:00:00+00:00,22.104,22.388,21.781,22.368,1432727.0,2025-02-28 23:59:59.999000+00:00
2025-03-01 00:00:00+00:00,22.368,22.499,22.0,22.214,1411378.0,2025-03-01 03:59:59.999000+00:00
2025-03-01 04:00:00+00:00,22.211,22.442,21.826,21.879,1039024.0,2025-03-01 07:59:59.999000+00:00
2025-03-01 08:00:00+00:00,21.879,22.066,21.416,21.465,1528350.0,2025-03-01 11:59:59.999000+00:00
2025-03-01 12:00:00+00:00,21.464,21.545,21.04,21.292,1513492.0,2025-03-01 15:59:59.999000+00:00
2025-03-01 16:00:00+00:00,21.292,21.732,21.23,21.676,1124754.0,2025-03-01 19:59:59.999000+00:00
2025-03-01 20:00:00+00:00,21.676,22.172,21.513,21.853,1236942.0,2025-03-01 23:59:59.999000+00:00
2025-03-02 00:00:00+00:00,21.854,21.977,21.687,21.831,992082.0,2025-03-02 03:59:59.999000+00:00
2025-03-02 04:00:00+00:00,21.83,22.094,21.738,21.883,775750.0,2025-03-02 07:59:59.999000+00:00
2025-03-02 08:00:00+00:00,21.883,22.185,21.753,22.052,932912.0,2025-03-02 11:59:59.999000+00:00
2025-03-02 12:00:00+00:00,22.053,23.057,21.538,22.509,3690561.0,2025-03-02 15:59:59.999000+00:00
2025-03-02 16:00:00+00:00,22.51,24.796,22.51,24.67,6468122.0,2025-03-02 19:59:59.999000+00:00
2025-03-02 20:00:00+00:00,24.669,24.986,24.457,24.941,1712581.0,2025-03-02 23:59:59.999000+00:00
2025-03-03 00:00:00+00:00,24.941,25.099,23.921,24.529,2474515.0,2025-03-03 03:59:59.999000+00:00
2025-03-03 04:00:00+00:00,24.529,24.681,23.352,23.81,1991726.0,2025-03-03 07:59:59.999000+00:00
2025-03-03 08:00:00+00:00,23.81,23.836,23.007,23.492,1854308.0,2025-03-03 11:59:59.999000+00:00
2025-03-03 12:00:00+00:00,23.491,23.99,22.92,23.236,3509130.0,2025-03-03 15:59:59.999000+00:00
2025-03-03 16:00:00+00:00,23.237,23.405,20.901,20.942,5738017.0,2025-03-03 19:59:59.999000+00:00
2025-03-03 20:00:00+00:00,20.942,21.321,20.558,20.931,3223320.0,2025-03-03 23:59:59.999000+00:00
2025-03-04 00:00:00+00:00,20.932,21.098,19.603,19.813,5056358.0,2025-03-04 03:59:59.999000+00:00
2025-03-04 04:00:00+00:00,19.814,20.297,19.684,20.029,1775750.0,2025-03-04 07:59:59.999000+00:00
2025-03-04 08:00:00+00:00,20.026,20.259,19.668,19.885,1961107.0,2025-03-04 11:59:59.999000+00:00
2025-03-04 12:00:00+00:00,19.885,20.595,19.32,19.917,5017733.0,2025-03-04 15:59:59.999000+00:00
2025-03-04 16:00:00+00:00,19.918,20.382,18.828,20.305,5646881.0,2025-03-04 19:59:59.999000+00:00
2025-03-04 20:00:00+00:00,20.306,20.5,19.829,19.982,2071065.0,2025-03-04 23:59:59.999000+00:00
2025-03-05 00:00:00+00:00,19.983,20.275,19.67,19.755,1922465.0,2025-03-05 03:59:59.999000+00:00
2025-03-05 04:00:00+00:00,19.755,20.183,19.714,20.124,1325945.0,2025-03-05 07:59:59.999000+00:00
2025-03-05 08:00:00+00:00,20.126,21.344,20.122,20.976,3363732.0,2025-03-05 11:59:59.999000+00:00
2025-03-05 12:00:00+00:00,20.977,21.216,20.238,20.392,2905794.0,2025-03-05 15:59:59.999000+00:00
2025-03-05 16:00:00+00:00,20.391,21.25,20.06,21.226,2995326.0,2025-03-05 19:59:59.999000+00:00
2025-03-05 20:00:00+00:00,21.226,22.454,21.226,21.713,4027852.0,2025-03-05 23:59:59.999000+00:00
2025-03-06 00:00:00+00:00,21.713,22.405,21.437,22.356,2690661.0,2025-03-06 03:59:59.999000+00:00
2025-03-06 04:00:00+00:00,22.355,22.566,21.63,21.683,2027145.0,2025-03-06 07:59:59.999000+00:00
2025-03-06 08:00:00+00:00,21.683,22.267,21.604,21.955,1781928.0,2025-03-06 11:59:59.999000+00:00
2025-03-06 12:00:00+00:00,21.955,22.086,21.184,21.957,2883321.0,2025-03-06 15:59:59.999000+00:00
2025-03-06 16:00:00+00:00,21.957,22.096,20.876,21.05,2756940.0,2025-03-06 19:59:59.999000+00:00
2025-03-06 20:00:00+00:00,21.05,21.485,20.97,20.988,1765259.0,2025-03-06 23:59:59.999000+00:00
2025-03-07 00:00:00+00:00,20.987,21.309,19.663,20.248,4816267.0,2025-03-07 03:59:59.999000+00:00
2025-03-07 04:00:00+00:00,20.249,20.782,20.202,20.722,1237846.0,2025-03-07 07:59:59.999000+00:00
2025-03-07 08:00:00+00:00,20.723,20.899,20.432,20.781,1590009.0,2025-03-07 11:59:59.999000+00:00
2025-03-07 12:00:00+00:00,20.781,21.125,20.423,20.703,3228765.0,2025-03-07 15:59:59.999000+00:00
2025-03-07 16:00:00+00:00,20.703,21.196,19.998,20.818,3214579.0,2025-03-07 19:59:59.999000+00:00
2025-03-07 20:00:00+00:00,20.818,20.96,19.925,20.13,2728171.0,2025-03-07 23:59:59.999000+00:00
2025-03-08 00:00:00+00:00,20.129,20.235,19.603,19.859,1554908.0,2025-03-08 03:59:59.999000+00:00
2025-03-08 04:00:00+00:00,19.858,20.047,19.719,19.782,878042.0,2025-03-08 07:59:59.999000+00:00
2025-03-08 08:00:00+00:00,19.782,19.835,19.4,19.528,1325358.0,2025-03-08 11:59:59.999000+00:00
2025-03-08 12:00:00+00:00,19.529,21.075,19.45,20.461,3806359.0,2025-03-08 15:59:59.999000+00:00
2025-03-08 16:00:00+00:00,20.462,20.86,20.256,20.812,1903944.0,2025-03-08 19:59:59.999000+00:00
2025-03-08 20:00:00+00:00,20.813,20.975,20.342,20.488,1630971.0,2025-03-08 23:59:59.999000+00:00
2025-03-09 00:00:00+00:00,20.488,20.672,20.205,20.265,910003.0,2025-03-09 03:59:59.999000+00:00
2025-03-09 04:00:00+00:00,20.264,20.36,20.027,20.131,1051059.0,2025-03-09 07:59:59.999000+00:00
2025-03-09 08:00:00+00:00,20.131,20.141,19.597,19.702,1750966.0,2025-03-09 11:59:59.999000+00:00
2025-03-09 12:00:00+00:00,19.702,19.703,19.071,19.162,2607152.0,2025-03-09 15:59:59.999000+00:00
2025-03-09 16:00:00+00:00,19.161,19.341,17.758,18.232,5789259.0,2025-03-09 19:59:59.999000+00:00
2025-03-09 20:00:00+00:00,18.232,18.424,17.733,17.959,2745045.0,2025-03-09 23:59:59.999000+00:00
2025-03-10 00:00:00+00:00,17.958,18.484,17.608,18.161,2537841.0,2025-03-10 03:59:59.999000+00:00
2025-03-10 04:00:00+00:00,18.161,18.464,18.137,18.39,1255314.0,2025-03-10 07:59:59.999000+00:00
2025-03-10 08:00:00+00:00,18.39,19.056,17.982,18.832,3122127.0,2025-03-10 11:59:59.999000+00:00
2025-03-10 12:00:00+00:00,18.833,18.985,17.388,17.782,4576992.0,2025-03-10 15:59:59.999000+00:00
2025-03-10 16:00:00+00:00,17.781,17.857,16.14,16.892,6996740.0,2025-03-10 19:59:59.999000+00:00
2025-03-10 20:00:00+00:00,16.893,16.96,16.225,16.253,2904812.0,2025-03-10 23:59:59.999000+00:00
2025-03-11 00:00:00+00:00,16.254,17.191,15.264,16.567,8602661.0,2025-03-11 03:59:59.999000+00:00
2025-03-11 04:00:00+00:00,16.567,17.089,16.518,16.951,2943954.0,2025-03-11 07:59:59.999000+00:00
2025-03-11 08:00:00+00:00,16.951,17.448,16.872,17.354,2409892.0,2025-03-11 11:59:59.999000+00:00
2025-03-11 12:00:00+00:00,17.354,17.472,16.486,17.351,5157073.0,2025-03-11 15:59:59.999000+00:00
2025-03-11 16:00:00+00:00,17.351,17.902,16.943,17.753,4241758.0,2025-03-11 19:59:59.999000+00:00
2025-03-11 20:00:00+00:00,17.752,17.876,17.44,17.498,1563976.0,2025-03-11 23:59:59.999000+00:00
2025-03-12 00:00:00+00:00,17.498,17.817,17.054,17.078,2226738.0,2025-03-12 03:59:59.999000+00:00
2025-03-12 04:00:00+00:00,17.077,17.579,16.93,17.542,1963065.0,2025-03-12 07:59:59.999000+00:00
2025-03-12 08:00:00+00:00,17.541,18.234,17.464,18.226,2854482.0,2025-03-12 11:59:59.999000+00:00
2025-03-12 12:00:00+00:00,18.226,18.84,17.515,17.967,5359823.0,2025-03-12 15:59:59.999000+00:00
2025-03-12 16:00:00+00:00,17.967,18.594,17.942,18.395,2789831.0,2025-03-12 19:59:59.999000+00:00
2025-03-12 20:00:00+00:00,18.396,18.963,18.339,18.904,1983918.0,2025-03-12 23:59:59.999000+00:00
2025-03-13 00:00:00+00:00,18.903,19.181,18.711,18.845,2093757.0,2025-03-13 03:59:59.999000+00:00
2025-03-13 04:00:00+00:00,18.848,19.132,18.546,18.786,2240554.0,2025-03-13 07:59:59.999000+00:00
2025-03-13 08:00:00+00:00,18.785,19.32,18.602,19.013,2490698.0,2025-03-13 11:59:59.999000+00:00
2025-03-13 12:00:00+00:00,19.012,19.214,18.287,18.379,3201036.0,2025-03-13 15:59:59.999000+00:00
2025-03-13 16:00:00+00:00,18.38,18.447,17.906,18.156,2541844.0,2025-03-13 19:59:59.999000+00:00
2025-03-13 20:00:00+00:00,18.155,18.892,17.721,18.496,2988691.0,2025-03-13 23:59:59.999000+00:00
2025-03-14 00:00:00+00:00,18.495,18.892,18.452,18.751,1556452.0,2025-03-14 03:59:59.999000+00:00
2025-03-14 04:00:00+00:00,18.751,18.876,18.471,18.642,1178557.0,2025-03-14 07:59:59.999000+00:00
2025-03-14 08:00:00+00:00,18.643,19.115,18.57,18.752,1835749.0,2025-03-14 11:59:59.999000+00:00
2025-03-14 12:00:00+00:00,18.751,19.284,18.511,18.995,3050266.0,2025-03-14 15:59:59.999000+00:00
2025-03-14 16:00:00+00:00,18.996,19.295,18.761,18.979,2123630.0,2025-03-14 19:59:59.999000+00:00
2025-03-14 20:00:00+00:00,18.978,19.094,18.511,18.557,4101924.0,2025-03-14 23:59:59.999000+00:00
2025-03-15 00:00:00+00:00,18.556,18.651,18.359,18.619,1610094.0,2025-03-15 03:59:59.999000+00:00
2025-03-15 04:00:00+00:00,18.619,18.88,18.483,18.598,3561919.0,2025-03-15 07:59:59.999000+00:00
2025-03-15 08:00:00+00:00,18.597,18.641,18.426,18.548,4792775.0,2025-03-15 11:59:59.999000+00:00
2025-03-15 12:00:00+00:00,18.548,18.717,18.405,18.541,1950695.0,2025-03-15 15:59:59.999000+00:00
2025-03-15 16:00:00+00:00,18.542,18.749,18.458,18.605,1377041.0,2025-03-15 19:59:59.999000+00:00
2025-03-15 20:00:00+00:00,18.606,19.469,18.604,19.385,4050076.0,2025-03-15 23:59:59.999000+00:00
2025-03-16 00:00:00+00:00,19.385,19.715,18.953,19.684,2546634.0,2025-03-16 03:59:59.999000+00:00
2025-03-16 04:00:00+00:00,19.685,19.84,19.263,19.342,1744999.0,2025-03-16 07:59:59.999000+00:00
2025-03-16 08:00:00+00:00,19.342,19.392,18.312,18.396,2919201.0,2025-03-16 11:59:59.999000+00:00
2025-03-16 12:00:00+00:00,18.396,18.678,18.147,18.473,2565505.0,2025-03-16 15:59:59.999000+00:00
2025-03-16 16:00:00+00:00,18.472,19.055,18.194,18.324,3246369.0,2025-03-16 19:59:59.999000+00:00
2025-03-16 20:00:00+00:00,18.324,18.462,18.1,18.245,1590658.0,2025-03-16 23:59:59.999000+00:00
2025-03-17 00:00:00+00:00,18.245,18.73,18.214,18.608,1702449.0,2025-03-17 03:59:59.999000+00:00
2025-03-17 04:00:00+00:00,18.608,18.72,18.232,18.601,1772784.0,2025-03-17 07:59:59.999000+00:00
2025-03-17 08:00:00+00:00,18.602,18.722,18.391,18.6,1496350.0,2025-03-17 11:59:59.999000+00:00
2025-03-17 12:00:00+00:00,18.601,18.811,18.171,18.451,2896021.0,2025-03-17 15:59:59.999000+00:00
2025-03-17 16:00:00+00:00,18.45,19.077,18.367,18.935,2456157.0,2025-03-17 19:59:59.999000+00:00
2025-03-17 20:00:00+00:00,18.934,18.977,18.684,18.809,1278609.0,2025-03-17 23:59:59.999000+00:00
2025-03-18 00:00:00+00:00,18.809,18.937,18.38,18.558,1953379.0,2025-03-18 03:59:59.999000+00:00
2025-03-18 04:00:00+00:00,18.559,19.031,18.432,18.812,2203831.0,2025-03-18 07:59:59.999000+00:00
2025-03-18 08:00:00+00:00,18.812,19.266,18.696,18.788,2753345.0,2025-03-18 11:59:59.999000+00:00
2025-03-18 12:00:00+00:00,18.788,18.896,18.355,18.433,3046494.0,2025-03-18 15:59:59.999000+00:00
2025-03-18 16:00:00+00:00,18.434,18.711,18.31,18.657,2311342.0,2025-03-18 19:59:59.999000+00:00
2025-03-18 20:00:00+00:00,18.657,19.072,18.438,18.972,1925956.0,2025-03-18 23:59:59.999000+00:00
2025-03-19 00:00:00+00:00,18.972,19.217,18.829,19.185,1914164.0,2025-03-19 03:59:59.999000+00:00
2025-03-19 04:00:00+00:00,19.186,19.32,18.894,18.904,1495885.0,2025-03-19 07:59:59.999000+00:00
2025-03-19 08:00:00+00:00,18.905,19.663,18.886,19.533,2642718.0,2025-03-19 11:59:59.999000+00:00
2025-03-19 12:00:00+00:00,19.532,19.955,19.292,19.848,3581498.0,2025-03-19 15:59:59.999000+00:00
2025-03-19 16:00:00+00:00,19.848,20.093,19.419,19.582,3814326.0,2025-03-19 19:59:59.999000+00:00
2025-03-19 20:00:00+00:00,19.583,19.777,19.378,19.721,1946039.0,2025-03-19 23:59:59.999000+00:00
2025-03-20 00:00:00+00:00,19.722,19.855,19.246,19.274,1627588.0,2025-03-20 03:59:59.999000+00:00
2025-03-20 04:00:00+00:00,19.275,19.29,19.071,19.123,1440290.0,2025-03-20 07:59:59.999000+00:00
2025-03-20 08:00:00+00:00,19.122,19.314,18.727,18.825,2212148.0,2025-03-20 11:59:59.999000+00:00
2025-03-20 12:00:00+00:00,18.825,19.176,18.732,18.762,2489542.0,2025-03-20 15:59:59.999000+00:00
2025-03-20 16:00:00+00:00,18.76,18.86,18.382,18.699,2385832.0,2025-03-20 19:59:59.999000+00:00
2025-03-20 20:00:00+00:00,18.699,18.784,18.606,18.736,803022.0,2025-03-20 23:59:59.999000+00:00
2025-03-21 00:00:00+00:00,18.735,19.109,18.712,18.8,1143907.0,2025-03-21 03:59:59.999000+00:00
2025-03-21 04:00:00+00:00,18.801,19.003,18.673,18.745,1186059.0,2025-03-21 07:59:59.999000+00:00
2025-03-21 08:00:00+00:00,18.744,18.87,18.413,18.505,1647971.0,2025-03-21 11:59:59.999000+00:00
2025-03-21 12:00:00+00:00,18.505,18.631,18.336,18.475,1721186.0,2025-03-21 15:59:59.999000+00:00
2025-03-21 16:00:00+00:00,18.474,18.888,18.38,18.885,1644352.0,2025-03-21 19:59:59.999000+00:00
2025-03-21 20:00:00+00:00,18.884,19.486,18.849,19.17,2402420.0,2025-03-21 23:59:59.999000+00:00
2025-03-22 00:00:00+00:00,19.171,19.396,19.062,19.291,1198965.0,2025-03-22 03:59:59.999000+00:00
2025-03-22 04:00:00+00:00,19.292,19.483,19.292,19.36,959336.0,2025-03-22 07:59:59.999000+00:00
2025-03-22 08:00:00+00:00,19.361,19.632,19.312,19.442,1131938.0,2025-03-22 11:59:59.999000+00:00
2025-03-22 12:00:00+00:00,19.442,19.569,19.258,19.534,1006988.0,2025-03-22 15:59:59.999000+00:00
2025-03-22 16:00:00+00:00,19.535,19.707,19.466,19.643,997154.0,2025-03-22 19:59:59.999000+00:00
2025-03-22 20:00:00+00:00,19.644,19.734,19.324,19.417,1165835.0,2025-03-22 23:59:59.999000+00:00
2025-03-23 00:00:00+00:00,19.417,19.711,19.323,19.709,937526.0,2025-03-23 03:59:59.999000+00:00
2025-03-23 04:00:00+00:00,19.709,19.715,19.457,19.574,745093.0,2025-03-23 07:59:59.999000+00:00
2025-03-23 08:00:00+00:00,19.573,19.779,19.47,19.612,1117965.0,2025-03-23 11:59:59.999000+00:00
2025-03-23 12:00:00+00:00,19.613,19.688,19.425,19.474,1177111.0,2025-03-23 15:59:59.999000+00:00
2025-03-23 16:00:00+00:00,19.473,19.63,19.294,19.485,1177347.0,2025-03-23 19:59:59.999000+00:00
2025-03-23 20:00:00+00:00,19.485,19.837,19.326,19.807,1040576.0,2025-03-23 23:59:59.999000+00:00
2025-03-24 00:00:00+00:00,19.808,21.159,19.766,21.137,3914085.0,2025-03-24 03:59:59.999000+00:00
2025-03-24 04:00:00+00:00,21.137,21.829,21.128,21.513,3913979.0,2025-03-24 07:59:59.999000+00:00
2025-03-24 08:00:00+00:00,21.513,21.935,21.507,21.684,2137452.0,2025-03-24 11:59:59.999000+00:00
2025-03-24 12:00:00+00:00,21.685,22.13,21.414,21.526,3517059.0,2025-03-24 15:59:59.999000+00:00
2025-03-24 16:00:00+00:00,21.525,21.573,21.225,21.373,1704038.0,2025-03-24 19:59:59.999000+00:00
2025-03-24 20:00:00+00:00,21.373,21.486,21.223,21.471,1391987.0,2025-03-24 23:59:59.999000+00:00
2025-03-25 00:00:00+00:00,21.471,21.668,21.314,21.347,1911480.0,2025-03-25 03:59:59.999000+00:00
2025-03-25 04:00:00+00:00,21.345,21.926,21.273,21.849,1731512.0,2025-03-25 07:59:59.999000+00:00
2025-03-25 08:00:00+00:00,21.85,22.398,21.833,22.316,2194110.0,2025-03-25 11:59:59.999000+00:00
2025-03-25 12:00:00+00:00,22.319,22.8,22.121,22.473,3790679.0,2025-03-25 15:59:59.999000+00:00
2025-03-25 16:00:00+00:00,22.473,23.228,22.426,23.032,2896892.0,2025-03-25 19:59:59.999000+00:00
2025-03-25 20:00:00+00:00,23.032,23.447,22.751,22.89,2987312.0,2025-03-25 23:59:59.999000+00:00
2025-03-26 00:00:00+00:00,22.891,23.23,22.536,22.588,2089158.0,2025-03-26 03:59:59.999000+00:00
2025-03-26 04:00:00+00:00,22.588,22.864,22.53,22.821,1572369.0,2025-03-26 07:59:59.999000+00:00
2025-03-26 08:00:00+00:00,22.821,22.964,22.627,22.835,1357111.0,2025-03-26 11:59:59.999000+00:00
2025-03-26 12:00:00+00:00,22.837,22.867,21.944,22.164,3287719.0,2025-03-26 15:59:59.999000+00:00
2025-03-26 16:00:00+00:00,22.16,22.465,21.815,22.059,2231606.0,2025-03-26 19:59:59.999000+00:00
2025-03-26 20:00:00+00:00,22.056,22.283,21.836,22.041,1475739.0,2025-03-26 23:59:59.999000+00:00
2025-03-27 00:00:00+00:00,22.041,22.371,21.981,22.165,1342735.0,2025-03-27 03:59:59.999000+00:00
2025-03-27 04:00:00+00:00,22.166,22.172,21.902,22.069,882921.0,2025-03-27 07:59:59.999000+00:00
2025-03-27 08:00:00+00:00,22.069,22.183,21.798,21.856,1541020.0,2025-03-27 11:59:59.999000+00:00
2025-03-27 12:00:00+00:00,21.856,22.275,21.617,21.904,2781624.0,2025-03-27 15:59:59.999000+00:00
2025-03-27 16:00:00+00:00,21.904,22.119,21.787,21.987,1043580.0,2025-03-27 19:59:59.999000+00:00
2025-03-27 20:00:00+00:00,21.987,22.227,21.894,22.003,878177.0,2025-03-27 23:59:59.999000+00:00
2025-03-28 00:00:00+00:00,22.004,22.179,21.635,21.763,1565885.0,2025-03-28 03:59:59.999000+00:00
2025-03-28 04:00:00+00:00,21.761,21.805,20.654,20.704,3847478.0,2025-03-28 07:59:59.999000+00:00
2025-03-28 08:00:00+00:00,20.703,20.796,20.118,20.542,3596370.0,2025-03-28 11:59:59.999000+00:00
2025-03-28 12:00:00+00:00,20.542,20.624,19.952,19.963,2771563.0,2025-03-28 15:59:59.999000+00:00
2025-03-28 16:00:00+00:00,19.962,20.019,19.755,19.794,1603661.0,2025-03-28 19:59:59.999000+00:00
2025-03-28 20:00:00+00:00,19.795,20.585,19.76,20.351,2024208.0,2025-03-28 23:59:59.999000+00:00
2025-03-29 00:00:00+00:00,20.352,20.52,20.057,20.416,1431282.0,2025-03-29 03:59:59.999000+00:00
2025-03-29 04:00:00+00:00,20.416,20.51,19.791,19.866,1470832.0,2025-03-29 07:59:59.999000+00:00
2025-03-29 08:00:00+00:00,19.867,20.159,19.639,19.846,2170766.0,2025-03-29 11:59:59.999000+00:00
2025-03-29 12:00:00+00:00,19.847,20.308,19.81,19.987,2820647.0,2025-03-29 15:59:59.999000+00:00
2025-03-29 16:00:00+00:00,19.988,20.05,19.653,19.862,2346814.0,2025-03-29 19:59:59.999000+00:00
2025-03-29 20:00:00+00:00,19.864,19.89,19.437,19.589,1819163.0,2025-03-29 23:59:59.999000+00:00
2025-03-30 00:00:00+00:00,19.59,19.894,19.358,19.646,1755064.0,2025-03-30 03:59:59.999000+00:00
2025-03-30 04:00:00+00:00,19.647,19.734,19.329,19.434,1386083.0,2025-03-30 07:59:59.999000+00:00
2025-03-30 08:00:00+00:00,19.435,19.69,19.157,19.337,1900354.0,2025-03-30 11:59:59.999000+00:00
2025-03-30 12:00:00+00:00,19.339,19.46,19.032,19.292,1857861.0,2025-03-30 15:59:59.999000+00:00
2025-03-30 16:00:00+00:00,19.291,19.39,18.971,19.105,1876193.0,2025-03-30 19:59:59.999000+00:00
2025-03-30 20:00:00+00:00,19.106,19.154,18.669,18.855,2035650.0,2025-03-30 23:59:59.999000+00:00
2025-03-31 00:00:00+00:00,18.856,19.013,18.45,18.625,2130596.0,2025-03-31 03:59:59.999000+00:00
2025-03-31 04:00:00+00:00,18.625,18.936,18.421,18.552,1625345.0,2025-03-31 07:59:59.999000+00:00
2025-03-31 08:00:00+00:00,18.551,18.719,18.164,18.622,2554583.0,2025-03-31 11:59:59.999000+00:00
2025-03-31 12:00:00+00:00,18.621,19.107,18.398,18.962,2734994.0,2025-03-31 15:59:59.999000+00:00
2025-03-31 16:00:00+00:00,18.961,19.045,18.607,18.639,1518578.0,2025-03-31 19:59:59.999000+00:00
2025-03-31 20:00:00+00:00,18.64,18.857,18.588,18.762,1062597.0,2025-03-31 23:59:59.999000+00:00
2025-04-01 00:00:00+00:00,18.761,19.171,18.704,19.019,1257375.0,2025-04-01 03:59:59.999000+00:00
2025-04-01 04:00:00+00:00,19.021,19.529,18.945,19.195,1557773.0,2025-04-01 07:59:59.999000+00:00
2025-04-01 08:00:00+00:00,19.195,19.72,19.102,19.384,2508664.0,2025-04-01 11:59:59.999000+00:00
2025-04-01 12:00:00+00:00,19.383,19.933,18.959,19.83,2759801.0,2025-04-01 15:59:59.999000+00:00
2025-04-01 16:00:00+00:00,19.831,19.932,19.335,19.441,1477629.0,2025-04-01 19:59:59.999000+00:00
2025-04-01 20:00:00+00:00,19.439,19.907,19.296,19.809,2016596.0,2025-04-01 23:59:59.999000+00:00
2025-04-02 00:00:00+00:00,19.81,19.83,19.111,19.21,2006611.0,2025-04-02 03:59:59.999000+00:00
2025-04-02 04:00:00+00:00,19.21,19.739,18.788,19.056,2271212.0,2025-04-02 07:59:59.999000+00:00
2025-04-02 08:00:00+00:00,19.057,19.574,18.913,19.211,1861648.0,2025-04-02 11:59:59.999000+00:00
2025-04-02 12:00:00+00:00,19.211,19.838,18.914,19.612,3090804.0,2025-04-02 15:59:59.999000+00:00
2025-04-02 16:00:00+00:00,19.613,19.84,19.177,19.418,2773828.0,2025-04-02 19:59:59.999000+00:00
2025-04-02 20:00:00+00:00,19.419,19.916,17.751,17.968,6622722.0,2025-04-02 23:59:59.999000+00:00
2025-04-03 00:00:00+00:00,17.969,18.841,17.864,18.759,2812723.0,2025-04-03 03:59:59.999000+00:00
2025-04-03 04:00:00+00:00,18.76,18.98,18.191,18.366,1881657.0,2025-04-03 07:59:59.999000+00:00
2025-04-03 08:00:00+00:00,18.365,18.495,17.964,18.087,2036803.0,2025-04-03 11:59:59.999000+00:00
2025-04-03 12:00:00+00:00,18.087,18.184,17.563,17.955,3861326.0,2025-04-03 15:59:59.999000+00:00
2025-04-03 16:00:00+00:00,17.955,18.263,17.82,17.999,1975166.0,2025-04-03 19:59:59.999000+00:00
2025-04-03 20:00:00+00:00,18.0,18.265,17.84,18.144,1493735.0,2025-04-03 23:59:59.999000+00:00
2025-04-04 00:00:00+00:00,18.145,18.262,17.889,18.018,1680813.0,2025-04-04 03:59:59.999000+00:00
2025-04-04 04:00:00+00:00,18.018,18.599,17.955,18.588,1754569.0,2025-04-04 07:59:59.999000+00:00
2025-04-04 08:00:00+00:00,18.588,18.761,17.597,17.864,3297470.0,2025-04-04 11:59:59.999000+00:00
2025-04-04 12:00:00+00:00,17.864,18.462,17.785,17.993,4400514.0,2025-04-04 15:59:59.999000+00:00
2025-04-04 16:00:00+00:00,17.994,18.35,17.705,18.096,3367013.0,2025-04-04 19:59:59.999000+00:00
2025-04-04 20:00:00+00:00,18.095,18.344,18.004,18.178,1050529.0,2025-04-04 23:59:59.999000+00:00
2025-04-05 00:00:00+00:00,18.177,18.368,18.079,18.103,897415.0,2025-04-05 03:59:59.999000+00:00
2025-04-05 04:00:00+00:00,18.104,18.227,18.041,18.202,667424.0,2025-04-05 07:59:59.999000+00:00
2025-04-05 08:00:00+00:00,18.201,18.333,18.117,18.225,872469.0,2025-04-05 11:59:59.999000+00:00
2025-04-05 12:00:00+00:00,18.224,18.294,17.757,17.831,1718609.0,2025-04-05 15:59:59.999000+00:00
2025-04-05 16:00:00+00:00,17.83,17.982,17.81,17.855,1007600.0,2025-04-05 19:59:59.999000+00:00
2025-04-05 20:00:00+00:00,17.854,17.918,17.663,17.869,1163821.0,2025-04-05 23:59:59.999000+00:00
2025-04-06 00:00:00+00:00,17.87,17.912,17.308,17.375,2200225.0,2025-04-06 03:59:59.999000+00:00
2025-04-06 04:00:00+00:00,17.375,17.489,17.165,17.183,1482633.0,2025-04-06 07:59:59.999000+00:00
2025-04-06 08:00:00+00:00,17.184,17.344,17.087,17.169,1376433.0,2025-04-06 11:59:59.999000+00:00
2025-04-06 12:00:00+00:00,17.168,17.297,16.82,17.285,2792435.0,2025-04-06 15:59:59.999000+00:00
2025-04-06 16:00:00+00:00,17.284,17.299,16.126,16.38,5691235.0,2025-04-06 19:59:59.999000+00:00
2025-04-06 20:00:00+00:00,16.379,16.456,15.612,16.032,4986466.0,2025-04-06 23:59:59.999000+00:00
2025-04-07 00:00:00+00:00,16.034,16.433,15.43,15.731,3967651.0,2025-04-07 03:59:59.999000+00:00
2025-04-07 04:00:00+00:00,15.731,16.105,14.652,14.818,7096117.0,2025-04-07 07:59:59.999000+00:00
2025-04-07 08:00:00+00:00,14.818,15.77,14.701,15.429,4931895.0,2025-04-07 11:59:59.999000+00:00
2025-04-07 12:00:00+00:00,15.428,17.104,15.342,16.422,10619532.0,2025-04-07 15:59:59.999000+00:00
2025-04-07 16:00:00+00:00,16.423,17.26,16.123,16.632,5676889.0,2025-04-07 19:59:59.999000+00:00
2025-04-07 20:00:00+00:00,16.632,16.968,16.605,16.677,1898284.0,2025-04-07 23:59:59.999000+00:00
2025-04-08 00:00:00+00:00,16.678,17.327,16.674,17.154,2416384.0,2025-04-08 03:59:59.999000+00:00
2025-04-08 04:00:00+00:00,17.154,17.438,16.936,17.035,2558373.0,2025-04-08 07:59:59.999000+00:00
2025-04-08 08:00:00+00:00,17.035,17.509,16.829,17.47,2336996.0,2025-04-08 11:59:59.999000+00:00
2025-04-08 12:00:00+00:00,17.469,17.726,17.053,17.125,4665623.0,2025-04-08 15:59:59.999000+00:00
2025-04-08 16:00:00+00:00,17.126,17.179,15.982,16.028,6030034.0,2025-04-08 19:59:59.999000+00:00
2025-04-08 20:00:00+00:00,16.029,16.284,15.916,16.137,2578859.0,2025-04-08 23:59:59.999000+00:00
2025-04-09 00:00:00+00:00,16.137,16.392,15.575,16.044,3887698.0,2025-04-09 03:59:59.999000+00:00
2025-04-09 04:00:00+00:00,16.043,16.851,15.987,16.704,3142921.0,2025-04-09 07:59:59.999000+00:00
2025-04-09 08:00:00+00:00,16.703,16.781,16.093,16.186,2867075.0,2025-04-09 11:59:59.999000+00:00
2025-04-09 12:00:00+00:00,16.186,16.904,15.954,16.805,4027654.0,2025-04-09 15:59:59.999000+00:00
2025-04-09 16:00:00+00:00,16.808,18.903,16.727,18.53,8403943.0,2025-04-09 19:59:59.999000+00:00
2025-04-09 20:00:00+00:00,18.531,18.696,18.405,18.431,1972259.0,2025-04-09 23:59:59.999000+00:00
2025-04-10 00:00:00+00:00,18.431,18.443,17.793,18.025,1936842.0,2025-04-10 03:59:59.999000+00:00
2025-04-10 04:00:00+00:00,18.025,18.343,17.933,18.04,1572114.0,2025-04-10 07:59:59.999000+00:00
2025-04-10 08:00:00+00:00,18.04,18.152,17.887,18.009,1533740.0,2025-04-10 11:59:59.999000+00:00
2025-04-10 12:00:00+00:00,18.008,18.376,17.556,17.662,4368969.0,2025-04-10 15:59:59.999000+00:00
2025-04-10 16:00:00+00:00,17.661,18.24,17.567,18.095,3046925.0,2025-04-10 19:59:59.999000+00:00
2025-04-10 20:00:00+00:00,18.093,18.421,18.089,18.303,1587298.0,2025-04-10 23:59:59.999000+00:00
2025-04-11 00:00:00+00:00,18.301,18.66,18.297,18.541,2113495.0,2025-04-11 03:59:59.999000+00:00
2025-04-11 04:00:00+00:00,18.541,18.65,18.428,18.54,1124484.0,2025-04-11 07:59:59.999000+00:00
2025-04-11 08:00:00+00:00,18.541,18.97,18.39,18.837,2512977.0,2025-04-11 11:59:59.999000+00:00
2025-04-11 12:00:00+00:00,18.838,19.535,18.751,19.183,4226159.0,2025-04-11 15:59:59.999000+00:00
2025-04-11 16:00:00+00:00,19.184,19.557,19.085,19.212,1928350.0,2025-04-11 19:59:59.999000+00:00
2025-04-11 20:00:00+00:00,19.212,19.358,19.032,19.112,1089868.0,2025-04-11 23:59:59.999000+00:00
2025-04-12 00:00:00+00:00,19.111,19.165,18.832,18.902,1272178.0,2025-04-12 03:59:59.999000+00:00
2025-04-12 04:00:00+00:00,18.901,19.29,18.846,19.095,1612495.0,2025-04-12 07:59:59.999000+00:00
2025-04-12 08:00:00+00:00,19.094,19.254,18.943,19.116,1256020.0,2025-04-12 11:59:59.999000+00:00
2025-04-12 12:00:00+00:00,19.117,21.008,19.077,20.508,4971672.0,2025-04-12 15:59:59.999000+00:00
2025-04-12 16:00:00+00:00,20.507,20.834,20.09,20.167,2895501.0,2025-04-12 19:59:59.999000+00:00
2025-04-12 20:00:00+00:00,20.167,20.669,20.14,20.48,1571811.0,2025-04-12 23:59:59.999000+00:00
2025-04-13 00:00:00+00:00,20.483,20.656,20.172,20.232,1349758.0,2025-04-13 03:59:59.999000+00:00
2025-04-13 04:00:00+00:00,20.233,20.272,19.863,19.915,1412039.0,2025-04-13 07:59:59.999000+00:00
2025-04-13 08:00:00+00:00,19.915,20.264,19.882,19.986,1227143.0,2025-04-13 11:59:59.999000+00:00
2025-04-13 12:00:00+00:00,19.984,20.016,19.497,19.737,1913562.0,2025-04-13 15:59:59.999000+00:00
2025-04-13 16:00:00+00:00,19.735,20.499,19.414,19.717,3398199.0,2025-04-13 19:59:59.999000+00:00
2025-04-13 20:00:00+00:00,19.717,19.955,19.255,19.574,1936427.0,2025-04-13 23:59:59.999000+00:00
2025-04-14 00:00:00+00:00,19.573,20.586,19.533,19.946,2458906.0,2025-04-14 03:59:59.999000+00:00
2025-04-14 04:00:00+00:00,19.948,20.271,19.784,20.11,1538611.0,2025-04-14 07:59:59.999000+00:00
2025-04-14 08:00:00+00:00,20.111,20.517,19.939,20.49,2322261.0,2025-04-14 11:59:59.999000+00:00
2025-04-14 12:00:00+00:00,20.49,20.677,19.727,19.824,2968236.0,2025-04-14 15:59:59.999000+00:00
2025-04-14 16:00:00+00:00,19.823,20.509,19.704,20.286,2592462.0,2025-04-14 19:59:59.999000+00:00
2025-04-14 20:00:00+00:00,20.288,20.369,20.032,20.105,1040236.0,2025-04-14 23:59:59.999000+00:00
2025-04-15 00:00:00+00:00,20.105,20.235,19.831,20.218,1394912.0,2025-04-15 03:59:59.999000+00:00
2025-04-15 04:00:00+00:00,20.218,20.272,19.786,19.965,1569218.0,2025-04-15 07:59:59.999000+00:00
2025-04-15 08:00:00+00:00,19.964,20.146,19.779,19.888,1504024.0,2025-04-15 11:59:59.999000+00:00
2025-04-15 12:00:00+00:00,19.887,20.244,19.446,19.524,2584337.0,2025-04-15 15:59:59.999000+00:00
2025-04-15 16:00:00+00:00,19.524,19.616,19.211,19.29,1902583.0,2025-04-15 19:59:59.999000+00:00
2025-04-15 20:00:00+00:00,19.291,19.423,18.952,19.002,1675804.0,2025-04-15 23:59:59.999000+00:00
2025-04-16 00:00:00+00:00,19.002,19.019,18.661,18.912,1776747.0,2025-04-16 03:59:59.999000+00:00
2025-04-16 04:00:00+00:00,18.912,18.944,18.59,18.632,1269063.0,2025-04-16 07:59:59.999000+00:00
2025-04-16 08:00:00+00:00,18.632,18.984,18.55,18.899,1447002.0,2025-04-16 11:59:59.999000+00:00
2025-04-16 12:00:00+00:00,18.899,19.274,18.704,19.027,1898407.0,2025-04-16 15:59:59.999000+00:00
2025-04-16 16:00:00+00:00,19.027,19.265,18.453,18.996,3149008.0,2025-04-16 19:59:59.999000+00:00
2025-04-16 20:00:00+00:00,18.995,19.086,18.688,18.742,1121465.0,2025-04-16 23:59:59.999000+00:00
2025-04-17 00:00:00+00:00,18.742,18.993,18.678,18.962,733719.0,2025-04-17 03:59:59.999000+00:00
2025-04-17 04:00:00+00:00,18.961,19.553,18.93,19.382,1387649.0,2025-04-17 07:59:59.999000+00:00
2025-04-17 08:00:00+00:00,19.383,19.474,19.121,19.228,924045.0,2025-04-17 11:59:59.999000+00:00
2025-04-17 12:00:00+00:00,19.229,19.404,18.796,19.113,2107495.0,2025-04-17 15:59:59.999000+00:00
2025-04-17 16:00:00+00:00,19.114,19.55,18.958,19.062,2290343.0,2025-04-17 19:59:59.999000+00:00
2025-04-17 20:00:00+00:00,19.062,19.206,18.907,19.037,885343.0,2025-04-17 23:59:59.999000+00:00
2025-04-18 00:00:00+00:00,19.037,19.126,18.886,19.039,698103.0,2025-04-18 03:59:59.999000+00:00
2025-04-18 04:00:00+00:00,19.038,19.176,18.935,19.171,730921.0,2025-04-18 07:59:59.999000+00:00
2025-04-18 08:00:00+00:00,19.171,19.334,18.981,19.092,1119468.0,2025-04-18 11:59:59.999000+00:00
2025-04-18 12:00:00+00:00,19.091,19.149,18.83,18.89,1110887.0,2025-04-18 15:59:59.999000+00:00
2025-04-18 16:00:00+00:00,18.89,19.163,18.867,19.153,911199.0,2025-04-18 19:59:59.999000+00:00
2025-04-18 20:00:00+00:00,19.152,19.24,19.037,19.058,718854.0,2025-04-18 23:59:59.999000+00:00
2025-04-19 00:00:00+00:00,19.058,19.306,19.014,19.249,708368.0,2025-04-19 03:59:59.999000+00:00
2025-04-19 04:00:00+00:00,19.248,19.548,19.152,19.467,1015834.0,2025-04-19 07:59:59.999000+00:00
2025-04-19 08:00:00+00:00,19.467,19.718,19.423,19.487,1336940.0,2025-04-19 11:59:59.999000+00:00
2025-04-19 12:00:00+00:00,19.487,19.817,19.486,19.691,1117622.0,2025-04-19 15:59:59.999000+00:00
2025-04-19 16:00:00+00:00,19.691,20.111,19.622,20.032,1599881.0,2025-04-19 19:59:59.999000+00:00
2025-04-19 20:00:00+00:00,20.033,20.36,19.87,19.886,1549009.0,2025-04-19 23:59:59.999000+00:00
2025-04-20 00:00:00+00:00,19.885,20.03,19.802,19.862,851852.0,2025-04-20 03:59:59.999000+00:00
2025-04-20 04:00:00+00:00,19.862,19.985,19.505,19.638,1128384.0,2025-04-20 07:59:59.999000+00:00
2025-04-20 08:00:00+00:00,19.637,19.7,19.214,19.3,1515034.0,2025-04-20 11:59:59.999000+00:00
2025-04-20 12:00:00+00:00,19.3,19.528,19.262,19.375,1094987.0,2025-04-20 15:59:59.999000+00:00
2025-04-20 16:00:00+00:00,19.375,19.554,19.301,19.543,834753.0,2025-04-20 19:59:59.999000+00:00
2025-04-20 20:00:00+00:00,19.544,19.728,19.303,19.491,1113785.0,2025-04-20 23:59:59.999000+00:00
2025-04-21 00:00:00+00:00,19.492,20.139,19.492,19.989,2250252.0,2025-04-21 03:59:59.999000+00:00
2025-04-21 04:00:00+00:00,19.99,20.65,19.769,20.616,2608725.0,2025-04-21 07:59:59.999000+00:00
2025-04-21 08:00:00+00:00,20.616,20.955,20.399,20.522,2413168.0,2025-04-21 11:59:59.999000+00:00
2025-04-21 12:00:00+00:00,20.521,20.667,20.247,20.533,2174953.0,2025-04-21 15:59:59.999000+00:00
2025-04-21 16:00:00+00:00,20.532,20.679,19.786,20.08,2747546.0,2025-04-21 19:59:59.999000+00:00
2025-04-21 20:00:00+00:00,20.079,20.097,19.696,19.908,1268493.0,2025-04-21 23:59:59.999000+00:00
2025-04-22 00:00:00+00:00,19.908,20.194,19.403,19.889,1914419.0,2025-04-22 03:59:59.999000+00:00
2025-04-22 04:00:00+00:00,19.886,20.29,19.579,20.277,1652524.0,2025-04-22 07:59:59.999000+00:00
2025-04-22 08:00:00+00:00,20.276,20.441,20.013,20.388,2018730.0,2025-04-22 11:59:59.999000+00:00
2025-04-22 12:00:00+00:00,20.389,22.02,20.346,21.625,5185639.0,2025-04-22 15:59:59.999000+00:00
2025-04-22 16:00:00+00:00,21.626,21.793,21.336,21.548,2433702.0,2025-04-22 19:59:59.999000+00:00
2025-04-22 20:00:00+00:00,21.549,22.301,21.526,22.103,2534037.0,2025-04-22 23:59:59.999000+00:00
2025-04-23 00:00:00+00:00,22.104,22.576,21.883,22.455,2590813.0,2025-04-23 03:59:59.999000+00:00
2025-04-23 04:00:00+00:00,22.455,22.892,22.357,22.87,2161616.0,2025-04-23 07:59:59.999000+00:00
2025-04-23 08:00:00+00:00,22.87,23.075,22.548,22.695,2271378.0,2025-04-23 11:59:59.999000+00:00
2025-04-23 12:00:00+00:00,22.695,23.049,21.876,22.254,5150110.0,2025-04-23 15:59:59.999000+00:00
2025-04-23 16:00:00+00:00,22.254,22.631,22.039,22.211,2081404.0,2025-04-23 19:59:59.999000+00:00
2025-04-23 20:00:00+00:00,22.209,22.559,22.206,22.326,960420.0,2025-04-23 23:59:59.999000+00:00
2025-04-24 00:00:00+00:00,22.326,22.461,21.831,21.856,1488533.0,2025-04-24 03:59:59.999000+00:00
2025-04-24 04:00:00+00:00,21.854,22.178,21.779,21.874,1319973.0,2025-04-24 07:59:59.999000+00:00
2025-04-24 08:00:00+00:00,21.874,22.054,21.601,22.043,1461183.0,2025-04-24 11:59:59.999000+00:00
2025-04-24 12:00:00+00:00,22.041,22.637,21.895,22.33,2606716.0,2025-04-24 15:59:59.999000+00:00
2025-04-24 16:00:00+00:00,22.33,22.499,21.935,22.232,2053562.0,2025-04-24 19:59:59.999000+00:00
2025-04-24 20:00:00+00:00,22.233,22.441,22.026,22.369,883564.0,2025-04-24 23:59:59.999000+00:00
2025-04-25 00:00:00+00:00,22.368,22.546,21.75,22.076,1422676.0,2025-04-25 03:59:59.999000+00:00
2025-04-25 04:00:00+00:00,22.075,22.533,21.952,22.327,1415958.0,2025-04-25 07:59:59.999000+00:00
2025-04-25 08:00:00+00:00,22.327,22.588,22.172,22.557,1967453.0,2025-04-25 11:59:59.999000+00:00
2025-04-25 12:00:00+00:00,22.557,22.859,22.094,22.565,3367316.0,2025-04-25 15:59:59.999000+00:00
2025-04-25 16:00:00+00:00,22.566,22.779,22.178,22.296,2006229.0,2025-04-25 19:59:59.999000+00:00
2025-04-25 20:00:00+00:00,22.295,22.497,22.13,22.152,979049.0,2025-04-25 23:59:59.999000+00:00
2025-04-26 00:00:00+00:00,22.152,22.985,22.152,22.625,1761109.0,2025-04-26 03:59:59.999000+00:00
2025-04-26 04:00:00+00:00,22.626,22.687,22.285,22.434,1039434.0,2025-04-26 07:59:59.999000+00:00
2025-04-26 08:00:00+00:00,22.433,22.762,21.833,21.933,2402342.0,2025-04-26 11:59:59.999000+00:00
2025-04-26 12:00:00+00:00,21.935,22.072,21.686,22.012,1833369.0,2025-04-26 15:59:59.999000+00:00
2025-04-26 16:00:00+00:00,22.012,22.128,21.818,22.117,974363.0,2025-04-26 19:59:59.999000+00:00
2025-04-26 20:00:00+00:00,22.116,22.427,22.068,22.398,980151.0,2025-04-26 23:59:59.999000+00:00
2025-04-27 00:00:00+00:00,22.398,22.785,22.034,22.364,2133816.0,2025-04-27 03:59:59.999000+00:00
2025-04-27 04:00:00+00:00,22.364,22.538,22.004,22.263,1245327.0,2025-04-27 07:59:59.999000+00:00
2025-04-27 08:00:00+00:00,22.264,22.473,22.042,22.051,989678.0,2025-04-27 11:59:59.999000+00:00
2025-04-27 12:00:00+00:00,22.051,22.315,21.771,21.872,2177236.0,2025-04-27 15:59:59.999000+00:00
2025-04-27 16:00:00+00:00,21.872,22.136,21.637,22.113,1460767.0,2025-04-27 19:59:59.999000+00:00
2025-04-27 20:00:00+00:00,22.113,22.138,21.689,21.699,1210075.0,2025-04-27 23:59:59.999000+00:00
2025-04-28 00:00:00+00:00,21.699,21.81,21.001,21.718,3467220.0,2025-04-28 03:59:59.999000+00:00
2025-04-28 04:00:00+00:00,21.718,22.351,21.718,22.294,1834620.0,2025-04-28 07:59:59.999000+00:00
2025-04-28 08:00:00+00:00,22.294,22.422,21.938,22.256,1990050.0,2025-04-28 11:59:59.999000+00:00
2025-04-28 12:00:00+00:00,22.256,22.287,21.256,21.43,2651297.0,2025-04-28 15:59:59.999000+00:00
2025-04-28 16:00:00+00:00,21.428,22.081,21.261,21.988,2023595.0,2025-04-28 19:59:59.999000+00:00
2025-04-28 20:00:00+00:00,21.986,22.02,21.698,21.83,1052277.0,2025-04-28 23:59:59.999000+00:00
2025-04-29 00:00:00+00:00,21.83,22.077,21.632,21.844,1348960.0,2025-04-29 03:59:59.999000+00:00
2025-04-29 04:00:00+00:00,21.843,22.2,21.626,22.169,1459619.0,2025-04-29 07:59:59.999000+00:00
2025-04-29 08:00:00+00:00,22.168,22.288,21.945,22.131,1566310.0,2025-04-29 11:59:59.999000+00:00
2025-04-29 12:00:00+00:00,22.13,22.206,21.816,21.99,1678806.0,2025-04-29 15:59:59.999000+00:00
2025-04-29 16:00:00+00:00,21.991,22.225,21.819,21.848,1569823.0,2025-04-29 19:59:59.999000+00:00
2025-04-29 20:00:00+00:00,21.848,21.908,21.248,21.547,1968360.0,2025-04-29 23:59:59.999000+00:00
2025-04-30 00:00:00+00:00,21.548,21.938,21.462,21.852,1240071.0,2025-04-30 03:59:59.999000+00:00
2025-04-30 04:00:00+00:00,21.852,21.881,21.449,21.568,804903.0,2025-04-30 07:59:59.999000+00:00
2025-04-30 08:00:00+00:00,21.566,21.722,21.438,21.636,839250.0,2025-04-30 11:59:59.999000+00:00
2025-04-30 12:00:00+00:00,21.637,21.647,20.332,20.907,4569066.0,2025-04-30 15:59:59.999000+00:00
2025-04-30 16:00:00+00:00,20.906,21.193,20.676,20.93,1800632.0,2025-04-30 19:59:59.999000+00:00
2025-04-30 20:00:00+00:00,20.93,21.216,20.802,20.899,1073806.0,2025-04-30 23:59:59.999000+00:00
2025-05-01 00:00:00+00:00,20.898,21.278,20.869,20.939,1192902.0,2025-05-01 03:59:59.999000+00:00
2025-05-01 04:00:00+00:00,20.939,21.248,20.8,21.205,1094149.0,2025-05-01 07:59:59.999000+00:00
2025-05-01 08:00:00+00:00,21.205,21.586,21.181,21.463,1710286.0,2025-05-01 11:59:59.999000+00:00
2025-05-01 12:00:00+00:00,21.463,21.541,21.101,21.337,2675193.0,2025-05-01 15:59:59.999000+00:00
2025-05-01 16:00:00+00:00,21.337,21.859,21.234,21.75,2416137.0,2025-05-01 19:59:59.999000+00:00
2025-05-01 20:00:00+00:00,21.754,21.834,21.517,21.626,1270242.0,2025-05-01 23:59:59.999000+00:00
2025-05-02 00:00:00+00:00,21.626,22.176,21.561,21.957,2270304.0,2025-05-02 03:59:59.999000+00:00
2025-05-02 04:00:00+00:00,21.957,22.078,21.251,21.255,1526865.0,2025-05-02 07:59:59.999000+00:00
2025-05-02 08:00:00+00:00,21.256,21.438,21.14,21.289,1265502.0,2025-05-02 11:59:59.999000+00:00
2025-05-02 12:00:00+00:00,21.288,21.655,21.103,21.408,2384253.0,2025-05-02 15:59:59.999000+00:00
2025-05-02 16:00:00+00:00,21.409,21.662,20.944,21.022,1651567.0,2025-05-02 19:59:59.999000+00:00
2025-05-02 20:00:00+00:00,21.023,21.392,20.945,21.241,1365362.0,2025-05-02 23:59:59.999000+00:00
2025-05-03 00:00:00+00:00,21.241,21.267,21.04,21.071,693174.0,2025-05-03 03:59:59.999000+00:00
2025-05-03 04:00:00+00:00,21.07,21.177,20.856,20.908,802595.0,2025-05-03 07:59:59.999000+00:00
2025-05-03 08:00:00+00:00,20.908,21.05,20.605,20.677,1433666.0,2025-05-03 11:59:59.999000+00:00
2025-05-03 12:00:00+00:00,20.676,20.986,20.65,20.853,1069476.0,2025-05-03 15:59:59.999000+00:00
2025-05-03 16:00:00+00:00,20.854,20.869,20.46,20.836,1458722.0,2025-05-03 19:59:59.999000+00:00
2025-05-03 20:00:00+00:00,20.835,20.866,20.49,20.509,845859.0,2025-05-03 23:59:59.999000+00:00
2025-05-04 00:00:00+00:00,20.508,20.622,20.203,20.229,1599646.0,2025-05-04 03:59:59.999000+00:00
2025-05-04 04:00:00+00:00,20.229,20.425,20.101,20.214,1035961.0,2025-05-04 07:59:59.999000+00:00
2025-05-04 08:00:00+00:00,20.214,20.215,19.986,20.065,1067520.0,2025-05-04 11:59:59.999000+00:00
2025-05-04 12:00:00+00:00,20.066,20.187,19.767,19.987,1713337.0,2025-05-04 15:59:59.999000+00:00
2025-05-04 16:00:00+00:00,19.986,20.061,19.861,19.991,961182.0,2025-05-04 19:59:59.999000+00:00
2025-05-04 20:00:00+00:00,19.992,20.181,19.745,19.886,1549228.0,2025-05-04 23:59:59.999000+00:00
2025-05-05 00:00:00+00:00,19.886,20.224,19.636,19.942,1911782.0,2025-05-05 03:59:59.999000+00:00
2025-05-05 04:00:00+00:00,19.943,20.23,19.867,20.018,1197127.0,2025-05-05 07:59:59.999000+00:00
2025-05-05 08:00:00+00:00,20.019,20.053,19.438,19.455,2109601.0,2025-05-05 11:59:59.999000+00:00
2025-05-05 12:00:00+00:00,19.456,19.662,19.269,19.352,2389092.0,2025-05-05 15:59:59.999000+00:00
2025-05-05 16:00:00+00:00,19.352,19.839,19.331,19.599,1510502.0,2025-05-05 19:59:59.999000+00:00
2025-05-05 20:00:00+00:00,19.599,19.862,19.368,19.672,1139005.0,2025-05-05 23:59:59.999000+00:00
2025-05-06 00:00:00+00:00,19.672,19.763,19.411,19.746,1254209.0,2025-05-06 03:59:59.999000+00:00
2025-05-06 04:00:00+00:00,19.749,19.868,19.682,19.775,1082610.0,2025-05-06 07:59:59.999000+00:00
2025-05-06 08:00:00+00:00,19.775,19.778,19.254,19.408,1833238.0,2025-05-06 11:59:59.999000+00:00
2025-05-06 12:00:00+00:00,19.409,19.788,19.29,19.647,2477747.0,2025-05-06 15:59:59.999000+00:00
2025-05-06 16:00:00+00:00,19.648,19.936,19.485,19.814,1818995.0,2025-05-06 19:59:59.999000+00:00
2025-05-06 20:00:00+00:00,19.815,20.117,19.367,20.005,2708799.0,2025-05-06 23:59:59.999000+00:00
2025-05-07 00:00:00+00:00,20.005,20.245,19.737,19.928,2094119.0,2025-05-07 03:59:59.999000+00:00
2025-05-07 04:00:00+00:00,19.928,19.999,19.638,19.907,823436.0,2025-05-07 07:59:59.999000+00:00
2025-05-07 08:00:00+00:00,19.906,19.994,19.697,19.758,1404944.0,2025-05-07 11:59:59.999000+00:00
2025-05-07 12:00:00+00:00,19.757,19.781,19.245,19.3,2335837.0,2025-05-07 15:59:59.999000+00:00
2025-05-07 16:00:00+00:00,19.298,19.445,19.064,19.237,2836770.0,2025-05-07 19:59:59.999000+00:00
2025-05-07 20:00:00+00:00,19.238,19.702,19.181,19.537,1641698.0,2025-05-07 23:59:59.999000+00:00
2025-05-08 00:00:00+00:00,19.536,20.34,19.479,20.34,2700136.0,2025-05-08 03:59:59.999000+00:00
2025-05-08 04:00:00+00:00,20.34,20.893,20.339,20.845,3140352.0,2025-05-08 07:59:59.999000+00:00
2025-05-08 08:00:00+00:00,20.845,21.164,20.841,20.92,2583773.0,2025-05-08 11:59:59.999000+00:00
2025-05-08 12:00:00+00:00,20.923,21.48,20.64,21.185,3630324.0,2025-05-08 15:59:59.999000+00:00
2025-05-08 16:00:00+00:00,21.182,21.493,21.15,21.421,2198749.0,2025-05-08 19:59:59.999000+00:00
2025-05-08 20:00:00+00:00,21.421,22.162,21.319,22.15,3396407.0,2025-05-08 23:59:59.999000+00:00
2025-05-09 00:00:00+00:00,22.149,22.471,22.018,22.063,2580450.0,2025-05-09 03:59:59.999000+00:00
2025-05-09 04:00:00+00:00,22.063,23.12,21.955,23.011,3021235.0,2025-05-09 07:59:59.999000+00:00
2025-05-09 08:00:00+00:00,23.012,24.0,22.676,23.531,6478694.0,2025-05-09 11:59:59.999000+00:00
2025-05-09 12:00:00+00:00,23.53,23.683,22.898,23.14,4223851.0,2025-05-09 15:59:59.999000+00:00
2025-05-09 16:00:00+00:00,23.141,23.468,22.777,23.096,2538181.0,2025-05-09 19:59:59.999000+00:00
2025-05-09 20:00:00+00:00,23.097,23.281,22.952,23.266,987361.0,2025-05-09 23:59:59.999000+00:00
2025-05-10 00:00:00+00:00,23.266,23.668,23.007,23.487,2165620.0,2025-05-10 03:59:59.999000+00:00
2025-05-10 04:00:00+00:00,23.488,24.248,23.257,24.166,2452324.0,2025-05-10 07:59:59.999000+00:00
2025-05-10 08:00:00+00:00,24.17,24.803,23.911,24.053,3473466.0,2025-05-10 11:59:59.999000+00:00
2025-05-10 12:00:00+00:00,24.054,24.764,24.054,24.372,2054860.0,2025-05-10 15:59:59.999000+00:00
2025-05-10 16:00:00+00:00,24.371,24.866,24.305,24.521,2166853.0,2025-05-10 19:59:59.999000+00:00
2025-05-10 20:00:00+00:00,24.522,25.975,24.327,25.81,3506032.0,2025-05-10 23:59:59.999000+00:00
2025-05-11 00:00:00+00:00,25.809,26.026,24.921,25.291,3640395.0,2025-05-11 03:59:59.999000+00:00
2025-05-11 04:00:00+00:00,25.293,25.453,24.275,24.522,2483594.0,2025-05-11 07:59:59.999000+00:00
2025-05-11 08:00:00+00:00,24.521,24.899,24.404,24.859,1607745.0,2025-05-11 11:59:59.999000+00:00
2025-05-11 12:00:00+00:00,24.859,24.914,24.176,24.386,2023643.0,2025-05-11 15:59:59.999000+00:00
2025-05-11 16:00:00+00:00,24.386,24.933,24.14,24.733,1828851.0,2025-05-11 19:59:59.999000+00:00
2025-05-11 20:00:00+00:00,24.734,24.956,24.486,24.776,1263410.0,2025-05-11 23:59:59.999000+00:00
2025-05-12 00:00:00+00:00,24.777,25.217,24.418,25.144,1850610.0,2025-05-12 03:59:59.999000+00:00
2025-05-12 04:00:00+00:00,25.144,26.834,24.851,26.037,3805858.0,2025-05-12 07:59:59.999000+00:00
2025-05-12 08:00:00+00:00,26.037,26.04,24.836,24.968,3747388.0,2025-05-12 11:59:59.999000+00:00
2025-05-12 12:00:00+00:00,24.967,25.69,24.55,24.722,4205902.0,2025-05-12 15:59:59.999000+00:00
2025-05-12 16:00:00+00:00,24.72,25.169,23.72,24.465,3700314.0,2025-05-12 19:59:59.999000+00:00
2025-05-12 20:00:00+00:00,24.462,25.053,24.349,24.824,1401423.0,2025-05-12 23:59:59.999000+00:00
2025-05-13 00:00:00+00:00,24.823,24.841,23.462,23.502,3108956.0,2025-05-13 03:59:59.999000+00:00
2025-05-13 04:00:00+00:00,23.501,24.524,23.449,24.294,1507337.0,2025-05-13 07:59:59.999000+00:00
2025-05-13 08:00:00+00:00,24.295,24.697,24.249,24.518,1384495.0,2025-05-13 11:59:59.999000+00:00
2025-05-13 12:00:00+00:00,24.518,24.911,24.289,24.892,2502345.0,2025-05-13 15:59:59.999000+00:00
2025-05-13 16:00:00+00:00,24.895,26.248,24.845,25.807,3219309.0,2025-05-13 19:59:59.999000+00:00
2025-05-13 20:00:00+00:00,25.806,25.992,25.492,25.71,1947536.0,2025-05-13 23:59:59.999000+00:00
2025-05-14 00:00:00+00:00,25.709,26.275,25.485,26.093,2416191.0,2025-05-14 03:59:59.999000+00:00
2025-05-14 04:00:00+00:00,26.093,26.536,25.873,26.019,2858274.0,2025-05-14 07:59:59.999000+00:00
2025-05-14 08:00:00+00:00,26.017,26.152,25.392,25.912,3235260.0,2025-05-14 11:59:59.999000+00:00
2025-05-14 12:00:00+00:00,25.912,25.972,25.113,25.403,2377790.0,2025-05-14 15:59:59.999000+00:00
2025-05-14 16:00:00+00:00,25.403,25.469,24.949,25.257,1760108.0,2025-05-14 19:59:59.999000+00:00
2025-05-14 20:00:00+00:00,25.259,25.316,24.728,24.947,1265808.0,2025-05-14 23:59:59.999000+00:00
2025-05-15 00:00:00+00:00,24.948,25.131,24.363,24.39,1831214.0,2025-05-15 03:59:59.999000+00:00
2025-05-15 04:00:00+00:00,24.388,24.631,23.515,23.544,2977752.0,2025-05-15 07:59:59.999000+00:00
2025-05-15 08:00:00+00:00,23.544,24.18,23.501,23.944,3113991.0,2025-05-15 11:59:59.999000+00:00
2025-05-15 12:00:00+00:00,23.942,24.089,23.018,23.783,4544549.0,2025-05-15 15:59:59.999000+00:00
2025-05-15 16:00:00+00:00,23.782,24.195,23.248,23.497,2699681.0,2025-05-15 19:59:59.999000+00:00
2025-05-15 20:00:00+00:00,23.498,23.723,22.921,23.495,2748878.0,2025-05-15 23:59:59.999000+00:00
2025-05-16 00:00:00+00:00,23.496,23.948,23.319,23.896,1610146.0,2025-05-16 03:59:59.999000+00:00
2025-05-16 04:00:00+00:00,23.898,24.042,23.656,23.77,1258915.0,2025-05-16 07:59:59.999000+00:00
2025-05-16 08:00:00+00:00,23.772,23.992,23.232,23.81,1867682.0,2025-05-16 11:59:59.999000+00:00
2025-05-16 12:00:00+00:00,23.809,23.949,23.426,23.734,1867390.0,2025-05-16 15:59:59.999000+00:00
2025-05-16 16:00:00+00:00,23.734,23.868,23.333,23.559,1278718.0,2025-05-16 19:59:59.999000+00:00
2025-05-16 20:00:00+00:00,23.557,23.574,22.653,23.047,2411747.0,2025-05-16 23:59:59.999000+00:00
2025-05-17 00:00:00+00:00,23.047,23.121,22.237,22.751,2419257.0,2025-05-17 03:59:59.999000+00:00
2025-05-17 04:00:00+00:00,22.751,23.127,22.683,22.806,1171713.0,2025-05-17 07:59:59.999000+00:00
2025-05-17 08:00:00+00:00,22.805,22.912,22.556,22.764,1287772.0,2025-05-17 11:59:59.999000+00:00
2025-05-17 12:00:00+00:00,22.764,22.831,22.31,22.44,1686121.0,2025-05-17 15:59:59.999000+00:00
2025-05-17 16:00:00+00:00,22.439,22.573,22.09,22.166,2031936.0,2025-05-17 19:59:59.999000+00:00
2025-05-17 20:00:00+00:00,22.164,22.557,21.957,22.165,1389874.0,2025-05-17 23:59:59.999000+00:00
2025-05-18 00:00:00+00:00,22.164,22.38,21.997,22.175,1071629.0,2025-05-18 03:59:59.999000+00:00
2025-05-18 04:00:00+00:00,22.176,23.169,22.176,23.116,1724675.0,2025-05-18 07:59:59.999000+00:00
2025-05-18 08:00:00+00:00,23.115,23.318,22.892,22.907,1681119.0,2025-05-18 11:59:59.999000+00:00
2025-05-18 12:00:00+00:00,22.908,23.856,22.773,23.752,2381714.0,2025-05-18 15:59:59.999000+00:00
2025-05-18 16:00:00+00:00,23.751,23.812,22.012,22.012,3962038.0,2025-05-18 19:59:59.999000+00:00
2025-05-18 20:00:00+00:00,22.011,23.142,21.464,23.041,3281541.0,2025-05-18 23:59:59.999000+00:00
2025-05-19 00:00:00+00:00,23.041,23.184,21.865,21.885,2252893.0,2025-05-19 03:59:59.999000+00:00
2025-05-19 04:00:00+00:00,21.885,22.034,21.248,21.672,2553968.0,2025-05-19 07:59:59.999000+00:00
2025-05-19 08:00:00+00:00,21.672,21.812,21.465,21.656,1428188.0,2025-05-19 11:59:59.999000+00:00
2025-05-19 12:00:00+00:00,21.656,22.161,21.392,22.066,2232920.0,2025-05-19 15:59:59.999000+00:00
2025-05-19 16:00:00+00:00,22.068,22.61,21.882,22.282,2094248.0,2025-05-19 19:59:59.999000+00:00
2025-05-19 20:00:00+00:00,22.281,22.353,21.967,22.244,1112175.0,2025-05-19 23:59:59.999000+00:00
2025-05-20 00:00:00+00:00,22.245,22.81,22.087,22.402,1918040.0,2025-05-20 03:59:59.999000+00:00
2025-05-20 04:00:00+00:00,22.403,22.608,22.18,22.232,1505401.0,2025-05-20 07:59:59.999000+00:00
2025-05-20 08:00:00+00:00,22.23,22.354,21.925,22.114,1656693.0,2025-05-20 11:59:59.999000+00:00
2025-05-20 12:00:00+00:00,22.114,22.202,21.833,22.132,1603518.0,2025-05-20 15:59:59.999000+00:00
2025-05-20 16:00:00+00:00,22.131,22.461,21.747,22.385,2171575.0,2025-05-20 19:59:59.999000+00:00
2025-05-20 20:00:00+00:00,22.385,22.769,22.258,22.597,1936370.0,2025-05-20 23:59:59.999000+00:00
2025-05-21 00:00:00+00:00,22.597,22.715,22.145,22.532,1259415.0,2025-05-21 03:59:59.999000+00:00
2025-05-21 04:00:00+00:00,22.533,22.996,22.413,22.546,2183404.0,2025-05-21 07:59:59.999000+00:00
2025-05-21 08:00:00+00:00,22.545,22.839,22.354,22.74,1499622.0,2025-05-21 11:59:59.999000+00:00
2025-05-21 12:00:00+00:00,22.739,23.288,22.525,23.21,2594359.0,2025-05-21 15:59:59.999000+00:00
2025-05-21 16:00:00+00:00,23.211,23.809,22.37,22.856,5621380.0,2025-05-21 19:59:59.999000+00:00
2025-05-21 20:00:00+00:00,22.856,23.446,22.575,23.164,1938997.0,2025-05-21 23:59:59.999000+00:00
2025-05-22 00:00:00+00:00,23.168,23.854,23.122,23.773,1889648.0,2025-05-22 03:59:59.999000+00:00
2025-05-22 04:00:00+00:00,23.775,24.144,23.704,24.128,1830570.0,2025-05-22 07:59:59.999000+00:00
2025-05-22 08:00:00+00:00,24.129,25.464,24.071,25.094,5683053.0,2025-05-22 11:59:59.999000+00:00
2025-05-22 12:00:00+00:00,25.095,25.431,24.765,25.038,3001343.0,2025-05-22 15:59:59.999000+00:00
2025-05-22 16:00:00+00:00,25.038,25.394,25.028,25.087,1779818.0,2025-05-22 19:59:59.999000+00:00
2025-05-22 20:00:00+00:00,25.087,25.336,24.735,25.25,1636018.0,2025-05-22 23:59:59.999000+00:00
2025-05-23 00:00:00+00:00,25.25,25.85,25.036,25.733,2297502.0,2025-05-23 03:59:59.999000+00:00
2025-05-23 04:00:00+00:00,25.733,25.83,24.911,25.1,2184010.0,2025-05-23 07:59:59.999000+00:00
2025-05-23 08:00:00+00:00,25.101,25.97,24.281,24.455,3835630.0,2025-05-23 11:59:59.999000+00:00
2025-05-23 12:00:00+00:00,24.451,24.995,23.663,24.472,5314557.0,2025-05-23 15:59:59.999000+00:00
2025-05-23 16:00:00+00:00,24.472,24.641,23.988,24.017,2434704.0,2025-05-23 19:59:59.999000+00:00
2025-05-23 20:00:00+00:00,24.016,24.022,22.901,23.063,2680109.0,2025-05-23 23:59:59.999000+00:00
2025-05-24 00:00:00+00:00,23.062,23.455,22.924,23.272,1632039.0,2025-05-24 03:59:59.999000+00:00
2025-05-24 04:00:00+00:00,23.273,23.414,22.98,23.123,1412052.0,2025-05-24 07:59:59.999000+00:00
2025-05-24 08:00:00+00:00,23.123,23.436,22.852,23.208,1779899.0,2025-05-24 11:59:59.999000+00:00
2025-05-24 12:00:00+00:00,23.21,23.268,22.969,23.122,1420331.0,2025-05-24 15:59:59.999000+00:00
2025-05-24 16:00:00+00:00,23.122,23.176,22.777,23.009,1306406.0,2025-05-24 19:59:59.999000+00:00
2025-05-24 20:00:00+00:00,23.008,23.102,22.716,22.937,1019966.0,2025-05-24 23:59:59.999000+00:00
2025-05-25 00:00:00+00:00,22.938,23.127,22.458,22.892,1681404.0,2025-05-25 03:59:59.999000+00:00
2025-05-25 04:00:00+00:00,22.892,22.917,22.412,22.457,901087.0,2025-05-25 07:59:59.999000+00:00
2025-05-25 08:00:00+00:00,22.457,22.459,22.089,22.352,1922571.0,2025-05-25 11:59:59.999000+00:00
2025-05-25 12:00:00+00:00,22.35,22.559,22.018,22.252,1846699.0,2025-05-25 15:59:59.999000+00:00
2025-05-25 16:00:00+00:00,22.254,22.546,22.075,22.472,1012462.0,2025-05-25 19:59:59.999000+00:00
2025-05-25 20:00:00+00:00,22.473,23.459,22.273,23.43,2306733.0,2025-05-25 23:59:59.999000+00:00
2025-05-26 00:00:00+00:00,23.432,23.798,23.209,23.353,1758033.0,2025-05-26 03:59:59.999000+00:00
2025-05-26 04:00:00+00:00,23.353,23.932,23.303,23.894,1693596.0,2025-05-26 07:59:59.999000+00:00
2025-05-26 08:00:00+00:00,23.893,23.993,23.51,23.687,1513737.0,2025-05-26 11:59:59.999000+00:00
2025-05-26 12:00:00+00:00,23.687,23.862,23.162,23.473,2150940.0,2025-05-26 15:59:59.999000+00:00
2025-05-26 16:00:00+00:00,23.475,23.537,22.862,22.972,1799103.0,2025-05-26 19:59:59.999000+00:00
2025-05-26 20:00:00+00:00,22.972,23.259,22.871,23.047,997451.0,2025-05-26 23:59:59.999000+00:00
2025-05-27 00:00:00+00:00,23.049,23.19,22.492,23.015,1574784.0,2025-05-27 03:59:59.999000+00:00
2025-05-27 04:00:00+00:00,23.014,23.863,22.987,23.488,2536400.0,2025-05-27 07:59:59.999000+00:00
2025-05-27 08:00:00+00:00,23.49,23.754,23.38,23.612,1306247.0,2025-05-27 11:59:59.999000+00:00
2025-05-27 12:00:00+00:00,23.612,23.871,23.101,23.436,2547098.0,2025-05-27 15:59:59.999000+00:00
2025-05-27 16:00:00+00:00,23.436,23.834,23.294,23.402,1716785.0,2025-05-27 19:59:59.999000+00:00
2025-05-27 20:00:00+00:00,23.402,23.562,23.155,23.361,1030088.0,2025-05-27 23:59:59.999000+00:00
2025-05-28 00:00:00+00:00,23.361,23.712,23.28,23.56,1212104.0,2025-05-28 03:59:59.999000+00:00
2025-05-28 04:00:00+00:00,23.559,23.616,23.132,23.272,1087637.0,2025-05-28 07:59:59.999000+00:00
2025-05-28 08:00:00+00:00,23.273,23.567,23.051,23.55,1383300.0,2025-05-28 11:59:59.999000+00:00
2025-05-28 12:00:00+00:00,23.549,23.763,22.833,22.856,2720092.0,2025-05-28 15:59:59.999000+00:00
2025-05-28 16:00:00+00:00,22.856,23.392,22.77,22.806,1475005.0,2025-05-28 19:59:59.999000+00:00
2025-05-28 20:00:00+00:00,22.806,23.6,22.752,23.599,1540677.0,2025-05-28 23:59:59.999000+00:00
2025-05-29 00:00:00+00:00,23.599,24.34,23.428,24.191,2973044.0,2025-05-29 03:59:59.999000+00:00
2025-05-29 04:00:00+00:00,24.19,24.306,23.481,23.713,1941509.0,2025-05-29 07:59:59.999000+00:00
2025-05-29 08:00:00+00:00,23.714,23.804,23.337,23.411,1565535.0,2025-05-29 11:59:59.999000+00:00
2025-05-29 12:00:00+00:00,23.411,23.411,22.66,22.772,2828123.0,2025-05-29 15:59:59.999000+00:00
2025-05-29 16:00:00+00:00,22.774,23.01,22.431,22.614,2815845.0,2025-05-29 19:59:59.999000+00:00
2025-05-29 20:00:00+00:00,22.614,22.769,22.14,22.236,1785831.0,2025-05-29 23:59:59.999000+00:00
2025-05-30 00:00:00+00:00,22.236,22.337,20.933,21.813,4358543.0,2025-05-30 03:59:59.999000+00:00
2025-05-30 04:00:00+00:00,21.813,21.856,21.281,21.424,1824050.0,2025-05-30 07:59:59.999000+00:00
2025-05-30 08:00:00+00:00,21.425,21.859,21.269,21.782,1970731.0,2025-05-30 11:59:59.999000+00:00
2025-05-30 12:00:00+00:00,21.783,21.863,21.4,21.467,2430861.0,2025-05-30 15:59:59.999000+00:00
2025-05-30 16:00:00+00:00,21.467,21.56,20.72,21.259,3239519.0,2025-05-30 19:59:59.999000+00:00
2025-05-30 20:00:00+00:00,21.258,21.327,20.385,20.535,2564920.0,2025-05-30 23:59:59.999000+00:00
2025-05-31 00:00:00+00:00,20.532,20.581,19.759,20.056,3331404.0,2025-05-31 03:59:59.999000+00:00
2025-05-31 04:00:00+00:00,20.057,20.242,19.807,20.13,1451778.0,2025-05-31 07:59:59.999000+00:00
2025-05-31 08:00:00+00:00,20.131,20.333,20.053,20.189,1244792.0,2025-05-31 11:59:59.999000+00:00
2025-05-31 12:00:00+00:00,20.189,20.83,20.154,20.658,1866026.0,2025-05-31 15:59:59.999000+00:00
2025-05-31 16:00:00+00:00,20.659,21.0,20.601,20.877,1367872.0,2025-05-31 19:59:59.999000+00:00
2025-05-31 20:00:00+00:00,20.876,21.116,20.752,20.786,1187312.0,2025-05-31 23:59:59.999000+00:00
2025-06-01 00:00:00+00:00,20.785,20.83,20.491,20.657,997929.0,2025-06-01 03:59:59.999000+00:00
2025-06-01 04:00:00+00:00,20.659,20.926,20.589,20.658,651312.0,2025-06-01 07:59:59.999000+00:00
2025-06-01 08:00:00+00:00,20.657,20.682,20.25,20.39,1455058.0,2025-06-01 11:59:59.999000+00:00
2025-06-01 12:00:00+00:00,20.39,20.769,20.151,20.691,1272518.0,2025-06-01 15:59:59.999000+00:00
2025-06-01 16:00:00+00:00,20.692,20.952,20.374,20.65,1519880.0,2025-06-01 19:59:59.999000+00:00
2025-06-01 20:00:00+00:00,20.65,20.961,20.547,20.869,880639.0,2025-06-01 23:59:59.999000+00:00
2025-06-02 00:00:00+00:00,20.869,20.987,20.453,20.551,1021011.0,2025-06-02 03:59:59.999000+00:00
2025-06-02 04:00:00+00:00,20.55,20.795,20.473,20.672,857793.0,2025-06-02 07:59:59.999000+00:00
2025-06-02 08:00:00+00:00,20.672,20.799,20.203,20.318,2018544.0,2025-06-02 11:59:59.999000+00:00
2025-06-02 12:00:00+00:00,20.318,20.694,20.252,20.564,1743505.0,2025-06-02 15:59:59.999000+00:00
2025-06-02 16:00:00+00:00,20.564,20.769,20.401,20.529,1217608.0,2025-06-02 19:59:59.999000+00:00
2025-06-02 20:00:00+00:00,20.529,21.306,20.529,21.143,1781598.0,2025-06-02 23:59:59.999000+00:00
2025-06-03 00:00:00+00:00,21.143,21.69,21.124,21.265,2074865.0,2025-06-03 03:59:59.999000+00:00
2025-06-03 04:00:00+00:00,21.265,21.457,21.105,21.282,974136.0,2025-06-03 07:59:59.999000+00:00
2025-06-03 08:00:00+00:00,21.283,21.354,21.117,21.215,881717.0,2025-06-03 11:59:59.999000+00:00
2025-06-03 12:00:00+00:00,21.214,21.562,21.129,21.358,1984287.0,2025-06-03 15:59:59.999000+00:00
2025-06-03 16:00:00+00:00,21.356,21.586,21.24,21.537,1086570.0,2025-06-03 19:59:59.999000+00:00
2025-06-03 20:00:00+00:00,21.537,21.552,20.86,21.129,1618219.0,2025-06-03 23:59:59.999000+00:00
2025-06-04 00:00:00+00:00,21.13,21.636,21.039,21.467,1173290.0,2025-06-04 03:59:59.999000+00:00
2025-06-04 04:00:00+00:00,21.468,21.567,21.251,21.405,862404.0,2025-06-04 07:59:59.999000+00:00
2025-06-04 08:00:00+00:00,21.404,21.54,21.025,21.036,1228496.0,2025-06-04 11:59:59.999000+00:00
2025-06-04 12:00:00+00:00,21.036,21.151,20.703,21.087,2003711.0,2025-06-04 15:59:59.999000+00:00
2025-06-04 16:00:00+00:00,21.086,21.097,20.642,20.647,1160962.0,2025-06-04 19:59:59.999000+00:00
2025-06-04 20:00:00+00:00,20.645,20.647,20.045,20.076,2524578.0,2025-06-04 23:59:59.999000+00:00
2025-06-05 00:00:00+00:00,20.076,20.268,19.936,20.205,1274298.0,2025-06-05 03:59:59.999000+00:00
2025-06-05 04:00:00+00:00,20.205,20.348,20.032,20.208,1384822.0,2025-06-05 07:59:59.999000+00:00
2025-06-05 08:00:00+00:00,20.208,20.345,19.996,20.168,1080726.0,2025-06-05 11:59:59.999000+00:00
2025-06-05 12:00:00+00:00,20.168,20.528,19.764,19.975,3361523.0,2025-06-05 15:59:59.999000+00:00
2025-06-05 16:00:00+00:00,19.976,20.012,19.069,19.269,3749605.0,2025-06-05 19:59:59.999000+00:00
2025-06-05 20:00:00+00:00,19.268,19.356,18.414,18.73,5174321.0,2025-06-05 23:59:59.999000+00:00
2025-06-06 00:00:00+00:00,18.731,19.153,18.612,19.145,1502608.0,2025-06-06 03:59:59.999000+00:00
2025-06-06 04:00:00+00:00,19.146,19.493,19.124,19.34,1310779.0,2025-06-06 07:59:59.999000+00:00
2025-06-06 08:00:00+00:00,19.34,19.474,19.275,19.355,1383210.0,2025-06-06 11:59:59.999000+00:00
2025-06-06 12:00:00+00:00,19.355,19.943,19.325,19.7,2478532.0,2025-06-06 15:59:59.999000+00:00
2025-06-06 16:00:00+00:00,19.699,19.8,19.362,19.396,1588638.0,2025-06-06 19:59:59.999000+00:00
2025-06-06 20:00:00+00:00,19.394,19.904,19.351,19.637,1759076.0,2025-06-06 23:59:59.999000+00:00
2025-06-07 00:00:00+00:00,19.637,20.129,19.549,20.091,1325730.0,2025-06-07 03:59:59.999000+00:00
2025-06-07 04:00:00+00:00,20.091,20.694,20.024,20.632,1846724.0,2025-06-07 07:59:59.999000+00:00
2025-06-07 08:00:00+00:00,20.633,21.118,20.6,21.018,3137492.0,2025-06-07 11:59:59.999000+00:00
2025-06-07 12:00:00+00:00,21.019,21.057,20.744,20.891,2125792.0,2025-06-07 15:59:59.999000+00:00
2025-06-07 16:00:00+00:00,20.89,20.976,20.666,20.815,1381254.0,2025-06-07 19:59:59.999000+00:00
2025-06-07 20:00:00+00:00,20.815,20.91,20.629,20.646,878713.0,2025-06-07 23:59:59.999000+00:00
2025-06-08 00:00:00+00:00,20.645,20.655,20.328,20.343,1213661.0,2025-06-08 03:59:59.999000+00:00
2025-06-08 04:00:00+00:00,20.344,20.385,20.239,20.266,961440.0,2025-06-08 07:59:59.999000+00:00
2025-06-08 08:00:00+00:00,20.265,20.649,20.13,20.481,2550448.0,2025-06-08 11:59:59.999000+00:00
2025-06-08 12:00:00+00:00,20.481,20.83,20.337,20.671,1723139.0,2025-06-08 15:59:59.999000+00:00
2025-06-08 16:00:00+00:00,20.671,21.342,20.64,21.333,2455155.0,2025-06-08 19:59:59.999000+00:00
2025-06-08 20:00:00+00:00,21.333,21.482,21.005,21.038,2234485.0,2025-06-08 23:59:59.999000+00:00
2025-06-09 00:00:00+00:00,21.039,21.135,20.581,20.727,1944469.0,2025-06-09 03:59:59.999000+00:00
2025-06-09 04:00:00+00:00,20.726,20.726,20.223,20.332,1692867.0,2025-06-09 07:59:59.999000+00:00
2025-06-09 08:00:00+00:00,20.333,20.931,20.2,20.798,3024890.0,2025-06-09 11:59:59.999000+00:00
2025-06-09 12:00:00+00:00,20.799,21.119,20.575,21.01,2431411.0,2025-06-09 15:59:59.999000+00:00
2025-06-09 16:00:00+00:00,21.011,21.438,21.011,21.36,2346627.0,2025-06-09 19:59:59.999000+00:00
2025-06-09 20:00:00+00:00,21.36,22.036,21.19,21.941,3050547.0,2025-06-09 23:59:59.999000+00:00
2025-06-10 00:00:00+00:00,21.94,22.209,21.758,21.824,1952439.0,2025-06-10 03:59:59.999000+00:00
2025-06-10 04:00:00+00:00,21.825,21.878,21.515,21.681,1914198.0,2025-06-10 07:59:59.999000+00:00
2025-06-10 08:00:00+00:00,21.682,22.318,21.507,22.216,2905397.0,2025-06-10 11:59:59.999000+00:00
2025-06-10 12:00:00+00:00,22.214,22.469,21.556,21.911,4139721.0,2025-06-10 15:59:59.999000+00:00
2025-06-10 16:00:00+00:00,21.912,22.481,21.753,22.215,2518846.0,2025-06-10 19:59:59.999000+00:00
2025-06-10 20:00:00+00:00,22.215,22.59,22.011,22.567,2092409.0,2025-06-10 23:59:59.999000+00:00
2025-06-11 00:00:00+00:00,22.567,22.661,22.022,22.309,1776225.0,2025-06-11 03:59:59.999000+00:00
2025-06-11 04:00:00+00:00,22.309,22.472,22.12,22.366,1090205.0,2025-06-11 07:59:59.999000+00:00
2025-06-11 08:00:00+00:00,22.367,22.434,21.85,21.994,1723019.0,2025-06-11 11:59:59.999000+00:00
2025-06-11 12:00:00+00:00,21.995,22.771,21.89,22.562,3489520.0,2025-06-11 15:59:59.999000+00:00
2025-06-11 16:00:00+00:00,22.562,22.606,21.627,21.708,4096368.0,2025-06-11 19:59:59.999000+00:00
2025-06-11 20:00:00+00:00,21.707,21.93,21.31,21.56,2466115.0,2025-06-11 23:59:59.999000+00:00
2025-06-12 00:00:00+00:00,21.56,21.626,21.119,21.201,2286199.0,2025-06-12 03:59:59.999000+00:00
2025-06-12 04:00:00+00:00,21.201,21.267,20.929,21.009,1729412.0,2025-06-12 07:59:59.999000+00:00
2025-06-12 08:00:00+00:00,21.008,21.115,20.753,20.79,1687579.0,2025-06-12 11:59:59.999000+00:00
2025-06-12 12:00:00+00:00,20.791,21.291,20.725,20.853,2383210.0,2025-06-12 15:59:59.999000+00:00
2025-06-12 16:00:00+00:00,20.854,21.24,20.476,20.577,2297788.0,2025-06-12 19:59:59.999000+00:00
2025-06-12 20:00:00+00:00,20.576,20.672,20.139,20.27,3070124.0,2025-06-12 23:59:59.999000+00:00
2025-06-13 00:00:00+00:00,20.273,20.292,18.448,19.093,8433814.0,2025-06-13 03:59:59.999000+00:00
2025-06-13 04:00:00+00:00,19.094,19.163,18.775,19.132,2263878.0,2025-06-13 07:59:59.999000+00:00
2025-06-13 08:00:00+00:00,19.131,19.381,19.004,19.244,2399081.0,2025-06-13 11:59:59.999000+00:00
2025-06-13 12:00:00+00:00,19.243,19.418,18.858,19.293,2936133.0,2025-06-13 15:59:59.999000+00:00
2025-06-13 16:00:00+00:00,19.293,19.533,18.895,19.016,2743748.0,2025-06-13 19:59:59.999000+00:00
2025-06-13 20:00:00+00:00,19.016,19.43,18.96,19.403,1218064.0,2025-06-13 23:59:59.999000+00:00
2025-06-14 00:00:00+00:00,19.403,19.429,19.147,19.24,1109103.0,2025-06-14 03:59:59.999000+00:00
2025-06-14 04:00:00+00:00,19.24,19.409,19.056,19.227,1127604.0,2025-06-14 07:59:59.999000+00:00
2025-06-14 08:00:00+00:00,19.227,19.23,18.988,19.121,876579.0,2025-06-14 11:59:59.999000+00:00
2025-06-14 12:00:00+00:00,19.12,19.2,18.84,18.952,1280873.0,2025-06-14 15:59:59.999000+00:00
2025-06-14 16:00:00+00:00,18.951,19.065,18.697,18.874,1840409.0,2025-06-14 19:59:59.999000+00:00
2025-06-14 20:00:00+00:00,18.872,19.092,18.738,18.926,1246679.0,2025-06-14 23:59:59.999000+00:00
2025-06-15 00:00:00+00:00,18.926,19.046,18.892,18.96,771648.0,2025-06-15 03:59:59.999000+00:00
2025-06-15 04:00:00+00:00,18.959,19.274,18.924,18.953,1502944.0,2025-06-15 07:59:59.999000+00:00
2025-06-15 08:00:00+00:00,18.953,19.024,18.762,18.968,1195464.0,2025-06-15 11:59:59.999000+00:00
2025-06-15 12:00:00+00:00,18.967,19.25,18.869,19.065,1879519.0,2025-06-15 15:59:59.999000+00:00
2025-06-15 16:00:00+00:00,19.066,19.185,18.979,19.071,1287916.0,2025-06-15 19:59:59.999000+00:00
2025-06-15 20:00:00+00:00,19.072,19.173,18.714,19.099,1906065.0,2025-06-15 23:59:59.999000+00:00
2025-06-16 00:00:00+00:00,19.099,19.469,18.889,19.253,1693132.0,2025-06-16 03:59:59.999000+00:00
2025-06-16 04:00:00+00:00,19.254,19.856,19.236,19.784,2013416.0,2025-06-16 07:59:59.999000+00:00
2025-06-16 08:00:00+00:00,19.783,19.822,19.418,19.619,1633559.0,2025-06-16 11:59:59.999000+00:00
2025-06-16 12:00:00+00:00,19.619,19.918,19.469,19.71,1978005.0,2025-06-16 15:59:59.999000+00:00
2025-06-16 16:00:00+00:00,19.71,19.929,19.633,19.765,1623292.0,2025-06-16 19:59:59.999000+00:00
2025-06-16 20:00:00+00:00,19.764,19.991,18.99,19.049,3547393.0,2025-06-16 23:59:59.999000+00:00
2025-06-17 00:00:00+00:00,19.049,19.487,18.68,19.305,3023448.0,2025-06-17 03:59:59.999000+00:00
2025-06-17 04:00:00+00:00,19.306,19.32,19.034,19.127,1259693.0,2025-06-17 07:59:59.999000+00:00
2025-06-17 08:00:00+00:00,19.126,19.145,18.829,18.915,1481183.0,2025-06-17 11:59:59.999000+00:00
2025-06-17 12:00:00+00:00,18.914,19.052,18.505,18.649,2543372.0,2025-06-17 15:59:59.999000+00:00
2025-06-17 16:00:00+00:00,18.649,18.922,18.116,18.781,4104541.0,2025-06-17 19:59:59.999000+00:00
2025-06-17 20:00:00+00:00,18.781,18.85,18.325,18.574,1858387.0,2025-06-17 23:59:59.999000+00:00
2025-06-18 00:00:00+00:00,18.574,18.84,18.522,18.698,1183553.0,2025-06-18 03:59:59.999000+00:00
2025-06-18 04:00:00+00:00,18.697,18.895,18.623,18.724,1066427.0,2025-06-18 07:59:59.999000+00:00
2025-06-18 08:00:00+00:00,18.723,18.816,18.213,18.504,1816184.0,2025-06-18 11:59:59.999000+00:00
2025-06-18 12:00:00+00:00,18.504,18.589,18.045,18.334,3258108.0,2025-06-18 15:59:59.999000+00:00
2025-06-18 16:00:00+00:00,18.336,18.492,18.062,18.204,2985886.0,2025-06-18 19:59:59.999000+00:00
2025-06-18 20:00:00+00:00,18.203,18.642,18.069,18.155,2319353.0,2025-06-18 23:59:59.999000+00:00
2025-06-19 00:00:00+00:00,18.156,18.388,17.894,18.04,2327147.0,2025-06-19 03:59:59.999000+00:00
2025-06-19 04:00:00+00:00,18.041,18.063,17.767,17.897,2049436.0,2025-06-19 07:59:59.999000+00:00
2025-06-19 08:00:00+00:00,17.897,18.09,17.857,17.889,1467866.0,2025-06-19 11:59:59.999000+00:00
2025-06-19 12:00:00+00:00,17.889,18.029,17.637,17.729,2952665.0,2025-06-19 15:59:59.999000+00:00
2025-06-19 16:00:00+00:00,17.729,18.074,17.622,17.923,2390522.0,2025-06-19 19:59:59.999000+00:00
2025-06-19 20:00:00+00:00,17.924,18.185,17.914,18.045,1646040.0,2025-06-19 23:59:59.999000+00:00
2025-06-20 00:00:00+00:00,18.045,18.167,17.971,17.983,1124387.0,2025-06-20 03:59:59.999000+00:00
2025-06-20 04:00:00+00:00,17.983,18.41,17.812,18.321,1844026.0,2025-06-20 07:59:59.999000+00:00
2025-06-20 08:00:00+00:00,18.322,18.405,18.132,18.244,1673839.0,2025-06-20 11:59:59.999000+00:00
2025-06-20 12:00:00+00:00,18.245,18.357,17.724,17.807,2649159.0,2025-06-20 15:59:59.999000+00:00
2025-06-20 16:00:00+00:00,17.808,17.817,16.934,17.431,5144852.0,2025-06-20 19:59:59.999000+00:00
2025-06-20 20:00:00+00:00,17.432,17.666,17.186,17.357,1801090.0,2025-06-20 23:59:59.999000+00:00
2025-06-21 00:00:00+00:00,17.358,17.63,17.35,17.58,1109000.0,2025-06-21 03:59:59.999000+00:00
2025-06-21 04:00:00+00:00,17.581,17.616,17.485,17.537,797231.0,2025-06-21 07:59:59.999000+00:00
2025-06-21 08:00:00+00:00,17.538,17.63,17.479,17.593,1133005.0,2025-06-21 11:59:59.999000+00:00
2025-06-21 12:00:00+00:00,17.592,17.615,16.99,17.133,2549474.0,2025-06-21 15:59:59.999000+00:00
2025-06-21 16:00:00+00:00,17.133,17.185,16.75,16.778,2959883.0,2025-06-21 19:59:59.999000+00:00
2025-06-21 20:00:00+00:00,16.778,17.104,16.25,16.811,5370804.0,2025-06-21 23:59:59.999000+00:00
2025-06-22 00:00:00+00:00,16.812,17.098,16.581,16.698,2948442.0,2025-06-22 03:59:59.999000+00:00
2025-06-22 04:00:00+00:00,16.698,16.999,16.654,16.839,1445932.0,2025-06-22 07:59:59.999000+00:00
2025-06-22 08:00:00+00:00,16.84,16.919,16.515,16.656,1961036.0,2025-06-22 11:59:59.999000+00:00
2025-06-22 12:00:00+00:00,16.654,16.738,15.944,16.027,7060209.0,2025-06-22 15:59:59.999000+00:00
2025-06-22 16:00:00+00:00,16.026,16.345,15.886,15.935,2821963.0,2025-06-22 19:59:59.999000+00:00
2025-06-22 20:00:00+00:00,15.938,16.521,15.6,16.513,3910539.0,2025-06-22 23:59:59.999000+00:00
2025-06-23 00:00:00+00:00,16.513,16.756,16.48,16.515,1762370.0,2025-06-23 03:59:59.999000+00:00
2025-06-23 04:00:00+00:00,16.517,17.054,16.506,16.909,1757496.0,2025-06-23 07:59:59.999000+00:00
2025-06-23 08:00:00+00:00,16.908,17.136,16.771,16.868,2043315.0,2025-06-23 11:59:59.999000+00:00
2025-06-23 12:00:00+00:00,16.868,17.28,16.704,16.744,3417103.0,2025-06-23 15:59:59.999000+00:00
2025-06-23 16:00:00+00:00,16.745,17.318,16.254,17.29,5857076.0,2025-06-23 19:59:59.999000+00:00
2025-06-23 20:00:00+00:00,17.291,18.188,17.247,18.051,5669795.0,2025-06-23 23:59:59.999000+00:00
2025-06-24 00:00:00+00:00,18.052,18.228,17.941,18.045,1970902.0,2025-06-24 03:59:59.999000+00:00
2025-06-24 04:00:00+00:00,18.044,18.476,17.961,18.045,2642840.0,2025-06-24 07:59:59.999000+00:00
2025-06-24 08:00:00+00:00,18.044,18.282,17.881,18.119,2768589.0,2025-06-24 11:59:59.999000+00:00
2025-06-24 12:00:00+00:00,18.119,18.281,17.981,18.158,2411826.0,2025-06-24 15:59:59.999000+00:00
2025-06-24 16:00:00+00:00,18.159,18.427,17.904,18.018,2545670.0,2025-06-24 19:59:59.999000+00:00
2025-06-24 20:00:00+00:00,18.016,18.227,17.949,18.224,1299100.0,2025-06-24 23:59:59.999000+00:00
2025-06-25 00:00:00+00:00,18.225,18.361,18.09,18.114,1394446.0,2025-06-25 03:59:59.999000+00:00
2025-06-25 04:00:00+00:00,18.115,18.175,17.968,18.025,1193031.0,2025-06-25 07:59:59.999000+00:00
2025-06-25 08:00:00+00:00,18.024,18.044,17.718,17.978,2306694.0,2025-06-25 11:59:59.999000+00:00
2025-06-25 12:00:00+00:00,17.979,18.126,17.545,17.583,3212247.0,2025-06-25 15:59:59.999000+00:00
2025-06-25 16:00:00+00:00,17.583,17.793,17.526,17.716,1712585.0,2025-06-25 19:59:59.999000+00:00
2025-06-25 20:00:00+00:00,17.718,17.821,17.403,17.567,1342938.0,2025-06-25 23:59:59.999000+00:00
2025-06-26 00:00:00+00:00,17.568,18.006,17.437,17.752,1870936.0,2025-06-26 03:59:59.999000+00:00
2025-06-26 04:00:00+00:00,17.752,17.812,17.528,17.718,1258013.0,2025-06-26 07:59:59.999000+00:00
2025-06-26 08:00:00+00:00,17.718,17.787,17.37,17.405,1716971.0,2025-06-26 11:59:59.999000+00:00
2025-06-26 12:00:00+00:00,17.406,17.423,17.088,17.245,3165146.0,2025-06-26 15:59:59.999000+00:00
2025-06-26 16:00:00+00:00,17.242,17.376,17.136,17.329,1567573.0,2025-06-26 19:59:59.999000+00:00
2025-06-26 20:00:00+00:00,17.326,17.63,17.164,17.222,1694768.0,2025-06-26 23:59:59.999000+00:00
2025-06-27 00:00:00+00:00,17.221,17.529,16.997,17.488,1550612.0,2025-06-27 03:59:59.999000+00:00
2025-06-27 04:00:00+00:00,17.488,17.603,17.329,17.385,1309692.0,2025-06-27 07:59:59.999000+00:00
2025-06-27 08:00:00+00:00,17.386,17.612,17.376,17.465,1832604.0,2025-06-27 11:59:59.999000+00:00
2025-06-27 12:00:00+00:00,17.465,17.574,17.277,17.539,2341927.0,2025-06-27 15:59:59.999000+00:00
2025-06-27 16:00:00+00:00,17.539,17.776,17.116,17.32,2335574.0,2025-06-27 19:59:59.999000+00:00
2025-06-27 20:00:00+00:00,17.32,17.6,17.297,17.569,1236655.0,2025-06-27 23:59:59.999000+00:00
2025-06-28 00:00:00+00:00,17.57,17.665,17.47,17.593,844310.0,2025-06-28 03:59:59.999000+00:00
2025-06-28 04:00:00+00:00,17.593,17.67,17.493,17.664,797052.0,2025-06-28 07:59:59.999000+00:00
2025-06-28 08:00:00+00:00,17.665,17.733,17.591,17.664,1064444.0,2025-06-28 11:59:59.999000+00:00
2025-06-28 12:00:00+00:00,17.665,17.78,17.528,17.752,900354.0,2025-06-28 15:59:59.999000+00:00
2025-06-28 16:00:00+00:00,17.753,18.066,17.753,17.941,1912316.0,2025-06-28 19:59:59.999000+00:00
2025-06-28 20:00:00+00:00,17.941,18.058,17.861,17.965,867391.0,2025-06-28 23:59:59.999000+00:00
2025-06-29 00:00:00+00:00,17.966,18.006,17.796,17.807,749575.0,2025-06-29 03:59:59.999000+00:00
2025-06-29 04:00:00+00:00,17.807,18.036,17.792,18.032,632080.0,2025-06-29 07:59:59.999000+00:00
2025-06-29 08:00:00+00:00,18.032,18.158,17.982,18.052,1350594.0,2025-06-29 11:59:59.999000+00:00
2025-06-29 12:00:00+00:00,18.051,18.064,17.802,17.83,1358378.0,2025-06-29 15:59:59.999000+00:00
2025-06-29 16:00:00+00:00,17.83,18.084,17.804,18.035,1080090.0,2025-06-29 19:59:59.999000+00:00
2025-06-29 20:00:00+00:00,18.034,18.893,17.916,18.728,4085731.0,2025-06-29 23:59:59.999000+00:00
2025-06-30 00:00:00+00:00,18.73,18.875,18.262,18.287,1857119.0,2025-06-30 03:59:59.999000+00:00
2025-06-30 04:00:00+00:00,18.287,18.303,17.97,18.236,1681696.0,2025-06-30 07:59:59.999000+00:00
2025-06-30 08:00:00+00:00,18.237,18.272,18.015,18.065,1170088.0,2025-06-30 11:59:59.999000+00:00
2025-06-30 12:00:00+00:00,18.065,18.13,17.692,18.009,3274898.0,2025-06-30 15:59:59.999000+00:00
2025-06-30 16:00:00+00:00,18.009,18.23,17.864,18.201,2036606.0,2025-06-30 19:59:59.999000+00:00
2025-06-30 20:00:00+00:00,18.201,18.256,17.881,17.958,1783303.0,2025-06-30 23:59:59.999000+00:00
2025-07-01 00:00:00+00:00,17.96,18.05,17.731,17.808,1294592.0,2025-07-01 03:59:59.999000+00:00
2025-07-01 04:00:00+00:00,17.808,17.808,17.417,17.623,2323885.0,2025-07-01 07:59:59.999000+00:00
2025-07-01 08:00:00+00:00,17.623,17.639,17.436,17.471,1267395.0,2025-07-01 11:59:59.999000+00:00
2025-07-01 12:00:00+00:00,17.471,17.496,17.185,17.251,2231967.0,2025-07-01 15:59:59.999000+00:00
2025-07-01 16:00:00+00:00,17.252,17.33,17.023,17.077,1634504.0,2025-07-01 19:59:59.999000+00:00
2025-07-01 20:00:00+00:00,17.076,17.13,16.933,17.093,1510872.0,2025-07-01 23:59:59.999000+00:00
2025-07-02 00:00:00+00:00,17.092,17.3,16.947,17.262,1399547.0,2025-07-02 03:59:59.999000+00:00
2025-07-02 04:00:00+00:00,17.261,17.647,17.241,17.58,1666811.0,2025-07-02 07:59:59.999000+00:00
2025-07-02 08:00:00+00:00,17.58,17.689,17.505,17.556,1635899.0,2025-07-02 11:59:59.999000+00:00
2025-07-02 12:00:00+00:00,17.556,18.015,17.413,18.006,2849437.0,2025-07-02 15:59:59.999000+00:00
2025-07-02 16:00:00+00:00,18.005,18.826,18.004,18.676,6862672.0,2025-07-02 19:59:59.999000+00:00
2025-07-02 20:00:00+00:00,18.676,18.817,18.483,18.519,2406069.0,2025-07-02 23:59:59.999000+00:00
2025-07-03 00:00:00+00:00,18.519,18.668,18.432,18.544,1419776.0,2025-07-03 03:59:59.999000+00:00
2025-07-03 04:00:00+00:00,18.545,19.173,18.533,19.084,2860242.0,2025-07-03 07:59:59.999000+00:00
2025-07-03 08:00:00+00:00,19.083,19.112,18.678,18.771,2033933.0,2025-07-03 11:59:59.999000+00:00
2025-07-03 12:00:00+00:00,18.77,19.035,18.333,18.361,3611556.0,2025-07-03 15:59:59.999000+00:00
2025-07-03 16:00:00+00:00,18.361,18.603,18.342,18.55,1437333.0,2025-07-03 19:59:59.999000+00:00
2025-07-03 20:00:00+00:00,18.55,18.662,18.5,18.535,883767.0,2025-07-03 23:59:59.999000+00:00
2025-07-04 00:00:00+00:00,18.536,18.812,18.497,18.755,2001513.0,2025-07-04 03:59:59.999000+00:00
2025-07-04 04:00:00+00:00,18.755,18.871,18.088,18.108,2675949.0,2025-07-04 07:59:59.999000+00:00
2025-07-04 08:00:00+00:00,18.108,18.208,17.941,18.074,2059300.0,2025-07-04 11:59:59.999000+00:00
2025-07-04 12:00:00+00:00,18.074,18.176,17.678,17.701,2638459.0,2025-07-04 15:59:59.999000+00:00
2025-07-04 16:00:00+00:00,17.702,17.737,17.493,17.669,2300497.0,2025-07-04 19:59:59.999000+00:00
2025-07-04 20:00:00+00:00,17.67,17.881,17.617,17.782,1273904.0,2025-07-04 23:59:59.999000+00:00
2025-07-05 00:00:00+00:00,17.781,17.857,17.641,17.832,780296.0,2025-07-05 03:59:59.999000+00:00
2025-07-05 04:00:00+00:00,17.833,17.924,17.709,17.81,795452.0,2025-07-05 07:59:59.999000+00:00
2025-07-05 08:00:00+00:00,17.811,17.94,17.666,17.878,1327936.0,2025-07-05 11:59:59.999000+00:00
2025-07-05 12:00:00+00:00,17.878,17.922,17.763,17.827,1157015.0,2025-07-05 15:59:59.999000+00:00
2025-07-05 16:00:00+00:00,17.827,17.883,17.61,17.773,1031218.0,2025-07-05 19:59:59.999000+00:00
2025-07-05 20:00:00+00:00,17.771,17.981,17.74,17.904,744416.0,2025-07-05 23:59:59.999000+00:00
2025-07-06 00:00:00+00:00,17.904,17.908,17.749,17.811,735467.0,2025-07-06 03:59:59.999000+00:00
2025-07-06 04:00:00+00:00,17.812,17.913,17.76,17.837,565438.0,2025-07-06 07:59:59.999000+00:00
2025-07-06 08:00:00+00:00,17.836,17.874,17.725,17.87,680364.0,2025-07-06 11:59:59.999000+00:00
2025-07-06 12:00:00+00:00,17.871,18.306,17.849,18.151,2298843.0,2025-07-06 15:59:59.999000+00:00
2025-07-06 16:00:00+00:00,18.151,18.287,17.985,18.159,1289699.0,2025-07-06 19:59:59.999000+00:00
2025-07-06 20:00:00+00:00,18.16,18.617,18.154,18.281,2481668.0,2025-07-06 23:59:59.999000+00:00
2025-07-07 00:00:00+00:00,18.281,18.593,18.185,18.409,1199104.0,2025-07-07 03:59:59.999000+00:00
2025-07-07 04:00:00+00:00,18.409,18.451,18.092,18.288,1375108.0,2025-07-07 07:59:59.999000+00:00
2025-07-07 08:00:00+00:00,18.287,18.345,18.094,18.164,1327473.0,2025-07-07 11:59:59.999000+00:00
2025-07-07 12:00:00+00:00,18.163,18.284,17.95,18.028,1952324.0,2025-07-07 15:59:59.999000+00:00
2025-07-07 16:00:00+00:00,18.026,18.104,17.814,17.995,2195743.0,2025-07-07 19:59:59.999000+00:00
2025-07-07 20:00:00+00:00,17.994,17.999,17.786,17.985,1108859.0,2025-07-07 23:59:59.999000+00:00
2025-07-08 00:00:00+00:00,17.985,18.076,17.73,17.778,1604602.0,2025-07-08 03:59:59.999000+00:00
2025-07-08 04:00:00+00:00,17.777,17.903,17.681,17.901,1164582.0,2025-07-08 07:59:59.999000+00:00
2025-07-08 08:00:00+00:00,17.902,18.257,17.83,18.129,1916725.0,2025-07-08 11:59:59.999000+00:00
2025-07-08 12:00:00+00:00,18.129,18.239,17.962,17.999,2004905.0,2025-07-08 15:59:59.999000+00:00
2025-07-08 16:00:00+00:00,17.999,18.473,17.9,18.371,2274608.0,2025-07-08 19:59:59.999000+00:00
2025-07-08 20:00:00+00:00,18.371,18.465,18.222,18.359,1093412.0,2025-07-08 23:59:59.999000+00:00
2025-07-09 00:00:00+00:00,18.359,18.385,18.099,18.122,1189787.0,2025-07-09 03:59:59.999000+00:00
2025-07-09 04:00:00+00:00,18.121,18.553,18.086,18.402,1671815.0,2025-07-09 07:59:59.999000+00:00
2025-07-09 08:00:00+00:00,18.403,18.544,18.315,18.516,1255197.0,2025-07-09 11:59:59.999000+00:00
2025-07-09 12:00:00+00:00,18.517,18.808,18.379,18.524,2919632.0,2025-07-09 15:59:59.999000+00:00
2025-07-09 16:00:00+00:00,18.524,19.193,18.483,19.11,3784959.0,2025-07-09 19:59:59.999000+00:00
2025-07-09 20:00:00+00:00,19.112,19.617,18.971,19.5,3668858.0,2025-07-09 23:59:59.999000+00:00
2025-07-10 00:00:00+00:00,19.5,19.625,19.363,19.491,1481347.0,2025-07-10 03:59:59.999000+00:00
2025-07-10 04:00:00+00:00,19.49,19.601,19.335,19.496,1444884.0,2025-07-10 07:59:59.999000+00:00
2025-07-10 08:00:00+00:00,19.495,19.597,19.437,19.575,1483035.0,2025-07-10 11:59:59.999000+00:00
2025-07-10 12:00:00+00:00,19.575,19.71,19.374,19.45,2396666.0,2025-07-10 15:59:59.999000+00:00
2025-07-10 16:00:00+00:00,19.451,19.944,19.406,19.77,3663072.0,2025-07-10 19:59:59.999000+00:00
2025-07-10 20:00:00+00:00,19.768,20.782,19.761,20.702,5337317.0,2025-07-10 23:59:59.999000+00:00
2025-07-11 00:00:00+00:00,20.702,20.933,20.43,20.859,3346492.0,2025-07-11 03:59:59.999000+00:00
2025-07-11 04:00:00+00:00,20.859,21.214,20.708,20.74,2920084.0,2025-07-11 07:59:59.999000+00:00
2025-07-11 08:00:00+00:00,20.738,21.2,20.736,20.982,1791957.0,2025-07-11 11:59:59.999000+00:00
2025-07-11 12:00:00+00:00,20.984,21.528,20.847,20.951,4485488.0,2025-07-11 15:59:59.999000+00:00
2025-07-11 16:00:00+00:00,20.954,21.416,20.774,21.322,3231824.0,2025-07-11 19:59:59.999000+00:00
2025-07-11 20:00:00+00:00,21.321,21.334,20.324,20.672,2854958.0,2025-07-11 23:59:59.999000+00:00
2025-07-12 00:00:00+00:00,20.674,21.048,20.373,20.855,1871053.0,2025-07-12 03:59:59.999000+00:00
2025-07-12 04:00:00+00:00,20.856,20.908,20.524,20.882,1600094.0,2025-07-12 07:59:59.999000+00:00
2025-07-12 08:00:00+00:00,20.881,21.075,20.7,20.967,1434821.0,2025-07-12 11:59:59.999000+00:00
2025-07-12 12:00:00+00:00,20.968,21.029,20.16,20.316,3529136.0,2025-07-12 15:59:59.999000+00:00
2025-07-12 16:00:00+00:00,20.315,20.853,20.235,20.73,1551266.0,2025-07-12 19:59:59.999000+00:00
2025-07-12 20:00:00+00:00,20.73,20.752,20.388,20.684,1126589.0,2025-07-12 23:59:59.999000+00:00
2025-07-13 00:00:00+00:00,20.684,21.171,20.654,21.093,1994925.0,2025-07-13 03:59:59.999000+00:00
2025-07-13 04:00:00+00:00,21.093,21.316,20.944,21.304,1598708.0,2025-07-13 07:59:59.999000+00:00
2025-07-13 08:00:00+00:00,21.305,21.383,21.053,21.257,1790708.0,2025-07-13 11:59:59.999000+00:00
2025-07-13 12:00:00+00:00,21.256,21.637,21.129,21.283,2749916.0,2025-07-13 15:59:59.999000+00:00
2025-07-13 16:00:00+00:00,21.283,21.776,21.081,21.524,2422001.0,2025-07-13 19:59:59.999000+00:00
2025-07-13 20:00:00+00:00,21.524,21.599,20.972,21.184,2142111.0,2025-07-13 23:59:59.999000+00:00
2025-07-14 00:00:00+00:00,21.184,22.075,21.132,21.785,2688353.0,2025-07-14 03:59:59.999000+00:00
2025-07-14 04:00:00+00:00,21.784,22.067,21.521,21.829,2503762.0,2025-07-14 07:59:59.999000+00:00
2025-07-14 08:00:00+00:00,21.83,21.931,21.587,21.697,1756004.0,2025-07-14 11:59:59.999000+00:00
2025-07-14 12:00:00+00:00,21.697,22.0,21.276,21.445,2949842.0,2025-07-14 15:59:59.999000+00:00
2025-07-14 16:00:00+00:00,21.445,21.647,21.123,21.255,2024328.0,2025-07-14 19:59:59.999000+00:00
2025-07-14 20:00:00+00:00,21.255,21.411,20.999,21.255,1541866.0,2025-07-14 23:59:59.999000+00:00
2025-07-15 00:00:00+00:00,21.254,21.354,20.426,20.583,2972025.0,2025-07-15 03:59:59.999000+00:00
2025-07-15 04:00:00+00:00,20.583,20.911,20.382,20.731,1732143.0,2025-07-15 07:59:59.999000+00:00
2025-07-15 08:00:00+00:00,20.73,21.5,20.587,21.105,3518684.0,2025-07-15 11:59:59.999000+00:00
2025-07-15 12:00:00+00:00,21.106,21.3,20.67,21.173,4109959.0,2025-07-15 15:59:59.999000+00:00
2025-07-15 16:00:00+00:00,21.173,21.884,21.155,21.207,3812016.0,2025-07-15 19:59:59.999000+00:00
2025-07-15 20:00:00+00:00,21.205,22.571,21.147,22.504,3693753.0,2025-07-15 23:59:59.999000+00:00
2025-07-16 00:00:00+00:00,22.505,22.561,21.705,21.719,2773507.0,2025-07-16 03:59:59.999000+00:00
2025-07-16 04:00:00+00:00,21.72,22.079,21.616,21.979,1655248.0,2025-07-16 07:59:59.999000+00:00
2025-07-16 08:00:00+00:00,21.978,22.138,21.873,22.01,1582651.0,2025-07-16 11:59:59.999000+00:00
2025-07-16 12:00:00+00:00,22.011,22.367,21.805,22.095,3446256.0,2025-07-16 15:59:59.999000+00:00
2025-07-16 16:00:00+00:00,22.094,22.828,22.05,22.596,3411636.0,2025-07-16 19:59:59.999000+00:00
2025-07-16 20:00:00+00:00,22.595,23.031,22.446,22.651,3196849.0,2025-07-16 23:59:59.999000+00:00
2025-07-17 00:00:00+00:00,22.653,22.943,22.015,22.156,2560195.0,2025-07-17 03:59:59.999000+00:00
2025-07-17 04:00:00+00:00,22.156,22.796,22.089,22.689,2098838.0,2025-07-17 07:59:59.999000+00:00
2025-07-17 08:00:00+00:00,22.692,23.24,22.606,22.889,2638166.0,2025-07-17 11:59:59.999000+00:00
2025-07-17 12:00:00+00:00,22.888,23.08,22.422,22.72,3238544.0,2025-07-17 15:59:59.999000+00:00
2025-07-17 16:00:00+00:00,22.718,22.948,22.299,22.422,3105182.0,2025-07-17 19:59:59.999000+00:00
2025-07-17 20:00:00+00:00,22.42,24.345,22.181,23.905,7109173.0,2025-07-17 23:59:59.999000+00:00
2025-07-18 00:00:00+00:00,23.905,24.577,23.688,24.333,4367536.0,2025-07-18 03:59:59.999000+00:00
2025-07-18 04:00:00+00:00,24.333,25.038,24.23,24.345,3956671.0,2025-07-18 07:59:59.999000+00:00
2025-07-18 08:00:00+00:00,24.346,24.659,23.948,24.137,3389032.0,2025-07-18 11:59:59.999000+00:00
2025-07-18 12:00:00+00:00,24.137,24.573,23.544,23.759,4828809.0,2025-07-18 15:59:59.999000+00:00
2025-07-18 16:00:00+00:00,23.76,24.093,23.43,23.605,3115440.0,2025-07-18 19:59:59.999000+00:00
2025-07-18 20:00:00+00:00,23.606,23.707,23.05,23.515,3459694.0,2025-07-18 23:59:59.999000+00:00
2025-07-19 00:00:00+00:00,23.517,23.824,22.992,23.819,1722300.0,2025-07-19 03:59:59.999000+00:00
2025-07-19 04:00:00+00:00,23.819,24.016,23.691,23.71,1484461.0,2025-07-19 07:59:59.999000+00:00
2025-07-19 08:00:00+00:00,23.71,23.726,23.405,23.585,1573830.0,2025-07-19 11:59:59.999000+00:00
2025-07-19 12:00:00+00:00,23.585,23.865,23.289,23.638,1833701.0,2025-07-19 15:59:59.999000+00:00
2025-07-19 16:00:00+00:00,23.638,25.182,23.534,24.961,4056229.0,2025-07-19 19:59:59.999000+00:00
2025-07-19 20:00:00+00:00,24.962,25.236,24.171,24.496,4168988.0,2025-07-19 23:59:59.999000+00:00
2025-07-20 00:00:00+00:00,24.496,24.782,24.297,24.563,1914091.0,2025-07-20 03:59:59.999000+00:00
2025-07-20 04:00:00+00:00,24.563,24.833,24.42,24.689,1714156.0,2025-07-20 07:59:59.999000+00:00
2025-07-20 08:00:00+00:00,24.689,25.276,24.689,25.129,2582632.0,2025-07-20 11:59:59.999000+00:00
2025-07-20 12:00:00+00:00,25.126,25.446,24.861,25.408,3138341.0,2025-07-20 15:59:59.999000+00:00
2025-07-20 16:00:00+00:00,25.409,25.55,24.934,25.277,3638194.0,2025-07-20 19:59:59.999000+00:00
2025-07-20 20:00:00+00:00,25.278,25.331,24.48,25.039,3564005.0,2025-07-20 23:59:59.999000+00:00
2025-07-21 00:00:00+00:00,25.041,25.449,24.628,25.443,2694969.0,2025-07-21 03:59:59.999000+00:00
2025-07-21 04:00:00+00:00,25.444,25.872,25.28,25.833,2243602.0,2025-07-21 07:59:59.999000+00:00
2025-07-21 08:00:00+00:00,25.834,26.435,25.568,26.048,3654556.0,2025-07-21 11:59:59.999000+00:00
2025-07-21 12:00:00+00:00,26.048,26.363,25.635,25.91,3419923.0,2025-07-21 15:59:59.999000+00:00
2025-07-21 16:00:00+00:00,25.909,25.93,25.078,25.192,3938386.0,2025-07-21 19:59:59.999000+00:00
2025-07-21 20:00:00+00:00,25.191,25.593,25.11,25.435,2065766.0,2025-07-21 23:59:59.999000+00:00
2025-07-22 00:00:00+00:00,25.436,26.041,24.812,25.894,5352032.0,2025-07-22 03:59:59.999000+00:00
2025-07-22 04:00:00+00:00,25.893,26.1,25.085,25.659,6039798.0,2025-07-22 07:59:59.999000+00:00
2025-07-22 08:00:00+00:00,25.659,25.661,24.763,25.51,4798691.0,2025-07-22 11:59:59.999000+00:00
2025-07-22 12:00:00+00:00,25.511,25.684,24.765,24.972,6117576.0,2025-07-22 15:59:59.999000+00:00
2025-07-22 16:00:00+00:00,24.972,25.391,24.7,24.859,4203816.0,2025-07-22 19:59:59.999000+00:00
2025-07-22 20:00:00+00:00,24.859,25.903,24.81,25.9,2784221.0,2025-07-22 23:59:59.999000+00:00
2025-07-23 00:00:00+00:00,25.9,26.125,25.481,25.535,3186934.0,2025-07-23 03:59:59.999000+00:00
2025-07-23 04:00:00+00:00,25.535,25.835,25.22,25.364,1893826.0,2025-07-23 07:59:59.999000+00:00
2025-07-23 08:00:00+00:00,25.363,25.583,24.82,25.01,2557331.0,2025-07-23 11:59:59.999000+00:00
2025-07-23 12:00:00+00:00,25.008,25.073,23.581,24.352,7278858.0,2025-07-23 15:59:59.999000+00:00
2025-07-23 16:00:00+00:00,24.352,24.353,23.387,23.84,4071818.0,2025-07-23 19:59:59.999000+00:00
2025-07-23 20:00:00+00:00,23.839,24.111,23.137,23.941,3827610.0,2025-07-23 23:59:59.999000+00:00
2025-07-24 00:00:00+00:00,23.941,24.192,23.8,23.939,1663144.0,2025-07-24 03:59:59.999000+00:00
2025-07-24 04:00:00+00:00,23.939,24.024,22.511,23.255,4973612.0,2025-07-24 07:59:59.999000+00:00
2025-07-24 08:00:00+00:00,23.255,23.904,23.131,23.813,2963761.0,2025-07-24 11:59:59.999000+00:00
2025-07-24 12:00:00+00:00,23.813,24.438,23.456,24.175,4201219.0,2025-07-24 15:59:59.999000+00:00
2025-07-24 16:00:00+00:00,24.176,24.313,23.687,23.995,2794942.0,2025-07-24 19:59:59.999000+00:00
2025-07-24 20:00:00+00:00,23.995,24.217,23.577,23.656,2041670.0,2025-07-24 23:59:59.999000+00:00
2025-07-25 00:00:00+00:00,23.658,23.687,22.873,23.088,2765733.0,2025-07-25 03:59:59.999000+00:00
2025-07-25 04:00:00+00:00,23.088,23.382,22.846,23.085,2141628.0,2025-07-25 07:59:59.999000+00:00
2025-07-25 08:00:00+00:00,23.084,23.9,23.056,23.706,2392294.0,2025-07-25 11:59:59.999000+00:00
2025-07-25 12:00:00+00:00,23.707,23.88,22.936,23.194,3324867.0,2025-07-25 15:59:59.999000+00:00
2025-07-25 16:00:00+00:00,23.195,23.541,23.066,23.403,1829272.0,2025-07-25 19:59:59.999000+00:00
2025-07-25 20:00:00+00:00,23.403,24.038,23.392,24.003,1842835.0,2025-07-25 23:59:59.999000+00:00
2025-07-26 00:00:00+00:00,24.003,24.159,23.847,24.066,1001704.0,2025-07-26 03:59:59.999000+00:00
2025-07-26 04:00:00+00:00,24.065,24.196,24.029,24.08,786170.0,2025-07-26 07:59:59.999000+00:00
2025-07-26 08:00:00+00:00,24.081,24.423,24.081,24.318,1314922.0,2025-07-26 11:59:59.999000+00:00
2025-07-26 12:00:00+00:00,24.318,24.944,24.2,24.829,3532732.0,2025-07-26 15:59:59.999000+00:00
2025-07-26 16:00:00+00:00,24.829,25.786,24.52,25.432,4317665.0,2025-07-26 19:59:59.999000+00:00
2025-07-26 20:00:00+00:00,25.434,25.492,24.872,24.929,1934423.0,2025-07-26 23:59:59.999000+00:00
2025-07-27 00:00:00+00:00,24.928,25.099,24.841,24.936,1198831.0,2025-07-27 03:59:59.999000+00:00
2025-07-27 04:00:00+00:00,24.935,25.248,24.92,25.005,1400946.0,2025-07-27 07:59:59.999000+00:00
2025-07-27 08:00:00+00:00,25.006,25.151,24.744,24.924,1856781.0,2025-07-27 11:59:59.999000+00:00
2025-07-27 12:00:00+00:00,24.923,25.117,24.805,25.026,1649666.0,2025-07-27 15:59:59.999000+00:00
2025-07-27 16:00:00+00:00,25.026,25.554,25.026,25.431,3248471.0,2025-07-27 19:59:59.999000+00:00
2025-07-27 20:00:00+00:00,25.43,26.479,25.387,26.056,3171583.0,2025-07-27 23:59:59.999000+00:00
2025-07-28 00:00:00+00:00,26.057,26.339,25.77,26.141,2278569.0,2025-07-28 03:59:59.999000+00:00
2025-07-28 04:00:00+00:00,26.143,26.784,26.111,26.552,2788050.0,2025-07-28 07:59:59.999000+00:00
2025-07-28 08:00:00+00:00,26.553,27.365,26.491,27.307,4346651.0,2025-07-28 11:59:59.999000+00:00
2025-07-28 12:00:00+00:00,27.308,27.415,25.9,26.066,6850803.0,2025-07-28 15:59:59.999000+00:00
2025-07-28 16:00:00+00:00,26.066,26.201,25.354,25.53,4367903.0,2025-07-28 19:59:59.999000+00:00
2025-07-28 20:00:00+00:00,25.531,25.576,24.966,25.196,2817866.0,2025-07-28 23:59:59.999000+00:00
2025-07-29 00:00:00+00:00,25.196,25.4,24.413,25.02,3740923.0,2025-07-29 03:59:59.999000+00:00
2025-07-29 04:00:00+00:00,25.02,25.503,24.82,25.454,2465232.0,2025-07-29 07:59:59.999000+00:00
2025-07-29 08:00:00+00:00,25.454,25.504,24.511,24.713,2647507.0,2025-07-29 11:59:59.999000+00:00
2025-07-29 12:00:00+00:00,24.713,25.181,24.19,24.299,5262367.0,2025-07-29 15:59:59.999000+00:00
2025-07-29 16:00:00+00:00,24.298,24.548,24.0,24.07,3872248.0,2025-07-29 19:59:59.999000+00:00
2025-07-29 20:00:00+00:00,24.069,24.447,23.855,24.358,2187761.0,2025-07-29 23:59:59.999000+00:00
2025-07-30 00:00:00+00:00,24.36,24.496,23.996,24.278,1608453.0,2025-07-30 03:59:59.999000+00:00
2025-07-30 04:00:00+00:00,24.279,24.364,23.926,23.994,1416346.0,2025-07-30 07:59:59.999000+00:00
2025-07-30 08:00:00+00:00,23.993,24.167,23.322,23.424,2610210.0,2025-07-30 11:59:59.999000+00:00
2025-07-30 12:00:00+00:00,23.424,23.636,23.112,23.217,3421545.0,2025-07-30 15:59:59.999000+00:00
2025-07-30 16:00:00+00:00,23.219,23.66,22.343,23.211,4769725.0,2025-07-30 19:59:59.999000+00:00
2025-07-30 20:00:00+00:00,23.211,23.452,22.98,23.301,1711404.0,2025-07-30 23:59:59.999000+00:00
2025-07-31 00:00:00+00:00,23.301,23.721,23.204,23.675,1359745.0,2025-07-31 03:59:59.999000+00:00
2025-07-31 04:00:00+00:00,23.676,24.063,23.633,23.873,1949088.0,2025-07-31 07:59:59.999000+00:00
2025-07-31 08:00:00+00:00,23.874,24.104,23.575,23.656,1843858.0,2025-07-31 11:59:59.999000+00:00
2025-07-31 12:00:00+00:00,23.656,23.687,22.782,23.088,4030088.0,2025-07-31 15:59:59.999000+00:00
2025-07-31 16:00:00+00:00,23.087,23.518,22.745,22.803,3116940.0,2025-07-31 19:59:59.999000+00:00
2025-07-31 20:00:00+00:00,22.804,22.967,22.38,22.45,2821420.0,2025-07-31 23:59:59.999000+00:00
2025-08-01 00:00:00+00:00,22.45,22.566,21.792,22.405,3744156.0,2025-08-01 03:59:59.999000+00:00
2025-08-01 04:00:00+00:00,22.405,22.405,21.74,22.144,2442775.0,2025-08-01 07:59:59.999000+00:00
2025-08-01 08:00:00+00:00,22.145,22.146,21.611,22.12,2534801.0,2025-08-01 11:59:59.999000+00:00
2025-08-01 12:00:00+00:00,22.119,22.39,21.567,22.077,3967756.0,2025-08-01 15:59:59.999000+00:00
2025-08-01 16:00:00+00:00,22.077,22.239,21.483,21.893,3371354.0,2025-08-01 19:59:59.999000+00:00
2025-08-01 20:00:00+00:00,21.893,21.983,21.011,21.509,3968894.0,2025-08-01 23:59:59.999000+00:00
2025-08-02 00:00:00+00:00,21.508,21.765,21.457,21.695,1006948.0,2025-08-02 03:59:59.999000+00:00
2025-08-02 04:00:00+00:00,21.696,21.812,21.165,21.657,1726534.0,2025-08-02 07:59:59.999000+00:00
2025-08-02 08:00:00+00:00,21.658,21.716,21.237,21.484,1298949.0,2025-08-02 11:59:59.999000+00:00
2025-08-02 12:00:00+00:00,21.484,21.655,21.132,21.208,1763816.0,2025-08-02 15:59:59.999000+00:00
2025-08-02 16:00:00+00:00,21.209,21.312,20.651,20.868,3777510.0,2025-08-02 19:59:59.999000+00:00
2025-08-02 20:00:00+00:00,20.87,21.135,20.682,20.851,1739119.0,2025-08-02 23:59:59.999000+00:00
2025-08-03 00:00:00+00:00,20.851,21.194,20.566,21.128,1560497.0,2025-08-03 03:59:59.999000+00:00
2025-08-03 04:00:00+00:00,21.129,21.236,21.055,21.164,878364.0,2025-08-03 07:59:59.999000+00:00
2025-08-03 08:00:00+00:00,21.164,21.473,21.134,21.351,1663323.0,2025-08-03 11:59:59.999000+00:00
2025-08-03 12:00:00+00:00,21.351,21.473,21.225,21.414,1489677.0,2025-08-03 15:59:59.999000+00:00
2025-08-03 16:00:00+00:00,21.415,21.525,21.3,21.388,1332353.0,2025-08-03 19:59:59.999000+00:00
2025-08-03 20:00:00+00:00,21.388,21.522,21.26,21.359,1095620.0,2025-08-03 23:59:59.999000+00:00
2025-08-04 00:00:00+00:00,21.358,21.91,21.327,21.749,2376800.0,2025-08-04 03:59:59.999000+00:00
2025-08-04 04:00:00+00:00,21.75,21.986,21.71,21.918,1539979.0,2025-08-04 07:59:59.999000+00:00
2025-08-04 08:00:00+00:00,21.918,22.034,21.71,21.823,1239470.0,2025-08-04 11:59:59.999000+00:00
2025-08-04 12:00:00+00:00,21.824,22.584,21.766,22.34,3225870.0,2025-08-04 15:59:59.999000+00:00
2025-08-04 16:00:00+00:00,22.34,22.84,22.251,22.295,2467090.0,2025-08-04 19:59:59.999000+00:00
2025-08-04 20:00:00+00:00,22.295,23.103,22.255,23.096,2573429.0,2025-08-04 23:59:59.999000+00:00
2025-08-05 00:00:00+00:00,23.096,23.122,22.641,22.718,1477076.0,2025-08-05 03:59:59.999000+00:00
2025-08-05 04:00:00+00:00,22.716,22.83,22.136,22.21,2168206.0,2025-08-05 07:59:59.999000+00:00
2025-08-05 08:00:00+00:00,22.209,22.824,22.162,22.656,1961019.0,2025-08-05 11:59:59.999000+00:00
2025-08-05 12:00:00+00:00,22.657,22.69,21.622,21.71,4722587.0,2025-08-05 15:59:59.999000+00:00
2025-08-05 16:00:00+00:00,21.708,21.94,21.618,21.674,1852603.0,2025-08-05 19:59:59.999000+00:00
2025-08-05 20:00:00+00:00,21.672,21.928,21.418,21.896,1623147.0,2025-08-05 23:59:59.999000+00:00
2025-08-06 00:00:00+00:00,21.896,21.942,21.598,21.649,1456827.0,2025-08-06 03:59:59.999000+00:00
2025-08-06 04:00:00+00:00,21.65,22.301,21.556,22.237,1841813.0,2025-08-06 07:59:59.999000+00:00
2025-08-06 08:00:00+00:00,22.238,22.28,21.894,21.937,1516591.0,2025-08-06 11:59:59.999000+00:00
2025-08-06 12:00:00+00:00,21.937,22.372,21.752,22.328,2601464.0,2025-08-06 15:59:59.999000+00:00
2025-08-06 16:00:00+00:00,22.325,22.39,22.007,22.25,2173964.0,2025-08-06 19:59:59.999000+00:00
2025-08-06 20:00:00+00:00,22.251,22.29,22.095,22.22,865835.0,2025-08-06 23:59:59.999000+00:00
2025-08-07 00:00:00+00:00,22.219,22.337,21.965,21.993,902112.0,2025-08-07 03:59:59.999000+00:00
2025-08-07 04:00:00+00:00,21.993,22.302,21.938,22.204,1218600.0,2025-08-07 07:59:59.999000+00:00
2025-08-07 08:00:00+00:00,22.205,22.888,22.192,22.771,3033798.0,2025-08-07 11:59:59.999000+00:00
2025-08-07 12:00:00+00:00,22.771,22.816,22.491,22.649,2313614.0,2025-08-07 15:59:59.999000+00:00
2025-08-07 16:00:00+00:00,22.649,22.882,22.168,22.862,2080711.0,2025-08-07 19:59:59.999000+00:00
2025-08-07 20:00:00+00:00,22.863,23.357,22.832,23.351,2708648.0,2025-08-07 23:59:59.999000+00:00
2025-08-08 00:00:00+00:00,23.35,23.685,23.002,23.273,4403813.0,2025-08-08 03:59:59.999000+00:00
2025-08-08 04:00:00+00:00,23.274,23.566,23.032,23.478,1715598.0,2025-08-08 07:59:59.999000+00:00
2025-08-08 08:00:00+00:00,23.478,23.605,23.297,23.503,1846560.0,2025-08-08 11:59:59.999000+00:00
2025-08-08 12:00:00+00:00,23.504,23.804,23.042,23.181,3336676.0,2025-08-08 15:59:59.999000+00:00
2025-08-08 16:00:00+00:00,23.18,23.847,23.151,23.806,2253544.0,2025-08-08 19:59:59.999000+00:00
2025-08-08 20:00:00+00:00,23.804,23.869,23.669,23.797,991887.0,2025-08-08 23:59:59.999000+00:00
2025-08-09 00:00:00+00:00,23.798,24.191,23.733,23.992,1338474.0,2025-08-09 03:59:59.999000+00:00
2025-08-09 04:00:00+00:00,23.991,24.683,23.935,24.413,2459525.0,2025-08-09 07:59:59.999000+00:00
2025-08-09 08:00:00+00:00,24.412,24.759,24.347,24.585,1697872.0,2025-08-09 11:59:59.999000+00:00
2025-08-09 12:00:00+00:00,24.586,24.81,24.031,24.163,2999431.0,2025-08-09 15:59:59.999000+00:00
2025-08-09 16:00:00+00:00,24.163,24.574,24.163,24.481,1654808.0,2025-08-09 19:59:59.999000+00:00
2025-08-09 20:00:00+00:00,24.48,24.813,24.168,24.241,2724480.0,2025-08-09 23:59:59.999000+00:00
2025-08-10 00:00:00+00:00,24.242,24.502,24.044,24.397,1948595.0,2025-08-10 03:59:59.999000+00:00
2025-08-10 04:00:00+00:00,24.396,24.552,23.458,23.48,2967450.0,2025-08-10 07:59:59.999000+00:00
2025-08-10 08:00:00+00:00,23.481,23.706,23.256,23.526,2431286.0,2025-08-10 11:59:59.999000+00:00
2025-08-10 12:00:00+00:00,23.525,24.048,23.446,23.945,1931780.0,2025-08-10 15:59:59.999000+00:00
2025-08-10 16:00:00+00:00,23.944,24.023,23.741,23.905,1203284.0,2025-08-10 19:59:59.999000+00:00
2025-08-10 20:00:00+00:00,23.906,23.926,23.537,23.83,1932969.0,2025-08-10 23:59:59.999000+00:00
2025-08-11 00:00:00+00:00,23.831,24.474,23.66,24.407,2901490.0,2025-08-11 03:59:59.999000+00:00
2025-08-11 04:00:00+00:00,24.408,24.619,24.025,24.091,2235549.0,2025-08-11 07:59:59.999000+00:00
2025-08-11 08:00:00+00:00,24.092,24.358,23.279,23.376,3638581.0,2025-08-11 11:59:59.999000+00:00
2025-08-11 12:00:00+00:00,23.376,23.739,23.065,23.737,4028629.0,2025-08-11 15:59:59.999000+00:00
2025-08-11 16:00:00+00:00,23.736,24.05,23.1,23.237,2945052.0,2025-08-11 19:59:59.999000+00:00
2025-08-11 20:00:00+00:00,23.237,23.257,22.633,22.775,2613142.0,2025-08-11 23:59:59.999000+00:00
2025-08-12 00:00:00+00:00,22.774,23.261,22.725,22.997,1602771.0,2025-08-12 03:59:59.999000+00:00
2025-08-12 04:00:00+00:00,22.997,23.204,22.79,23.12,1754109.0,2025-08-12 07:59:59.999000+00:00
2025-08-12 08:00:00+00:00,23.121,23.214,22.748,22.97,1845427.0,2025-08-12 11:59:59.999000+00:00
2025-08-12 12:00:00+00:00,22.969,24.24,22.867,24.2,5359652.0,2025-08-12 15:59:59.999000+00:00
2025-08-12 16:00:00+00:00,24.2,24.63,24.137,24.614,3606862.0,2025-08-12 19:59:59.999000+00:00
2025-08-12 20:00:00+00:00,24.614,24.919,24.555,24.684,2787529.0,2025-08-12 23:59:59.999000+00:00
2025-08-13 00:00:00+00:00,24.684,25.059,24.383,24.984,2503631.0,2025-08-13 03:59:59.999000+00:00
2025-08-13 04:00:00+00:00,24.984,25.148,24.422,24.767,2295075.0,2025-08-13 07:59:59.999000+00:00
2025-08-13 08:00:00+00:00,24.766,25.455,24.752,25.057,3721185.0,2025-08-13 11:59:59.999000+00:00
2025-08-13 12:00:00+00:00,25.057,25.425,24.737,25.0,4795359.0,2025-08-13 15:59:59.999000+00:00
2025-08-13 16:00:00+00:00,25.001,25.399,24.981,25.366,3448545.0,2025-08-13 19:59:59.999000+00:00
2025-08-13 20:00:00+00:00,25.366,25.688,25.225,25.482,2607825.0,2025-08-13 23:59:59.999000+00:00
2025-08-14 00:00:00+00:00,25.483,26.006,25.25,25.944,2846421.0,2025-08-14 03:59:59.999000+00:00
2025-08-14 04:00:00+00:00,25.944,25.977,25.109,25.301,4061178.0,2025-08-14 07:59:59.999000+00:00
2025-08-14 08:00:00+00:00,25.303,25.317,24.746,25.048,3551590.0,2025-08-14 11:59:59.999000+00:00
2025-08-14 12:00:00+00:00,25.048,25.128,23.0,23.87,11849152.0,2025-08-14 15:59:59.999000+00:00
2025-08-14 16:00:00+00:00,23.87,23.904,23.358,23.594,4039449.0,2025-08-14 19:59:59.999000+00:00
2025-08-14 20:00:00+00:00,23.593,23.707,23.174,23.644,2561347.0,2025-08-14 23:59:59.999000+00:00
2025-08-15 00:00:00+00:00,23.647,24.882,23.608,24.859,4141934.0,2025-08-15 03:59:59.999000+00:00
2025-08-15 04:00:00+00:00,24.86,25.656,24.606,25.415,6815889.0,2025-08-15 07:59:59.999000+00:00
2025-08-15 08:00:00+00:00,25.414,25.464,24.561,24.573,3800901.0,2025-08-15 11:59:59.999000+00:00
2025-08-15 12:00:00+00:00,24.574,24.756,23.562,23.681,7404441.0,2025-08-15 15:59:59.999000+00:00
2025-08-15 16:00:00+00:00,23.681,24.22,23.444,23.525,4934710.0,2025-08-15 19:59:59.999000+00:00
2025-08-15 20:00:00+00:00,23.525,24.13,23.453,23.751,2627775.0,2025-08-15 23:59:59.999000+00:00
2025-08-16 00:00:00+00:00,23.75,24.124,23.689,23.871,1891651.0,2025-08-16 03:59:59.999000+00:00
2025-08-16 04:00:00+00:00,23.872,23.993,23.615,23.988,1622163.0,2025-08-16 07:59:59.999000+00:00
2025-08-16 08:00:00+00:00,23.988,24.086,23.555,23.592,2346499.0,2025-08-16 11:59:59.999000+00:00
2025-08-16 12:00:00+00:00,23.593,24.253,23.56,24.199,2730066.0,2025-08-16 15:59:59.999000+00:00
2025-08-16 16:00:00+00:00,24.196,24.287,23.89,24.155,2103463.0,2025-08-16 19:59:59.999000+00:00
2025-08-16 20:00:00+00:00,24.155,24.367,24.124,24.29,1279735.0,2025-08-16 23:59:59.999000+00:00
2025-08-17 00:00:00+00:00,24.291,24.463,24.008,24.42,1406924.0,2025-08-17 03:59:59.999000+00:00
2025-08-17 04:00:00+00:00,24.42,24.754,24.411,24.551,1771275.0,2025-08-17 07:59:59.999000+00:00
2025-08-17 08:00:00+00:00,24.549,24.934,24.481,24.828,2488952.0,2025-08-17 11:59:59.999000+00:00
2025-08-17 12:00:00+00:00,24.828,25.439,24.571,25.418,3109757.0,2025-08-17 15:59:59.999000+00:00
2025-08-17 16:00:00+00:00,25.416,25.68,24.916,25.068,5742783.0,2025-08-17 19:59:59.999000+00:00
2025-08-17 20:00:00+00:00,25.068,25.297,25.001,25.063,1872275.0,2025-08-17 23:59:59.999000+00:00
2025-08-18 00:00:00+00:00,25.063,25.319,23.7,23.938,6746615.0,2025-08-18 03:59:59.999000+00:00
2025-08-18 04:00:00+00:00,23.937,24.124,23.42,23.514,3823719.0,2025-08-18 07:59:59.999000+00:00
2025-08-18 08:00:00+00:00,23.513,23.891,23.339,23.672,3104796.0,2025-08-18 11:59:59.999000+00:00
2025-08-18 12:00:00+00:00,23.674,24.167,23.365,23.761,4839274.0,2025-08-18 15:59:59.999000+00:00
2025-08-18 16:00:00+00:00,23.762,23.998,23.405,23.825,3164611.0,2025-08-18 19:59:59.999000+00:00
2025-08-18 20:00:00+00:00,23.824,24.13,23.558,23.682,2403734.0,2025-08-18 23:59:59.999000+00:00
2025-08-19 00:00:00+00:00,23.682,24.054,23.05,23.098,3850629.0,2025-08-19 03:59:59.999000+00:00
2025-08-19 04:00:00+00:00,23.098,23.292,22.912,23.026,3026703.0,2025-08-19 07:59:59.999000+00:00
2025-08-19 08:00:00+00:00,23.023,23.394,22.85,23.339,2633037.0,2025-08-19 11:59:59.999000+00:00
2025-08-19 12:00:00+00:00,23.339,23.476,22.666,22.774,5928818.0,2025-08-19 15:59:59.999000+00:00
2025-08-19 16:00:00+00:00,22.776,22.845,22.338,22.495,4097830.0,2025-08-19 19:59:59.999000+00:00
2025-08-19 20:00:00+00:00,22.495,22.736,22.296,22.35,2148861.0,2025-08-19 23:59:59.999000+00:00
2025-08-20 00:00:00+00:00,22.35,22.787,22.221,22.677,2349846.0,2025-08-20 03:59:59.999000+00:00
2025-08-20 04:00:00+00:00,22.679,22.974,22.676,22.768,1732378.0,2025-08-20 07:59:59.999000+00:00
2025-08-20 08:00:00+00:00,22.769,23.025,22.538,22.814,2305527.0,2025-08-20 11:59:59.999000+00:00
2025-08-20 12:00:00+00:00,22.814,23.344,22.345,23.095,6053739.0,2025-08-20 15:59:59.999000+00:00
2025-08-20 16:00:00+00:00,23.095,23.533,22.945,23.521,3621440.0,2025-08-20 19:59:59.999000+00:00
2025-08-20 20:00:00+00:00,23.521,23.545,23.334,23.447,1844954.0,2025-08-20 23:59:59.999000+00:00
2025-08-21 00:00:00+00:00,23.447,23.62,23.153,23.401,2416174.0,2025-08-21 03:59:59.999000+00:00
2025-08-21 04:00:00+00:00,23.4,23.523,23.2,23.397,1962820.0,2025-08-21 07:59:59.999000+00:00
2025-08-21 08:00:00+00:00,23.399,23.435,23.008,23.104,2021780.0,2025-08-21 11:59:59.999000+00:00
2025-08-21 12:00:00+00:00,23.104,23.411,22.895,22.93,4075427.0,2025-08-21 15:59:59.999000+00:00
2025-08-21 16:00:00+00:00,22.93,23.085,22.715,22.827,3028278.0,2025-08-21 19:59:59.999000+00:00
2025-08-21 20:00:00+00:00,22.826,23.056,22.706,22.769,1557332.0,2025-08-21 23:59:59.999000+00:00
2025-08-22 00:00:00+00:00,22.768,23.216,22.66,22.872,2522065.0,2025-08-22 03:59:59.999000+00:00
2025-08-22 04:00:00+00:00,22.873,23.138,22.79,23.046,2336238.0,2025-08-22 07:59:59.999000+00:00
2025-08-22 08:00:00+00:00,23.047,23.213,22.559,22.569,2495692.0,2025-08-22 11:59:59.999000+00:00
2025-08-22 12:00:00+00:00,22.571,24.511,22.183,24.263,15543043.0,2025-08-22 15:59:59.999000+00:00
2025-08-22 16:00:00+00:00,24.264,25.204,24.26,25.078,6684627.0,2025-08-22 19:59:59.999000+00:00
2025-08-22 20:00:00+00:00,25.079,25.412,25.05,25.265,3422320.0,2025-08-22 23:59:59.999000+00:00
2025-08-23 00:00:00+00:00,25.265,25.328,24.48,24.961,3663415.0,2025-08-23 03:59:59.999000+00:00
2025-08-23 04:00:00+00:00,24.961,25.591,24.919,25.332,3762148.0,2025-08-23 07:59:59.999000+00:00
2025-08-23 08:00:00+00:00,25.332,26.059,25.215,25.907,5624075.0,2025-08-23 11:59:59.999000+00:00
2025-08-23 12:00:00+00:00,25.908,26.779,25.567,25.661,9710916.0,2025-08-23 15:59:59.999000+00:00
2025-08-23 16:00:00+00:00,25.661,25.998,25.251,25.991,4458038.0,2025-08-23 19:59:59.999000+00:00
2025-08-23 20:00:00+00:00,25.991,26.312,25.721,26.263,2549620.0,2025-08-23 23:59:59.999000+00:00
2025-08-24 00:00:00+00:00,26.263,26.302,25.863,25.929,2587229.0,2025-08-24 03:59:59.999000+00:00
2025-08-24 04:00:00+00:00,25.929,25.994,25.445,25.455,2483178.0,2025-08-24 07:59:59.999000+00:00
2025-08-24 08:00:00+00:00,25.454,25.59,24.931,25.064,3674906.0,2025-08-24 11:59:59.999000+00:00
2025-08-24 12:00:00+00:00,25.065,25.908,25.028,25.516,3586269.0,2025-08-24 15:59:59.999000+00:00
2025-08-24 16:00:00+00:00,25.516,26.573,25.129,25.806,9671219.0,2025-08-24 19:59:59.999000+00:00
2025-08-24 20:00:00+00:00,25.805,25.911,25.176,25.823,5853931.0,2025-08-24 23:59:59.999000+00:00
2025-08-25 00:00:00+00:00,25.821,25.988,25.154,25.494,3786174.0,2025-08-25 03:59:59.999000+00:00
2025-08-25 04:00:00+00:00,25.495,25.558,24.147,24.279,4877701.0,2025-08-25 07:59:59.999000+00:00
2025-08-25 08:00:00+00:00,24.278,24.439,23.963,24.254,4623356.0,2025-08-25 11:59:59.999000+00:00
2025-08-25 12:00:00+00:00,24.254,24.547,24.057,24.172,4217243.0,2025-08-25 15:59:59.999000+00:00
2025-08-25 16:00:00+00:00,24.173,24.337,23.488,23.541,4952433.0,2025-08-25 19:59:59.999000+00:00
2025-08-25 20:00:00+00:00,23.539,23.658,23.022,23.339,6710392.0,2025-08-25 23:59:59.999000+00:00
2025-08-26 00:00:00+00:00,23.339,23.657,23.076,23.306,3448974.0,2025-08-26 03:59:59.999000+00:00
2025-08-26 04:00:00+00:00,23.306,23.562,23.1,23.288,2831652.0,2025-08-26 07:59:59.999000+00:00
2025-08-26 08:00:00+00:00,23.286,23.575,23.187,23.403,2459999.0,2025-08-26 11:59:59.999000+00:00
2025-08-26 12:00:00+00:00,23.404,23.961,23.15,23.675,6656099.0,2025-08-26 15:59:59.999000+00:00
2025-08-26 16:00:00+00:00,23.675,24.29,23.624,24.214,3120967.0,2025-08-26 19:59:59.999000+00:00
2025-08-26 20:00:00+00:00,24.213,24.344,24.013,24.172,2493115.0,2025-08-26 23:59:59.999000+00:00
2025-08-27 00:00:00+00:00,24.17,24.514,23.86,24.433,2306386.0,2025-08-27 03:59:59.999000+00:00
2025-08-27 04:00:00+00:00,24.432,24.623,24.144,24.316,2948504.0,2025-08-27 07:59:59.999000+00:00
2025-08-27 08:00:00+00:00,24.317,24.582,24.225,24.5,2065077.0,2025-08-27 11:59:59.999000+00:00
2025-08-27 12:00:00+00:00,24.5,25.323,24.46,24.982,6565767.0,2025-08-27 15:59:59.999000+00:00
2025-08-27 16:00:00+00:00,24.981,25.2,24.526,24.667,3798863.0,2025-08-27 19:59:59.999000+00:00
2025-08-27 20:00:00+00:00,24.667,25.072,24.357,24.42,5974646.0,2025-08-27 23:59:59.999000+00:00
2025-08-28 00:00:00+00:00,24.42,24.748,24.242,24.683,2920580.0,2025-08-28 03:59:59.999000+00:00
2025-08-28 04:00:00+00:00,24.683,24.876,24.515,24.703,2581945.0,2025-08-28 07:59:59.999000+00:00
2025-08-28 08:00:00+00:00,24.702,24.964,24.379,24.492,2734021.0,2025-08-28 11:59:59.999000+00:00
2025-08-28 12:00:00+00:00,24.491,25.073,24.388,24.582,6606838.0,2025-08-28 15:59:59.999000+00:00
2025-08-28 16:00:00+00:00,24.581,24.695,24.146,24.15,3205355.0,2025-08-28 19:59:59.999000+00:00
2025-08-28 20:00:00+00:00,24.15,24.933,24.12,24.928,2689696.0,2025-08-28 23:59:59.999000+00:00
2025-08-29 00:00:00+00:00,24.927,25.197,24.614,25.1,4010259.0,2025-08-29 03:59:59.999000+00:00
2025-08-29 04:00:00+00:00,25.1,25.189,24.05,24.148,4040454.0,2025-08-29 07:59:59.999000+00:00
2025-08-29 08:00:00+00:00,24.147,24.219,23.482,23.738,4796781.0,2025-08-29 11:59:59.999000+00:00
2025-08-29 12:00:00+00:00,23.737,24.45,23.372,23.514,8078331.0,2025-08-29 15:59:59.999000+00:00
2025-08-29 16:00:00+00:00,23.512,23.673,23.185,23.451,3955187.0,2025-08-29 19:59:59.999000+00:00
2025-08-29 20:00:00+00:00,23.45,23.614,23.207,23.536,2260980.0,2025-08-29 23:59:59.999000+00:00
2025-08-30 00:00:00+00:00,23.537,23.716,23.094,23.536,2487964.0,2025-08-30 03:59:59.999000+00:00
2025-08-30 04:00:00+00:00,23.537,23.875,23.529,23.81,1892940.0,2025-08-30 07:59:59.999000+00:00
2025-08-30 08:00:00+00:00,23.809,23.813,23.506,23.741,1526352.0,2025-08-30 11:59:59.999000+00:00
2025-08-30 12:00:00+00:00,23.741,23.919,23.356,23.915,2695699.0,2025-08-30 15:59:59.999000+00:00
2025-08-30 16:00:00+00:00,23.914,23.934,23.608,23.731,1510838.0,2025-08-30 19:59:59.999000+00:00
2025-08-30 20:00:00+00:00,23.732,23.815,23.56,23.77,1049910.0,2025-08-30 23:59:59.999000+00:00
2025-08-31 00:00:00+00:00,23.769,24.067,23.757,24.023,1959398.0,2025-08-31 03:59:59.999000+00:00
2025-08-31 04:00:00+00:00,24.024,24.032,23.78,23.858,1122845.0,2025-08-31 07:59:59.999000+00:00
2025-08-31 08:00:00+00:00,23.858,24.197,23.808,24.015,1875279.0,2025-08-31 11:59:59.999000+00:00
2025-08-31 12:00:00+00:00,24.015,24.125,23.835,24.046,2052114.0,2025-08-31 15:59:59.999000+00:00
2025-08-31 16:00:00+00:00,24.047,24.05,23.784,23.798,1858301.0,2025-08-31 19:59:59.999000+00:00
2025-08-31 20:00:00+00:00,23.798,23.929,23.361,23.381,2595599.0,2025-08-31 23:59:59.999000+00:00
2025-09-01 00:00:00+00:00,23.382,23.493,23.038,23.147,3746571.0,2025-09-01 03:59:59.999000+00:00
2025-09-01 04:00:00+00:00,23.147,23.786,22.843,23.78,3753448.0,2025-09-01 07:59:59.999000+00:00
2025-09-01 08:00:00+00:00,23.779,24.338,23.687,23.76,6356092.0,2025-09-01 11:59:59.999000+00:00
2025-09-01 12:00:00+00:00,23.761,23.969,23.561,23.654,4159455.0,2025-09-01 15:59:59.999000+00:00
2025-09-01 16:00:00+00:00,23.653,23.834,23.376,23.558,3467731.0,2025-09-01 19:59:59.999000+00:00
2025-09-01 20:00:00+00:00,23.56,23.567,22.651,23.205,5618870.0,2025-09-01 23:59:59.999000+00:00
2025-09-02 00:00:00+00:00,23.204,23.762,23.015,23.679,3577504.0,2025-09-02 03:59:59.999000+00:00
2025-09-02 04:00:00+00:00,23.678,24.114,23.6,23.896,3164831.0,2025-09-02 07:59:59.999000+00:00
2025-09-02 08:00:00+00:00,23.897,24.287,23.824,23.997,3024413.0,2025-09-02 11:59:59.999000+00:00
2025-09-02 12:00:00+00:00,23.998,24.228,23.5,23.608,7569351.0,2025-09-02 15:59:59.999000+00:00
2025-09-02 16:00:00+00:00,23.608,24.008,23.581,23.841,3656273.0,2025-09-02 19:59:59.999000+00:00
2025-09-02 20:00:00+00:00,23.84,24.501,23.802,24.467,3610900.0,2025-09-02 23:59:59.999000+00:00
2025-09-03 00:00:00+00:00,24.467,24.694,24.267,24.392,3099665.0,2025-09-03 03:59:59.999000+00:00
2025-09-03 04:00:00+00:00,24.391,24.781,24.303,24.741,3572156.0,2025-09-03 07:59:59.999000+00:00
2025-09-03 08:00:00+00:00,24.74,25.783,24.729,24.993,7908104.0,2025-09-03 11:59:59.999000+00:00
2025-09-03 12:00:00+00:00,24.994,25.486,24.883,25.45,4146536.0,2025-09-03 15:59:59.999000+00:00
2025-09-03 16:00:00+00:00,25.449,25.594,25.154,25.351,3092567.0,2025-09-03 19:59:59.999000+00:00
2025-09-03 20:00:00+00:00,25.353,25.376,25.141,25.197,1321261.0,2025-09-03 23:59:59.999000+00:00
2025-09-04 00:00:00+00:00,25.197,25.268,25.029,25.132,2128685.0,2025-09-04 03:59:59.999000+00:00
2025-09-04 04:00:00+00:00,25.132,25.228,24.657,24.757,3075484.0,2025-09-04 07:59:59.999000+00:00
2025-09-04 08:00:00+00:00,24.757,24.956,24.582,24.59,2106011.0,2025-09-04 11:59:59.999000+00:00
2025-09-04 12:00:00+00:00,24.591,24.842,24.529,24.716,3548314.0,2025-09-04 15:59:59.999000+00:00
2025-09-04 16:00:00+00:00,24.716,24.768,24.164,24.208,3086179.0,2025-09-04 19:59:59.999000+00:00
2025-09-04 20:00:00+00:00,24.208,24.581,24.176,24.202,2282066.0,2025-09-04 23:59:59.999000+00:00
2025-09-05 00:00:00+00:00,24.202,24.338,23.846,24.333,3164367.0,2025-09-05 03:59:59.999000+00:00
2025-09-05 04:00:00+00:00,24.333,24.883,24.212,24.842,2632467.0,2025-09-05 07:59:59.999000+00:00
2025-09-05 08:00:00+00:00,24.841,24.879,24.581,24.762,2242966.0,2025-09-05 11:59:59.999000+00:00
2025-09-05 12:00:00+00:00,24.763,25.099,24.136,24.303,8677051.0,2025-09-05 15:59:59.999000+00:00
2025-09-05 16:00:00+00:00,24.304,24.45,24.17,24.416,2287146.0,2025-09-05 19:59:59.999000+00:00
2025-09-05 20:00:00+00:00,24.416,24.564,24.193,24.465,2009020.0,2025-09-05 23:59:59.999000+00:00
2025-09-06 00:00:00+00:00,24.465,24.528,24.291,24.406,948922.0,2025-09-06 03:59:59.999000+00:00
2025-09-06 04:00:00+00:00,24.406,24.406,24.187,24.247,769625.0,2025-09-06 07:59:59.999000+00:00
2025-09-06 08:00:00+00:00,24.247,24.263,24.076,24.147,953488.0,2025-09-06 11:59:59.999000+00:00
2025-09-06 12:00:00+00:00,24.147,24.395,24.113,24.213,1350225.0,2025-09-06 15:59:59.999000+00:00
2025-09-06 16:00:00+00:00,24.213,24.612,24.179,24.326,2408053.0,2025-09-06 19:59:59.999000+00:00
2025-09-06 20:00:00+00:00,24.321,24.473,24.311,24.369,1026744.0,2025-09-06 23:59:59.999000+00:00
2025-09-07 00:00:00+00:00,24.369,24.67,24.327,24.572,1133859.0,2025-09-07 03:59:59.999000+00:00
2025-09-07 04:00:00+00:00,24.573,24.722,24.48,24.539,1087446.0,2025-09-07 07:59:59.999000+00:00
2025-09-07 08:00:00+00:00,24.54,24.719,24.374,24.481,1568107.0,2025-09-07 11:59:59.999000+00:00
2025-09-07 12:00:00+00:00,24.48,24.689,24.385,24.606,1767567.0,2025-09-07 15:59:59.999000+00:00
2025-09-07 16:00:00+00:00,24.606,24.624,24.25,24.529,1800040.0,2025-09-07 19:59:59.999000+00:00
2025-09-07 20:00:00+00:00,24.529,24.94,24.454,24.683,2294674.0,2025-09-07 23:59:59.999000+00:00
2025-09-08 00:00:00+00:00,24.683,25.014,24.532,24.868,2588187.0,2025-09-08 03:59:59.999000+00:00
2025-09-08 04:00:00+00:00,24.868,25.032,24.612,24.876,2230827.0,2025-09-08 07:59:59.999000+00:00
2025-09-08 08:00:00+00:00,24.877,25.424,24.869,25.172,3115155.0,2025-09-08 11:59:59.999000+00:00
2025-09-08 12:00:00+00:00,25.171,25.801,25.051,25.725,4021221.0,2025-09-08 15:59:59.999000+00:00
2025-09-08 16:00:00+00:00,25.724,25.776,25.325,25.369,2447247.0,2025-09-08 19:59:59.999000+00:00
2025-09-08 20:00:00+00:00,25.369,25.478,25.194,25.282,1535592.0,2025-09-08 23:59:59.999000+00:00
2025-09-09 00:00:00+00:00,25.282,25.419,24.903,25.156,2277500.0,2025-09-09 03:59:59.999000+00:00
2025-09-09 04:00:00+00:00,25.155,26.144,25.028,25.909,3697500.0,2025-09-09 07:59:59.999000+00:00
2025-09-09 08:00:00+00:00,25.909,26.253,25.86,25.986,2379434.0,2025-09-09 11:59:59.999000+00:00
2025-09-09 12:00:00+00:00,25.986,26.361,25.61,25.93,6586164.0,2025-09-09 15:59:59.999000+00:00
2025-09-09 16:00:00+00:00,25.931,26.158,25.798,25.892,3013478.0,2025-09-09 19:59:59.999000+00:00
2025-09-09 20:00:00+00:00,25.892,26.053,25.798,25.931,1695450.0,2025-09-09 23:59:59.999000+00:00
2025-09-10 00:00:00+00:00,25.931,26.301,25.737,26.22,2489809.0,2025-09-10 03:59:59.999000+00:00
2025-09-10 04:00:00+00:00,26.219,27.105,26.127,26.921,5466801.0,2025-09-10 07:59:59.999000+00:00
2025-09-10 08:00:00+00:00,26.924,26.982,26.376,26.873,3824313.0,2025-09-10 11:59:59.999000+00:00
2025-09-10 12:00:00+00:00,26.876,28.973,26.873,28.669,12501639.0,2025-09-10 15:59:59.999000+00:00
2025-09-10 16:00:00+00:00,28.67,29.16,28.383,28.532,6549745.0,2025-09-10 19:59:59.999000+00:00
2025-09-10 20:00:00+00:00,28.531,29.522,28.47,29.474,4400497.0,2025-09-10 23:59:59.999000+00:00
2025-09-11 00:00:00+00:00,29.473,29.48,28.81,29.41,3484019.0,2025-09-11 03:59:59.999000+00:00
2025-09-11 04:00:00+00:00,29.41,30.008,28.501,28.765,7124287.0,2025-09-11 07:59:59.999000+00:00
2025-09-11 08:00:00+00:00,28.765,29.15,28.699,28.956,3038804.0,2025-09-11 11:59:59.999000+00:00
2025-09-11 12:00:00+00:00,28.956,29.2,28.177,28.92,7264311.0,2025-09-11 15:59:59.999000+00:00
2025-09-11 16:00:00+00:00,28.921,29.096,28.805,28.973,2117447.0,2025-09-11 19:59:59.999000+00:00
2025-09-11 20:00:00+00:00,28.973,29.214,28.706,29.133,2215680.0,2025-09-11 23:59:59.999000+00:00
2025-09-12 00:00:00+00:00,29.132,29.394,28.708,28.771,3230871.0,2025-09-12 03:59:59.999000+00:00
2025-09-12 04:00:00+00:00,28.77,29.061,28.464,28.665,3038883.0,2025-09-12 07:59:59.999000+00:00
2025-09-12 08:00:00+00:00,28.665,28.67,28.311,28.331,2473443.0,2025-09-12 11:59:59.999000+00:00
2025-09-12 12:00:00+00:00,28.332,28.817,28.215,28.53,3667805.0,2025-09-12 15:59:59.999000+00:00
2025-09-12 16:00:00+00:00,28.53,28.67,28.412,28.615,2625868.0,2025-09-12 19:59:59.999000+00:00
2025-09-12 20:00:00+00:00,28.614,28.985,28.496,28.968,2939925.0,2025-09-12 23:59:59.999000+00:00
2025-09-13 00:00:00+00:00,28.968,30.306,28.726,30.226,6676172.0,2025-09-13 03:59:59.999000+00:00
2025-09-13 04:00:00+00:00,30.226,31.235,30.088,30.85,6499466.0,2025-09-13 07:59:59.999000+00:00
2025-09-13 08:00:00+00:00,30.849,31.1,29.97,30.461,4929961.0,2025-09-13 11:59:59.999000+00:00
2025-09-13 12:00:00+00:00,30.461,30.505,29.669,29.816,4070848.0,2025-09-13 15:59:59.999000+00:00
2025-09-13 16:00:00+00:00,29.816,29.943,29.259,29.603,3674972.0,2025-09-13 19:59:59.999000+00:00
2025-09-13 20:00:00+00:00,29.603,30.087,29.591,30.069,2173132.0,2025-09-13 23:59:59.999000+00:00
2025-09-14 00:00:00+00:00,30.069,30.198,29.717,29.759,2525892.0,2025-09-14 03:59:59.999000+00:00
2025-09-14 04:00:00+00:00,29.759,30.616,29.608,29.952,4438207.0,2025-09-14 07:59:59.999000+00:00
2025-09-14 08:00:00+00:00,29.953,30.355,29.623,29.666,3046220.0,2025-09-14 11:59:59.999000+00:00
2025-09-14 12:00:00+00:00,29.666,29.863,28.938,29.104,4945066.0,2025-09-14 15:59:59.999000+00:00
2025-09-14 16:00:00+00:00,29.103,29.804,29.042,29.594,3054646.0,2025-09-14 19:59:59.999000+00:00
2025-09-14 20:00:00+00:00,29.592,30.402,29.321,29.431,5135434.0,2025-09-14 23:59:59.999000+00:00
2025-09-15 00:00:00+00:00,29.43,29.788,29.215,29.618,2791068.0,2025-09-15 03:59:59.999000+00:00
2025-09-15 04:00:00+00:00,29.619,30.281,29.03,29.162,4553877.0,2025-09-15 07:59:59.999000+00:00
2025-09-15 08:00:00+00:00,29.16,29.164,28.228,28.821,6775023.0,2025-09-15 11:59:59.999000+00:00
2025-09-15 12:00:00+00:00,28.82,29.005,28.3,28.475,3907815.0,2025-09-15 15:59:59.999000+00:00
2025-09-15 16:00:00+00:00,28.479,29.244,28.275,29.111,3289947.0,2025-09-15 19:59:59.999000+00:00
2025-09-15 20:00:00+00:00,29.112,30.439,29.059,29.794,6832317.0,2025-09-15 23:59:59.999000+00:00
2025-09-16 00:00:00+00:00,29.793,29.889,29.303,29.344,2515193.0,2025-09-16 03:59:59.999000+00:00
2025-09-16 04:00:00+00:00,29.344,30.718,29.166,30.61,4465363.0,2025-09-16 07:59:59.999000+00:00
2025-09-16 08:00:00+00:00,30.611,30.973,30.361,30.441,6004251.0,2025-09-16 11:59:59.999000+00:00
2025-09-16 12:00:00+00:00,30.442,30.559,29.594,30.11,5940296.0,2025-09-16 15:59:59.999000+00:00
2025-09-16 16:00:00+00:00,30.111,30.426,29.876,29.97,3648745.0,2025-09-16 19:59:59.999000+00:00
2025-09-16 20:00:00+00:00,29.971,30.183,29.882,30.055,1871408.0,2025-09-16 23:59:59.999000+00:00
2025-09-17 00:00:00+00:00,30.055,30.195,29.708,29.716,2276552.0,2025-09-17 03:59:59.999000+00:00
2025-09-17 04:00:00+00:00,29.715,30.243,29.512,30.109,3049084.0,2025-09-17 07:59:59.999000+00:00
2025-09-17 08:00:00+00:00,30.102,30.152,29.813,29.902,2459258.0,2025-09-17 11:59:59.999000+00:00
2025-09-17 12:00:00+00:00,29.903,30.008,29.369,29.489,2492190.0,2025-09-17 15:59:59.999000+00:00
2025-09-17 16:00:00+00:00,29.489,30.348,29.363,30.054,7332500.0,2025-09-17 19:59:59.999000+00:00
2025-09-17 20:00:00+00:00,30.053,32.002,29.744,31.825,7501149.0,2025-09-17 23:59:59.999000+00:00
2025-09-18 00:00:00+00:00,31.827,33.033,31.631,32.909,6383015.0,2025-09-18 03:59:59.999000+00:00
2025-09-18 04:00:00+00:00,32.908,33.283,32.395,32.804,4639272.0,2025-09-18 07:59:59.999000+00:00
2025-09-18 08:00:00+00:00,32.805,33.138,32.653,32.772,3613076.0,2025-09-18 11:59:59.999000+00:00
2025-09-18 12:00:00+00:00,32.773,33.49,32.702,33.133,5374711.0,2025-09-18 15:59:59.999000+00:00
2025-09-18 16:00:00+00:00,33.133,34.874,33.087,34.707,9968330.0,2025-09-18 19:59:59.999000+00:00
2025-09-18 20:00:00+00:00,34.708,35.434,34.598,35.193,7550467.0,2025-09-18 23:59:59.999000+00:00
2025-09-19 00:00:00+00:00,35.193,35.808,34.733,34.775,7067401.0,2025-09-19 03:59:59.999000+00:00
2025-09-19 04:00:00+00:00,34.775,34.892,33.912,34.424,6091094.0,2025-09-19 07:59:59.999000+00:00
2025-09-19 08:00:00+00:00,34.422,34.611,33.785,33.958,4252972.0,2025-09-19 11:59:59.999000+00:00
2025-09-19 12:00:00+00:00,33.958,34.308,33.495,33.935,5820072.0,2025-09-19 15:59:59.999000+00:00
2025-09-19 16:00:00+00:00,33.935,34.371,33.752,33.794,3262052.0,2025-09-19 19:59:59.999000+00:00
2025-09-19 20:00:00+00:00,33.794,33.952,33.289,33.719,3333685.0,2025-09-19 23:59:59.999000+00:00
2025-09-20 00:00:00+00:00,33.72,34.093,33.468,33.645,2107307.0,2025-09-20 03:59:59.999000+00:00
2025-09-20 04:00:00+00:00,33.645,34.046,33.618,33.923,1846881.0,2025-09-20 07:59:59.999000+00:00
2025-09-20 08:00:00+00:00,33.92,33.933,32.833,33.06,3475121.0,2025-09-20 11:59:59.999000+00:00
2025-09-20 12:00:00+00:00,33.06,34.012,32.88,33.6,3742324.0,2025-09-20 15:59:59.999000+00:00
2025-09-20 16:00:00+00:00,33.597,33.75,32.986,33.249,2819526.0,2025-09-20 19:59:59.999000+00:00
2025-09-20 20:00:00+00:00,33.248,33.431,33.076,33.154,1175599.0,2025-09-20 23:59:59.999000+00:00
2025-09-21 00:00:00+00:00,33.153,33.278,32.768,33.27,2157776.0,2025-09-21 03:59:59.999000+00:00
2025-09-21 04:00:00+00:00,33.269,33.288,32.86,32.96,1438953.0,2025-09-21 07:59:59.999000+00:00
2025-09-21 08:00:00+00:00,32.957,33.594,32.57,32.854,4236287.0,2025-09-21 11:59:59.999000+00:00
2025-09-21 12:00:00+00:00,32.854,33.138,32.804,33.033,2255494.0,2025-09-21 15:59:59.999000+00:00
2025-09-21 16:00:00+00:00,33.034,33.254,32.612,33.214,2091485.0,2025-09-21 19:59:59.999000+00:00
2025-09-21 20:00:00+00:00,33.213,33.29,32.958,33.02,1481240.0,2025-09-21 23:59:59.999000+00:00
2025-09-22 00:00:00+00:00,33.023,33.124,31.27,31.786,7280522.0,2025-09-22 03:59:59.999000+00:00
2025-09-22 04:00:00+00:00,31.785,31.925,26.788,30.532,8351038.0,2025-09-22 07:59:59.999000+00:00
2025-09-22 08:00:00+00:00,30.532,31.454,30.451,31.092,4822478.0,2025-09-22 11:59:59.999000+00:00
2025-09-22 12:00:00+00:00,31.094,32.052,31.014,31.935,7537184.0,2025-09-22 15:59:59.999000+00:00
2025-09-22 16:00:00+00:00,31.935,32.163,31.35,31.361,4173975.0,2025-09-22 19:59:59.999000+00:00
2025-09-22 20:00:00+00:00,31.362,33.976,31.316,33.861,7415185.0,2025-09-22 23:59:59.999000+00:00
2025-09-23 00:00:00+00:00,33.863,35.768,32.742,34.94,12562155.0,2025-09-23 03:59:59.999000+00:00
2025-09-23 04:00:00+00:00,34.939,35.59,34.013,34.957,8500417.0,2025-09-23 07:59:59.999000+00:00
2025-09-23 08:00:00+00:00,34.954,35.52,34.255,34.441,5372369.0,2025-09-23 11:59:59.999000+00:00
2025-09-23 12:00:00+00:00,34.441,36.16,34.057,35.14,9401022.0,2025-09-23 15:59:59.999000+00:00
2025-09-23 16:00:00+00:00,35.14,35.25,33.632,33.759,6185417.0,2025-09-23 19:59:59.999000+00:00
2025-09-23 20:00:00+00:00,33.757,33.972,33.407,33.586,3803553.0,2025-09-23 23:59:59.999000+00:00
2025-09-24 00:00:00+00:00,33.587,34.932,33.198,33.249,6661503.0,2025-09-24 03:59:59.999000+00:00
2025-09-24 04:00:00+00:00,33.247,34.469,32.855,34.12,5401244.0,2025-09-24 07:59:59.999000+00:00
2025-09-24 08:00:00+00:00,34.121,34.421,34.004,34.143,2851129.0,2025-09-24 11:59:59.999000+00:00
2025-09-24 12:00:00+00:00,34.141,34.745,34.098,34.484,4387568.0,2025-09-24 15:59:59.999000+00:00
2025-09-24 16:00:00+00:00,34.484,34.832,34.201,34.207,3329652.0,2025-09-24 19:59:59.999000+00:00
2025-09-24 20:00:00+00:00,34.207,34.26,32.253,32.298,6037678.0,2025-09-24 23:59:59.999000+00:00
2025-09-25 00:00:00+00:00,32.297,32.79,31.69,31.825,6447205.0,2025-09-25 03:59:59.999000+00:00
2025-09-25 04:00:00+00:00,31.826,31.828,30.663,30.714,6363810.0,2025-09-25 07:59:59.999000+00:00
2025-09-25 08:00:00+00:00,30.714,31.123,30.411,30.586,5396007.0,2025-09-25 11:59:59.999000+00:00
2025-09-25 12:00:00+00:00,30.586,30.727,29.9,30.237,6709020.0,2025-09-25 15:59:59.999000+00:00
2025-09-25 16:00:00+00:00,30.237,30.252,28.85,29.468,8097377.0,2025-09-25 19:59:59.999000+00:00
2025-09-25 20:00:00+00:00,29.47,29.502,28.525,28.629,4914201.0,2025-09-25 23:59:59.999000+00:00
2025-09-26 00:00:00+00:00,28.628,29.064,27.898,28.247,6225198.0,2025-09-26 03:59:59.999000+00:00
2025-09-26 04:00:00+00:00,28.247,28.48,27.671,28.263,4353283.0,2025-09-26 07:59:59.999000+00:00
2025-09-26 08:00:00+00:00,28.263,28.566,27.4,27.564,5054640.0,2025-09-26 11:59:59.999000+00:00
2025-09-26 12:00:00+00:00,27.564,27.901,27.039,27.872,7691992.0,2025-09-26 15:59:59.999000+00:00
2025-09-26 16:00:00+00:00,27.872,29.58,27.808,28.698,10392846.0,2025-09-26 19:59:59.999000+00:00
2025-09-26 20:00:00+00:00,28.698,29.118,28.579,29.081,3059760.0,2025-09-26 23:59:59.999000+00:00
2025-09-27 00:00:00+00:00,29.081,29.086,28.641,28.736,2130769.0,2025-09-27 03:59:59.999000+00:00
2025-09-27 04:00:00+00:00,28.735,28.959,28.596,28.661,1413994.0,2025-09-27 07:59:59.999000+00:00
2025-09-27 08:00:00+00:00,28.662,28.662,28.277,28.335,2151364.0,2025-09-27 11:59:59.999000+00:00
2025-09-27 12:00:00+00:00,28.335,28.832,28.221,28.674,2935176.0,2025-09-27 15:59:59.999000+00:00
2025-09-27 16:00:00+00:00,28.675,28.78,28.392,28.752,1920308.0,2025-09-27 19:59:59.999000+00:00
2025-09-27 20:00:00+00:00,28.752,28.961,28.59,28.736,1328408.0,2025-09-27 23:59:59.999000+00:00
2025-09-28 00:00:00+00:00,28.735,28.877,28.179,28.254,1624137.0,2025-09-28 03:59:59.999000+00:00
2025-09-28 04:00:00+00:00,28.254,28.414,28.073,28.37,1379049.0,2025-09-28 07:59:59.999000+00:00
2025-09-28 08:00:00+00:00,28.369,28.776,28.03,28.111,2589376.0,2025-09-28 11:59:59.999000+00:00
2025-09-28 12:00:00+00:00,28.111,28.925,27.919,28.807,3462783.0,2025-09-28 15:59:59.999000+00:00
2025-09-28 16:00:00+00:00,28.807,29.158,28.792,29.0,2370889.0,2025-09-28 19:59:59.999000+00:00
2025-09-28 20:00:00+00:00,28.999,30.178,28.945,29.979,4464885.0,2025-09-28 23:59:59.999000+00:00
2025-09-29 00:00:00+00:00,29.98,30.219,29.415,29.747,3356899.0,2025-09-29 03:59:59.999000+00:00
2025-09-29 04:00:00+00:00,29.747,29.792,29.247,29.561,2623917.0,2025-09-29 07:59:59.999000+00:00
2025-09-29 08:00:00+00:00,29.56,29.988,29.128,29.675,3940637.0,2025-09-29 11:59:59.999000+00:00
2025-09-29 12:00:00+00:00,29.675,30.538,29.144,30.443,6706402.0,2025-09-29 15:59:59.999000+00:00
2025-09-29 16:00:00+00:00,30.443,30.701,30.01,30.464,4363734.0,2025-09-29 19:59:59.999000+00:00
2025-09-29 20:00:00+00:00,30.465,30.816,30.338,30.394,2488723.0,2025-09-29 23:59:59.999000+00:00
2025-09-30 00:00:00+00:00,30.393,30.691,29.816,29.861,3097336.0,2025-09-30 03:59:59.999000+00:00
2025-09-30 04:00:00+00:00,29.862,29.927,29.414,29.504,2086859.0,2025-09-30 07:59:59.999000+00:00
2025-09-30 08:00:00+00:00,29.503,29.757,29.182,29.422,3089483.0,2025-09-30 11:59:59.999000+00:00
2025-09-30 12:00:00+00:00,29.421,29.458,28.81,29.057,3580471.0,2025-09-30 15:59:59.999000+00:00
2025-09-30 16:00:00+00:00,29.056,30.084,28.808,30.01,3565901.0,2025-09-30 19:59:59.999000+00:00
2025-09-30 20:00:00+00:00,30.011,30.376,29.764,30.012,2825980.0,2025-09-30 23:59:59.999000+00:00
2025-10-01 00:00:00+00:00,30.012,30.231,29.619,29.646,1904621.0,2025-10-01 03:59:59.999000+00:00
2025-10-01 04:00:00+00:00,29.645,30.091,29.611,29.999,2063583.0,2025-10-01 07:59:59.999000+00:00
2025-10-01 08:00:00+00:00,29.999,31.087,29.995,30.782,4889816.0,2025-10-01 11:59:59.999000+00:00
2025-10-01 12:00:00+00:00,30.782,30.822,30.339,30.565,3636210.0,2025-10-01 15:59:59.999000+00:00
2025-10-01 16:00:00+00:00,30.567,30.722,30.448,30.592,2268952.0,2025-10-01 19:59:59.999000+00:00
2025-10-01 20:00:00+00:00,30.592,30.721,30.435,30.72,2226002.0,2025-10-01 23:59:59.999000+00:00
2025-10-02 00:00:00+00:00,30.721,31.373,30.479,30.856,5508164.0,2025-10-02 03:59:59.999000+00:00
2025-10-02 04:00:00+00:00,30.856,30.944,30.551,30.567,2864144.0,2025-10-02 07:59:59.999000+00:00
2025-10-02 08:00:00+00:00,30.567,30.644,30.4,30.505,2615120.0,2025-10-02 11:59:59.999000+00:00
2025-10-02 12:00:00+00:00,30.505,30.731,29.492,29.995,8382424.0,2025-10-02 15:59:59.999000+00:00
2025-10-02 16:00:00+00:00,29.994,31.133,29.924,31.006,4231225.0,2025-10-02 19:59:59.999000+00:00
2025-10-02 20:00:00+00:00,31.007,31.235,30.806,30.965,2640472.0,2025-10-02 23:59:59.999000+00:00
2025-10-03 00:00:00+00:00,30.964,31.005,30.447,30.744,2604698.0,2025-10-03 03:59:59.999000+00:00
2025-10-03 04:00:00+00:00,30.745,30.906,30.06,30.16,2394139.0,2025-10-03 07:59:59.999000+00:00
2025-10-03 08:00:00+00:00,30.159,30.48,29.97,30.139,2577466.0,2025-10-03 11:59:59.999000+00:00
2025-10-03 12:00:00+00:00,30.139,31.259,30.016,31.233,4804867.0,2025-10-03 15:59:59.999000+00:00
2025-10-03 16:00:00+00:00,31.232,31.558,30.36,31.169,7191016.0,2025-10-03 19:59:59.999000+00:00
2025-10-03 20:00:00+00:00,31.17,31.485,31.114,31.317,1931871.0,2025-10-03 23:59:59.999000+00:00
2025-10-04 00:00:00+00:00,31.316,31.439,31.033,31.223,1804354.0,2025-10-04 03:59:59.999000+00:00
2025-10-04 04:00:00+00:00,31.222,31.384,30.765,30.788,1707327.0,2025-10-04 07:59:59.999000+00:00
2025-10-04 08:00:00+00:00,30.787,30.795,30.232,30.305,2431408.0,2025-10-04 11:59:59.999000+00:00
2025-10-04 12:00:00+00:00,30.305,30.536,29.838,29.919,3654833.0,2025-10-04 15:59:59.999000+00:00
2025-10-04 16:00:00+00:00,29.919,30.08,29.854,30.013,1623817.0,2025-10-04 19:59:59.999000+00:00
2025-10-04 20:00:00+00:00,30.012,30.279,29.996,30.093,1064278.0,2025-10-04 23:59:59.999000+00:00
2025-10-05 00:00:00+00:00,30.092,30.684,29.8,30.459,2837998.0,2025-10-05 03:59:59.999000+00:00
2025-10-05 04:00:00+00:00,30.459,31.08,30.356,31.067,3269297.0,2025-10-05 07:59:59.999000+00:00
2025-10-05 08:00:00+00:00,31.067,31.201,30.05,30.313,3851673.0,2025-10-05 11:59:59.999000+00:00
2025-10-05 12:00:00+00:00,30.314,30.328,29.934,30.224,2230418.0,2025-10-05 15:59:59.999000+00:00
2025-10-05 16:00:00+00:00,30.225,30.292,29.657,29.687,2354438.0,2025-10-05 19:59:59.999000+00:00
2025-10-05 20:00:00+00:00,29.687,30.134,29.612,30.051,1649766.0,2025-10-05 23:59:59.999000+00:00
2025-10-06 00:00:00+00:00,30.051,30.431,29.919,30.232,3064468.0,2025-10-06 03:59:59.999000+00:00
2025-10-06 04:00:00+00:00,30.232,30.464,30.116,30.292,2363442.0,2025-10-06 07:59:59.999000+00:00
2025-10-06 08:00:00+00:00,30.293,30.797,30.293,30.495,2225514.0,2025-10-06 11:59:59.999000+00:00
2025-10-06 12:00:00+00:00,30.496,30.977,30.419,30.833,4380723.0,2025-10-06 15:59:59.999000+00:00
2025-10-06 16:00:00+00:00,30.833,31.027,30.633,30.837,2871429.0,2025-10-06 19:59:59.999000+00:00
2025-10-06 20:00:00+00:00,30.837,30.957,30.512,30.609,1941544.0,2025-10-06 23:59:59.999000+00:00
2025-10-07 00:00:00+00:00,30.608,30.724,30.3,30.338,1711078.0,2025-10-07 03:59:59.999000+00:00
2025-10-07 04:00:00+00:00,30.337,30.58,30.023,30.089,2482153.0,2025-10-07 07:59:59.999000+00:00
2025-10-07 08:00:00+00:00,30.089,30.089,29.5,30.0,3844081.0,2025-10-07 11:59:59.999000+00:00
2025-10-07 12:00:00+00:00,30.0,30.001,28.42,28.517,8471273.0,2025-10-07 15:59:59.999000+00:00
2025-10-07 16:00:00+00:00,28.517,28.741,28.064,28.093,4528142.0,2025-10-07 19:59:59.999000+00:00
2025-10-07 20:00:00+00:00,28.093,28.414,27.8,27.911,2930732.0,2025-10-07 23:59:59.999000+00:00
2025-10-08 00:00:00+00:00,27.911,28.34,27.855,27.958,3123631.0,2025-10-08 03:59:59.999000+00:00
2025-10-08 04:00:00+00:00,27.958,28.288,27.82,28.278,2040603.0,2025-10-08 07:59:59.999000+00:00
2025-10-08 08:00:00+00:00,28.279,28.47,28.149,28.285,2122696.0,2025-10-08 11:59:59.999000+00:00
2025-10-08 12:00:00+00:00,28.285,28.746,28.184,28.276,3030243.0,2025-10-08 15:59:59.999000+00:00
2025-10-08 16:00:00+00:00,28.276,29.63,28.232,29.182,5679623.0,2025-10-08 19:59:59.999000+00:00
2025-10-08 20:00:00+00:00,29.182,29.245,28.758,28.804,1675582.0,2025-10-08 23:59:59.999000+00:00
2025-10-09 00:00:00+00:00,28.804,28.898,28.1,28.394,2374341.0,2025-10-09 03:59:59.999000+00:00
2025-10-09 04:00:00+00:00,28.393,28.551,28.273,28.352,1181950.0,2025-10-09 07:59:59.999000+00:00
2025-10-09 08:00:00+00:00,28.352,28.442,27.956,28.3,2306752.0,2025-10-09 11:59:59.999000+00:00
2025-10-09 12:00:00+00:00,28.299,28.709,27.82,27.945,3631597.0,2025-10-09 15:59:59.999000+00:00
2025-10-09 16:00:00+00:00,27.945,28.18,27.537,28.071,2664942.0,2025-10-09 19:59:59.999000+00:00
2025-10-09 20:00:00+00:00,28.072,28.453,27.963,28.374,1485401.0,2025-10-09 23:59:59.999000+00:00
2025-10-10 00:00:00+00:00,28.375,28.569,28.26,28.358,1725566.0,2025-10-10 03:59:59.999000+00:00
2025-10-10 04:00:00+00:00,28.357,28.613,28.178,28.214,1438704.0,2025-10-10 07:59:59.999000+00:00
2025-10-10 08:00:00+00:00,28.215,28.41,28.024,28.249,1664936.0,2025-10-10 11:59:59.999000+00:00
2025-10-10 12:00:00+00:00,28.248,28.476,26.599,26.979,7700211.0,2025-10-10 15:59:59.999000+00:00
2025-10-10 16:00:00+00:00,26.979,27.099,26.048,26.417,5968285.0,2025-10-10 19:59:59.999000+00:00
2025-10-10 20:00:00+00:00,26.417,26.675,8.433,20.608,35428818.0,2025-10-10 23:59:59.999000+00:00
2025-10-11 00:00:00+00:00,20.613,22.844,20.33,21.924,8823519.0,2025-10-11 03:59:59.999000+00:00
2025-10-11 04:00:00+00:00,21.924,22.638,21.721,22.189,4642761.0,2025-10-11 07:59:59.999000+00:00
2025-10-11 08:00:00+00:00,22.19,23.357,22.093,22.657,4557516.0,2025-10-11 11:59:59.999000+00:00
2025-10-11 12:00:00+00:00,22.656,22.949,21.946,22.795,5222762.0,2025-10-11 15:59:59.999000+00:00
2025-10-11 16:00:00+00:00,22.794,23.134,21.755,21.878,3976773.0,2025-10-11 19:59:59.999000+00:00
2025-10-11 20:00:00+00:00,21.878,21.95,20.923,21.438,5292110.0,2025-10-11 23:59:59.999000+00:00
2025-10-12 00:00:00+00:00,21.437,21.468,20.646,21.008,4410729.0,2025-10-12 03:59:59.999000+00:00
2025-10-12 04:00:00+00:00,21.008,21.55,20.985,21.356,2187209.0,2025-10-12 07:59:59.999000+00:00
2025-10-12 08:00:00+00:00,21.356,21.443,20.904,21.077,2765903.0,2025-10-12 11:59:59.999000+00:00
2025-10-12 12:00:00+00:00,21.076,22.53,20.746,22.338,10581781.0,2025-10-12 15:59:59.999000+00:00
2025-10-12 16:00:00+00:00,22.338,23.094,22.268,22.99,8493231.0,2025-10-12 19:59:59.999000+00:00
2025-10-12 20:00:00+00:00,22.99,23.309,22.249,22.477,4802246.0,2025-10-12 23:59:59.999000+00:00
2025-10-13 00:00:00+00:00,22.477,22.562,21.845,22.204,4513636.0,2025-10-13 03:59:59.999000+00:00
2025-10-13 04:00:00+00:00,22.204,22.866,22.097,22.682,3938594.0,2025-10-13 07:59:59.999000+00:00
2025-10-13 08:00:00+00:00,22.682,23.044,21.676,22.176,6168195.0,2025-10-13 11:59:59.999000+00:00
2025-10-13 12:00:00+00:00,22.177,22.934,22.005,22.792,9324495.0,2025-10-13 15:59:59.999000+00:00
2025-10-13 16:00:00+00:00,22.793,24.043,22.62,23.83,7109871.0,2025-10-13 19:59:59.999000+00:00
2025-10-13 20:00:00+00:00,23.832,24.022,23.689,23.798,2877205.0,2025-10-13 23:59:59.999000+00:00
2025-10-14 00:00:00+00:00,23.799,23.883,23.171,23.326,3412440.0,2025-10-14 03:59:59.999000+00:00
2025-10-14 04:00:00+00:00,23.325,23.355,21.961,22.129,6738550.0,2025-10-14 07:59:59.999000+00:00
2025-10-14 08:00:00+00:00,22.129,22.734,21.933,22.396,5259194.0,2025-10-14 11:59:59.999000+00:00
2025-10-14 12:00:00+00:00,22.396,22.819,21.792,22.78,5912188.0,2025-10-14 15:59:59.999000+00:00
2025-10-14 16:00:00+00:00,22.778,23.123,22.325,22.562,6252920.0,2025-10-14 19:59:59.999000+00:00
2025-10-14 20:00:00+00:00,22.563,22.837,22.467,22.723,2010613.0,2025-10-14 23:59:59.999000+00:00
2025-10-15 00:00:00+00:00,22.724,22.891,22.349,22.46,3122142.0,2025-10-15 03:59:59.999000+00:00
2025-10-15 04:00:00+00:00,22.461,22.98,22.38,22.953,2555761.0,2025-10-15 07:59:59.999000+00:00
2025-10-15 08:00:00+00:00,22.952,23.269,22.39,22.544,3388795.0,2025-10-15 11:59:59.999000+00:00
2025-10-15 12:00:00+00:00,22.544,22.569,21.742,21.912,5547327.0,2025-10-15 15:59:59.999000+00:00
2025-10-15 16:00:00+00:00,21.911,22.146,21.579,21.979,3558228.0,2025-10-15 19:59:59.999000+00:00
2025-10-15 20:00:00+00:00,21.978,22.075,21.537,21.886,2812672.0,2025-10-15 23:59:59.999000+00:00
2025-10-16 00:00:00+00:00,21.885,22.125,21.772,21.911,1814350.0,2025-10-16 03:59:59.999000+00:00
2025-10-16 04:00:00+00:00,21.912,22.083,21.684,21.853,1963169.0,2025-10-16 07:59:59.999000+00:00
2025-10-16 08:00:00+00:00,21.852,22.306,20.9,22.248,5255630.0,2025-10-16 11:59:59.999000+00:00
2025-10-16 12:00:00+00:00,22.248,22.381,21.026,21.129,5269628.0,2025-10-16 15:59:59.999000+00:00
2025-10-16 16:00:00+00:00,21.13,21.506,20.554,20.768,6134648.0,2025-10-16 19:59:59.999000+00:00
2025-10-16 20:00:00+00:00,20.767,21.012,20.565,20.959,2906390.0,2025-10-16 23:59:59.999000+00:00
2025-10-17 00:00:00+00:00,20.96,21.253,20.837,20.962,1880060.0,2025-10-17 03:59:59.999000+00:00
2025-10-17 04:00:00+00:00,20.963,20.975,19.34,19.387,7190421.0,2025-10-17 07:59:59.999000+00:00
2025-10-17 08:00:00+00:00,19.388,20.024,19.01,19.809,8025149.0,2025-10-17 11:59:59.999000+00:00
2025-10-17 12:00:00+00:00,19.81,19.98,19.395,19.926,5041275.0,2025-10-17 15:59:59.999000+00:00
2025-10-17 16:00:00+00:00,19.926,20.237,19.788,19.921,4396196.0,2025-10-17 19:59:59.999000+00:00
2025-10-17 20:00:00+00:00,19.921,20.295,19.878,19.944,2277365.0,2025-10-17 23:59:59.999000+00:00
2025-10-18 00:00:00+00:00,19.944,20.197,19.882,20.028,1558131.0,2025-10-18 03:59:59.999000+00:00
2025-10-18 04:00:00+00:00,20.028,20.409,19.85,20.156,2308135.0,2025-10-18 07:59:59.999000+00:00
2025-10-18 08:00:00+00:00,20.156,20.339,20.089,20.202,1637023.0,2025-10-18 11:59:59.999000+00:00
2025-10-18 12:00:00+00:00,20.202,20.3,19.849,20.014,2100987.0,2025-10-18 15:59:59.999000+00:00
2025-10-18 16:00:00+00:00,20.015,20.182,19.816,20.153,1502821.0,2025-10-18 19:59:59.999000+00:00
2025-10-18 20:00:00+00:00,20.153,20.274,20.081,20.205,953312.0,2025-10-18 23:59:59.999000+00:00
2025-10-19 00:00:00+00:00,20.205,20.283,19.986,20.264,1188991.0,2025-10-19 03:59:59.999000+00:00
2025-10-19 04:00:00+00:00,20.263,20.28,19.857,19.944,1371014.0,2025-10-19 07:59:59.999000+00:00
2025-10-19 08:00:00+00:00,19.944,20.601,19.737,20.385,4755982.0,2025-10-19 11:59:59.999000+00:00
2025-10-19 12:00:00+00:00,20.385,20.824,20.294,20.726,2657626.0,2025-10-19 15:59:59.999000+00:00
2025-10-19 16:00:00+00:00,20.727,20.832,20.541,20.711,1965013.0,2025-10-19 19:59:59.999000+00:00
2025-10-19 20:00:00+00:00,20.711,20.809,20.556,20.582,1291814.0,2025-10-19 23:59:59.999000+00:00
2025-10-20 00:00:00+00:00,20.582,21.065,20.151,21.002,2888284.0,2025-10-20 03:59:59.999000+00:00
2025-10-20 04:00:00+00:00,21.002,21.2,20.84,20.902,2787586.0,2025-10-20 07:59:59.999000+00:00
2025-10-20 08:00:00+00:00,20.903,20.941,20.601,20.762,2257852.0,2025-10-20 11:59:59.999000+00:00
2025-10-20 12:00:00+00:00,20.762,20.856,20.531,20.597,2996393.0,2025-10-20 15:59:59.999000+00:00
2025-10-20 16:00:00+00:00,20.598,20.598,20.204,20.513,3376225.0,2025-10-20 19:59:59.999000+00:00
2025-10-20 20:00:00+00:00,20.513,20.619,20.323,20.332,1299828.0,2025-10-20 23:59:59.999000+00:00
2025-10-21 00:00:00+00:00,20.332,20.36,19.803,19.844,2183609.0,2025-10-21 03:59:59.999000+00:00
2025-10-21 04:00:00+00:00,19.843,19.845,19.457,19.758,3012186.0,2025-10-21 07:59:59.999000+00:00
2025-10-21 08:00:00+00:00,19.759,20.016,19.587,19.969,2070087.0,2025-10-21 11:59:59.999000+00:00
2025-10-21 12:00:00+00:00,19.969,20.843,19.804,20.766,6485003.0,2025-10-21 15:59:59.999000+00:00
2025-10-21 16:00:00+00:00,20.765,20.84,20.226,20.397,4637676.0,2025-10-21 19:59:59.999000+00:00
2025-10-21 20:00:00+00:00,20.397,20.422,19.468,19.53,4165703.0,2025-10-21 23:59:59.999000+00:00
2025-10-22 00:00:00+00:00,19.53,19.646,19.336,19.44,2844009.0,2025-10-22 03:59:59.999000+00:00
2025-10-22 04:00:00+00:00,19.44,19.64,19.279,19.556,2132090.0,2025-10-22 07:59:59.999000+00:00
2025-10-22 08:00:00+00:00,19.556,19.672,19.047,19.575,3234477.0,2025-10-22 11:59:59.999000+00:00
2025-10-22 12:00:00+00:00,19.575,19.714,19.236,19.535,4426814.0,2025-10-22 15:59:59.999000+00:00
2025-10-22 16:00:00+00:00,19.536,19.584,18.817,19.059,3832494.0,2025-10-22 19:59:59.999000+00:00
2025-10-22 20:00:00+00:00,19.06,19.115,18.387,19.007,4917999.0,2025-10-22 23:59:59.999000+00:00
2025-10-23 00:00:00+00:00,19.008,19.2,18.958,19.102,1583484.0,2025-10-23 03:59:59.999000+00:00
2025-10-23 04:00:00+00:00,19.103,19.567,19.081,19.536,1780255.0,2025-10-23 07:59:59.999000+00:00
2025-10-23 08:00:00+00:00,19.537,19.604,19.389,19.41,1649818.0,2025-10-23 11:59:59.999000+00:00
2025-10-23 12:00:00+00:00,19.41,19.614,19.25,19.544,2973403.0,2025-10-23 15:59:59.999000+00:00
2025-10-23 16:00:00+00:00,19.544,19.74,19.36,19.373,2512875.0,2025-10-23 19:59:59.999000+00:00
2025-10-23 20:00:00+00:00,19.373,19.378,18.98,19.12,2192744.0,2025-10-23 23:59:59.999000+00:00
2025-10-24 00:00:00+00:00,19.12,19.275,19.01,19.21,1963916.0,2025-10-24 03:59:59.999000+00:00
2025-10-24 04:00:00+00:00,19.209,19.65,19.167,19.487,2277465.0,2025-10-24 07:59:59.999000+00:00
2025-10-24 08:00:00+00:00,19.487,19.667,19.352,19.487,1734056.0,2025-10-24 11:59:59.999000+00:00
2025-10-24 12:00:00+00:00,19.488,19.971,19.213,19.257,4495174.0,2025-10-24 15:59:59.999000+00:00
2025-10-24 16:00:00+00:00,19.257,19.565,19.116,19.512,2016726.0,2025-10-24 19:59:59.999000+00:00
2025-10-24 20:00:00+00:00,19.512,19.636,19.468,19.492,1287813.0,2025-10-24 23:59:59.999000+00:00
2025-10-25 00:00:00+00:00,19.493,19.513,19.32,19.328,1017720.0,2025-10-25 03:59:59.999000+00:00
2025-10-25 04:00:00+00:00,19.328,19.453,19.283,19.345,1174332.0,2025-10-25 07:59:59.999000+00:00
2025-10-25 08:00:00+00:00,19.346,19.44,19.229,19.324,1139072.0,2025-10-25 11:59:59.999000+00:00
2025-10-25 12:00:00+00:00,19.324,19.554,19.311,19.519,1526702.0,2025-10-25 15:59:59.999000+00:00
2025-10-25 16:00:00+00:00,19.519,19.825,19.452,19.736,1684474.0,2025-10-25 19:59:59.999000+00:00
2025-10-25 20:00:00+00:00,19.737,19.766,19.643,19.711,1048983.0,2025-10-25 23:59:59.999000+00:00
2025-10-26 00:00:00+00:00,19.711,19.801,19.333,19.378,1637269.0,2025-10-26 03:59:59.999000+00:00
2025-10-26 04:00:00+00:00,19.378,19.715,19.354,19.696,1168191.0,2025-10-26 07:59:59.999000+00:00
2025-10-26 08:00:00+00:00,19.696,20.386,19.696,20.356,4325860.0,2025-10-26 11:59:59.999000+00:00
2025-10-26 12:00:00+00:00,20.356,20.656,20.253,20.4,3352119.0,2025-10-26 15:59:59.999000+00:00
2025-10-26 16:00:00+00:00,20.4,20.413,20.193,20.303,1211173.0,2025-10-26 19:59:59.999000+00:00
2025-10-26 20:00:00+00:00,20.303,20.944,20.096,20.812,3391822.0,2025-10-26 23:59:59.999000+00:00
2025-10-27 00:00:00+00:00,20.812,21.028,20.721,20.797,2342148.0,2025-10-27 03:59:59.999000+00:00
2025-10-27 04:00:00+00:00,20.797,21.083,20.662,20.803,2448392.0,2025-10-27 07:59:59.999000+00:00
2025-10-27 08:00:00+00:00,20.803,20.897,20.408,20.554,2628826.0,2025-10-27 11:59:59.999000+00:00
2025-10-27 12:00:00+00:00,20.554,20.573,20.233,20.446,2962904.0,2025-10-27 15:59:59.999000+00:00
2025-10-27 16:00:00+00:00,20.447,20.784,20.445,20.593,2345158.0,2025-10-27 19:59:59.999000+00:00
2025-10-27 20:00:00+00:00,20.593,20.629,20.154,20.316,2520627.0,2025-10-27 23:59:59.999000+00:00
2025-10-28 00:00:00+00:00,20.317,20.466,20.114,20.212,2189222.0,2025-10-28 03:59:59.999000+00:00
2025-10-28 04:00:00+00:00,20.212,20.487,19.97,20.292,2871644.0,2025-10-28 07:59:59.999000+00:00
2025-10-28 08:00:00+00:00,20.293,20.515,20.152,20.179,1921232.0,2025-10-28 11:59:59.999000+00:00
2025-10-28 12:00:00+00:00,20.179,20.476,19.75,19.987,5415605.0,2025-10-28 15:59:59.999000+00:00
2025-10-28 16:00:00+00:00,19.987,20.171,19.55,19.627,3509314.0,2025-10-28 19:59:59.999000+00:00
2025-10-28 20:00:00+00:00,19.624,19.625,19.112,19.461,4782837.0,2025-10-28 23:59:59.999000+00:00
2025-10-29 00:00:00+00:00,19.46,19.539,19.358,19.446,1289570.0,2025-10-29 03:59:59.999000+00:00
2025-10-29 04:00:00+00:00,19.446,19.625,19.435,19.591,981435.0,2025-10-29 07:59:59.999000+00:00
2025-10-29 08:00:00+00:00,19.592,19.754,19.424,19.72,1555898.0,2025-10-29 11:59:59.999000+00:00
2025-10-29 12:00:00+00:00,19.721,19.849,19.336,19.425,2855650.0,2025-10-29 15:59:59.999000+00:00
2025-10-29 16:00:00+00:00,19.426,20.19,19.3,19.942,8378291.0,2025-10-29 19:59:59.999000+00:00
2025-10-29 20:00:00+00:00,19.943,20.154,19.545,19.652,2803124.0,2025-10-29 23:59:59.999000+00:00
2025-10-30 00:00:00+00:00,19.653,19.959,19.5,19.825,1935560.0,2025-10-30 03:59:59.999000+00:00
2025-10-30 04:00:00+00:00,19.824,19.879,19.042,19.827,4385030.0,2025-10-30 07:59:59.999000+00:00
2025-10-30 08:00:00+00:00,19.828,19.887,19.186,19.223,2489592.0,2025-10-30 11:59:59.999000+00:00
2025-10-30 12:00:00+00:00,19.223,19.239,18.131,18.215,6794450.0,2025-10-30 15:59:59.999000+00:00
2025-10-30 16:00:00+00:00,18.215,18.317,17.516,17.579,5346286.0,2025-10-30 19:59:59.999000+00:00
2025-10-30 20:00:00+00:00,17.578,18.134,17.528,18.103,3169536.0,2025-10-30 23:59:59.999000+00:00
2025-10-31 00:00:00+00:00,18.104,18.393,18.042,18.255,2098702.0,2025-10-31 03:59:59.999000+00:00
2025-10-31 04:00:00+00:00,18.255,18.466,18.213,18.244,2034072.0,2025-10-31 07:59:59.999000+00:00
2025-10-31 08:00:00+00:00,18.244,18.519,18.191,18.489,1748985.0,2025-10-31 11:59:59.999000+00:00
2025-10-31 12:00:00+00:00,18.488,18.568,18.246,18.266,3403078.0,2025-10-31 15:59:59.999000+00:00
2025-10-31 16:00:00+00:00,18.266,18.37,17.776,18.264,4210253.0,2025-10-31 19:59:59.999000+00:00
2025-10-31 20:00:00+00:00,18.263,18.27,18.038,18.184,1245877.0,2025-10-31 23:59:59.999000+00:00
2025-11-01 00:00:00+00:00,18.184,18.44,18.075,18.407,1250072.0,2025-11-01 03:59:59.999000+00:00
2025-11-01 04:00:00+00:00,18.406,18.516,18.28,18.497,1241997.0,2025-11-01 07:59:59.999000+00:00
2025-11-01 08:00:00+00:00,18.496,18.702,18.444,18.66,1621422.0,2025-11-01 11:59:59.999000+00:00
2025-11-01 12:00:00+00:00,18.659,18.733,18.405,18.625,1838092.0,2025-11-01 15:59:59.999000+00:00
2025-11-01 16:00:00+00:00,18.625,18.73,18.55,18.636,1410431.0,2025-11-01 19:59:59.999000+00:00
2025-11-01 20:00:00+00:00,18.636,18.727,18.49,18.711,912657.0,2025-11-01 23:59:59.999000+00:00
2025-11-02 00:00:00+00:00,18.712,18.8,18.613,18.676,1055483.0,2025-11-02 03:59:59.999000+00:00
2025-11-02 04:00:00+00:00,18.676,19.0,18.652,18.949,1532998.0,2025-11-02 07:59:59.999000+00:00
2025-11-02 08:00:00+00:00,18.95,18.979,18.575,18.82,1688303.0,2025-11-02 11:59:59.999000+00:00
2025-11-02 12:00:00+00:00,18.82,18.837,18.181,18.264,2409303.0,2025-11-02 15:59:59.999000+00:00
2025-11-02 16:00:00+00:00,18.263,18.307,18.079,18.147,1845137.0,2025-11-02 19:59:59.999000+00:00
2025-11-02 20:00:00+00:00,18.147,18.902,18.085,18.801,1985413.0,2025-11-02 23:59:59.999000+00:00
2025-11-03 00:00:00+00:00,18.802,18.907,17.489,17.527,5005136.0,2025-11-03 03:59:59.999000+00:00
2025-11-03 04:00:00+00:00,17.527,17.754,17.148,17.465,4596997.0,2025-11-03 07:59:59.999000+00:00
2025-11-03 08:00:00+00:00,17.465,17.626,17.173,17.467,3166564.0,2025-11-03 11:59:59.999000+00:00
2025-11-03 12:00:00+00:00,17.467,17.676,15.866,16.353,10684568.0,2025-11-03 15:59:59.999000+00:00
2025-11-03 16:00:00+00:00,16.354,17.085,16.263,16.769,7130146.0,2025-11-03 19:59:59.999000+00:00
2025-11-03 20:00:00+00:00,16.77,16.804,16.402,16.645,3603563.0,2025-11-03 23:59:59.999000+00:00
2025-11-04 00:00:00+00:00,16.645,16.992,16.457,16.899,2867778.0,2025-11-04 03:59:59.999000+00:00
2025-11-04 04:00:00+00:00,16.9,17.0,15.957,16.149,6821242.0,2025-11-04 07:59:59.999000+00:00
2025-11-04 08:00:00+00:00,16.148,16.796,16.073,16.709,3719062.0,2025-11-04 11:59:59.999000+00:00
2025-11-04 12:00:00+00:00,16.71,16.845,16.309,16.415,5223228.0,2025-11-04 15:59:59.999000+00:00
2025-11-04 16:00:00+00:00,16.415,16.479,15.305,15.586,11014799.0,2025-11-04 19:59:59.999000+00:00
2025-11-04 20:00:00+00:00,15.586,16.189,14.974,15.98,12842749.0,2025-11-04 23:59:59.999000+00:00
2025-11-05 00:00:00+00:00,15.98,16.475,15.279,16.432,6392008.0,2025-11-05 03:59:59.999000+00:00
2025-11-05 04:00:00+00:00,16.432,16.62,16.314,16.536,2895518.0,2025-11-05 07:59:59.999000+00:00
2025-11-05 08:00:00+00:00,16.537,16.581,16.219,16.551,3504472.0,2025-11-05 11:59:59.999000+00:00
2025-11-05 12:00:00+00:00,16.552,16.805,16.46,16.748,3856555.0,2025-11-05 15:59:59.999000+00:00
2025-11-05 16:00:00+00:00,16.748,16.988,16.566,16.766,3016896.0,2025-11-05 19:59:59.999000+00:00
2025-11-05 20:00:00+00:00,16.766,16.841,16.551,16.6,2693731.0,2025-11-05 23:59:59.999000+00:00
2025-11-06 00:00:00+00:00,16.6,16.693,16.362,16.631,2379213.0,2025-11-06 03:59:59.999000+00:00
2025-11-06 04:00:00+00:00,16.632,16.721,16.211,16.273,2147116.0,2025-11-06 07:59:59.999000+00:00
2025-11-06 08:00:00+00:00,16.272,16.423,16.193,16.283,1912334.0,2025-11-06 11:59:59.999000+00:00
2025-11-06 12:00:00+00:00,16.282,16.41,15.769,15.84,5129633.0,2025-11-06 15:59:59.999000+00:00
2025-11-06 16:00:00+00:00,15.841,16.174,15.588,16.11,4961817.0,2025-11-06 19:59:59.999000+00:00
2025-11-06 20:00:00+00:00,16.111,16.213,15.917,16.118,2790529.0,2025-11-06 23:59:59.999000+00:00
2025-11-07 00:00:00+00:00,16.119,16.51,16.043,16.445,3348471.0,2025-11-07 03:59:59.999000+00:00
2025-11-07 04:00:00+00:00,16.446,16.929,16.324,16.91,2278151.0,2025-11-07 07:59:59.999000+00:00
2025-11-07 08:00:00+00:00,16.91,17.023,16.249,16.452,3994387.0,2025-11-07 11:59:59.999000+00:00
2025-11-07 12:00:00+00:00,16.453,16.881,16.077,16.802,7520215.0,2025-11-07 15:59:59.999000+00:00
2025-11-07 16:00:00+00:00,16.803,17.964,16.738,17.814,7948984.0,2025-11-07 19:59:59.999000+00:00
2025-11-07 20:00:00+00:00,17.815,18.038,17.661,17.74,4468867.0,2025-11-07 23:59:59.999000+00:00
2025-11-08 00:00:00+00:00,17.739,18.403,17.67,17.834,4070746.0,2025-11-08 03:59:59.999000+00:00
2025-11-08 04:00:00+00:00,17.835,18.072,17.558,17.854,2654275.0,2025-11-08 07:59:59.999000+00:00
2025-11-08 08:00:00+00:00,17.853,17.987,17.649,17.78,2560274.0,2025-11-08 11:59:59.999000+00:00
2025-11-08 12:00:00+00:00,17.779,17.78,17.084,17.131,4862073.0,2025-11-08 15:59:59.999000+00:00
2025-11-08 16:00:00+00:00,17.131,17.368,17.008,17.275,3847018.0,2025-11-08 19:59:59.999000+00:00
2025-11-08 20:00:00+00:00,17.276,17.488,17.233,17.488,1117893.0,2025-11-08 23:59:59.999000+00:00
2025-11-09 00:00:00+00:00,17.488,17.519,16.79,16.88,2961779.0,2025-11-09 03:59:59.999000+00:00
2025-11-09 04:00:00+00:00,16.88,17.129,16.872,17.124,1661032.0,2025-11-09 07:59:59.999000+00:00
2025-11-09 08:00:00+00:00,17.124,17.346,16.881,17.266,2325228.0,2025-11-09 11:59:59.999000+00:00
2025-11-09 12:00:00+00:00,17.266,17.874,17.229,17.683,4402366.0,2025-11-09 15:59:59.999000+00:00
2025-11-09 16:00:00+00:00,17.683,17.882,17.449,17.881,2345735.0,2025-11-09 19:59:59.999000+00:00
2025-11-09 20:00:00+00:00,17.882,17.907,17.59,17.764,1736447.0,2025-11-09 23:59:59.999000+00:00
2025-11-10 00:00:00+00:00,17.764,18.119,17.635,17.98,3135700.0,2025-11-10 03:59:59.999000+00:00
2025-11-10 04:00:00+00:00,17.981,18.114,17.868,17.992,1836764.0,2025-11-10 07:59:59.999000+00:00
2025-11-10 08:00:00+00:00,17.993,18.299,17.757,18.083,3140661.0,2025-11-10 11:59:59.999000+00:00
2025-11-10 12:00:00+00:00,18.083,18.328,17.773,17.929,4462778.0,2025-11-10 15:59:59.999000+00:00
2025-11-10 16:00:00+00:00,17.929,18.13,17.688,17.997,3256626.0,2025-11-10 19:59:59.999000+00:00
2025-11-10 20:00:00+00:00,17.997,18.351,17.805,18.169,2453074.0,2025-11-10 23:59:59.999000+00:00
2025-11-11 00:00:00+00:00,18.17,18.599,17.964,18.342,3737938.0,2025-11-11 03:59:59.999000+00:00
2025-11-11 04:00:00+00:00,18.341,18.368,17.522,17.547,3433685.0,2025-11-11 07:59:59.999000+00:00
2025-11-11 08:00:00+00:00,17.546,17.864,17.482,17.783,2296847.0,2025-11-11 11:59:59.999000+00:00
2025-11-11 12:00:00+00:00,17.783,17.88,17.554,17.615,3360481.0,2025-11-11 15:59:59.999000+00:00
2025-11-11 16:00:00+00:00,17.615,17.717,17.226,17.259,2935363.0,2025-11-11 19:59:59.999000+00:00
2025-11-11 20:00:00+00:00,17.259,17.279,16.961,16.996,3012162.0,2025-11-11 23:59:59.999000+00:00
2025-11-12 00:00:00+00:00,16.997,17.157,16.9,17.111,1773579.0,2025-11-12 03:59:59.999000+00:00
2025-11-12 04:00:00+00:00,17.111,17.45,17.045,17.129,1405047.0,2025-11-12 07:59:59.999000+00:00
2025-11-12 08:00:00+00:00,17.13,17.638,17.13,17.548,2136470.0,2025-11-12 11:59:59.999000+00:00
2025-11-12 12:00:00+00:00,17.549,17.76,16.968,17.02,4148353.0,2025-11-12 15:59:59.999000+00:00
2025-11-12 16:00:00+00:00,17.021,17.077,16.619,16.774,4705619.0,2025-11-12 19:59:59.999000+00:00
2025-11-12 20:00:00+00:00,16.774,16.973,16.727,16.805,1804029.0,2025-11-12 23:59:59.999000+00:00
2025-11-13 00:00:00+00:00,16.804,17.64,16.783,17.434,3647578.0,2025-11-13 03:59:59.999000+00:00
2025-11-13 04:00:00+00:00,17.434,17.685,17.275,17.392,3252799.0,2025-11-13 07:59:59.999000+00:00
2025-11-13 08:00:00+00:00,17.392,17.526,17.187,17.259,2026482.0,2025-11-13 11:59:59.999000+00:00
2025-11-13 12:00:00+00:00,17.26,17.424,16.873,16.955,4841070.0,2025-11-13 15:59:59.999000+00:00
2025-11-13 16:00:00+00:00,16.954,17.023,15.896,15.966,7536072.0,2025-11-13 19:59:59.999000+00:00
2025-11-13 20:00:00+00:00,15.966,16.317,15.744,16.087,4619000.0,2025-11-13 23:59:59.999000+00:00
2025-11-14 00:00:00+00:00,16.087,16.17,15.873,15.917,3185947.0,2025-11-14 03:59:59.999000+00:00
2025-11-14 04:00:00+00:00,15.918,16.079,15.305,15.918,5841756.0,2025-11-14 07:59:59.999000+00:00
2025-11-14 08:00:00+00:00,15.918,15.93,15.308,15.382,3276581.0,2025-11-14 11:59:59.999000+00:00
2025-11-14 12:00:00+00:00,15.383,15.648,15.07,15.501,8368364.0,2025-11-14 15:59:59.999000+00:00
2025-11-14 16:00:00+00:00,15.501,15.707,15.308,15.647,5511507.0,2025-11-14 19:59:59.999000+00:00
2025-11-14 20:00:00+00:00,15.648,15.655,14.822,15.111,4801696.0,2025-11-14 23:59:59.999000+00:00
2025-11-15 00:00:00+00:00,15.111,15.606,15.089,15.582,2413589.0,2025-11-15 03:59:59.999000+00:00
2025-11-15 04:00:00+00:00,15.582,15.721,15.512,15.62,1539187.0,2025-11-15 07:59:59.999000+00:00
2025-11-15 08:00:00+00:00,15.621,15.631,15.316,15.446,2197062.0,2025-11-15 11:59:59.999000+00:00
2025-11-15 12:00:00+00:00,15.446,15.691,15.409,15.608,1723356.0,2025-11-15 15:59:59.999000+00:00
2025-11-15 16:00:00+00:00,15.607,15.78,15.484,15.679,2149700.0,2025-11-15 19:59:59.999000+00:00
2025-11-15 20:00:00+00:00,15.68,15.709,15.434,15.52,1491693.0,2025-11-15 23:59:59.999000+00:00
2025-11-16 00:00:00+00:00,15.52,15.704,15.255,15.682,2194701.0,2025-11-16 03:59:59.999000+00:00
2025-11-16 04:00:00+00:00,15.681,15.77,15.578,15.733,1217213.0,2025-11-16 07:59:59.999000+00:00
2025-11-16 08:00:00+00:00,15.733,15.87,15.407,15.441,2285848.0,2025-11-16 11:59:59.999000+00:00
2025-11-16 12:00:00+00:00,15.441,15.558,15.052,15.075,3586022.0,2025-11-16 15:59:59.999000+00:00
2025-11-16 16:00:00+00:00,15.075,15.188,14.605,14.926,6755702.0,2025-11-16 19:59:59.999000+00:00
2025-11-16 20:00:00+00:00,14.927,15.252,14.714,15.132,5236138.0,2025-11-16 23:59:59.999000+00:00
2025-11-17 00:00:00+00:00,15.133,15.678,14.972,15.537,4159440.0,2025-11-17 03:59:59.999000+00:00
2025-11-17 04:00:00+00:00,15.538,15.764,15.504,15.63,2441622.0,2025-11-17 07:59:59.999000+00:00
2025-11-17 08:00:00+00:00,15.631,15.72,15.58,15.609,1595142.0,2025-11-17 11:59:59.999000+00:00
2025-11-17 12:00:00+00:00,15.61,15.965,15.098,15.239,8225413.0,2025-11-17 15:59:59.999000+00:00
2025-11-17 16:00:00+00:00,15.238,15.366,14.325,14.366,9861236.0,2025-11-17 19:59:59.999000+00:00
2025-11-17 20:00:00+00:00,14.366,14.7,14.253,14.512,5271674.0,2025-11-17 23:59:59.999000+00:00
2025-11-18 00:00:00+00:00,14.512,14.557,14.027,14.486,7822801.0,2025-11-18 03:59:59.999000+00:00
2025-11-18 04:00:00+00:00,14.487,14.682,14.322,14.525,4445661.0,2025-11-18 07:59:59.999000+00:00
2025-11-18 08:00:00+00:00,14.526,14.729,14.526,14.582,2919927.0,2025-11-18 11:59:59.999000+00:00
2025-11-18 12:00:00+00:00,14.582,14.81,14.356,14.726,6068878.0,2025-11-18 15:59:59.999000+00:00
2025-11-18 16:00:00+00:00,14.727,14.915,14.675,14.728,3644109.0,2025-11-18 19:59:59.999000+00:00
2025-11-18 20:00:00+00:00,14.728,14.788,14.492,14.58,2187510.0,2025-11-18 23:59:59.999000+00:00
2025-11-19 00:00:00+00:00,14.581,14.688,14.381,14.426,3170934.0,2025-11-19 03:59:59.999000+00:00
2025-11-19 04:00:00+00:00,14.427,14.457,13.928,14.346,4765460.0,2025-11-19 07:59:59.999000+00:00
2025-11-19 08:00:00+00:00,14.346,14.601,14.241,14.434,3196111.0,2025-11-19 11:59:59.999000+00:00
2025-11-19 12:00:00+00:00,14.435,14.573,14.023,14.051,5006818.0,2025-11-19 15:59:59.999000+00:00
2025-11-19 16:00:00+00:00,14.05,14.149,13.688,13.774,4781782.0,2025-11-19 19:59:59.999000+00:00
2025-11-19 20:00:00+00:00,13.775,14.337,13.733,14.282,4465955.0,2025-11-19 23:59:59.999000+00:00
2025-11-20 00:00:00+00:00,14.282,14.4,14.218,14.337,2557872.0,2025-11-20 03:59:59.999000+00:00
2025-11-20 04:00:00+00:00,14.337,14.437,14.224,14.359,2495629.0,2025-11-20 07:59:59.999000+00:00
2025-11-20 08:00:00+00:00,14.359,14.408,14.218,14.4,1966263.0,2025-11-20 11:59:59.999000+00:00
2025-11-20 12:00:00+00:00,14.4,14.528,14.194,14.218,5189278.0,2025-11-20 15:59:59.999000+00:00
2025-11-20 16:00:00+00:00,14.22,14.235,13.484,13.752,9261622.0,2025-11-20 19:59:59.999000+00:00
2025-11-20 20:00:00+00:00,13.752,13.985,13.625,13.8,3972111.0,2025-11-20 23:59:59.999000+00:00
2025-11-21 00:00:00+00:00,13.8,13.984,13.672,13.764,4222165.0,2025-11-21 03:59:59.999000+00:00
2025-11-21 04:00:00+00:00,13.763,13.775,12.25,13.162,7582752.0,2025-11-21 07:59:59.999000+00:00
2025-11-21 08:00:00+00:00,13.163,13.412,12.853,12.912,6541075.0,2025-11-21 11:59:59.999000+00:00
2025-11-21 12:00:00+00:00,12.912,13.306,12.626,12.99,10034953.0,2025-11-21 15:59:59.999000+00:00
2025-11-21 16:00:00+00:00,12.99,13.454,12.82,13.285,7503826.0,2025-11-21 19:59:59.999000+00:00
2025-11-21 20:00:00+00:00,13.285,13.362,13.171,13.278,5343206.0,2025-11-21 23:59:59.999000+00:00
2025-11-22 00:00:00+00:00,13.278,13.321,13.238,13.271,2562596.0,2025-11-22 03:59:59.999000+00:00
2025-11-22 04:00:00+00:00,13.271,13.324,13.207,13.28,3020778.0,2025-11-22 07:59:59.999000+00:00
2025-11-22 08:00:00+00:00,13.28,13.336,13.146,13.26,3221616.0,2025-11-22 11:59:59.999000+00:00
2025-11-22 12:00:00+00:00,13.26,13.269,13.011,13.178,3501347.0,2025-11-22 15:59:59.999000+00:00
2025-11-22 16:00:00+00:00,13.178,13.271,13.156,13.223,1585734.0,2025-11-22 19:59:59.999000+00:00
2025-11-22 20:00:00+00:00,13.222,13.396,13.183,13.23,2047899.0,2025-11-22 23:59:59.999000+00:00
2025-11-23 00:00:00+00:00,13.231,13.382,13.201,13.336,2015225.0,2025-11-23 03:59:59.999000+00:00
2025-11-23 04:00:00+00:00,13.337,13.433,13.224,13.283,1688371.0,2025-11-23 07:59:59.999000+00:00
2025-11-23 08:00:00+00:00,13.284,13.371,13.217,13.28,1561864.0,2025-11-23 11:59:59.999000+00:00
2025-11-23 12:00:00+00:00,13.28,13.424,13.261,13.407,2656725.0,2025-11-23 15:59:59.999000+00:00
2025-11-23 16:00:00+00:00,13.406,13.431,13.261,13.368,2152685.0,2025-11-23 19:59:59.999000+00:00
2025-11-23 20:00:00+00:00,13.369,13.465,13.261,13.267,1895581.0,2025-11-23 23:59:59.999000+00:00
2025-11-24 00:00:00+00:00,13.266,13.494,13.146,13.449,3695368.0,2025-11-24 03:59:59.999000+00:00
2025-11-24 04:00:00+00:00,13.448,13.587,13.282,13.437,3392514.0,2025-11-24 07:59:59.999000+00:00
2025-11-24 08:00:00+00:00,13.437,13.457,13.261,13.386,2507645.0,2025-11-24 11:59:59.999000+00:00
2025-11-24 12:00:00+00:00,13.386,13.578,13.248,13.502,4411745.0,2025-11-24 15:59:59.999000+00:00
2025-11-24 16:00:00+00:00,13.502,13.998,13.501,13.912,4497430.0,2025-11-24 19:59:59.999000+00:00
2025-11-24 20:00:00+00:00,13.911,14.037,13.875,13.889,2543056.0,2025-11-24 23:59:59.999000+00:00
2025-11-25 00:00:00+00:00,13.888,13.942,13.834,13.895,2283436.0,2025-11-25 03:59:59.999000+00:00
2025-11-25 04:00:00+00:00,13.894,13.938,13.815,13.876,1878680.0,2025-11-25 07:59:59.999000+00:00
2025-11-25 08:00:00+00:00,13.875,13.932,13.766,13.893,2171302.0,2025-11-25 11:59:59.999000+00:00
2025-11-25 12:00:00+00:00,13.893,13.936,13.691,13.906,3772294.0,2025-11-25 15:59:59.999000+00:00
2025-11-25 16:00:00+00:00,13.906,13.989,13.88,13.986,3272419.0,2025-11-25 19:59:59.999000+00:00
2025-11-25 20:00:00+00:00,13.986,14.373,13.963,14.172,4018436.0,2025-11-25 23:59:59.999000+00:00
2025-11-26 00:00:00+00:00,14.172,14.325,14.007,14.023,1900811.0,2025-11-26 03:59:59.999000+00:00
2025-11-26 04:00:00+00:00,14.024,14.085,13.985,14.082,1347704.0,2025-11-26 07:59:59.999000+00:00
2025-11-26 08:00:00+00:00,14.081,14.082,13.961,13.993,2269437.0,2025-11-26 11:59:59.999000+00:00
2025-11-26 12:00:00+00:00,13.994,14.007,13.895,13.956,2986934.0,2025-11-26 15:59:59.999000+00:00
2025-11-26 16:00:00+00:00,13.956,14.603,13.945,14.543,4987451.0,2025-11-26 19:59:59.999000+00:00
2025-11-26 20:00:00+00:00,14.543,14.945,14.505,14.945,3083596.0,2025-11-26 23:59:59.999000+00:00
2025-11-27 00:00:00+00:00,14.944,15.008,14.879,14.908,4188378.0,2025-11-27 03:59:59.999000+00:00
2025-11-27 04:00:00+00:00,14.908,14.962,14.857,14.939,2133173.0,2025-11-27 07:59:59.999000+00:00
2025-11-27 08:00:00+00:00,14.939,14.964,14.851,14.923,1763334.0,2025-11-27 11:59:59.999000+00:00
2025-11-27 12:00:00+00:00,14.924,14.969,14.891,14.954,1975828.0,2025-11-27 15:59:59.999000+00:00
2025-11-27 16:00:00+00:00,14.955,15.154,14.932,15.018,2755211.0,2025-11-27 19:59:59.999000+00:00
2025-11-27 20:00:00+00:00,15.019,15.068,14.968,15.011,1241148.0,2025-11-27 23:59:59.999000+00:00
2025-11-28 00:00:00+00:00,15.01,15.053,14.988,15.04,1540571.0,2025-11-28 03:59:59.999000+00:00
2025-11-28 04:00:00+00:00,15.04,15.094,14.991,15.001,1435737.0,2025-11-28 07:59:59.999000+00:00
2025-11-28 08:00:00+00:00,15.002,15.119,14.756,15.011,3247226.0,2025-11-28 11:59:59.999000+00:00
2025-11-28 12:00:00+00:00,15.01,15.257,14.979,15.088,3120028.0,2025-11-28 15:59:59.999000+00:00
2025-11-28 16:00:00+00:00,15.089,15.096,14.788,14.866,3753279.0,2025-11-28 19:59:59.999000+00:00
2025-11-28 20:00:00+00:00,14.866,14.883,14.775,14.837,1390801.0,2025-11-28 23:59:59.999000+00:00
2025-11-29 00:00:00+00:00,14.837,14.875,14.807,14.841,1002322.0,2025-11-29 03:59:59.999000+00:00
2025-11-29 04:00:00+00:00,14.842,14.901,14.654,14.669,1594156.0,2025-11-29 07:59:59.999000+00:00
2025-11-29 08:00:00+00:00,14.669,14.884,14.626,14.867,1465262.0,2025-11-29 11:59:59.999000+00:00
2025-11-29 12:00:00+00:00,14.867,14.876,14.732,14.847,1157747.0,2025-11-29 15:59:59.999000+00:00
2025-11-29 16:00:00+00:00,14.848,14.855,14.353,14.442,2666437.0,2025-11-29 19:59:59.999000+00:00
2025-11-29 20:00:00+00:00,14.442,14.442,14.166,14.239,2486829.0,2025-11-29 23:59:59.999000+00:00
2025-11-30 00:00:00+00:00,14.239,14.322,14.125,14.205,1477750.0,2025-11-30 03:59:59.999000+00:00
2025-11-30 04:00:00+00:00,14.205,14.213,13.969,14.128,1885043.0,2025-11-30 07:59:59.999000+00:00
2025-11-30 08:00:00+00:00,14.128,14.215,14.03,14.059,1660504.0,2025-11-30 11:59:59.999000+00:00
2025-11-30 12:00:00+00:00,14.06,14.294,14.041,14.159,1873649.0,2025-11-30 15:59:59.999000+00:00
2025-11-30 16:00:00+00:00,14.16,14.278,13.812,13.986,3454549.0,2025-11-30 19:59:59.999000+00:00
2025-11-30 20:00:00+00:00,13.987,14.022,13.642,13.705,2725431.0,2025-11-30 23:59:59.999000+00:00
2025-12-01 00:00:00+00:00,13.706,13.725,12.932,12.95,6622087.0,2025-12-01 03:59:59.999000+00:00
2025-12-01 04:00:00+00:00,12.95,13.086,12.867,13.065,2356049.0,2025-12-01 07:59:59.999000+00:00
2025-12-01 08:00:00+00:00,13.065,13.098,12.933,12.936,1813383.0,2025-12-01 11:59:59.999000+00:00
2025-12-01 12:00:00+00:00,12.936,12.972,12.605,12.693,5785033.0,2025-12-01 15:59:59.999000+00:00
2025-12-01 16:00:00+00:00,12.694,12.773,12.544,12.607,3359561.0,2025-12-01 19:59:59.999000+00:00
2025-12-01 20:00:00+00:00,12.607,12.852,12.583,12.745,2640741.0,2025-12-01 23:59:59.999000+00:00
2025-12-02 00:00:00+00:00,12.745,13.015,12.698,12.942,2618391.0,2025-12-02 03:59:59.999000+00:00
2025-12-02 04:00:00+00:00,12.941,13.031,12.856,13.013,1708891.0,2025-12-02 07:59:59.999000+00:00
2025-12-02 08:00:00+00:00,13.013,13.117,12.866,12.904,5084573.0,2025-12-02 11:59:59.999000+00:00
2025-12-02 12:00:00+00:00,12.904,13.724,12.831,13.671,6316191.0,2025-12-02 15:59:59.999000+00:00
2025-12-02 16:00:00+00:00,13.671,13.739,13.536,13.643,3550058.0,2025-12-02 19:59:59.999000+00:00
2025-12-02 20:00:00+00:00,13.643,13.757,13.559,13.622,2043334.0,2025-12-02 23:59:59.999000+00:00
2025-12-03 00:00:00+00:00,13.622,13.839,13.569,13.807,2470568.0,2025-12-03 03:59:59.999000+00:00
2025-12-03 04:00:00+00:00,13.806,14.347,13.79,14.123,4169362.0,2025-12-03 07:59:59.999000+00:00
2025-12-03 08:00:00+00:00,14.123,14.177,13.995,14.059,2080750.0,2025-12-03 11:59:59.999000+00:00
2025-12-03 12:00:00+00:00,14.058,14.289,13.871,14.163,4950950.0,2025-12-03 15:59:59.999000+00:00
2025-12-03 16:00:00+00:00,14.163,14.494,14.062,14.485,3065320.0,2025-12-03 19:59:59.999000+00:00
2025-12-03 20:00:00+00:00,14.486,15.076,14.402,14.776,5457868.0,2025-12-03 23:59:59.999000+00:00
2025-12-04 00:00:00+00:00,14.775,14.877,14.669,14.716,2584513.0,2025-12-04 03:59:59.999000+00:00
2025-12-04 04:00:00+00:00,14.716,14.752,14.673,14.712,1526434.0,2025-12-04 07:59:59.999000+00:00
2025-12-04 08:00:00+00:00,14.711,14.777,14.69,14.737,1666633.0,2025-12-04 11:59:59.999000+00:00
2025-12-04 12:00:00+00:00,14.736,14.854,14.625,14.739,3456881.0,2025-12-04 15:59:59.999000+00:00
2025-12-04 16:00:00+00:00,14.74,14.766,14.192,14.418,4273464.0,2025-12-04 19:59:59.999000+00:00
2025-12-04 20:00:00+00:00,14.417,14.496,14.345,14.391,1612804.0,2025-12-04 23:59:59.999000+00:00
2025-12-05 00:00:00+00:00,14.392,14.518,14.376,14.439,1344751.0,2025-12-05 03:59:59.999000+00:00
2025-12-05 04:00:00+00:00,14.44,14.471,14.316,14.361,1463929.0,2025-12-05 07:59:59.999000+00:00
2025-12-05 08:00:00+00:00,14.362,14.363,13.753,13.794,3649106.0,2025-12-05 11:59:59.999000+00:00
2025-12-05 12:00:00+00:00,13.794,13.866,13.563,13.67,5151710.0,2025-12-05 15:59:59.999000+00:00
2025-12-05 16:00:00+00:00,13.669,13.669,13.174,13.402,5797733.0,2025-12-05 19:59:59.999000+00:00
2025-12-05 20:00:00+00:00,13.402,13.418,13.102,13.201,2142346.0,2025-12-05 23:59:59.999000+00:00
2025-12-06 00:00:00+00:00,13.202,13.38,13.139,13.312,1783633.0,2025-12-06 03:59:59.999000+00:00
2025-12-06 04:00:00+00:00,13.313,13.319,13.196,13.227,1014845.0,2025-12-06 07:59:59.999000+00:00
2025-12-06 08:00:00+00:00,13.228,13.308,13.154,13.215,1208660.0,2025-12-06 11:59:59.999000+00:00
2025-12-06 12:00:00+00:00,13.215,13.342,13.159,13.309,1779662.0,2025-12-06 15:59:59.999000+00:00
2025-12-06 16:00:00+00:00,13.308,13.474,13.266,13.3,2341170.0,2025-12-06 19:59:59.999000+00:00
2025-12-06 20:00:00+00:00,13.301,13.456,13.285,13.394,1794785.0,2025-12-06 23:59:59.999000+00:00
2025-12-07 00:00:00+00:00,13.393,13.542,13.39,13.491,1118336.0,2025-12-07 03:59:59.999000+00:00
2025-12-07 04:00:00+00:00,13.492,13.509,13.358,13.391,980078.0,2025-12-07 07:59:59.999000+00:00
2025-12-07 08:00:00+00:00,13.392,13.423,13.302,13.337,1076679.0,2025-12-07 11:59:59.999000+00:00
2025-12-07 12:00:00+00:00,13.338,13.436,12.9,13.409,4270942.0,2025-12-07 15:59:59.999000+00:00
2025-12-07 16:00:00+00:00,13.41,13.848,13.294,13.752,5014689.0,2025-12-07 19:59:59.999000+00:00
2025-12-07 20:00:00+00:00,13.753,13.812,13.258,13.473,3807255.0,2025-12-07 23:59:59.999000+00:00
2025-12-08 00:00:00+00:00,13.473,13.655,13.362,13.533,2218568.0,2025-12-08 03:59:59.999000+00:00
2025-12-08 04:00:00+00:00,13.532,13.728,13.527,13.683,1541412.0,2025-12-08 07:59:59.999000+00:00
2025-12-08 08:00:00+00:00,13.683,13.945,13.651,13.74,2049444.0,2025-12-08 11:59:59.999000+00:00
2025-12-08 12:00:00+00:00,13.739,13.816,13.505,13.572,3556061.0,2025-12-08 15:59:59.999000+00:00
2025-12-08 16:00:00+00:00,13.572,13.711,13.47,13.544,3203255.0,2025-12-08 19:59:59.999000+00:00
2025-12-08 20:00:00+00:00,13.544,13.745,13.539,13.637,1959743.0,2025-12-08 23:59:59.999000+00:00
2025-12-09 00:00:00+00:00,13.637,13.729,13.514,13.725,1601200.0,2025-12-09 03:59:59.999000+00:00
2025-12-09 04:00:00+00:00,13.725,13.767,13.53,13.724,1816793.0,2025-12-09 07:59:59.999000+00:00
2025-12-09 08:00:00+00:00,13.724,13.765,13.49,13.583,1789841.0,2025-12-09 11:59:59.999000+00:00
2025-12-09 12:00:00+00:00,13.583,14.178,13.541,14.133,4543440.0,2025-12-09 15:59:59.999000+00:00
2025-12-09 16:00:00+00:00,14.133,14.731,14.133,14.621,6584575.0,2025-12-09 19:59:59.999000+00:00
2025-12-09 20:00:00+00:00,14.621,14.663,14.473,14.599,3182983.0,2025-12-09 23:59:59.999000+00:00
2025-12-10 00:00:00+00:00,14.6,14.641,14.556,14.611,1467417.0,2025-12-10 03:59:59.999000+00:00
2025-12-10 04:00:00+00:00,14.612,14.623,14.548,14.606,1160911.0,2025-12-10 07:59:59.999000+00:00
2025-12-10 08:00:00+00:00,14.605,14.663,14.16,14.25,3248442.0,2025-12-10 11:59:59.999000+00:00
2025-12-10 12:00:00+00:00,14.251,14.317,14.136,14.238,2354016.0,2025-12-10 15:59:59.999000+00:00
2025-12-10 16:00:00+00:00,14.237,14.661,14.196,14.55,4828005.0,2025-12-10 19:59:59.999000+00:00
2025-12-10 20:00:00+00:00,14.551,14.821,14.045,14.107,5475314.0,2025-12-10 23:59:59.999000+00:00
2025-12-11 00:00:00+00:00,14.106,14.106,13.257,13.297,5197962.0,2025-12-11 03:59:59.999000+00:00
2025-12-11 04:00:00+00:00,13.297,13.476,13.226,13.378,2299481.0,2025-12-11 07:59:59.999000+00:00
2025-12-11 08:00:00+00:00,13.379,13.41,13.233,13.311,1988709.0,2025-12-11 11:59:59.999000+00:00
2025-12-11 12:00:00+00:00,13.312,13.352,12.913,12.99,4655365.0,2025-12-11 15:59:59.999000+00:00
2025-12-11 16:00:00+00:00,12.99,13.375,12.87,13.244,4387017.0,2025-12-11 19:59:59.999000+00:00
2025-12-11 20:00:00+00:00,13.244,13.608,13.227,13.407,3817551.0,2025-12-11 23:59:59.999000+00:00
2025-12-12 00:00:00+00:00,13.408,13.742,13.317,13.601,2321384.0,2025-12-12 03:59:59.999000+00:00
2025-12-12 04:00:00+00:00,13.6,13.785,13.546,13.647,1768909.0,2025-12-12 07:59:59.999000+00:00
2025-12-12 08:00:00+00:00,13.647,13.674,13.483,13.552,1624929.0,2025-12-12 11:59:59.999000+00:00
2025-12-12 12:00:00+00:00,13.551,13.647,12.793,12.885,4563236.0,2025-12-12 15:59:59.999000+00:00
2025-12-12 16:00:00+00:00,12.886,13.196,12.791,13.065,4988637.0,2025-12-12 19:59:59.999000+00:00
2025-12-12 20:00:00+00:00,13.064,13.17,13.018,13.103,1360464.0,2025-12-12 23:59:59.999000+00:00
2025-12-13 00:00:00+00:00,13.102,13.242,13.077,13.211,1130662.0,2025-12-13 03:59:59.999000+00:00
2025-12-13 04:00:00+00:00,13.21,13.454,13.191,13.325,1730782.0,2025-12-13 07:59:59.999000+00:00
2025-12-13 08:00:00+00:00,13.325,13.46,13.325,13.377,1321471.0,2025-12-13 11:59:59.999000+00:00
2025-12-13 12:00:00+00:00,13.376,13.397,13.214,13.359,1719662.0,2025-12-13 15:59:59.999000+00:00
2025-12-13 16:00:00+00:00,13.358,13.412,13.313,13.381,1082823.0,2025-12-13 19:59:59.999000+00:00
2025-12-13 20:00:00+00:00,13.381,13.393,13.231,13.363,1148296.0,2025-12-13 23:59:59.999000+00:00
2025-12-14 00:00:00+00:00,13.363,13.387,13.283,13.295,742229.0,2025-12-14 03:59:59.999000+00:00
2025-12-14 04:00:00+00:00,13.295,13.311,13.176,13.235,854669.0,2025-12-14 07:59:59.999000+00:00
2025-12-14 08:00:00+00:00,13.235,13.278,12.952,13.052,1576965.0,2025-12-14 11:59:59.999000+00:00
2025-12-14 12:00:00+00:00,13.053,13.13,12.967,13.015,2308073.0,2025-12-14 15:59:59.999000+00:00
2025-12-14 16:00:00+00:00,13.014,13.106,12.898,12.966,2180646.0,2025-12-14 19:59:59.999000+00:00
2025-12-14 20:00:00+00:00,12.965,13.013,12.7,12.869,2371337.0,2025-12-14 23:59:59.999000+00:00
2025-12-15 00:00:00+00:00,12.868,13.272,12.846,13.077,2256354.0,2025-12-15 03:59:59.999000+00:00
2025-12-15 04:00:00+00:00,13.078,13.323,13.077,13.189,1882414.0,2025-12-15 07:59:59.999000+00:00
2025-12-15 08:00:00+00:00,13.19,13.354,13.166,13.214,1695805.0,2025-12-15 11:59:59.999000+00:00
2025-12-15 12:00:00+00:00,13.214,13.217,12.409,12.485,6472269.0,2025-12-15 15:59:59.999000+00:00
2025-12-15 16:00:00+00:00,12.485,12.521,12.18,12.383,5212283.0,2025-12-15 19:59:59.999000+00:00
2025-12-15 20:00:00+00:00,12.383,12.383,12.24,12.34,2227933.0,2025-12-15 23:59:59.999000+00:00
2025-12-16 00:00:00+00:00,12.339,12.353,12.161,12.258,2262514.0,2025-12-16 03:59:59.999000+00:00
2025-12-16 04:00:00+00:00,12.258,12.332,12.045,12.185,2331406.0,2025-12-16 07:59:59.999000+00:00
2025-12-16 08:00:00+00:00,12.185,12.395,12.134,12.349,2096073.0,2025-12-16 11:59:59.999000+00:00
2025-12-16 12:00:00+00:00,12.349,12.397,11.903,12.349,6531498.0,2025-12-16 15:59:59.999000+00:00
2025-12-16 16:00:00+00:00,12.349,12.369,12.131,12.277,2433480.0,2025-12-16 19:59:59.999000+00:00
2025-12-16 20:00:00+00:00,12.276,12.376,12.262,12.338,1476871.0,2025-12-16 23:59:59.999000+00:00
2025-12-17 00:00:00+00:00,12.338,12.386,12.274,12.298,1207800.0,2025-12-17 03:59:59.999000+00:00
2025-12-17 04:00:00+00:00,12.297,12.318,12.064,12.215,1846470.0,2025-12-17 07:59:59.999000+00:00
2025-12-17 08:00:00+00:00,12.215,12.215,12.04,12.169,1294168.0,2025-12-17 11:59:59.999000+00:00
2025-12-17 12:00:00+00:00,12.169,12.652,12.065,12.148,6905181.0,2025-12-17 15:59:59.999000+00:00
2025-12-17 16:00:00+00:00,12.147,12.23,11.691,11.875,6217268.0,2025-12-17 19:59:59.999000+00:00
2025-12-17 20:00:00+00:00,11.875,11.978,11.775,11.857,1785835.0,2025-12-17 23:59:59.999000+00:00
2025-12-18 00:00:00+00:00,11.858,11.883,11.68,11.732,1623032.0,2025-12-18 03:59:59.999000+00:00
2025-12-18 04:00:00+00:00,11.732,11.791,11.643,11.753,1524879.0,2025-12-18 07:59:59.999000+00:00
2025-12-18 08:00:00+00:00,11.754,11.799,11.668,11.721,1543198.0,2025-12-18 11:59:59.999000+00:00
2025-12-18 12:00:00+00:00,11.722,12.313,11.68,12.183,6393444.0,2025-12-18 15:59:59.999000+00:00
2025-12-18 16:00:00+00:00,12.182,12.192,11.263,11.294,7553363.0,2025-12-18 19:59:59.999000+00:00
2025-12-18 20:00:00+00:00,11.293,11.57,11.288,11.435,2683249.0,2025-12-18 23:59:59.999000+00:00
2025-12-19 00:00:00+00:00,11.434,11.813,11.261,11.735,3208190.0,2025-12-19 03:59:59.999000+00:00
2025-12-19 04:00:00+00:00,11.734,12.082,11.599,11.928,4057748.0,2025-12-19 07:59:59.999000+00:00
2025-12-19 08:00:00+00:00,11.927,12.031,11.871,11.981,2034191.0,2025-12-19 11:59:59.999000+00:00
2025-12-19 12:00:00+00:00,11.982,12.409,11.933,12.182,5143994.0,2025-12-19 15:59:59.999000+00:00
2025-12-19 16:00:00+00:00,12.182,12.459,12.059,12.327,4627439.0,2025-12-19 19:59:59.999000+00:00
2025-12-19 20:00:00+00:00,12.327,12.383,12.239,12.251,1930066.0,2025-12-19 23:59:59.999000+00:00
2025-12-20 00:00:00+00:00,12.251,12.287,12.188,12.248,1141457.0,2025-12-20 03:59:59.999000+00:00
2025-12-20 04:00:00+00:00,12.248,12.338,12.192,12.326,1081432.0,2025-12-20 07:59:59.999000+00:00
2025-12-20 08:00:00+00:00,12.326,12.372,12.24,12.307,1071999.0,2025-12-20 11:59:59.999000+00:00
2025-12-20 12:00:00+00:00,12.307,12.309,12.162,12.267,1520388.0,2025-12-20 15:59:59.999000+00:00
2025-12-20 16:00:00+00:00,12.267,12.305,12.222,12.255,946271.0,2025-12-20 19:59:59.999000+00:00
2025-12-20 20:00:00+00:00,12.255,12.276,12.117,12.201,1650159.0,2025-12-20 23:59:59.999000+00:00
2025-12-21 00:00:00+00:00,12.202,12.243,12.077,12.178,1424514.0,2025-12-21 03:59:59.999000+00:00
2025-12-21 04:00:00+00:00,12.179,12.192,12.105,12.116,752616.0,2025-12-21 07:59:59.999000+00:00
2025-12-21 08:00:00+00:00,12.117,12.329,12.09,12.235,2236920.0,2025-12-21 11:59:59.999000+00:00
2025-12-21 12:00:00+00:00,12.236,12.281,11.944,12.086,3455850.0,2025-12-21 15:59:59.999000+00:00
2025-12-21 16:00:00+00:00,12.086,12.168,11.996,12.118,2005370.0,2025-12-21 19:59:59.999000+00:00
2025-12-21 20:00:00+00:00,12.117,12.254,11.975,12.14,1620955.0,2025-12-21 23:59:59.999000+00:00
2025-12-22 00:00:00+00:00,12.141,12.411,11.993,12.189,3550314.0,2025-12-22 03:59:59.999000+00:00
2025-12-22 04:00:00+00:00,12.189,12.259,12.121,12.184,1348266.0,2025-12-22 07:59:59.999000+00:00
2025-12-22 08:00:00+00:00,12.184,12.369,12.153,12.349,2234489.0,2025-12-22 11:59:59.999000+00:00
2025-12-22 12:00:00+00:00,12.348,12.442,12.266,12.366,3842155.0,2025-12-22 15:59:59.999000+00:00
2025-12-22 16:00:00+00:00,12.366,12.399,12.109,12.133,2807350.0,2025-12-22 19:59:59.999000+00:00
2025-12-22 20:00:00+00:00,12.133,12.433,12.067,12.411,3902460.0,2025-12-22 23:59:59.999000+00:00
2025-12-23 00:00:00+00:00,12.412,12.543,12.324,12.398,3089877.0,2025-12-23 03:59:59.999000+00:00
2025-12-23 04:00:00+00:00,12.397,12.423,12.11,12.186,2504044.0,2025-12-23 07:59:59.999000+00:00
2025-12-23 08:00:00+00:00,12.187,12.321,12.15,12.287,1494574.0,2025-12-23 11:59:59.999000+00:00
2025-12-23 12:00:00+00:00,12.288,12.288,11.8,11.941,5135632.0,2025-12-23 15:59:59.999000+00:00
2025-12-23 16:00:00+00:00,11.94,12.184,11.904,12.112,3093050.0,2025-12-23 19:59:59.999000+00:00
2025-12-23 20:00:00+00:00,12.112,12.382,12.072,12.174,2927094.0,2025-12-23 23:59:59.999000+00:00
2025-12-24 00:00:00+00:00,12.175,12.223,11.951,12.059,2002285.0,2025-12-24 03:59:59.999000+00:00
2025-12-24 04:00:00+00:00,12.058,12.133,11.925,11.972,1553439.0,2025-12-24 07:59:59.999000+00:00
2025-12-24 08:00:00+00:00,11.973,12.127,11.952,12.097,1607077.0,2025-12-24 11:59:59.999000+00:00
2025-12-24 12:00:00+00:00,12.096,12.135,11.876,12.005,2875627.0,2025-12-24 15:59:59.999000+00:00
2025-12-24 16:00:00+00:00,12.005,12.083,11.894,12.024,2215789.0,2025-12-24 19:59:59.999000+00:00
2025-12-24 20:00:00+00:00,12.024,12.145,12.015,12.1,1256271.0,2025-12-24 23:59:59.999000+00:00
2025-12-25 00:00:00+00:00,12.1,12.221,12.045,12.154,1308396.0,2025-12-25 03:59:59.999000+00:00
2025-12-25 04:00:00+00:00,12.155,12.259,12.142,12.243,1165431.0,2025-12-25 07:59:59.999000+00:00
2025-12-25 08:00:00+00:00,12.243,12.351,12.106,12.146,1900236.0,2025-12-25 11:59:59.999000+00:00
2025-12-25 12:00:00+00:00,12.146,12.396,12.14,12.348,1893393.0,2025-12-25 15:59:59.999000+00:00
2025-12-25 16:00:00+00:00,12.349,12.55,12.338,12.469,2884513.0,2025-12-25 19:59:59.999000+00:00
2025-12-25 20:00:00+00:00,12.47,12.495,12.032,12.071,2916275.0,2025-12-25 23:59:59.999000+00:00
2025-12-26 00:00:00+00:00,12.071,12.613,12.016,12.528,4901266.0,2025-12-26 03:59:59.999000+00:00
2025-12-26 04:00:00+00:00,12.528,12.574,12.386,12.408,1974550.0,2025-12-26 07:59:59.999000+00:00
2025-12-26 08:00:00+00:00,12.408,12.498,12.395,12.455,1293876.0,2025-12-26 11:59:59.999000+00:00
2025-12-26 12:00:00+00:00,12.455,12.495,12.129,12.226,3693979.0,2025-12-26 15:59:59.999000+00:00
2025-12-26 16:00:00+00:00,12.227,12.379,12.154,12.372,2160047.0,2025-12-26 19:59:59.999000+00:00
2025-12-26 20:00:00+00:00,12.373,12.395,12.314,12.336,1100758.0,2025-12-26 23:59:59.999000+00:00
2025-12-27 00:00:00+00:00,12.337,12.416,12.328,12.416,999897.0,2025-12-27 03:59:59.999000+00:00
2025-12-27 04:00:00+00:00,12.416,12.467,12.381,12.451,853935.0,2025-12-27 07:59:59.999000+00:00
2025-12-27 08:00:00+00:00,12.451,12.491,12.387,12.465,1225292.0,2025-12-27 11:59:59.999000+00:00
2025-12-27 12:00:00+00:00,12.465,12.575,12.432,12.556,1388321.0,2025-12-27 15:59:59.999000+00:00
2025-12-27 16:00:00+00:00,12.556,12.602,12.505,12.53,1369389.0,2025-12-27 19:59:59.999000+00:00
2025-12-27 20:00:00+00:00,12.529,12.8,12.524,12.691,1813368.0,2025-12-27 23:59:59.999000+00:00
2025-12-28 00:00:00+00:00,12.691,12.9,12.691,12.78,2142501.0,2025-12-28 03:59:59.999000+00:00
2025-12-28 04:00:00+00:00,12.781,12.847,12.762,12.792,1008171.0,2025-12-28 07:59:59.999000+00:00
2025-12-28 08:00:00+00:00,12.793,12.852,12.67,12.693,1132903.0,2025-12-28 11:59:59.999000+00:00
2025-12-28 12:00:00+00:00,12.693,12.767,12.573,12.728,2083373.0,2025-12-28 15:59:59.999000+00:00
2025-12-28 16:00:00+00:00,12.728,12.749,12.565,12.578,1457554.0,2025-12-28 19:59:59.999000+00:00
2025-12-28 20:00:00+00:00,12.577,12.653,12.516,12.635,1285008.0,2025-12-28 23:59:59.999000+00:00
2025-12-29 00:00:00+00:00,12.636,13.118,12.617,13.086,3632883.0,2025-12-29 03:59:59.999000+00:00
2025-12-29 04:00:00+00:00,13.085,13.198,12.911,13.01,2864798.0,2025-12-29 07:59:59.999000+00:00
2025-12-29 08:00:00+00:00,13.009,13.043,12.652,12.714,3267188.0,2025-12-29 11:59:59.999000+00:00
2025-12-29 12:00:00+00:00,12.714,12.734,12.443,12.69,4590730.0,2025-12-29 15:59:59.999000+00:00
2025-12-29 16:00:00+00:00,12.689,12.709,12.48,12.492,2041630.0,2025-12-29 19:59:59.999000+00:00
2025-12-29 20:00:00+00:00,12.492,12.522,12.334,12.364,2337348.0,2025-12-29 23:59:59.999000+00:00
2025-12-30 00:00:00+00:00,12.364,12.419,12.317,12.396,1433976.0,2025-12-30 03:59:59.999000+00:00
2025-12-30 04:00:00+00:00,12.396,12.452,12.356,12.421,1269388.0,2025-12-30 07:59:59.999000+00:00
2025-12-30 08:00:00+00:00,12.421,12.551,12.42,12.503,1781153.0,2025-12-30 11:59:59.999000+00:00
2025-12-30 12:00:00+00:00,12.503,12.598,12.434,12.584,2811983.0,2025-12-30 15:59:59.999000+00:00
2025-12-30 16:00:00+00:00,12.584,12.64,12.454,12.497,2323565.0,2025-12-30 19:59:59.999000+00:00
2025-12-30 20:00:00+00:00,12.497,12.579,12.453,12.575,1424005.0,2025-12-30 23:59:59.999000+00:00
2025-12-31 00:00:00+00:00,12.575,12.716,12.501,12.592,2046490.0,2025-12-31 03:59:59.999000+00:00
2025-12-31 04:00:00+00:00,12.593,12.631,12.512,12.54,733666.0,2025-12-31 07:59:59.999000+00:00
2025-12-31 08:00:00+00:00,12.54,12.573,12.465,12.567,1427386.0,2025-12-31 11:59:59.999000+00:00
2025-12-31 12:00:00+00:00,12.567,12.671,12.427,12.461,2336583.0,2025-12-31 15:59:59.999000+00:00
2025-12-31 16:00:00+00:00,12.462,12.464,12.189,12.307,2840690.0,2025-12-31 19:59:59.999000+00:00
2025-12-31 20:00:00+00:00,12.307,12.383,12.25,12.309,1570932.0,2025-12-31 23:59:59.999000+00:00
2026-01-01 00:00:00+00:00,12.309,12.367,12.267,12.279,926969.0,2026-01-01 03:59:59.999000+00:00
2026-01-01 04:00:00+00:00,12.278,12.288,12.219,12.268,863721.0,2026-01-01 07:59:59.999000+00:00
2026-01-01 08:00:00+00:00,12.268,12.375,12.258,12.368,1002451.0,2026-01-01 11:59:59.999000+00:00
2026-01-01 12:00:00+00:00,12.369,12.559,12.333,12.523,2101609.0,2026-01-01 15:59:59.999000+00:00
2026-01-01 16:00:00+00:00,12.522,13.58,12.493,13.547,7593353.0,2026-01-01 19:59:59.999000+00:00
2026-01-01 20:00:00+00:00,13.547,13.696,13.398,13.584,4923114.0,2026-01-01 23:59:59.999000+00:00
2026-01-02 00:00:00+00:00,13.584,13.858,13.515,13.734,3753412.0,2026-01-02 03:59:59.999000+00:00
2026-01-02 04:00:00+00:00,13.735,13.747,13.374,13.394,2180695.0,2026-01-02 07:59:59.999000+00:00
2026-01-02 08:00:00+00:00,13.393,13.585,13.326,13.387,2913784.0,2026-01-02 11:59:59.999000+00:00
2026-01-02 12:00:00+00:00,13.386,13.471,13.085,13.287,4774239.0,2026-01-02 15:59:59.999000+00:00
2026-01-02 16:00:00+00:00,13.286,13.662,13.267,13.641,3998470.0,2026-01-02 19:59:59.999000+00:00
2026-01-02 20:00:00+00:00,13.641,13.973,13.552,13.805,2912940.0,2026-01-02 23:59:59.999000+00:00
2026-01-03 00:00:00+00:00,13.805,14.283,13.775,14.246,3673055.0,2026-01-03 03:59:59.999000+00:00
2026-01-03 04:00:00+00:00,14.245,14.273,13.657,13.723,2743367.0,2026-01-03 07:59:59.999000+00:00
2026-01-03 08:00:00+00:00,13.722,14.002,13.704,13.977,1887317.0,2026-01-03 11:59:59.999000+00:00
2026-01-03 12:00:00+00:00,13.977,14.391,13.819,13.863,3779070.0,2026-01-03 15:59:59.999000+00:00
2026-01-03 16:00:00+00:00,13.862,13.967,13.774,13.853,1658571.0,2026-01-03 19:59:59.999000+00:00
2026-01-03 20:00:00+00:00,13.853,14.013,13.794,13.977,1383763.0,2026-01-03 23:59:59.999000+00:00
2026-01-04 00:00:00+00:00,13.977,14.09,13.894,14.0,1926471.0,2026-01-04 03:59:59.999000+00:00
2026-01-04 04:00:00+00:00,14.001,14.133,13.939,14.031,1665982.0,2026-01-04 07:59:59.999000+00:00
2026-01-04 08:00:00+00:00,14.032,14.101,13.962,14.066,1832036.0,2026-01-04 11:59:59.999000+00:00
2026-01-04 12:00:00+00:00,14.067,14.205,14.009,14.18,2128677.0,2026-01-04 15:59:59.999000+00:00
2026-01-04 16:00:00+00:00,14.181,14.289,13.991,14.127,2085838.0,2026-01-04 19:59:59.999000+00:00
2026-01-04 20:00:00+00:00,14.128,14.5,14.108,14.237,3140320.0,2026-01-04 23:59:59.999000+00:00
2026-01-05 00:00:00+00:00,14.236,14.518,14.2,14.385,2815196.0,2026-01-05 03:59:59.999000+00:00
2026-01-05 04:00:00+00:00,14.385,14.406,14.069,14.268,2491747.0,2026-01-05 07:59:59.999000+00:00
2026-01-05 08:00:00+00:00,14.267,14.365,14.116,14.191,2128000.0,2026-01-05 11:59:59.999000+00:00
2026-01-05 12:00:00+00:00,14.192,14.281,14.016,14.176,3766369.0,2026-01-05 15:59:59.999000+00:00
2026-01-05 16:00:00+00:00,14.175,14.349,13.89,14.266,4640012.0,2026-01-05 19:59:59.999000+00:00
2026-01-05 20:00:00+00:00,14.266,14.709,14.25,14.446,3439440.0,2026-01-05 23:59:59.999000+00:00
2026-01-06 00:00:00+00:00,14.446,14.747,14.234,14.422,2640475.0,2026-01-06 03:59:59.999000+00:00
2026-01-06 04:00:00+00:00,14.421,14.553,14.229,14.27,2075244.0,2026-01-06 07:59:59.999000+00:00
2026-01-06 08:00:00+00:00,14.27,14.524,14.237,14.521,1515386.0,2026-01-06 11:59:59.999000+00:00
2026-01-06 12:00:00+00:00,14.522,14.833,14.408,14.525,4540333.0,2026-01-06 15:59:59.999000+00:00
2026-01-06 16:00:00+00:00,14.525,14.595,14.266,14.469,5154735.0,2026-01-06 19:59:59.999000+00:00
2026-01-06 20:00:00+00:00,14.47,14.778,14.45,14.592,3151890.0,2026-01-06 23:59:59.999000+00:00
2026-01-07 00:00:00+00:00,14.592,14.592,14.39,14.469,1732170.0,2026-01-07 03:59:59.999000+00:00
2026-01-07 04:00:00+00:00,14.47,14.529,14.405,14.516,1498729.0,2026-01-07 07:59:59.999000+00:00
2026-01-07 08:00:00+00:00,14.515,14.552,14.414,14.484,2066708.0,2026-01-07 11:59:59.999000+00:00
2026-01-07 12:00:00+00:00,14.483,14.495,13.937,13.999,4436300.0,2026-01-07 15:59:59.999000+00:00
2026-01-07 16:00:00+00:00,13.999,14.148,13.863,14.105,2778607.0,2026-01-07 19:59:59.999000+00:00
2026-01-07 20:00:00+00:00,14.104,14.183,13.995,14.113,1339377.0,2026-01-07 23:59:59.999000+00:00
2026-01-08 00:00:00+00:00,14.113,14.238,13.991,14.017,1590797.0,2026-01-08 03:59:59.999000+00:00
2026-01-08 04:00:00+00:00,14.017,14.132,13.654,13.894,2621196.0,2026-01-08 07:59:59.999000+00:00
2026-01-08 08:00:00+00:00,13.893,13.97,13.673,13.883,2500175.0,2026-01-08 11:59:59.999000+00:00
2026-01-08 12:00:00+00:00,13.882,13.944,13.58,13.927,2868680.0,2026-01-08 15:59:59.999000+00:00
2026-01-08 16:00:00+00:00,13.926,14.039,13.815,13.848,2017392.0,2026-01-08 19:59:59.999000+00:00
2026-01-08 20:00:00+00:00,13.849,13.994,13.72,13.879,1488694.0,2026-01-08 23:59:59.999000+00:00
2026-01-09 00:00:00+00:00,13.878,14.057,13.84,13.981,1356092.0,2026-01-09 03:59:59.999000+00:00
2026-01-09 04:00:00+00:00,13.981,14.025,13.902,13.925,967884.0,2026-01-09 07:59:59.999000+00:00
2026-01-09 08:00:00+00:00,13.925,13.941,13.592,13.763,1872821.0,2026-01-09 11:59:59.999000+00:00
2026-01-09 12:00:00+00:00,13.763,14.166,13.598,13.97,3604029.0,2026-01-09 15:59:59.999000+00:00
2026-01-09 16:00:00+00:00,13.97,14.22,13.677,13.735,3295015.0,2026-01-09 19:59:59.999000+00:00
2026-01-09 20:00:00+00:00,13.734,13.853,13.711,13.782,1213119.0,2026-01-09 23:59:59.999000+00:00
2026-01-10 00:00:00+00:00,13.783,13.798,13.646,13.689,856972.0,2026-01-10 03:59:59.999000+00:00
2026-01-10 04:00:00+00:00,13.689,13.827,13.636,13.804,771699.0,2026-01-10 07:59:59.999000+00:00
2026-01-10 08:00:00+00:00,13.805,13.86,13.742,13.855,846512.0,2026-01-10 11:59:59.999000+00:00
2026-01-10 12:00:00+00:00,13.856,13.875,13.79,13.827,882701.0,2026-01-10 15:59:59.999000+00:00
2026-01-10 16:00:00+00:00,13.826,13.938,13.799,13.857,870213.0,2026-01-10 19:59:59.999000+00:00
2026-01-10 20:00:00+00:00,13.858,13.876,13.678,13.729,879680.0,2026-01-10 23:59:59.999000+00:00
2026-01-11 00:00:00+00:00,13.728,13.742,13.674,13.72,714016.0,2026-01-11 03:59:59.999000+00:00
2026-01-11 04:00:00+00:00,13.721,13.827,13.705,13.812,715185.0,2026-01-11 07:59:59.999000+00:00
2026-01-11 08:00:00+00:00,13.813,13.837,13.754,13.807,758150.0,2026-01-11 11:59:59.999000+00:00
2026-01-11 12:00:00+00:00,13.808,13.977,13.735,13.798,1427124.0,2026-01-11 15:59:59.999000+00:00
2026-01-11 16:00:00+00:00,13.799,13.978,13.776,13.828,1676607.0,2026-01-11 19:59:59.999000+00:00
2026-01-11 20:00:00+00:00,13.828,13.828,13.469,13.689,2290319.0,2026-01-11 23:59:59.999000+00:00
2026-01-12 00:00:00+00:00,13.689,14.215,13.591,13.983,3729055.0,2026-01-12 03:59:59.999000+00:00
2026-01-12 04:00:00+00:00,13.983,14.049,13.72,13.73,1801055.0,2026-01-12 07:59:59.999000+00:00
2026-01-12 08:00:00+00:00,13.73,13.796,13.489,13.638,2269179.0,2026-01-12 11:59:59.999000+00:00
2026-01-12 12:00:00+00:00,13.637,13.902,13.363,13.866,2992907.0,2026-01-12 15:59:59.999000+00:00
2026-01-12 16:00:00+00:00,13.866,13.993,13.612,13.711,2490608.0,2026-01-12 19:59:59.999000+00:00
2026-01-12 20:00:00+00:00,13.711,13.77,13.456,13.507,1512813.0,2026-01-12 23:59:59.999000+00:00
2026-01-13 00:00:00+00:00,13.506,13.605,13.463,13.574,1266858.0,2026-01-13 03:59:59.999000+00:00
2026-01-13 04:00:00+00:00,13.574,13.822,13.574,13.709,1509358.0,2026-01-13 07:59:59.999000+00:00
2026-01-13 08:00:00+00:00,13.709,13.86,13.705,13.761,1241667.0,2026-01-13 11:59:59.999000+00:00
2026-01-13 12:00:00+00:00,13.762,14.366,13.717,14.364,4700677.0,2026-01-13 15:59:59.999000+00:00
2026-01-13 16:00:00+00:00,14.364,14.623,14.364,14.52,4536875.0,2026-01-13 19:59:59.999000+00:00
2026-01-13 20:00:00+00:00,14.52,14.855,14.469,14.757,3499044.0,2026-01-13 23:59:59.999000+00:00
2026-01-14 00:00:00+00:00,14.756,14.807,14.706,14.763,1628119.0,2026-01-14 03:59:59.999000+00:00
2026-01-14 04:00:00+00:00,14.762,14.773,14.663,14.684,1509990.0,2026-01-14 07:59:59.999000+00:00
2026-01-14 08:00:00+00:00,14.683,14.749,14.491,14.509,1614751.0,2026-01-14 11:59:59.999000+00:00
2026-01-14 12:00:00+00:00,14.509,14.763,14.406,14.757,2980126.0,2026-01-14 15:59:59.999000+00:00
2026-01-14 16:00:00+00:00,14.757,14.945,14.394,14.635,4086954.0,2026-01-14 19:59:59.999000+00:00
2026-01-14 20:00:00+00:00,14.635,14.736,14.552,14.604,1346216.0,2026-01-14 23:59:59.999000+00:00
2026-01-15 00:00:00+00:00,14.604,14.622,14.112,14.14,2030744.0,2026-01-15 03:59:59.999000+00:00
2026-01-15 04:00:00+00:00,14.14,14.372,14.122,14.344,1396299.0,2026-01-15 07:59:59.999000+00:00
2026-01-15 08:00:00+00:00,14.344,14.471,14.291,14.298,1648462.0,2026-01-15 11:59:59.999000+00:00
2026-01-15 12:00:00+00:00,14.297,14.418,13.793,14.044,3098887.0,2026-01-15 15:59:59.999000+00:00
2026-01-15 16:00:00+00:00,14.045,14.065,13.626,13.737,3267329.0,2026-01-15 19:59:59.999000+00:00
2026-01-15 20:00:00+00:00,13.736,13.827,13.613,13.818,1276279.0,2026-01-15 23:59:59.999000+00:00
2026-01-16 00:00:00+00:00,13.818,13.85,13.7,13.74,1240430.0,2026-01-16 03:59:59.999000+00:00
2026-01-16 04:00:00+00:00,13.74,13.83,13.673,13.804,1014737.0,2026-01-16 07:59:59.999000+00:00
2026-01-16 08:00:00+00:00,13.805,13.86,13.72,13.786,957297.0,2026-01-16 11:59:59.999000+00:00
2026-01-16 12:00:00+00:00,13.787,13.808,13.321,13.397,2737367.0,2026-01-16 15:59:59.999000+00:00
2026-01-16 16:00:00+00:00,13.398,13.448,13.173,13.398,3509711.0,2026-01-16 19:59:59.999000+00:00
2026-01-16 20:00:00+00:00,13.399,13.665,13.29,13.575,1783004.0,2026-01-16 23:59:59.999000+00:00
2026-01-17 00:00:00+00:00,13.575,13.629,13.533,13.559,719931.0,2026-01-17 03:59:59.999000+00:00
2026-01-17 04:00:00+00:00,13.559,13.602,13.523,13.599,566822.0,2026-01-17 07:59:59.999000+00:00
2026-01-17 08:00:00+00:00,13.599,13.711,13.592,13.639,1150485.0,2026-01-17 11:59:59.999000+00:00
2026-01-17 12:00:00+00:00,13.638,13.966,13.632,13.891,1946310.0,2026-01-17 15:59:59.999000+00:00
2026-01-17 16:00:00+00:00,13.89,13.901,13.746,13.821,1051344.0,2026-01-17 19:59:59.999000+00:00
2026-01-17 20:00:00+00:00,13.821,13.858,13.702,13.735,957085.0,2026-01-17 23:59:59.999000+00:00
2026-01-18 00:00:00+00:00,13.735,13.818,13.621,13.667,1269896.0,2026-01-18 03:59:59.999000+00:00
2026-01-18 04:00:00+00:00,13.666,13.697,13.564,13.618,914056.0,2026-01-18 07:59:59.999000+00:00
2026-01-18 08:00:00+00:00,13.619,13.647,13.564,13.575,713736.0,2026-01-18 11:59:59.999000+00:00
2026-01-18 12:00:00+00:00,13.575,13.618,13.462,13.56,1401018.0,2026-01-18 15:59:59.999000+00:00
2026-01-18 16:00:00+00:00,13.56,13.729,13.532,13.658,1380164.0,2026-01-18 19:59:59.999000+00:00
2026-01-18 20:00:00+00:00,13.659,13.754,12.939,12.975,3273958.0,2026-01-18 23:59:59.999000+00:00
2026-01-19 00:00:00+00:00,12.976,12.976,12.032,12.705,6467605.0,2026-01-19 03:59:59.999000+00:00
2026-01-19 04:00:00+00:00,12.705,12.737,12.543,12.637,1422349.0,2026-01-19 07:59:59.999000+00:00
2026-01-19 08:00:00+00:00,12.636,12.828,12.603,12.699,1659695.0,2026-01-19 11:59:59.999000+00:00
2026-01-19 12:00:00+00:00,12.698,12.793,12.654,12.715,1301787.0,2026-01-19 15:59:59.999000+00:00
2026-01-19 16:00:00+00:00,12.715,12.85,12.616,12.807,1808800.0,2026-01-19 19:59:59.999000+00:00
2026-01-19 20:00:00+00:00,12.808,12.831,12.613,12.728,1250726.0,2026-01-19 23:59:59.999000+00:00
2026-01-20 00:00:00+00:00,12.728,12.736,12.613,12.692,1178517.0,2026-01-20 03:59:59.999000+00:00
2026-01-20 04:00:00+00:00,12.692,12.756,12.519,12.546,1918713.0,2026-01-20 07:59:59.999000+00:00
2026-01-20 08:00:00+00:00,12.547,12.644,12.394,12.45,2832075.0,2026-01-20 11:59:59.999000+00:00
2026-01-20 12:00:00+00:00,12.451,12.544,12.3,12.391,3015156.0,2026-01-20 15:59:59.999000+00:00
2026-01-20 16:00:00+00:00,12.392,12.428,12.052,12.174,3154736.0,2026-01-20 19:59:59.999000+00:00
2026-01-20 20:00:00+00:00,12.173,12.286,11.94,12.087,2064430.0,2026-01-20 23:59:59.999000+00:00
2026-01-21 00:00:00+00:00,12.087,12.337,12.048,12.292,1432812.0,2026-01-21 03:59:59.999000+00:00
2026-01-21 04:00:00+00:00,12.293,12.376,12.209,12.226,1357713.0,2026-01-21 07:59:59.999000+00:00
2026-01-21 08:00:00+00:00,12.225,12.271,12.086,12.104,1201443.0,2026-01-21 11:59:59.999000+00:00
2026-01-21 12:00:00+00:00,12.103,12.413,11.95,12.39,3700836.0,2026-01-21 15:59:59.999000+00:00
2026-01-21 16:00:00+00:00,12.39,12.606,11.862,12.584,5359975.0,2026-01-21 19:59:59.999000+00:00
2026-01-21 20:00:00+00:00,12.585,12.718,12.367,12.406,2651104.0,2026-01-21 23:59:59.999000+00:00
2026-01-22 00:00:00+00:00,12.407,12.616,12.407,12.483,1129919.0,2026-01-22 03:59:59.999000+00:00
2026-01-22 04:00:00+00:00,12.483,12.55,12.409,12.423,797841.0,2026-01-22 07:59:59.999000+00:00
2026-01-22 08:00:00+00:00,12.424,12.492,12.338,12.338,1257304.0,2026-01-22 11:59:59.999000+00:00
2026-01-22 12:00:00+00:00,12.338,12.395,12.029,12.157,2598528.0,2026-01-22 15:59:59.999000+00:00
2026-01-22 16:00:00+00:00,12.157,12.257,12.069,12.159,1831531.0,2026-01-22 19:59:59.999000+00:00
2026-01-22 20:00:00+00:00,12.159,12.197,12.075,12.188,1014108.0,2026-01-22 23:59:59.999000+00:00
2026-01-23 00:00:00+00:00,12.188,12.294,12.161,12.251,975643.0,2026-01-23 03:59:59.999000+00:00
2026-01-23 04:00:00+00:00,12.252,12.362,12.097,12.124,2262911.0,2026-01-23 07:59:59.999000+00:00
2026-01-23 08:00:00+00:00,12.124,12.204,12.036,12.196,1534493.0,2026-01-23 11:59:59.999000+00:00
2026-01-23 12:00:00+00:00,12.197,12.258,11.98,12.224,2383121.0,2026-01-23 15:59:59.999000+00:00
2026-01-23 16:00:00+00:00,12.223,12.488,12.126,12.165,2826320.0,2026-01-23 19:59:59.999000+00:00
2026-01-23 20:00:00+00:00,12.164,12.189,12.018,12.12,1291883.0,2026-01-23 23:59:59.999000+00:00
2026-01-24 00:00:00+00:00,12.12,12.166,12.094,12.148,640189.0,2026-01-24 03:59:59.999000+00:00
2026-01-24 04:00:00+00:00,12.149,12.176,12.1,12.113,528673.0,2026-01-24 07:59:59.999000+00:00
2026-01-24 08:00:00+00:00,12.113,12.129,12.053,12.109,667131.0,2026-01-24 11:59:59.999000+00:00
2026-01-24 12:00:00+00:00,12.109,12.136,12.014,12.023,864522.0,2026-01-24 15:59:59.999000+00:00
2026-01-24 16:00:00+00:00,12.024,12.062,11.959,12.028,874502.0,2026-01-24 19:59:59.999000+00:00
2026-01-24 20:00:00+00:00,12.029,12.115,12.027,12.039,744440.0,2026-01-24 23:59:59.999000+00:00
2026-01-25 00:00:00+00:00,12.04,12.074,11.863,11.924,1361478.0,2026-01-25 03:59:59.999000+00:00
2026-01-25 04:00:00+00:00,11.923,11.989,11.88,11.928,931582.0,2026-01-25 07:59:59.999000+00:00
2026-01-25 08:00:00+00:00,11.927,12.063,11.826,11.95,1423349.0,2026-01-25 11:59:59.999000+00:00
2026-01-25 12:00:00+00:00,11.95,11.967,11.805,11.843,1353380.0,2026-01-25 15:59:59.999000+00:00
2026-01-25 16:00:00+00:00,11.843,11.844,11.223,11.305,6272023.0,2026-01-25 19:59:59.999000+00:00
2026-01-25 20:00:00+00:00,11.304,11.519,11.245,11.49,2554589.0,2026-01-25 23:59:59.999000+00:00
2026-01-26 00:00:00+00:00,11.491,11.745,11.46,11.527,1921380.0,2026-01-26 03:59:59.999000+00:00
2026-01-26 04:00:00+00:00,11.527,11.714,11.524,11.681,1191051.0,2026-01-26 07:59:59.999000+00:00
2026-01-26 08:00:00+00:00,11.681,11.78,11.599,11.654,1379337.0,2026-01-26 11:59:59.999000+00:00
2026-01-26 12:00:00+00:00,11.654,11.913,11.623,11.748,2836365.0,2026-01-26 15:59:59.999000+00:00
2026-01-26 16:00:00+00:00,11.748,11.809,11.611,11.692,2551124.0,2026-01-26 19:59:59.999000+00:00
2026-01-26 20:00:00+00:00,11.693,11.79,11.619,11.713,1379580.0,2026-01-26 23:59:59.999000+00:00
2026-01-27 00:00:00+00:00,11.714,11.846,11.681,11.778,1104336.0,2026-01-27 03:59:59.999000+00:00
2026-01-27 04:00:00+00:00,11.779,11.836,11.709,11.752,853242.0,2026-01-27 07:59:59.999000+00:00
2026-01-27 08:00:00+00:00,11.752,11.782,11.646,11.673,1143176.0,2026-01-27 11:59:59.999000+00:00
2026-01-27 12:00:00+00:00,11.674,11.742,11.583,11.711,1792546.0,2026-01-27 15:59:59.999000+00:00
2026-01-27 16:00:00+00:00,11.711,11.947,11.573,11.848,4007602.0,2026-01-27 19:59:59.999000+00:00
2026-01-27 20:00:00+00:00,11.848,12.202,11.841,12.128,3330313.0,2026-01-27 23:59:59.999000+00:00
2026-01-28 00:00:00+00:00,12.128,12.165,12.02,12.058,1624719.0,2026-01-28 03:59:59.999000+00:00
2026-01-28 04:00:00+00:00,12.057,12.153,12.012,12.078,1154602.0,2026-01-28 07:59:59.999000+00:00
2026-01-28 08:00:00+00:00,12.078,12.244,12.02,12.232,1645645.0,2026-01-28 11:59:59.999000+00:00
2026-01-28 12:00:00+00:00,12.232,12.283,11.931,12.003,2311980.0,2026-01-28 15:59:59.999000+00:00
2026-01-28 16:00:00+00:00,12.003,12.132,11.916,12.052,1880541.0,2026-01-28 19:59:59.999000+00:00
2026-01-28 20:00:00+00:00,12.052,12.179,11.956,12.068,1596642.0,2026-01-28 23:59:59.999000+00:00
2026-01-29 00:00:00+00:00,12.068,12.093,11.734,11.78,2138956.0,2026-01-29 03:59:59.999000+00:00
2026-01-29 04:00:00+00:00,11.779,11.86,11.678,11.792,1477234.0,2026-01-29 07:59:59.999000+00:00
2026-01-29 08:00:00+00:00,11.791,11.81,11.629,11.652,1316979.0,2026-01-29 11:59:59.999000+00:00
2026-01-29 12:00:00+00:00,11.652,11.658,10.861,10.99,9290728.0,2026-01-29 15:59:59.999000+00:00
2026-01-29 16:00:00+00:00,10.99,11.16,10.791,10.978,6656814.0,2026-01-29 19:59:59.999000+00:00
2026-01-29 20:00:00+00:00,10.979,11.065,10.953,11.034,2010321.0,2026-01-29 23:59:59.999000+00:00
2026-01-30 00:00:00+00:00,11.034,11.084,10.657,10.917,5110580.0,2026-01-30 03:59:59.999000+00:00
2026-01-30 04:00:00+00:00,10.918,11.014,10.718,10.943,2384539.0,2026-01-30 07:59:59.999000+00:00
2026-01-30 08:00:00+00:00,10.944,11.047,10.798,11.005,2209283.0,2026-01-30 11:59:59.999000+00:00
2026-01-30 12:00:00+00:00,11.004,11.015,10.794,10.929,3682471.0,2026-01-30 15:59:59.999000+00:00
2026-01-30 16:00:00+00:00,10.928,11.044,10.617,10.991,5671366.0,2026-01-30 19:59:59.999000+00:00
2026-01-30 20:00:00+00:00,10.992,10.995,10.81,10.872,2943917.0,2026-01-30 23:59:59.999000+00:00
2026-01-31 00:00:00+00:00,10.872,10.892,10.806,10.833,1224547.0,2026-01-31 03:59:59.999000+00:00
2026-01-31 04:00:00+00:00,10.833,10.866,10.575,10.648,1934097.0,2026-01-31 07:59:59.999000+00:00
2026-01-31 08:00:00+00:00,10.647,10.672,10.418,10.585,3182789.0,2026-01-31 11:59:59.999000+00:00
2026-01-31 12:00:00+00:00,10.584,10.604,9.987,10.159,7340854.0,2026-01-31 15:59:59.999000+00:00
2026-01-31 16:00:00+00:00,10.16,10.288,9.138,9.827,14703448.0,2026-01-31 19:59:59.999000+00:00
2026-01-31 20:00:00+00:00,9.827,10.173,9.73,10.114,4216214.0,2026-01-31 23:59:59.999000+00:00
2026-02-01 00:00:00+00:00,10.113,10.223,10.088,10.205,2463645.0,2026-02-01 03:59:59.999000+00:00
2026-02-01 04:00:00+00:00,10.205,10.254,10.131,10.184,1927012.0,2026-02-01 07:59:59.999000+00:00
2026-02-01 08:00:00+00:00,10.184,10.215,10.009,10.123,2248129.0,2026-02-01 11:59:59.999000+00:00
2026-02-01 12:00:00+00:00,10.122,10.144,9.726,9.854,4166294.0,2026-02-01 15:59:59.999000+00:00
2026-02-01 16:00:00+00:00,9.854,10.089,9.75,9.881,3671872.0,2026-02-01 19:59:59.999000+00:00
2026-02-01 20:00:00+00:00,9.88,10.07,9.663,9.909,4796506.0,2026-02-01 23:59:59.999000+00:00
2026-02-02 00:00:00+00:00,9.909,10.127,9.521,9.856,6028529.0,2026-02-02 03:59:59.999000+00:00
2026-02-02 04:00:00+00:00,9.857,10.001,9.531,9.877,5261055.0,2026-02-02 07:59:59.999000+00:00
2026-02-02 08:00:00+00:00,9.878,10.063,9.863,9.98,2559888.0,2026-02-02 11:59:59.999000+00:00
2026-02-02 12:00:00+00:00,9.979,10.317,9.978,10.24,4339982.0,2026-02-02 15:59:59.999000+00:00
2026-02-02 16:00:00+00:00,10.24,10.267,10.116,10.125,2225417.0,2026-02-02 19:59:59.999000+00:00
2026-02-02 20:00:00+00:00,10.124,10.186,10.065,10.14,1446268.0,2026-02-02 23:59:59.999000+00:00
2026-02-03 00:00:00+00:00,10.141,10.152,9.937,10.131,2205049.0,2026-02-03 03:59:59.999000+00:00
2026-02-03 04:00:00+00:00,10.13,10.202,10.032,10.143,1614203.0,2026-02-03 07:59:59.999000+00:00
2026-02-03 08:00:00+00:00,10.143,10.172,9.966,10.073,2199266.0,2026-02-03 11:59:59.999000+00:00
2026-02-03 12:00:00+00:00,10.074,10.167,9.905,10.151,3918909.0,2026-02-03 15:59:59.999000+00:00
2026-02-03 16:00:00+00:00,10.151,10.154,9.526,9.956,7493000.0,2026-02-03 19:59:59.999000+00:00
2026-02-03 20:00:00+00:00,9.955,10.355,9.845,9.923,5187036.0,2026-02-03 23:59:59.999000+00:00
2026-02-04 00:00:00+00:00,9.924,10.133,9.881,10.102,2200986.0,2026-02-04 03:59:59.999000+00:00
2026-02-04 04:00:00+00:00,10.102,10.149,10.011,10.141,1663820.0,2026-02-04 07:59:59.999000+00:00
2026-02-04 08:00:00+00:00,10.142,10.158,9.921,10.018,2053368.0,2026-02-04 11:59:59.999000+00:00
2026-02-04 12:00:00+00:00,10.019,10.031,9.608,9.719,4448792.0,2026-02-04 15:59:59.999000+00:00
2026-02-04 16:00:00+00:00,9.72,9.952,9.566,9.933,6590772.0,2026-02-04 19:59:59.999000+00:00
2026-02-04 20:00:00+00:00,9.933,9.955,9.537,9.711,4190776.0,2026-02-04 23:59:59.999000+00:00
2026-02-05 00:00:00+00:00,9.711,9.846,9.592,9.617,3402549.0,2026-02-05 03:59:59.999000+00:00
2026-02-05 04:00:00+00:00,9.617,9.672,9.444,9.499,4790823.0,2026-02-05 07:59:59.999000+00:00
2026-02-05 08:00:00+00:00,9.5,9.672,9.175,9.261,4522711.0,2026-02-05 11:59:59.999000+00:00
2026-02-05 12:00:00+00:00,9.261,9.446,8.712,8.861,11973246.0,2026-02-05 15:59:59.999000+00:00
2026-02-05 16:00:00+00:00,8.862,9.08,8.666,8.692,10126399.0,2026-02-05 19:59:59.999000+00:00
2026-02-05 20:00:00+00:00,8.691,8.764,8.238,8.305,12405466.0,2026-02-05 23:59:59.999000+00:00
2026-02-06 00:00:00+00:00,8.304,8.516,7.534,8.258,17027035.0,2026-02-06 03:59:59.999000+00:00
2026-02-06 04:00:00+00:00,8.257,8.639,8.228,8.411,5275363.0,2026-02-06 07:59:59.999000+00:00
2026-02-06 08:00:00+00:00,8.411,8.733,8.324,8.705,4447718.0,2026-02-06 11:59:59.999000+00:00
2026-02-06 12:00:00+00:00,8.705,9.061,8.637,9.03,5503940.0,2026-02-06 15:59:59.999000+00:00
2026-02-06 16:00:00+00:00,9.029,9.464,8.994,9.242,5588406.0,2026-02-06 19:59:59.999000+00:00
2026-02-06 20:00:00+00:00,9.242,9.368,9.107,9.268,3013843.0,2026-02-06 23:59:59.999000+00:00
2026-02-07 00:00:00+00:00,9.268,9.307,9.124,9.281,2536931.0,2026-02-07 03:59:59.999000+00:00
2026-02-07 04:00:00+00:00,9.281,9.365,8.902,8.991,4228783.0,2026-02-07 07:59:59.999000+00:00
2026-02-07 08:00:00+00:00,8.99,9.089,8.929,8.98,2050743.0,2026-02-07 11:59:59.999000+00:00
2026-02-07 12:00:00+00:00,8.98,9.256,8.971,9.173,2769021.0,2026-02-07 15:59:59.999000+00:00
2026-02-07 16:00:00+00:00,9.174,9.384,9.133,9.253,6467236.0,2026-02-07 19:59:59.999000+00:00
2026-02-07 20:00:00+00:00,9.253,9.323,9.17,9.219,1176787.0,2026-02-07 23:59:59.999000+00:00
2026-02-08 00:00:00+00:00,9.22,9.248,9.113,9.125,1111209.0,2026-02-08 03:59:59.999000+00:00
2026-02-08 04:00:00+00:00,9.124,9.172,9.071,9.137,1050095.0,2026-02-08 07:59:59.999000+00:00
2026-02-08 08:00:00+00:00,9.137,9.286,9.099,9.264,2251511.0,2026-02-08 11:59:59.999000+00:00
2026-02-08 12:00:00+00:00,9.264,9.283,9.144,9.171,1977150.0,2026-02-08 15:59:59.999000+00:00
2026-02-08 16:00:00+00:00,9.171,9.221,8.994,9.205,2202865.0,2026-02-08 19:59:59.999000+00:00
2026-02-08 20:00:00+00:00,9.206,9.258,8.999,9.074,2438720.0,2026-02-08 23:59:59.999000+00:00
2026-02-09 00:00:00+00:00,9.074,9.2,9.02,9.182,1881104.0,2026-02-09 03:59:59.999000+00:00
2026-02-09 04:00:00+00:00,9.182,9.182,9.014,9.023,1229396.0,2026-02-09 07:59:59.999000+00:00
2026-02-09 08:00:00+00:00,9.023,9.036,8.716,8.784,2836905.0,2026-02-09 11:59:59.999000+00:00
2026-02-09 12:00:00+00:00,8.784,8.999,8.741,8.994,2684832.0,2026-02-09 15:59:59.999000+00:00
2026-02-09 16:00:00+00:00,8.993,9.185,8.913,9.112,3837532.0,2026-02-09 19:59:59.999000+00:00
2026-02-09 20:00:00+00:00,9.111,9.144,8.984,9.046,1810442.0,2026-02-09 23:59:59.999000+00:00
2026-02-10 00:00:00+00:00,9.046,9.109,8.86,8.9,1807218.0,2026-02-10 03:59:59.999000+00:00
2026-02-10 04:00:00+00:00,8.899,8.982,8.735,8.819,2412995.0,2026-02-10 07:59:59.999000+00:00
2026-02-10 08:00:00+00:00,8.819,8.903,8.775,8.781,1568585.0,2026-02-10 11:59:59.999000+00:00
2026-02-10 12:00:00+00:00,8.782,8.871,8.7,8.779,2890688.0,2026-02-10 15:59:59.999000+00:00
2026-02-10 16:00:00+00:00,8.779,8.847,8.664,8.72,2512346.0,2026-02-10 19:59:59.999000+00:00
2026-02-10 20:00:00+00:00,8.719,8.755,8.653,8.744,1656752.0,2026-02-10 23:59:59.999000+00:00
2026-02-11 00:00:00+00:00,8.744,8.96,8.724,8.863,2318730.0,2026-02-11 03:59:59.999000+00:00
2026-02-11 04:00:00+00:00,8.863,8.881,8.542,8.573,2933526.0,2026-02-11 07:59:59.999000+00:00
2026-02-11 08:00:00+00:00,8.574,8.588,8.472,8.578,2092756.0,2026-02-11 11:59:59.999000+00:00
2026-02-11 12:00:00+00:00,8.578,8.888,8.429,8.512,5261398.0,2026-02-11 15:59:59.999000+00:00
2026-02-11 16:00:00+00:00,8.512,8.761,8.479,8.697,3748947.0,2026-02-11 19:59:59.999000+00:00
2026-02-11 20:00:00+00:00,8.696,8.804,8.581,8.629,2354872.0,2026-02-11 23:59:59.999000+00:00
2026-02-12 00:00:00+00:00,8.63,8.783,8.629,8.747,1731290.0,2026-02-12 03:59:59.999000+00:00
2026-02-12 04:00:00+00:00,8.747,8.84,8.681,8.812,1648788.0,2026-02-12 07:59:59.999000+00:00
2026-02-12 08:00:00+00:00,8.812,8.975,8.777,8.907,2375557.0,2026-02-12 11:59:59.999000+00:00
2026-02-12 12:00:00+00:00,8.908,8.968,8.792,8.8,3713714.0,2026-02-12 15:59:59.999000+00:00
2026-02-12 16:00:00+00:00,8.8,8.861,8.61,8.764,5375315.0,2026-02-12 19:59:59.999000+00:00
2026-02-12 20:00:00+00:00,8.765,8.904,8.679,8.902,2395125.0,2026-02-12 23:59:59.999000+00:00
2026-02-13 00:00:00+00:00,8.901,8.935,8.814,8.856,2319778.0,2026-02-13 03:59:59.999000+00:00
2026-02-13 04:00:00+00:00,8.855,8.865,8.731,8.829,1793526.0,2026-02-13 07:59:59.999000+00:00
2026-02-13 08:00:00+00:00,8.829,8.912,8.809,8.869,1693422.0,2026-02-13 11:59:59.999000+00:00
2026-02-13 12:00:00+00:00,8.868,9.216,8.825,9.101,5707088.0,2026-02-13 15:59:59.999000+00:00
2026-02-13 16:00:00+00:00,9.101,9.247,9.088,9.177,2649929.0,2026-02-13 19:59:59.999000+00:00
2026-02-13 20:00:00+00:00,9.178,9.245,9.134,9.139,1737920.0,2026-02-13 23:59:59.999000+00:00
2026-02-14 00:00:00+00:00,9.139,9.217,9.117,9.207,1133090.0,2026-02-14 03:59:59.999000+00:00
2026-02-14 04:00:00+00:00,9.206,9.207,9.132,9.189,1022224.0,2026-02-14 07:59:59.999000+00:00
2026-02-14 08:00:00+00:00,9.19,9.383,9.186,9.368,2169539.0,2026-02-14 11:59:59.999000+00:00
2026-02-14 12:00:00+00:00,9.367,9.391,9.248,9.379,2456714.0,2026-02-14 15:59:59.999000+00:00
2026-02-14 16:00:00+00:00,9.379,9.627,9.336,9.625,2437226.0,2026-02-14 19:59:59.999000+00:00
2026-02-14 20:00:00+00:00,9.626,9.713,9.533,9.59,2286286.0,2026-02-14 23:59:59.999000+00:00
2026-02-15 00:00:00+00:00,9.59,9.636,9.472,9.592,2245759.0,2026-02-15 03:59:59.999000+00:00
2026-02-15 04:00:00+00:00,9.592,9.745,9.578,9.693,2497051.0,2026-02-15 07:59:59.999000+00:00
2026-02-15 08:00:00+00:00,9.694,9.702,9.505,9.526,1907932.0,2026-02-15 11:59:59.999000+00:00
2026-02-15 12:00:00+00:00,9.526,9.54,9.269,9.379,3680193.0,2026-02-15 15:59:59.999000+00:00
2026-02-15 16:00:00+00:00,9.379,9.379,9.131,9.179,3850455.0,2026-02-15 19:59:59.999000+00:00
2026-02-15 20:00:00+00:00,9.178,9.299,9.142,9.278,1900342.0,2026-02-15 23:59:59.999000+00:00
2026-02-16 00:00:00+00:00,9.278,9.335,9.2,9.234,1712741.0,2026-02-16 03:59:59.999000+00:00
2026-02-16 04:00:00+00:00,9.233,9.327,9.175,9.254,1518149.0,2026-02-16 07:59:59.999000+00:00
2026-02-16 08:00:00+00:00,9.254,9.341,9.165,9.265,1902193.0,2026-02-16 11:59:59.999000+00:00
2026-02-16 12:00:00+00:00,9.265,9.415,9.037,9.079,5031768.0,2026-02-16 15:59:59.999000+00:00
2026-02-16 16:00:00+00:00,9.079,9.18,9.048,9.139,2476455.0,2026-02-16 19:59:59.999000+00:00
2026-02-16 20:00:00+00:00,9.139,9.306,9.11,9.255,2044306.0,2026-02-16 23:59:59.999000+00:00
2026-02-17 00:00:00+00:00,9.255,9.293,9.177,9.217,1424219.0,2026-02-17 03:59:59.999000+00:00
2026-02-17 04:00:00+00:00,9.216,9.244,9.128,9.194,1258437.0,2026-02-17 07:59:59.999000+00:00
2026-02-17 08:00:00+00:00,9.194,9.215,9.052,9.107,1488575.0,2026-02-17 11:59:59.999000+00:00
2026-02-17 12:00:00+00:00,9.108,9.226,8.998,9.077,3911780.0,2026-02-17 15:59:59.999000+00:00
2026-02-17 16:00:00+00:00,9.078,9.295,9.033,9.174,4012873.0,2026-02-17 19:59:59.999000+00:00
2026-02-17 20:00:00+00:00,9.174,9.195,9.123,9.136,1316896.0,2026-02-17 23:59:59.999000+00:00
2026-02-18 00:00:00+00:00,9.136,9.162,9.061,9.105,1493619.0,2026-02-18 03:59:59.999000+00:00
2026-02-18 04:00:00+00:00,9.105,9.143,9.029,9.124,1399768.0,2026-02-18 07:59:59.999000+00:00
2026-02-18 08:00:00+00:00,9.124,9.206,8.99,9.034,1907663.0,2026-02-18 11:59:59.999000+00:00
2026-02-18 12:00:00+00:00,9.035,9.2,8.934,9.111,3562054.0,2026-02-18 15:59:59.999000+00:00
2026-02-18 16:00:00+00:00,9.112,9.117,8.814,8.874,4142798.0,2026-02-18 19:59:59.999000+00:00
2026-02-18 20:00:00+00:00,8.874,8.913,8.794,8.852,2010582.0,2026-02-18 23:59:59.999000+00:00
2026-02-19 00:00:00+00:00,8.853,8.92,8.827,8.907,1432049.0,2026-02-19 03:59:59.999000+00:00
2026-02-19 04:00:00+00:00,8.908,8.935,8.832,8.898,1180178.0,2026-02-19 07:59:59.999000+00:00
2026-02-19 08:00:00+00:00,8.898,8.898,8.778,8.787,1733712.0,2026-02-19 11:59:59.999000+00:00
2026-02-19 12:00:00+00:00,8.787,8.86,8.653,8.815,4066639.0,2026-02-19 15:59:59.999000+00:00
2026-02-19 16:00:00+00:00,8.814,8.937,8.733,8.883,3514385.0,2026-02-19 19:59:59.999000+00:00
2026-02-19 20:00:00+00:00,8.882,8.922,8.852,8.896,1354652.0,2026-02-19 23:59:59.999000+00:00
2026-02-20 00:00:00+00:00,8.895,8.967,8.885,8.937,1335901.0,2026-02-20 03:59:59.999000+00:00
2026-02-20 04:00:00+00:00,8.937,9.288,8.876,9.196,3772517.0,2026-02-20 07:59:59.999000+00:00
2026-02-20 08:00:00+00:00,9.196,9.361,9.095,9.111,4273931.0,2026-02-20 11:59:59.999000+00:00
2026-02-20 12:00:00+00:00,9.111,9.19,8.922,9.173,4936493.0,2026-02-20 15:59:59.999000+00:00
2026-02-20 16:00:00+00:00,9.173,9.243,8.997,9.147,4178708.0,2026-02-20 19:59:59.999000+00:00
2026-02-20 20:00:00+00:00,9.146,9.172,9.09,9.165,1335199.0,2026-02-20 23:59:59.999000+00:00
2026-02-21 00:00:00+00:00,9.164,9.196,9.115,9.161,1164531.0,2026-02-21 03:59:59.999000+00:00
2026-02-21 04:00:00+00:00,9.16,9.207,9.129,9.149,1139084.0,2026-02-21 07:59:59.999000+00:00
2026-02-21 08:00:00+00:00,9.15,9.294,9.136,9.272,1717288.0,2026-02-21 11:59:59.999000+00:00
2026-02-21 12:00:00+00:00,9.272,9.449,9.247,9.28,3022577.0,2026-02-21 15:59:59.999000+00:00
2026-02-21 16:00:00+00:00,9.28,9.305,9.195,9.264,1818631.0,2026-02-21 19:59:59.999000+00:00
2026-02-21 20:00:00+00:00,9.263,9.272,9.102,9.11,2117406.0,2026-02-21 23:59:59.999000+00:00
2026-02-22 00:00:00+00:00,9.111,9.111,9.001,9.041,2044776.0,2026-02-22 03:59:59.999000+00:00
2026-02-22 04:00:00+00:00,9.04,9.059,8.953,9.007,1459367.0,2026-02-22 07:59:59.999000+00:00
2026-02-22 08:00:00+00:00,9.007,9.055,8.965,9.0,1235007.0,2026-02-22 11:59:59.999000+00:00
2026-02-22 12:00:00+00:00,9.0,9.005,8.807,8.877,3228314.0,2026-02-22 15:59:59.999000+00:00
2026-02-22 16:00:00+00:00,8.877,8.878,8.789,8.812,1601106.0,2026-02-22 19:59:59.999000+00:00
2026-02-22 20:00:00+00:00,8.813,8.885,8.784,8.874,1316777.0,2026-02-22 23:59:59.999000+00:00
2026-02-23 00:00:00+00:00,8.875,8.89,8.321,8.411,7907615.0,2026-02-23 03:59:59.999000+00:00
2026-02-23 04:00:00+00:00,8.412,8.602,8.328,8.557,2689301.0,2026-02-23 07:59:59.999000+00:00
2026-02-23 08:00:00+00:00,8.557,8.724,8.497,8.651,2533072.0,2026-02-23 11:59:59.999000+00:00
2026-02-23 12:00:00+00:00,8.651,8.775,8.547,8.56,3328044.0,2026-02-23 15:59:59.999000+00:00
2026-02-23 16:00:00+00:00,8.56,8.612,8.33,8.364,3966937.0,2026-02-23 19:59:59.999000+00:00
2026-02-23 20:00:00+00:00,8.364,8.448,8.264,8.359,2822541.0,2026-02-23 23:59:59.999000+00:00
2026-02-24 00:00:00+00:00,8.36,8.437,8.206,8.302,3019761.0,2026-02-24 03:59:59.999000+00:00
2026-02-24 04:00:00+00:00,8.302,8.315,8.201,8.25,2166667.0,2026-02-24 07:59:59.999000+00:00
2026-02-24 08:00:00+00:00,8.25,8.323,8.221,8.309,1868580.0,2026-02-24 11:59:59.999000+00:00
2026-02-24 12:00:00+00:00,8.309,8.373,8.173,8.327,3563710.0,2026-02-24 15:59:59.999000+00:00
2026-02-24 16:00:00+00:00,8.327,8.435,8.316,8.344,2372605.0,2026-02-24 19:59:59.999000+00:00
2026-02-24 20:00:00+00:00,8.344,8.373,8.248,8.279,1326820.0,2026-02-24 23:59:59.999000+00:00
2026-02-25 00:00:00+00:00,8.28,8.706,8.258,8.509,4990273.0,2026-02-25 03:59:59.999000+00:00
2026-02-25 04:00:00+00:00,8.51,8.577,8.409,8.571,2187233.0,2026-02-25 07:59:59.999000+00:00
2026-02-25 08:00:00+00:00,8.57,8.984,8.536,8.97,5036569.0,2026-02-25 11:59:59.999000+00:00
2026-02-25 12:00:00+00:00,8.969,9.596,8.956,9.529,10682737.0,2026-02-25 15:59:59.999000+00:00
2026-02-25 16:00:00+00:00,9.529,9.819,9.529,9.747,5999741.0,2026-02-25 19:59:59.999000+00:00
2026-02-25 20:00:00+00:00,9.748,9.841,9.416,9.515,4414114.0,2026-02-25 23:59:59.999000+00:00
2026-02-26 00:00:00+00:00,9.516,9.632,9.423,9.451,3704488.0,2026-02-26 03:59:59.999000+00:00
2026-02-26 04:00:00+00:00,9.45,9.56,9.315,9.321,3278090.0,2026-02-26 07:59:59.999000+00:00
2026-02-26 08:00:00+00:00,9.321,9.402,9.23,9.238,3478399.0,2026-02-26 11:59:59.999000+00:00
2026-02-26 12:00:00+00:00,9.238,9.388,9.204,9.301,3943529.0,2026-02-26 15:59:59.999000+00:00
2026-02-26 16:00:00+00:00,9.302,9.34,9.087,9.298,4169856.0,2026-02-26 19:59:59.999000+00:00
2026-02-26 20:00:00+00:00,9.298,9.335,9.229,9.302,1477327.0,2026-02-26 23:59:59.999000+00:00
2026-02-27 00:00:00+00:00,9.302,9.425,9.241,9.406,1621555.0,2026-02-27 03:59:59.999000+00:00
2026-02-27 04:00:00+00:00,9.407,9.481,9.337,9.382,2182469.0,2026-02-27 07:59:59.999000+00:00
2026-02-27 08:00:00+00:00,9.381,9.424,8.985,9.027,3566740.0,2026-02-27 11:59:59.999000+00:00
2026-02-27 12:00:00+00:00,9.027,9.054,8.911,9.011,3393405.0,2026-02-27 15:59:59.999000+00:00
2026-02-27 16:00:00+00:00,9.011,9.013,8.849,8.889,3047224.0,2026-02-27 19:59:59.999000+00:00
2026-02-27 20:00:00+00:00,8.889,8.962,8.776,8.945,1942939.0,2026-02-27 23:59:59.999000+00:00
2026-02-28 00:00:00+00:00,8.946,8.971,8.871,8.884,941588.0,2026-02-28 03:59:59.999000+00:00
2026-02-28 04:00:00+00:00,8.883,8.901,8.48,8.617,5054620.0,2026-02-28 07:59:59.999000+00:00
2026-02-28 08:00:00+00:00,8.617,8.624,8.426,8.467,2717821.0,2026-02-28 11:59:59.999000+00:00
2026-02-28 12:00:00+00:00,8.468,8.741,8.45,8.627,3858426.0,2026-02-28 15:59:59.999000+00:00
2026-02-28 16:00:00+00:00,8.627,8.99,8.605,8.926,3777250.0,2026-02-28 19:59:59.999000+00:00
2026-02-28 20:00:00+00:00,8.927,9.268,8.914,9.162,4656520.0,2026-02-28 23:59:59.999000+00:00
2026-03-01 00:00:00+00:00,9.161,9.427,9.054,9.26,3880621.0,2026-03-01 03:59:59.999000+00:00
2026-03-01 04:00:00+00:00,9.26,9.299,9.154,9.213,1792510.0,2026-03-01 07:59:59.999000+00:00
2026-03-01 08:00:00+00:00,9.214,9.253,9.097,9.122,2264923.0,2026-03-01 11:59:59.999000+00:00
2026-03-01 12:00:00+00:00,9.121,9.228,9.024,9.131,3131095.0,2026-03-01 15:59:59.999000+00:00
2026-03-01 16:00:00+00:00,9.131,9.163,8.936,8.947,3427911.0,2026-03-01 19:59:59.999000+00:00
2026-03-01 20:00:00+00:00,8.946,9.076,8.838,9.029,3463242.0,2026-03-01 23:59:59.999000+00:00
2026-03-02 00:00:00+00:00,9.029,9.197,9.003,9.12,3036319.0,2026-03-02 03:59:59.999000+00:00
2026-03-02 04:00:00+00:00,9.12,9.138,8.877,8.929,1952395.0,2026-03-02 07:59:59.999000+00:00
2026-03-02 08:00:00+00:00,8.93,9.03,8.859,8.972,2343954.0,2026-03-02 11:59:59.999000+00:00
2026-03-02 12:00:00+00:00,8.972,9.398,8.893,9.309,4959511.0,2026-03-02 15:59:59.999000+00:00
2026-03-02 16:00:00+00:00,9.31,9.477,9.181,9.236,5105450.0,2026-03-02 19:59:59.999000+00:00
2026-03-02 20:00:00+00:00,9.235,9.283,9.145,9.171,2268954.0,2026-03-02 23:59:59.999000+00:00
2026-03-03 00:00:00+00:00,9.17,9.254,9.072,9.148,2263083.0,2026-03-03 03:59:59.999000+00:00
2026-03-03 04:00:00+00:00,9.149,9.189,9.063,9.108,1539285.0,2026-03-03 07:59:59.999000+00:00
2026-03-03 08:00:00+00:00,9.108,9.126,8.937,9.01,2665935.0,2026-03-03 11:59:59.999000+00:00
2026-03-03 12:00:00+00:00,9.009,9.18,8.891,9.159,3932397.0,2026-03-03 15:59:59.999000+00:00
2026-03-03 16:00:00+00:00,9.158,9.332,9.088,9.176,4456262.0,2026-03-03 19:59:59.999000+00:00
2026-03-03 20:00:00+00:00,9.177,9.242,9.068,9.175,1925585.0,2026-03-03 23:59:59.999000+00:00
2026-03-04 00:00:00+00:00,9.175,9.242,9.098,9.169,2077873.0,2026-03-04 03:59:59.999000+00:00
2026-03-04 04:00:00+00:00,9.168,9.196,9.004,9.18,2930639.0,2026-03-04 07:59:59.999000+00:00
2026-03-04 08:00:00+00:00,9.18,9.5,9.158,9.298,4640951.0,2026-03-04 11:59:59.999000+00:00
2026-03-04 12:00:00+00:00,9.298,9.723,9.237,9.713,4904766.0,2026-03-04 15:59:59.999000+00:00
2026-03-04 16:00:00+00:00,9.713,9.781,9.506,9.665,4292520.0,2026-03-04 19:59:59.999000+00:00
2026-03-04 20:00:00+00:00,9.666,9.677,9.419,9.496,2572215.0,2026-03-04 23:59:59.999000+00:00
2026-03-05 00:00:00+00:00,9.496,9.536,9.407,9.45,1894496.0,2026-03-05 03:59:59.999000+00:00
2026-03-05 04:00:00+00:00,9.45,9.499,9.338,9.376,1840093.0,2026-03-05 07:59:59.999000+00:00
2026-03-05 08:00:00+00:00,9.376,9.577,9.357,9.446,2222549.0,2026-03-05 11:59:59.999000+00:00
2026-03-05 12:00:00+00:00,9.447,9.523,9.334,9.4,3517276.0,2026-03-05 15:59:59.999000+00:00
2026-03-05 16:00:00+00:00,9.401,9.452,9.25,9.378,3333283.0,2026-03-05 19:59:59.999000+00:00
2026-03-05 20:00:00+00:00,9.377,9.506,9.367,9.375,1635415.0,2026-03-05 23:59:59.999000+00:00
2026-03-06 00:00:00+00:00,9.376,9.446,9.322,9.413,1617723.0,2026-03-06 03:59:59.999000+00:00
2026-03-06 04:00:00+00:00,9.412,9.469,9.305,9.449,1631772.0,2026-03-06 07:59:59.999000+00:00
2026-03-06 08:00:00+00:00,9.449,9.45,9.234,9.249,2113627.0,2026-03-06 11:59:59.999000+00:00
2026-03-06 12:00:00+00:00,9.248,9.251,8.918,8.966,6718977.0,2026-03-06 15:59:59.999000+00:00
2026-03-06 16:00:00+00:00,8.966,8.998,8.873,8.961,2915656.0,2026-03-06 19:59:59.999000+00:00
2026-03-06 20:00:00+00:00,8.962,9.064,8.92,9.012,1608460.0,2026-03-06 23:59:59.999000+00:00
2026-03-07 00:00:00+00:00,9.013,9.073,9.003,9.014,850867.0,2026-03-07 03:59:59.999000+00:00
2026-03-07 04:00:00+00:00,9.015,9.019,8.957,9.01,1029596.0,2026-03-07 07:59:59.999000+00:00
2026-03-07 08:00:00+00:00,9.009,9.051,8.97,9.011,951017.0,2026-03-07 11:59:59.999000+00:00
2026-03-07 12:00:00+00:00,9.011,9.021,8.935,8.957,1308041.0,2026-03-07 15:59:59.999000+00:00
2026-03-07 16:00:00+00:00,8.957,9.009,8.86,8.879,1520342.0,2026-03-07 19:59:59.999000+00:00
2026-03-07 20:00:00+00:00,8.879,8.935,8.867,8.902,1014625.0,2026-03-07 23:59:59.999000+00:00
2026-03-08 00:00:00+00:00,8.902,8.919,8.808,8.845,1469203.0,2026-03-08 03:59:59.999000+00:00
2026-03-08 04:00:00+00:00,8.845,8.902,8.788,8.875,1077845.0,2026-03-08 07:59:59.999000+00:00
2026-03-08 08:00:00+00:00,8.875,9.015,8.835,8.908,1778564.0,2026-03-08 11:59:59.999000+00:00
2026-03-08 12:00:00+00:00,8.909,9.02,8.839,8.865,2543237.0,2026-03-08 15:59:59.999000+00:00
2026-03-08 16:00:00+00:00,8.864,8.977,8.806,8.956,1685426.0,2026-03-08 19:59:59.999000+00:00
2026-03-08 20:00:00+00:00,8.955,8.989,8.673,8.809,4074669.0,2026-03-08 23:59:59.999000+00:00
2026-03-09 00:00:00+00:00,8.81,9.091,8.805,8.969,4378309.0,2026-03-09 03:59:59.999000+00:00
2026-03-09 04:00:00+00:00,8.969,9.289,8.968,9.083,5141723.0,2026-03-09 07:59:59.999000+00:00
2026-03-09 08:00:00+00:00,9.083,9.171,9.009,9.079,2769752.0,2026-03-09 11:59:59.999000+00:00
2026-03-09 12:00:00+00:00,9.08,9.328,9.075,9.273,4310364.0,2026-03-09 15:59:59.999000+00:00
2026-03-09 16:00:00+00:00,9.274,9.53,9.207,9.386,3972007.0,2026-03-09 19:59:59.999000+00:00
2026-03-09 20:00:00+00:00,9.386,9.429,9.224,9.26,2503421.0,2026-03-09 23:59:59.999000+00:00
2026-03-10 00:00:00+00:00,9.26,9.501,9.246,9.325,2781742.0,2026-03-10 03:59:59.999000+00:00
2026-03-10 04:00:00+00:00,9.325,9.476,9.325,9.398,1950595.0,2026-03-10 07:59:59.999000+00:00
2026-03-10 08:00:00+00:00,9.399,9.598,9.395,9.491,3296556.0,2026-03-10 11:59:59.999000+00:00
2026-03-10 12:00:00+00:00,9.492,9.809,9.306,9.764,6918353.0,2026-03-10 15:59:59.999000+00:00
2026-03-10 16:00:00+00:00,9.763,9.955,9.547,9.599,5861684.0,2026-03-10 19:59:59.999000+00:00
2026-03-10 20:00:00+00:00,9.598,9.657,9.487,9.528,1905748.0,2026-03-10 23:59:59.999000+00:00
2026-03-11 00:00:00+00:00,9.528,9.596,9.466,9.54,2114576.0,2026-03-11 03:59:59.999000+00:00
2026-03-11 04:00:00+00:00,9.541,9.736,9.481,9.512,2437811.0,2026-03-11 07:59:59.999000+00:00
2026-03-11 08:00:00+00:00,9.512,9.616,9.489,9.55,1601982.0,2026-03-11 11:59:59.999000+00:00
2026-03-11 12:00:00+00:00,9.551,9.858,9.499,9.596,4472405.0,2026-03-11 15:59:59.999000+00:00
2026-03-11 16:00:00+00:00,9.597,9.753,9.566,9.698,2455269.0,2026-03-11 19:59:59.999000+00:00
2026-03-11 20:00:00+00:00,9.697,9.699,9.528,9.547,1517656.0,2026-03-11 23:59:59.999000+00:00
2026-03-12 00:00:00+00:00,9.548,9.558,9.428,9.483,2200592.0,2026-03-12 03:59:59.999000+00:00
2026-03-12 04:00:00+00:00,9.483,9.582,9.445,9.581,1393696.0,2026-03-12 07:59:59.999000+00:00
2026-03-12 08:00:00+00:00,9.581,9.647,9.504,9.566,2087875.0,2026-03-12 11:59:59.999000+00:00
2026-03-12 12:00:00+00:00,9.566,9.638,9.435,9.581,3376181.0,2026-03-12 15:59:59.999000+00:00
2026-03-12 16:00:00+00:00,9.581,9.619,9.52,9.599,2064537.0,2026-03-12 19:59:59.999000+00:00
2026-03-12 20:00:00+00:00,9.598,9.738,9.582,9.673,1719624.0,2026-03-12 23:59:59.999000+00:00
2026-03-13 00:00:00+00:00,9.673,10.007,9.648,9.951,4971634.0,2026-03-13 03:59:59.999000+00:00
2026-03-13 04:00:00+00:00,9.951,9.997,9.808,9.847,2411539.0,2026-03-13 07:59:59.999000+00:00
2026-03-13 08:00:00+00:00,9.847,10.044,9.798,10.002,2397372.0,2026-03-13 11:59:59.999000+00:00
2026-03-13 12:00:00+00:00,10.002,10.28,9.866,9.892,7073850.0,2026-03-13 15:59:59.999000+00:00
2026-03-13 16:00:00+00:00,9.892,9.927,9.716,9.767,2755544.0,2026-03-13 19:59:59.999000+00:00
2026-03-13 20:00:00+00:00,9.768,9.817,9.661,9.715,1435759.0,2026-03-13 23:59:59.999000+00:00
2026-03-14 00:00:00+00:00,9.714,9.755,9.628,9.735,1375054.0,2026-03-14 03:59:59.999000+00:00
2026-03-14 04:00:00+00:00,9.736,9.774,9.572,9.588,1827377.0,2026-03-14 07:59:59.999000+00:00
2026-03-14 08:00:00+00:00,9.588,9.607,9.513,9.563,1766086.0,2026-03-14 11:59:59.999000+00:00
2026-03-14 12:00:00+00:00,9.563,9.583,9.537,9.555,1074394.0,2026-03-14 15:59:59.999000+00:00
2026-03-14 16:00:00+00:00,9.555,9.6,9.543,9.567,805079.0,2026-03-14 19:59:59.999000+00:00
2026-03-14 20:00:00+00:00,9.568,9.726,9.557,9.724,1385372.0,2026-03-14 23:59:59.999000+00:00
2026-03-15 00:00:00+00:00,9.724,9.799,9.651,9.714,1820278.0,2026-03-15 03:59:59.999000+00:00
2026-03-15 04:00:00+00:00,9.715,9.751,9.658,9.708,1266300.0,2026-03-15 07:59:59.999000+00:00
2026-03-15 08:00:00+00:00,9.708,9.864,9.708,9.797,1447189.0,2026-03-15 11:59:59.999000+00:00
2026-03-15 12:00:00+00:00,9.798,9.878,9.697,9.711,1600037.0,2026-03-15 15:59:59.999000+00:00
2026-03-15 16:00:00+00:00,9.71,9.792,9.667,9.758,1773360.0,2026-03-15 19:59:59.999000+00:00
2026-03-15 20:00:00+00:00,9.758,10.042,9.729,9.945,3357018.0,2026-03-15 23:59:59.999000+00:00
2026-03-16 00:00:00+00:00,9.945,10.41,9.875,10.264,4663039.0,2026-03-16 03:59:59.999000+00:00
2026-03-16 04:00:00+00:00,10.264,10.517,10.263,10.366,3827262.0,2026-03-16 07:59:59.999000+00:00
2026-03-16 08:00:00+00:00,10.366,10.446,10.173,10.204,2889469.0,2026-03-16 11:59:59.999000+00:00
2026-03-16 12:00:00+00:00,10.203,10.271,9.996,10.072,4957849.0,2026-03-16 15:59:59.999000+00:00
2026-03-16 16:00:00+00:00,10.071,10.333,10.067,10.271,2796232.0,2026-03-16 19:59:59.999000+00:00
2026-03-16 20:00:00+00:00,10.27,10.514,10.257,10.482,3080286.0,2026-03-16 23:59:59.999000+00:00
2026-03-17 00:00:00+00:00,10.481,10.543,10.272,10.346,3917735.0,2026-03-17 03:59:59.999000+00:00
2026-03-17 04:00:00+00:00,10.346,10.395,10.236,10.307,2027575.0,2026-03-17 07:59:59.999000+00:00
2026-03-17 08:00:00+00:00,10.307,10.349,10.201,10.256,2203615.0,2026-03-17 11:59:59.999000+00:00
2026-03-17 12:00:00+00:00,10.256,10.333,10.194,10.256,2672415.0,2026-03-17 15:59:59.999000+00:00
2026-03-17 16:00:00+00:00,10.256,10.323,10.241,10.244,1178162.0,2026-03-17 19:59:59.999000+00:00
2026-03-17 20:00:00+00:00,10.244,10.337,10.167,10.189,1392306.0,2026-03-17 23:59:59.999000+00:00
2026-03-18 00:00:00+00:00,10.19,10.357,10.152,10.306,1536664.0,2026-03-18 03:59:59.999000+00:00
2026-03-18 04:00:00+00:00,10.307,10.328,10.218,10.242,1298255.0,2026-03-18 07:59:59.999000+00:00
2026-03-18 08:00:00+00:00,10.242,10.288,9.922,9.971,3411905.0,2026-03-18 11:59:59.999000+00:00
2026-03-18 12:00:00+00:00,9.972,9.972,9.477,9.557,6363771.0,2026-03-18 15:59:59.999000+00:00
2026-03-18 16:00:00+00:00,9.556,9.713,9.484,9.611,3157160.0,2026-03-18 19:59:59.999000+00:00
2026-03-18 20:00:00+00:00,9.611,9.732,9.53,9.678,1775097.0,2026-03-18 23:59:59.999000+00:00
2026-03-19 00:00:00+00:00,9.678,9.743,9.607,9.661,1751978.0,2026-03-19 03:59:59.999000+00:00
2026-03-19 04:00:00+00:00,9.661,9.663,9.43,9.512,1883374.0,2026-03-19 07:59:59.999000+00:00
2026-03-19 08:00:00+00:00,9.511,9.607,9.48,9.542,1354205.0,2026-03-19 11:59:59.999000+00:00
2026-03-19 12:00:00+00:00,9.541,9.542,9.326,9.404,3445299.0,2026-03-19 15:59:59.999000+00:00
2026-03-19 16:00:00+00:00,9.404,9.574,9.333,9.5,1943796.0,2026-03-19 19:59:59.999000+00:00
2026-03-19 20:00:00+00:00,9.5,9.543,9.413,9.466,1249645.0,2026-03-19 23:59:59.999000+00:00
2026-03-20 00:00:00+00:00,9.466,9.591,9.454,9.554,1327293.0,2026-03-20 03:59:59.999000+00:00
2026-03-20 04:00:00+00:00,9.554,9.6,9.448,9.527,1247325.0,2026-03-20 07:59:59.999000+00:00
2026-03-20 08:00:00+00:00,9.527,9.612,9.48,9.511,1532321.0,2026-03-20 11:59:59.999000+00:00
2026-03-20 12:00:00+00:00,9.511,9.543,9.415,9.479,1874587.0,2026-03-20 15:59:59.999000+00:00
2026-03-20 16:00:00+00:00,9.478,9.533,9.408,9.522,1700076.0,2026-03-20 19:59:59.999000+00:00
2026-03-20 20:00:00+00:00,9.521,9.644,9.445,9.568,1792786.0,2026-03-20 23:59:59.999000+00:00
2026-03-21 00:00:00+00:00,9.567,9.607,9.53,9.582,1004756.0,2026-03-21 03:59:59.999000+00:00
2026-03-21 04:00:00+00:00,9.582,9.632,9.551,9.581,768409.0,2026-03-21 07:59:59.999000+00:00
2026-03-21 08:00:00+00:00,9.581,9.592,9.491,9.502,933072.0,2026-03-21 11:59:59.999000+00:00
2026-03-21 12:00:00+00:00,9.501,9.545,9.456,9.536,951921.0,2026-03-21 15:59:59.999000+00:00
2026-03-21 16:00:00+00:00,9.535,9.563,9.471,9.487,722789.0,2026-03-21 19:59:59.999000+00:00
2026-03-21 20:00:00+00:00,9.487,9.528,9.148,9.208,2789564.0,2026-03-21 23:59:59.999000+00:00
2026-03-22 00:00:00+00:00,9.208,9.358,9.041,9.275,3321098.0,2026-03-22 03:59:59.999000+00:00
2026-03-22 04:00:00+00:00,9.274,9.312,9.186,9.189,1085375.0,2026-03-22 07:59:59.999000+00:00
2026-03-22 08:00:00+00:00,9.19,9.19,9.054,9.056,1972914.0,2026-03-22 11:59:59.999000+00:00
2026-03-22 12:00:00+00:00,9.056,9.142,9.054,9.091,1384575.0,2026-03-22 15:59:59.999000+00:00
2026-03-22 16:00:00+00:00,9.091,9.106,8.944,8.972,1703311.0,2026-03-22 19:59:59.999000+00:00
2026-03-22 20:00:00+00:00,8.971,9.09,8.867,9.019,2507217.0,2026-03-22 23:59:59.999000+00:00
2026-03-23 00:00:00+00:00,9.019,9.188,8.979,9.098,1859576.0,2026-03-23 03:59:59.999000+00:00
2026-03-23 04:00:00+00:00,9.099,9.177,8.953,9.018,1739315.0,2026-03-23 07:59:59.999000+00:00
2026-03-23 08:00:00+00:00,9.019,9.584,8.914,9.38,7478581.0,2026-03-23 11:59:59.999000+00:00
2026-03-23 12:00:00+00:00,9.38,9.754,9.34,9.418,6280188.0,2026-03-23 15:59:59.999000+00:00
2026-03-23 16:00:00+00:00,9.418,9.569,9.357,9.458,2905881.0,2026-03-23 19:59:59.999000+00:00
2026-03-23 20:00:00+00:00,9.457,9.581,9.441,9.561,1826028.0,2026-03-23 23:59:59.999000+00:00
2026-03-24 00:00:00+00:00,9.561,9.591,9.451,9.572,1754630.0,2026-03-24 03:59:59.999000+00:00
2026-03-24 04:00:00+00:00,9.572,9.616,9.47,9.599,1772530.0,2026-03-24 07:59:59.999000+00:00
2026-03-24 08:00:00+00:00,9.6,9.628,9.508,9.542,2005856.0,2026-03-24 11:59:59.999000+00:00
2026-03-24 12:00:00+00:00,9.542,9.558,9.386,9.438,2782677.0,2026-03-24 15:59:59.999000+00:00
2026-03-24 16:00:00+00:00,9.437,9.469,9.35,9.388,2015484.0,2026-03-24 19:59:59.999000+00:00
2026-03-24 20:00:00+00:00,9.387,9.641,9.38,9.62,2377224.0,2026-03-24 23:59:59.999000+00:00
2026-03-25 00:00:00+00:00,9.619,9.657,9.554,9.612,1557375.0,2026-03-25 03:59:59.999000+00:00
2026-03-25 04:00:00+00:00,9.611,9.711,9.602,9.648,1423884.0,2026-03-25 07:59:59.999000+00:00
2026-03-25 08:00:00+00:00,9.648,9.78,9.621,9.739,1789728.0,2026-03-25 11:59:59.999000+00:00
2026-03-25 12:00:00+00:00,9.74,9.792,9.591,9.663,2112203.0,2026-03-25 15:59:59.999000+00:00
2026-03-25 16:00:00+00:00,9.663,9.756,9.635,9.681,1429230.0,2026-03-25 19:59:59.999000+00:00
2026-03-25 20:00:00+00:00,9.681,9.722,9.609,9.676,952439.0,2026-03-25 23:59:59.999000+00:00
2026-03-26 00:00:00+00:00,9.675,9.689,9.535,9.568,1267165.0,2026-03-26 03:59:59.999000+00:00
2026-03-26 04:00:00+00:00,9.568,9.568,9.397,9.433,1922150.0,2026-03-26 07:59:59.999000+00:00
2026-03-26 08:00:00+00:00,9.433,9.44,9.227,9.231,2455440.0,2026-03-26 11:59:59.999000+00:00
2026-03-26 12:00:00+00:00,9.23,9.33,9.122,9.177,2497620.0,2026-03-26 15:59:59.999000+00:00
2026-03-26 16:00:00+00:00,9.177,9.2,8.981,9.008,2779429.0,2026-03-26 19:59:59.999000+00:00
2026-03-26 20:00:00+00:00,9.008,9.139,8.989,9.095,2054744.0,2026-03-26 23:59:59.999000+00:00
2026-03-27 00:00:00+00:00,9.095,9.143,9.062,9.075,1247223.0,2026-03-27 03:59:59.999000+00:00
2026-03-27 04:00:00+00:00,9.074,9.092,8.991,9.061,1510462.0,2026-03-27 07:59:59.999000+00:00
2026-03-27 08:00:00+00:00,9.062,9.077,8.658,8.75,4346385.0,2026-03-27 11:59:59.999000+00:00
2026-03-27 12:00:00+00:00,8.75,8.879,8.721,8.802,2682421.0,2026-03-27 15:59:59.999000+00:00
2026-03-27 16:00:00+00:00,8.802,8.816,8.66,8.761,1751830.0,2026-03-27 19:59:59.999000+00:00
2026-03-27 20:00:00+00:00,8.76,8.799,8.719,8.785,950175.0,2026-03-27 23:59:59.999000+00:00
2026-03-28 00:00:00+00:00,8.785,8.787,8.698,8.735,818511.0,2026-03-28 03:59:59.999000+00:00
2026-03-28 04:00:00+00:00,8.734,8.833,8.705,8.826,790708.0,2026-03-28 07:59:59.999000+00:00
2026-03-28 08:00:00+00:00,8.827,8.845,8.77,8.81,717530.0,2026-03-28 11:59:59.999000+00:00
2026-03-28 12:00:00+00:00,8.811,8.996,8.763,8.928,2179327.0,2026-03-28 15:59:59.999000+00:00
2026-03-28 16:00:00+00:00,8.929,8.943,8.854,8.878,924482.0,2026-03-28 19:59:59.999000+00:00
2026-03-28 20:00:00+00:00,8.877,8.905,8.714,8.752,1387891.0,2026-03-28 23:59:59.999000+00:00
2026-03-29 00:00:00+00:00,8.752,8.815,8.722,8.792,870840.0,2026-03-29 03:59:59.999000+00:00
2026-03-29 04:00:00+00:00,8.793,8.799,8.723,8.742,704185.0,2026-03-29 07:59:59.999000+00:00
2026-03-29 08:00:00+00:00,8.742,8.752,8.662,8.722,919832.0,2026-03-29 11:59:59.999000+00:00
2026-03-29 12:00:00+00:00,8.723,8.723,8.611,8.656,1698589.0,2026-03-29 15:59:59.999000+00:00
2026-03-29 16:00:00+00:00,8.656,8.678,8.558,8.599,1408989.0,2026-03-29 19:59:59.999000+00:00
2026-03-29 20:00:00+00:00,8.599,8.679,8.365,8.594,3064325.0,2026-03-29 23:59:59.999000+00:00
2026-03-30 00:00:00+00:00,8.595,8.855,8.557,8.801,2914027.0,2026-03-30 03:59:59.999000+00:00
2026-03-30 04:00:00+00:00,8.801,8.923,8.801,8.914,1567236.0,2026-03-30 07:59:59.999000+00:00
2026-03-30 08:00:00+00:00,8.914,9.079,8.887,8.983,3477694.0,2026-03-30 11:59:59.999000+00:00
2026-03-30 12:00:00+00:00,8.983,9.032,8.867,8.945,2184984.0,2026-03-30 15:59:59.999000+00:00
2026-03-30 16:00:00+00:00,8.944,8.956,8.733,8.797,1926717.0,2026-03-30 19:59:59.999000+00:00
2026-03-30 20:00:00+00:00,8.797,8.872,8.756,8.806,1046929.0,2026-03-30 23:59:59.999000+00:00
2026-03-31 00:00:00+00:00,8.807,9.069,8.787,8.967,2468518.0,2026-03-31 03:59:59.999000+00:00
2026-03-31 04:00:00+00:00,8.968,8.997,8.882,8.917,1557800.0,2026-03-31 07:59:59.999000+00:00
2026-03-31 08:00:00+00:00,8.917,8.919,8.688,8.762,2642126.0,2026-03-31 11:59:59.999000+00:00
2026-03-31 12:00:00+00:00,8.763,8.955,8.735,8.739,2500986.0,2026-03-31 15:59:59.999000+00:00
2026-03-31 16:00:00+00:00,8.738,8.957,8.711,8.898,2483183.0,2026-03-31 19:59:59.999000+00:00
2026-03-31 20:00:00+00:00,8.897,8.957,8.842,8.907,1212155.0,2026-03-31 23:59:59.999000+00:00
2026-04-01 00:00:00+00:00,8.907,8.977,8.862,8.952,1410437.0,2026-04-01 03:59:59.999000+00:00
2026-04-01 04:00:00+00:00,8.953,9.48,8.942,9.34,5404459.0,2026-04-01 07:59:59.999000+00:00
2026-04-01 08:00:00+00:00,9.34,9.355,9.147,9.196,2376265.0,2026-04-01 11:59:59.999000+00:00
2026-04-01 12:00:00+00:00,9.196,9.307,9.138,9.211,2539735.0,2026-04-01 15:59:59.999000+00:00
2026-04-01 16:00:00+00:00,9.212,9.302,9.117,9.162,2352543.0,2026-04-01 19:59:59.999000+00:00
2026-04-01 20:00:00+00:00,9.161,9.212,9.087,9.123,1415778.0,2026-04-01 23:59:59.999000+00:00
2026-04-02 00:00:00+00:00,9.123,9.186,8.716,8.765,5029902.0,2026-04-02 03:59:59.999000+00:00
2026-04-02 04:00:00+00:00,8.765,8.779,8.651,8.739,2714123.0,2026-04-02 07:59:59.999000+00:00
2026-04-02 08:00:00+00:00,8.739,8.739,8.628,8.675,1603962.0,2026-04-02 11:59:59.999000+00:00
2026-04-02 12:00:00+00:00,8.675,8.844,8.612,8.733,3321998.0,2026-04-02 15:59:59.999000+00:00
2026-04-02 16:00:00+00:00,8.732,8.785,8.631,8.699,2238474.0,2026-04-02 19:59:59.999000+00:00
2026-04-02 20:00:00+00:00,8.699,8.757,8.663,8.746,1180605.0,2026-04-02 23:59:59.999000+00:00
2026-04-03 00:00:00+00:00,8.747,8.816,8.732,8.8,1349087.0,2026-04-03 03:59:59.999000+00:00
2026-04-03 04:00:00+00:00,8.801,8.947,8.771,8.896,2041171.0,2026-04-03 07:59:59.999000+00:00
2026-04-03 08:00:00+00:00,8.897,8.969,8.882,8.953,1138259.0,2026-04-03 11:59:59.999000+00:00
2026-04-03 12:00:00+00:00,8.954,9.07,8.928,9.013,2396036.0,2026-04-03 15:59:59.999000+00:00
2026-04-03 16:00:00+00:00,9.013,9.144,8.927,8.964,2538099.0,2026-04-03 19:59:59.999000+00:00
2026-04-03 20:00:00+00:00,8.963,8.984,8.877,8.91,1068078.0,2026-04-03 23:59:59.999000+00:00
2026-04-04 00:00:00+00:00,8.91,8.918,8.851,8.891,981816.0,2026-04-04 03:59:59.999000+00:00
2026-04-04 04:00:00+00:00,8.89,8.911,8.855,8.871,767595.0,2026-04-04 07:59:59.999000+00:00
2026-04-04 08:00:00+00:00,8.871,8.898,8.837,8.888,861628.0,2026-04-04 11:59:59.999000+00:00
2026-04-04 12:00:00+00:00,8.888,8.969,8.831,8.947,1715005.0,2026-04-04 15:59:59.999000+00:00
2026-04-04 16:00:00+00:00,8.947,9.108,8.917,9.014,2687117.0,2026-04-04 19:59:59.999000+00:00
2026-04-04 20:00:00+00:00,9.013,9.03,8.965,8.985,783879.0,2026-04-04 23:59:59.999000+00:00
2026-04-05 00:00:00+00:00,8.986,9.023,8.941,8.953,879770.0,2026-04-05 03:59:59.999000+00:00
2026-04-05 04:00:00+00:00,8.952,8.959,8.776,8.797,2105273.0,2026-04-05 07:59:59.999000+00:00
2026-04-05 08:00:00+00:00,8.796,8.855,8.782,8.814,1222260.0,2026-04-05 11:59:59.999000+00:00
2026-04-05 12:00:00+00:00,8.814,8.955,8.741,8.872,1972803.0,2026-04-05 15:59:59.999000+00:00
2026-04-05 16:00:00+00:00,8.873,8.882,8.809,8.843,1140996.0,2026-04-05 19:59:59.999000+00:00
2026-04-05 20:00:00+00:00,8.843,9.083,8.808,9.065,2356817.0,2026-04-05 23:59:59.999000+00:00
2026-04-06 00:00:00+00:00,9.065,9.663,9.065,9.451,8820508.0,2026-04-06 03:59:59.999000+00:00
2026-04-06 04:00:00+00:00,9.451,9.536,9.368,9.384,3474228.0,2026-04-06 07:59:59.999000+00:00
2026-04-06 08:00:00+00:00,9.385,9.505,9.377,9.448,2567634.0,2026-04-06 11:59:59.999000+00:00
2026-04-06 12:00:00+00:00,9.449,9.463,9.318,9.378,2488775.0,2026-04-06 15:59:59.999000+00:00
2026-04-06 16:00:00+00:00,9.378,9.395,9.273,9.315,1946573.0,2026-04-06 19:59:59.999000+00:00
2026-04-06 20:00:00+00:00,9.315,9.35,8.794,8.892,5696025.0,2026-04-06 23:59:59.999000+00:00
2026-04-07 00:00:00+00:00,8.892,8.911,8.625,8.678,5772889.0,2026-04-07 03:59:59.999000+00:00
2026-04-07 04:00:00+00:00,8.678,8.724,8.46,8.64,5124496.0,2026-04-07 07:59:59.999000+00:00
2026-04-07 08:00:00+00:00,8.64,8.727,8.574,8.608,3122764.0,2026-04-07 11:59:59.999000+00:00
2026-04-07 12:00:00+00:00,8.608,8.678,8.522,8.58,4182481.0,2026-04-07 15:59:59.999000+00:00
2026-04-07 16:00:00+00:00,8.579,8.813,8.554,8.791,3238883.0,2026-04-07 19:59:59.999000+00:00
2026-04-07 20:00:00+00:00,8.791,9.619,8.736,9.428,11675028.0,2026-04-07 23:59:59.999000+00:00
2026-04-08 00:00:00+00:00,9.429,9.525,9.325,9.437,4149901.0,2026-04-08 03:59:59.999000+00:00
2026-04-08 04:00:00+00:00,9.438,9.561,9.369,9.395,3420918.0,2026-04-08 07:59:59.999000+00:00
2026-04-08 08:00:00+00:00,9.395,9.405,9.281,9.307,2253671.0,2026-04-08 11:59:59.999000+00:00
2026-04-08 12:00:00+00:00,9.308,9.438,9.143,9.216,4607341.0,2026-04-08 15:59:59.999000+00:00
2026-04-08 16:00:00+00:00,9.216,9.292,9.115,9.186,2373885.0,2026-04-08 19:59:59.999000+00:00
2026-04-08 20:00:00+00:00,9.185,9.216,9.033,9.049,2436450.0,2026-04-08 23:59:59.999000+00:00
2026-04-09 00:00:00+00:00,9.05,9.053,8.908,9.023,2755787.0,2026-04-09 03:59:59.999000+00:00
2026-04-09 04:00:00+00:00,9.022,9.086,9.0,9.076,1448417.0,2026-04-09 07:59:59.999000+00:00
2026-04-09 08:00:00+00:00,9.076,9.161,9.043,9.081,2261204.0,2026-04-09 11:59:59.999000+00:00
2026-04-09 12:00:00+00:00,9.081,9.365,9.046,9.336,3490559.0,2026-04-09 15:59:59.999000+00:00
2026-04-09 16:00:00+00:00,9.337,9.388,9.24,9.299,3552611.0,2026-04-09 19:59:59.999000+00:00
2026-04-09 20:00:00+00:00,9.3,9.7,9.279,9.361,5040511.0,2026-04-09 23:59:59.999000+00:00
2026-04-10 00:00:00+00:00,9.361,9.407,9.266,9.304,2428007.0,2026-04-10 03:59:59.999000+00:00
2026-04-10 04:00:00+00:00,9.304,9.415,9.261,9.27,1909238.0,2026-04-10 07:59:59.999000+00:00
2026-04-10 08:00:00+00:00,9.27,9.335,9.24,9.299,1535789.0,2026-04-10 11:59:59.999000+00:00
2026-04-10 12:00:00+00:00,9.3,9.514,9.289,9.421,3356483.0,2026-04-10 15:59:59.999000+00:00
2026-04-10 16:00:00+00:00,9.422,9.56,9.348,9.523,2837331.0,2026-04-10 19:59:59.999000+00:00
2026-04-10 20:00:00+00:00,9.523,9.552,9.373,9.39,1983640.0,2026-04-10 23:59:59.999000+00:00
2026-04-11 00:00:00+00:00,9.39,9.398,9.305,9.32,1375303.0,2026-04-11 03:59:59.999000+00:00
2026-04-11 04:00:00+00:00,9.319,9.344,9.225,9.279,1746003.0,2026-04-11 07:59:59.999000+00:00
2026-04-11 08:00:00+00:00,9.28,9.309,9.245,9.275,1064876.0,2026-04-11 11:59:59.999000+00:00
2026-04-11 12:00:00+00:00,9.275,9.335,9.184,9.326,1648226.0,2026-04-11 15:59:59.999000+00:00
2026-04-11 16:00:00+00:00,9.327,9.605,9.327,9.58,3314953.0,2026-04-11 19:59:59.999000+00:00
2026-04-11 20:00:00+00:00,9.58,9.61,9.327,9.371,2382683.0,2026-04-11 23:59:59.999000+00:00
2026-04-12 00:00:00+00:00,9.372,9.386,9.02,9.078,4292043.0,2026-04-12 03:59:59.999000+00:00
2026-04-12 04:00:00+00:00,9.077,9.089,8.989,9.016,1728233.0,2026-04-12 07:59:59.999000+00:00
2026-04-12 08:00:00+00:00,9.016,9.046,8.974,9.024,1384946.0,2026-04-12 11:59:59.999000+00:00
2026-04-12 12:00:00+00:00,9.024,9.055,8.924,8.956,2277149.0,2026-04-12 15:59:59.999000+00:00
2026-04-12 16:00:00+00:00,8.956,9.164,8.948,9.081,2188880.0,2026-04-12 19:59:59.999000+00:00
2026-04-12 20:00:00+00:00,9.08,9.168,8.999,9.025,2150222.0,2026-04-12 23:59:59.999000+00:00
2026-04-13 00:00:00+00:00,9.026,9.165,9.01,9.067,1622460.0,2026-04-13 03:59:59.999000+00:00
2026-04-13 04:00:00+00:00,9.066,9.192,9.01,9.061,2154078.0,2026-04-13 07:59:59.999000+00:00
2026-04-13 08:00:00+00:00,9.061,9.083,8.961,9.057,1905479.0,2026-04-13 11:59:59.999000+00:00
2026-04-13 12:00:00+00:00,9.056,9.325,9.033,9.202,4502114.0,2026-04-13 15:59:59.999000+00:00
2026-04-13 16:00:00+00:00,9.202,9.416,9.144,9.404,4133123.0,2026-04-13 19:59:59.999000+00:00
2026-04-13 20:00:00+00:00,9.403,9.716,9.243,9.659,5796521.0,2026-04-13 23:59:59.999000+00:00
2026-04-14 00:00:00+00:00,9.659,9.705,9.427,9.448,2548080.0,2026-04-14 03:59:59.999000+00:00
2026-04-14 04:00:00+00:00,9.449,9.467,9.366,9.409,1400454.0,2026-04-14 07:59:59.999000+00:00
2026-04-14 08:00:00+00:00,9.41,9.448,9.372,9.381,1311678.0,2026-04-14 11:59:59.999000+00:00
2026-04-14 12:00:00+00:00,9.381,9.531,9.272,9.424,4278450.0,2026-04-14 15:59:59.999000+00:00
2026-04-14 16:00:00+00:00,9.424,9.486,9.206,9.345,4859337.0,2026-04-14 19:59:59.999000+00:00
2026-04-14 20:00:00+00:00,9.346,9.381,9.269,9.296,2141578.0,2026-04-14 23:59:59.999000+00:00
2026-04-15 00:00:00+00:00,9.296,9.384,9.278,9.341,1493971.0,2026-04-15 03:59:59.999000+00:00
2026-04-15 04:00:00+00:00,9.342,9.455,9.254,9.265,2529308.0,2026-04-15 07:59:59.999000+00:00
2026-04-15 08:00:00+00:00,9.265,9.454,9.255,9.419,1700227.0,2026-04-15 11:59:59.999000+00:00
2026-04-15 12:00:00+00:00,9.419,9.46,9.321,9.362,2392770.0,2026-04-15 15:59:59.999000+00:00
2026-04-15 16:00:00+00:00,9.363,9.567,9.349,9.527,2514415.0,2026-04-15 19:59:59.999000+00:00
2026-04-15 20:00:00+00:00,9.527,9.556,9.382,9.43,2239303.0,2026-04-15 23:59:59.999000+00:00
2026-04-16 00:00:00+00:00,9.431,9.511,9.336,9.48,2052989.0,2026-04-16 03:59:59.999000+00:00
2026-04-16 04:00:00+00:00,9.48,9.618,9.455,9.508,2216742.0,2026-04-16 07:59:59.999000+00:00
2026-04-16 08:00:00+00:00,9.509,9.514,9.338,9.46,2396251.0,2026-04-16 11:59:59.999000+00:00
2026-04-16 12:00:00+00:00,9.46,9.613,9.257,9.582,6393687.0,2026-04-16 15:59:59.999000+00:00
2026-04-16 16:00:00+00:00,9.582,9.866,9.404,9.85,7277978.0,2026-04-16 19:59:59.999000+00:00
2026-04-16 20:00:00+00:00,9.849,9.883,9.64,9.723,2854372.0,2026-04-16 23:59:59.999000+00:00
2026-04-17 00:00:00+00:00,9.724,9.747,9.537,9.555,1961666.0,2026-04-17 03:59:59.999000+00:00
2026-04-17 04:00:00+00:00,9.556,9.623,9.441,9.623,2678308.0,2026-04-17 07:59:59.999000+00:00
2026-04-17 08:00:00+00:00,9.623,9.719,9.497,9.65,3315780.0,2026-04-17 11:59:59.999000+00:00
2026-04-17 12:00:00+00:00,9.651,10.006,9.607,9.808,5522164.0,2026-04-17 15:59:59.999000+00:00
2026-04-17 16:00:00+00:00,9.809,9.95,9.734,9.787,2716919.0,2026-04-17 19:59:59.999000+00:00
2026-04-17 20:00:00+00:00,9.787,9.841,9.683,9.715,1676246.0,2026-04-17 23:59:59.999000+00:00
2026-04-18 00:00:00+00:00,9.715,9.779,9.622,9.642,1335353.0,2026-04-18 03:59:59.999000+00:00
2026-04-18 04:00:00+00:00,9.642,9.73,9.615,9.699,1707806.0,2026-04-18 07:59:59.999000+00:00
2026-04-18 08:00:00+00:00,9.699,9.702,9.341,9.386,3892088.0,2026-04-18 11:59:59.999000+00:00
2026-04-18 12:00:00+00:00,9.385,9.442,9.326,9.399,1928116.0,2026-04-18 15:59:59.999000+00:00
2026-04-18 16:00:00+00:00,9.399,9.437,9.291,9.371,2348519.0,2026-04-18 19:59:59.999000+00:00
2026-04-18 20:00:00+00:00,9.371,9.41,9.318,9.328,1065464.0,2026-04-18 23:59:59.999000+00:00
2026-04-19 00:00:00+00:00,9.328,9.332,9.203,9.29,2173852.0,2026-04-19 03:59:59.999000+00:00
2026-04-19 04:00:00+00:00,9.29,9.319,9.121,9.205,2318117.0,2026-04-19 07:59:59.999000+00:00
2026-04-19 08:00:00+00:00,9.204,9.269,9.144,9.237,1647730.0,2026-04-19 11:59:59.999000+00:00
2026-04-19 12:00:00+00:00,9.238,9.354,9.196,9.276,2322493.0,2026-04-19 15:59:59.999000+00:00
2026-04-19 16:00:00+00:00,9.276,9.29,9.125,9.185,1888353.0,2026-04-19 19:59:59.999000+00:00
2026-04-19 20:00:00+00:00,9.184,9.186,8.961,8.999,3404427.0,2026-04-19 23:59:59.999000+00:00
2026-04-20 00:00:00+00:00,9.0,9.164,8.979,9.154,1750821.0,2026-04-20 03:59:59.999000+00:00
2026-04-20 04:00:00+00:00,9.154,9.323,9.044,9.21,2172575.0,2026-04-20 07:59:59.999000+00:00
2026-04-20 08:00:00+00:00,9.212,9.272,9.15,9.207,1895142.0,2026-04-20 11:59:59.999000+00:00
2026-04-20 12:00:00+00:00,9.208,9.296,9.144,9.224,3378696.0,2026-04-20 15:59:59.999000+00:00
2026-04-20 16:00:00+00:00,9.225,9.354,9.162,9.314,1944269.0,2026-04-20 19:59:59.999000+00:00
2026-04-20 20:00:00+00:00,9.313,9.432,9.257,9.269,2099832.0,2026-04-20 23:59:59.999000+00:00
2026-04-21 00:00:00+00:00,9.269,9.36,9.245,9.279,1119468.0,2026-04-21 03:59:59.999000+00:00
2026-04-21 04:00:00+00:00,9.278,9.378,9.255,9.336,1651790.0,2026-04-21 07:59:59.999000+00:00
2026-04-21 08:00:00+00:00,9.336,9.532,9.325,9.436,2724592.0,2026-04-21 11:59:59.999000+00:00
2026-04-21 12:00:00+00:00,9.436,9.463,9.316,9.384,3155522.0,2026-04-21 15:59:59.999000+00:00
2026-04-21 16:00:00+00:00,9.385,9.436,9.163,9.201,3458740.0,2026-04-21 19:59:59.999000+00:00
2026-04-21 20:00:00+00:00,9.2,9.398,9.191,9.388,1981611.0,2026-04-21 23:59:59.999000+00:00
2026-04-22 00:00:00+00:00,9.389,9.606,9.362,9.557,3208363.0,2026-04-22 03:59:59.999000+00:00
2026-04-22 04:00:00+00:00,9.557,9.673,9.528,9.57,2105760.0,2026-04-22 07:59:59.999000+00:00
2026-04-22 08:00:00+00:00,9.57,9.645,9.536,9.568,1800489.0,2026-04-22 11:59:59.999000+00:00
2026-04-22 12:00:00+00:00,9.568,9.585,9.485,9.542,1817734.0,2026-04-22 15:59:59.999000+00:00
2026-04-22 16:00:00+00:00,9.543,9.568,9.427,9.47,1422478.0,2026-04-22 19:59:59.999000+00:00
2026-04-22 20:00:00+00:00,9.47,9.483,9.322,9.33,1381332.0,2026-04-22 23:59:59.999000+00:00
2026-04-23 00:00:00+00:00,9.331,9.349,9.207,9.267,2486150.0,2026-04-23 03:59:59.999000+00:00
2026-04-23 04:00:00+00:00,9.266,9.341,9.244,9.281,2178273.0,2026-04-23 07:59:59.999000+00:00
2026-04-23 08:00:00+00:00,9.281,9.294,9.185,9.268,1524349.0,2026-04-23 11:59:59.999000+00:00
2026-04-23 12:00:00+00:00,9.269,9.446,9.24,9.393,2597104.0,2026-04-23 15:59:59.999000+00:00
2026-04-23 16:00:00+00:00,9.394,9.406,9.142,9.266,2750896.0,2026-04-23 19:59:59.999000+00:00
2026-04-23 20:00:00+00:00,9.266,9.4,9.262,9.376,1164008.0,2026-04-23 23:59:59.999000+00:00
2026-04-24 00:00:00+00:00,9.377,9.437,9.277,9.322,1492461.0,2026-04-24 03:59:59.999000+00:00
2026-04-24 04:00:00+00:00,9.323,9.4,9.292,9.367,1431269.0,2026-04-24 07:59:59.999000+00:00
2026-04-24 08:00:00+00:00,9.367,9.465,9.321,9.436,1618109.0,2026-04-24 11:59:59.999000+00:00
2026-04-24 12:00:00+00:00,9.436,9.464,9.338,9.459,1928086.0,2026-04-24 15:59:59.999000+00:00
2026-04-24 16:00:00+00:00,9.459,9.476,9.382,9.431,1253666.0,2026-04-24 19:59:59.999000+00:00
2026-04-24 20:00:00+00:00,9.431,9.472,9.366,9.396,1099167.0,2026-04-24 23:59:59.999000+00:00
2026-04-25 00:00:00+00:00,9.396,9.452,9.377,9.438,747369.0,2026-04-25 03:59:59.999000+00:00
2026-04-25 04:00:00+00:00,9.437,9.498,9.382,9.444,1601326.0,2026-04-25 07:59:59.999000+00:00
2026-04-25 08:00:00+00:00,9.444,9.488,9.374,9.399,1184361.0,2026-04-25 11:59:59.999000+00:00
2026-04-25 12:00:00+00:00,9.399,9.43,9.322,9.34,1158918.0,2026-04-25 15:59:59.999000+00:00
2026-04-25 16:00:00+00:00,9.34,9.361,9.278,9.3,1393390.0,2026-04-25 19:59:59.999000+00:00
2026-04-25 20:00:00+00:00,9.3,9.365,9.281,9.358,737994.0,2026-04-25 23:59:59.999000+00:00
2026-04-26 00:00:00+00:00,9.359,9.362,9.309,9.334,962494.0,2026-04-26 03:59:59.999000+00:00
2026-04-26 04:00:00+00:00,9.334,9.435,9.32,9.432,1263136.0,2026-04-26 07:59:59.999000+00:00
2026-04-26 08:00:00+00:00,9.433,9.524,9.4,9.478,1262592.0,2026-04-26 11:59:59.999000+00:00
2026-04-26 12:00:00+00:00,9.479,9.498,9.403,9.481,1436928.0,2026-04-26 15:59:59.999000+00:00
2026-04-26 16:00:00+00:00,9.482,9.541,9.394,9.47,2792933.0,2026-04-26 19:59:59.999000+00:00
2026-04-26 20:00:00+00:00,9.471,9.506,9.38,9.45,1656883.0,2026-04-26 23:59:59.999000+00:00
2026-04-27 00:00:00+00:00,9.451,9.56,9.415,9.504,1959000.0,2026-04-27 03:59:59.999000+00:00
2026-04-27 04:00:00+00:00,9.505,9.526,9.203,9.226,3735185.0,2026-04-27 07:59:59.999000+00:00
2026-04-27 08:00:00+00:00,9.225,9.273,9.212,9.26,1320865.0,2026-04-27 11:59:59.999000+00:00
2026-04-27 12:00:00+00:00,9.259,9.311,9.076,9.129,2854610.0,2026-04-27 15:59:59.999000+00:00
2026-04-27 16:00:00+00:00,9.13,9.2,9.098,9.168,1523597.0,2026-04-27 19:59:59.999000+00:00
2026-04-27 20:00:00+00:00,9.168,9.277,9.157,9.262,1097968.0,2026-04-27 23:59:59.999000+00:00
2026-04-28 00:00:00+00:00,9.263,9.27,9.186,9.217,1174418.0,2026-04-28 03:59:59.999000+00:00
2026-04-28 04:00:00+00:00,9.216,9.257,9.135,9.175,1709029.0,2026-04-28 07:59:59.999000+00:00
2026-04-28 08:00:00+00:00,9.174,9.219,9.119,9.152,2217891.0,2026-04-28 11:59:59.999000+00:00
2026-04-28 12:00:00+00:00,9.152,9.222,9.103,9.161,2402677.0,2026-04-28 15:59:59.999000+00:00
2026-04-28 16:00:00+00:00,9.161,9.194,9.124,9.178,1264506.0,2026-04-28 19:59:59.999000+00:00
2026-04-28 20:00:00+00:00,9.178,9.199,9.147,9.171,577729.0,2026-04-28 23:59:59.999000+00:00
2026-04-29 00:00:00+00:00,9.172,9.258,9.136,9.253,1093601.0,2026-04-29 03:59:59.999000+00:00
2026-04-29 04:00:00+00:00,9.254,9.354,9.239,9.293,2085885.0,2026-04-29 07:59:59.999000+00:00
2026-04-29 08:00:00+00:00,9.293,9.442,9.248,9.345,2830973.0,2026-04-29 11:59:59.999000+00:00
2026-04-29 12:00:00+00:00,9.346,9.348,9.079,9.112,3845629.0,2026-04-29 15:59:59.999000+00:00
2026-04-29 16:00:00+00:00,9.112,9.192,8.908,9.049,4643880.0,2026-04-29 19:59:59.999000+00:00
2026-04-29 20:00:00+00:00,9.05,9.155,9.039,9.119,1771644.0,2026-04-29 23:59:59.999000+00:00
2026-04-30 00:00:00+00:00,9.119,9.224,9.086,9.159,2033710.0,2026-04-30 03:59:59.999000+00:00
2026-04-30 04:00:00+00:00,9.159,9.16,9.044,9.149,1675495.0,2026-04-30 07:59:59.999000+00:00
2026-04-30 08:00:00+00:00,9.148,9.221,9.111,9.139,1824663.0,2026-04-30 11:59:59.999000+00:00
2026-04-30 12:00:00+00:00,9.138,9.173,9.074,9.131,2140375.0,2026-04-30 15:59:59.999000+00:00
2026-04-30 16:00:00+00:00,9.131,9.138,9.073,9.097,1019197.0,2026-04-30 19:59:59.999000+00:00
2026-04-30 20:00:00+00:00,9.097,9.111,9.057,9.09,719053.0,2026-04-30 23:59:59.999000+00:00
2026-05-01 00:00:00+00:00,9.09,9.202,9.087,9.15,1205308.0,2026-05-01 03:59:59.999000+00:00
2026-05-01 04:00:00+00:00,9.15,9.173,9.059,9.097,1127060.0,2026-05-01 07:59:59.999000+00:00
2026-05-01 08:00:00+00:00,9.098,9.143,9.061,9.122,1037473.0,2026-05-01 11:59:59.999000+00:00
2026-05-01 12:00:00+00:00,9.122,9.267,9.107,9.192,3040061.0,2026-05-01 15:59:59.999000+00:00
2026-05-01 16:00:00+00:00,9.193,9.215,9.131,9.149,1316775.0,2026-05-01 19:59:59.999000+00:00
2026-05-01 20:00:00+00:00,9.15,9.155,9.054,9.082,1620555.0,2026-05-01 23:59:59.999000+00:00
2026-05-02 00:00:00+00:00,9.083,9.136,9.068,9.12,1268270.0,2026-05-02 03:59:59.999000+00:00
2026-05-02 04:00:00+00:00,9.121,9.125,9.06,9.09,919279.0,2026-05-02 07:59:59.999000+00:00
2026-05-02 08:00:00+00:00,9.089,9.12,9.069,9.08,1275880.0,2026-05-02 11:59:59.999000+00:00
2026-05-02 12:00:00+00:00,9.081,9.154,9.073,9.151,1145610.0,2026-05-02 15:59:59.999000+00:00
2026-05-02 16:00:00+00:00,9.15,9.17,9.096,9.163,1212434.0,2026-05-02 19:59:59.999000+00:00
2026-05-02 20:00:00+00:00,9.162,9.245,9.153,9.182,1448611.0,2026-05-02 23:59:59.999000+00:00
2026-05-03 00:00:00+00:00,9.182,9.194,9.017,9.033,1913697.0,2026-05-03 03:59:59.999000+00:00
2026-05-03 04:00:00+00:00,9.033,9.073,8.992,9.047,1519026.0,2026-05-03 07:59:59.999000+00:00
2026-05-03 08:00:00+00:00,9.047,9.104,8.963,9.074,2349859.0,2026-05-03 11:59:59.999000+00:00
2026-05-03 12:00:00+00:00,9.074,9.125,9.05,9.103,1397748.0,2026-05-03 15:59:59.999000+00:00
2026-05-03 16:00:00+00:00,9.104,9.137,9.059,9.122,783483.0,2026-05-03 19:59:59.999000+00:00
2026-05-03 20:00:00+00:00,9.122,9.195,9.044,9.079,2630394.0,2026-05-03 23:59:59.999000+00:00
2026-05-04 00:00:00+00:00,9.08,9.334,8.987,9.292,4567108.0,2026-05-04 03:59:59.999000+00:00
2026-05-04 04:00:00+00:00,9.292,9.377,9.211,9.23,2737117.0,2026-05-04 07:59:59.999000+00:00
2026-05-04 08:00:00+00:00,9.229,9.311,9.026,9.137,5588418.0,2026-05-04 11:59:59.999000+00:00
2026-05-04 12:00:00+00:00,9.137,9.274,9.057,9.138,3506442.0,2026-05-04 15:59:59.999000+00:00
2026-05-04 16:00:00+00:00,9.139,9.298,9.087,9.234,2846544.0,2026-05-04 19:59:59.999000+00:00
2026-05-04 20:00:00+00:00,9.235,9.251,9.125,9.168,1938766.0,2026-05-04 23:59:59.999000+00:00
2026-05-05 00:00:00+00:00,9.169,9.31,9.169,9.282,1602650.0,2026-05-05 03:59:59.999000+00:00
2026-05-05 04:00:00+00:00,9.281,9.375,9.253,9.337,1782408.0,2026-05-05 07:59:59.999000+00:00
2026-05-05 08:00:00+00:00,9.337,9.43,9.314,9.395,1909263.0,2026-05-05 11:59:59.999000+00:00
2026-05-05 12:00:00+00:00,9.396,9.527,9.375,9.406,3614876.0,2026-05-05 15:59:59.999000+00:00
2026-05-05 16:00:00+00:00,9.406,9.422,9.331,9.403,1874988.0,2026-05-05 19:59:59.999000+00:00
2026-05-05 20:00:00+00:00,9.402,9.489,9.366,9.399,2008379.0,2026-05-05 23:59:59.999000+00:00
2026-05-06 00:00:00+00:00,9.399,9.579,9.358,9.568,2894110.0,2026-05-06 03:59:59.999000+00:00
2026-05-06 04:00:00+00:00,9.568,9.589,9.487,9.557,2221971.0,2026-05-06 07:59:59.999000+00:00
2026-05-06 08:00:00+00:00,9.558,9.762,9.554,9.745,3013955.0,2026-05-06 11:59:59.999000+00:00
2026-05-06 12:00:00+00:00,9.745,9.774,9.452,9.612,3499203.0,2026-05-06 15:59:59.999000+00:00
2026-05-06 16:00:00+00:00,9.611,9.663,9.555,9.603,1628661.0,2026-05-06 19:59:59.999000+00:00
2026-05-06 20:00:00+00:00,9.603,9.662,9.521,9.609,1414118.0,2026-05-06 23:59:59.999000+00:00
2026-05-07 00:00:00+00:00,9.61,9.627,9.447,9.464,1878521.0,2026-05-07 03:59:59.999000+00:00
2026-05-07 04:00:00+00:00,9.463,9.698,9.455,9.679,1741329.0,2026-05-07 07:59:59.999000+00:00
2026-05-07 08:00:00+00:00,9.679,9.683,9.518,9.572,1691399.0,2026-05-07 11:59:59.999000+00:00
2026-05-07 12:00:00+00:00,9.573,9.646,9.364,9.41,3461308.0,2026-05-07 15:59:59.999000+00:00
2026-05-07 16:00:00+00:00,9.411,9.54,9.393,9.471,2655529.0,2026-05-07 19:59:59.999000+00:00
2026-05-07 20:00:00+00:00,9.471,9.53,9.406,9.498,1464025.0,2026-05-07 23:59:59.999000+00:00
2026-05-08 00:00:00+00:00,9.499,9.531,9.423,9.479,1420934.0,2026-05-08 03:59:59.999000+00:00
2026-05-08 04:00:00+00:00,9.478,9.525,9.437,9.514,1262619.0,2026-05-08 07:59:59.999000+00:00
2026-05-08 08:00:00+00:00,9.514,9.623,9.508,9.587,1845745.0,2026-05-08 11:59:59.999000+00:00
2026-05-08 12:00:00+00:00,9.587,9.779,9.498,9.778,3368970.0,2026-05-08 15:59:59.999000+00:00
2026-05-08 16:00:00+00:00,9.778,9.957,9.703,9.91,3372985.0,2026-05-08 19:59:59.999000+00:00
2026-05-08 20:00:00+00:00,9.91,10.018,9.859,9.903,1981967.0,2026-05-08 23:59:59.999000+00:00
2026-05-09 00:00:00+00:00,9.903,10.118,9.892,9.978,2095990.0,2026-05-09 03:59:59.999000+00:00
2026-05-09 04:00:00+00:00,9.979,10.032,9.927,9.939,1159017.0,2026-05-09 07:59:59.999000+00:00
2026-05-09 08:00:00+00:00,9.939,9.992,9.853,9.928,1312113.0,2026-05-09 11:59:59.999000+00:00
2026-05-09 12:00:00+00:00,9.928,9.973,9.792,9.831,2569013.0,2026-05-09 15:59:59.999000+00:00
2026-05-09 16:00:00+00:00,9.831,9.991,9.808,9.986,1271872.0,2026-05-09 19:59:59.999000+00:00
2026-05-09 20:00:00+00:00,9.986,10.004,9.929,9.957,730912.0,2026-05-09 23:59:59.999000+00:00
2026-05-10 00:00:00+00:00,9.957,9.988,9.846,9.902,1309558.0,2026-05-10 03:59:59.999000+00:00
2026-05-10 04:00:00+00:00,9.902,10.009,9.891,9.923,1218471.0,2026-05-10 07:59:59.999000+00:00
2026-05-10 08:00:00+00:00,9.923,10.067,9.91,9.976,2280211.0,2026-05-10 11:59:59.999000+00:00
2026-05-10 12:00:00+00:00,9.976,10.16,9.944,10.148,2473671.0,2026-05-10 15:59:59.999000+00:00
2026-05-10 16:00:00+00:00,10.147,10.483,10.135,10.412,4642926.0,2026-05-10 19:59:59.999000+00:00
2026-05-10 20:00:00+00:00,10.412,10.464,9.946,10.222,5320503.0,2026-05-10 23:59:59.999000+00:00
2026-05-11 00:00:00+00:00,10.222,10.253,9.966,10.03,2724993.0,2026-05-11 03:59:59.999000+00:00
2026-05-11 04:00:00+00:00,10.029,10.14,9.974,10.09,2133400.0,2026-05-11 07:59:59.999000+00:00
2026-05-11 08:00:00+00:00,10.09,10.2,10.02,10.117,2186868.0,2026-05-11 11:59:59.999000+00:00
2026-05-11 12:00:00+00:00,10.118,10.246,9.985,10.23,3235131.0,2026-05-11 15:59:59.999000+00:00
2026-05-11 16:00:00+00:00,10.229,10.268,10.134,10.201,2018110.0,2026-05-11 19:59:59.999000+00:00
2026-05-11 20:00:00+00:00,10.202,10.228,10.101,10.128,1394218.0,2026-05-11 23:59:59.999000+00:00
2026-05-12 00:00:00+00:00,10.128,10.163,9.972,10.006,2227222.0,2026-05-12 03:59:59.999000+00:00
2026-05-12 04:00:00+00:00,10.006,10.069,9.933,10.008,1592795.0,2026-05-12 07:59:59.999000+00:00
2026-05-12 08:00:00+00:00,10.008,10.016,9.809,9.858,3106213.0,2026-05-12 11:59:59.999000+00:00
2026-05-12 12:00:00+00:00,9.858,9.922,9.669,9.732,4682283.0,2026-05-12 15:59:59.999000+00:00
2026-05-12 16:00:00+00:00,9.732,9.88,9.677,9.862,2170848.0,2026-05-12 19:59:59.999000+00:00
2026-05-12 20:00:00+00:00,9.863,9.899,9.828,9.83,970095.0,2026-05-12 23:59:59.999000+00:00
2026-05-13 00:00:00+00:00,9.83,10.042,9.817,10.027,1758858.0,2026-05-13 03:59:59.999000+00:00
2026-05-13 04:00:00+00:00,10.027,10.06,9.958,10.001,1486232.0,2026-05-13 07:59:59.999000+00:00
2026-05-13 08:00:00+00:00,10.001,10.152,9.926,9.946,2427751.0,2026-05-13 11:59:59.999000+00:00
2026-05-13 12:00:00+00:00,9.946,9.977,9.613,9.634,4996968.0,2026-05-13 15:59:59.999000+00:00
2026-05-13 16:00:00+00:00,9.635,9.812,9.627,9.726,2075552.0,2026-05-13 19:59:59.999000+00:00
2026-05-13 20:00:00+00:00,9.727,9.792,9.686,9.75,1417007.0,2026-05-13 23:59:59.999000+00:00
2026-05-14 00:00:00+00:00,9.75,9.809,9.626,9.647,1539272.0,2026-05-14 03:59:59.999000+00:00
2026-05-14 04:00:00+00:00,9.647,9.796,9.635,9.701,1862929.0,2026-05-14 07:59:59.999000+00:00
2026-05-14 08:00:00+00:00,9.702,9.729,9.631,9.665,1529583.0,2026-05-14 11:59:59.999000+00:00
2026-05-14 12:00:00+00:00,9.665,10.068,9.657,10.055,3649986.0,2026-05-14 15:59:59.999000+00:00
2026-05-14 16:00:00+00:00,10.056,10.133,9.927,10.011,3961918.0,2026-05-14 19:59:59.999000+00:00
2026-05-14 20:00:00+00:00,10.012,10.024,9.883,9.901,1469619.0,2026-05-14 23:59:59.999000+00:00
2026-05-15 00:00:00+00:00,9.901,9.958,9.815,9.875,1857522.0,2026-05-15 03:59:59.999000+00:00
2026-05-15 04:00:00+00:00,9.874,9.877,9.672,9.811,2557585.0,2026-05-15 07:59:59.999000+00:00
2026-05-15 08:00:00+00:00,9.812,9.824,9.723,9.771,1437649.0,2026-05-15 11:59:59.999000+00:00
2026-05-15 12:00:00+00:00,9.771,9.781,9.401,9.478,5305030.0,2026-05-15 15:59:59.999000+00:00
2026-05-15 16:00:00+00:00,9.478,9.607,9.465,9.537,1894578.0,2026-05-15 19:59:59.999000+00:00
2026-05-15 20:00:00+00:00,9.537,9.558,9.496,9.532,914970.0,2026-05-15 23:59:59.999000+00:00
2026-05-16 00:00:00+00:00,9.533,9.567,9.51,9.528,804043.0,2026-05-16 03:59:59.999000+00:00
2026-05-16 04:00:00+00:00,9.527,9.532,9.22,9.336,3067793.0,2026-05-16 07:59:59.999000+00:00
2026-05-16 08:00:00+00:00,9.336,9.372,9.185,9.245,2284464.0,2026-05-16 11:59:59.999000+00:00
2026-05-16 12:00:00+00:00,9.245,9.336,9.235,9.31,1294655.0,2026-05-16 15:59:59.999000+00:00
2026-05-16 16:00:00+00:00,9.31,9.369,9.3,9.311,1240187.0,2026-05-16 19:59:59.999000+00:00
2026-05-16 20:00:00+00:00,9.31,9.332,9.282,9.285,591276.0,2026-05-16 23:59:59.999000+00:00
2026-05-17 00:00:00+00:00,9.285,9.302,9.174,9.271,1587825.0,2026-05-17 03:59:59.999000+00:00
2026-05-17 04:00:00+00:00,9.271,9.355,9.267,9.317,1399424.0,2026-05-17 07:59:59.999000+00:00
2026-05-17 08:00:00+00:00,9.317,9.413,9.29,9.357,1077617.0,2026-05-17 11:59:59.999000+00:00
2026-05-17 12:00:00+00:00,9.357,9.384,9.251,9.288,1106595.0,2026-05-17 15:59:59.999000+00:00
2026-05-17 16:00:00+00:00,9.289,9.325,9.222,9.304,1199316.0,2026-05-17 19:59:59.999000+00:00
2026-05-17 20:00:00+00:00,9.305,9.338,8.932,9.19,3685428.0,2026-05-17 23:59:59.999000+00:00
2026-05-18 00:00:00+00:00,9.19,9.237,9.105,9.188,2398668.0,2026-05-18 03:59:59.999000+00:00
2026-05-18 04:00:00+00:00,9.189,9.224,9.06,9.111,2283043.0,2026-05-18 07:59:59.999000+00:00
2026-05-18 08:00:00+00:00,9.111,9.204,9.042,9.151,1660044.0,2026-05-18 11:59:59.999000+00:00
2026-05-18 12:00:00+00:00,9.151,9.226,9.006,9.087,2904819.0,2026-05-18 15:59:59.999000+00:00
2026-05-18 16:00:00+00:00,9.088,9.194,9.01,9.173,2514950.0,2026-05-18 19:59:59.999000+00:00
2026-05-18 20:00:00+00:00,9.174,9.265,9.146,9.245,1210805.0,2026-05-18 23:59:59.999000+00:00
2026-05-19 00:00:00+00:00,9.245,9.314,9.192,9.232,1249556.0,2026-05-19 03:59:59.999000+00:00
2026-05-19 04:00:00+00:00,9.231,9.289,9.192,9.27,1028105.0,2026-05-19 07:59:59.999000+00:00
2026-05-19 08:00:00+00:00,9.27,9.284,9.08,9.099,1678114.0,2026-05-19 11:59:59.999000+00:00
2026-05-19 12:00:00+00:00,9.099,9.153,9.015,9.095,2142962.0,2026-05-19 15:59:59.999000+00:00
2026-05-19 16:00:00+00:00,9.095,9.181,9.08,9.112,1355360.0,2026-05-19 19:59:59.999000+00:00
2026-05-19 20:00:00+00:00,9.113,9.144,9.058,9.1,739031.0,2026-05-19 23:59:59.999000+00:00
2026-05-20 00:00:00+00:00,9.101,9.135,9.058,9.11,940724.0,2026-05-20 03:59:59.999000+00:00
2026-05-20 04:00:00+00:00,9.11,9.241,9.091,9.205,1351352.0,2026-05-20 07:59:59.999000+00:00
2026-05-20 08:00:00+00:00,9.205,9.263,9.177,9.198,1012665.0,2026-05-20 11:59:59.999000+00:00
2026-05-20 12:00:00+00:00,9.198,9.359,9.147,9.336,3200497.0,2026-05-20 15:59:59.999000+00:00
2026-05-20 16:00:00+00:00,9.337,9.396,9.266,9.313,2295475.0,2026-05-20 19:59:59.999000+00:00
2026-05-20 20:00:00+00:00,9.312,9.331,9.212,9.292,1414484.0,2026-05-20 23:59:59.999000+00:00
2026-05-21 00:00:00+00:00,9.292,9.388,9.286,9.379,1442532.0,2026-05-21 03:59:59.999000+00:00
2026-05-21 04:00:00+00:00,9.379,9.48,9.298,9.464,2213920.0,2026-05-21 07:59:59.999000+00:00
2026-05-21 08:00:00+00:00,9.465,9.514,9.276,9.291,2679233.0,2026-05-21 11:59:59.999000+00:00
2026-05-21 12:00:00+00:00,9.291,9.401,9.242,9.372,2290195.0,2026-05-21 15:59:59.999000+00:00
2026-05-21 16:00:00+00:00,9.373,9.513,9.301,9.489,2757368.0,2026-05-21 19:59:59.999000+00:00
2026-05-21 20:00:00+00:00,9.489,9.5,9.422,9.448,1167122.0,2026-05-21 23:59:59.999000+00:00
2026-05-22 00:00:00+00:00,9.448,9.502,9.377,9.498,1191646.0,2026-05-22 03:59:59.999000+00:00
2026-05-22 04:00:00+00:00,9.499,9.573,9.452,9.505,1696296.0,2026-05-22 07:59:59.999000+00:00
2026-05-22 08:00:00+00:00,9.505,9.56,9.454,9.525,1544974.0,2026-05-22 11:59:59.999000+00:00
2026-05-22 12:00:00+00:00,9.526,9.599,9.364,9.427,2753222.0,2026-05-22 15:59:59.999000+00:00
2026-05-22 16:00:00+00:00,9.427,9.461,9.14,9.211,3872754.0,2026-05-22 19:59:59.999000+00:00
2026-05-22 20:00:00+00:00,9.211,9.279,9.09,9.148,1804029.0,2026-05-22 23:59:59.999000+00:00
2026-05-23 00:00:00+00:00,9.148,9.209,9.101,9.193,1170612.0,2026-05-23 03:59:59.999000+00:00
2026-05-23 04:00:00+00:00,9.193,9.194,8.838,8.915,2726679.0,2026-05-23 07:59:59.999000+00:00
2026-05-23 08:00:00+00:00,8.915,8.924,8.833,8.892,2443422.0,2026-05-23 11:59:59.999000+00:00
2026-05-23 12:00:00+00:00,8.892,9.166,8.871,9.13,2320876.0,2026-05-23 15:59:59.999000+00:00
2026-05-23 16:00:00+00:00,9.131,9.331,9.103,9.28,2780675.0,2026-05-23 19:59:59.999000+00:00
2026-05-23 20:00:00+00:00,9.28,9.59,9.263,9.385,4378247.0,2026-05-23 23:59:59.999000+00:00
2026-05-24 00:00:00+00:00,9.386,9.426,9.313,9.326,1272708.0,2026-05-24 03:59:59.999000+00:00
2026-05-24 04:00:00+00:00,9.326,9.371,9.316,9.322,1220449.0,2026-05-24 07:59:59.999000+00:00
2026-05-24 08:00:00+00:00,9.323,9.382,9.31,9.347,1202332.0,2026-05-24 11:59:59.999000+00:00
2026-05-24 12:00:00+00:00,9.348,9.349,9.13,9.231,1894439.0,2026-05-24 15:59:59.999000+00:00
2026-05-24 16:00:00+00:00,9.231,9.268,9.206,9.228,914563.0,2026-05-24 19:59:59.999000+00:00
2026-05-24 20:00:00+00:00,9.229,9.236,9.061,9.208,2106343.0,2026-05-24 23:59:59.999000+00:00
2026-05-25 00:00:00+00:00,9.208,9.238,9.148,9.163,1250298.0,2026-05-25 03:59:59.999000+00:00
2026-05-25 04:00:00+00:00,9.164,9.356,9.154,9.338,1786779.0,2026-05-25 07:59:59.999000+00:00
2026-05-25 08:00:00+00:00,9.338,9.419,9.319,9.372,1625596.0,2026-05-25 11:59:59.999000+00:00
2026-05-25 12:00:00+00:00,9.373,9.505,9.359,9.428,2186535.0,2026-05-25 15:59:59.999000+00:00
2026-05-25 16:00:00+00:00,9.428,9.481,9.358,9.382,1281476.0,2026-05-25 19:59:59.999000+00:00
2026-05-25 20:00:00+00:00,9.381,9.399,9.265,9.304,1446043.0,2026-05-25 23:59:59.999000+00:00
2026-05-26 00:00:00+00:00,9.304,9.31,9.161,9.22,1786873.0,2026-05-26 03:59:59.999000+00:00
2026-05-26 04:00:00+00:00,9.221,9.33,9.205,9.264,1548969.0,2026-05-26 07:59:59.999000+00:00
2026-05-26 08:00:00+00:00,9.265,9.461,9.256,9.376,1887576.0,2026-05-26 11:59:59.999000+00:00
2026-05-26 12:00:00+00:00,9.376,9.488,9.227,9.284,3397732.0,2026-05-26 15:59:59.999000+00:00
2026-05-26 16:00:00+00:00,9.283,9.285,9.112,9.167,2825916.0,2026-05-26 19:59:59.999000+00:00
2026-05-26 20:00:00+00:00,9.168,9.184,9.113,9.135,861823.0,2026-05-26 23:59:59.999000+00:00
2026-05-27 00:00:00+00:00,9.136,9.197,9.106,9.137,1125827.0,2026-05-27 03:59:59.999000+00:00
2026-05-27 04:00:00+00:00,9.136,9.211,9.038,9.191,1506926.0,2026-05-27 07:59:59.999000+00:00
2026-05-27 08:00:00+00:00,9.191,9.221,9.119,9.147,920731.0,2026-05-27 11:59:59.999000+00:00
2026-05-27 12:00:00+00:00,9.147,9.288,9.075,9.237,2932306.0,2026-05-27 15:59:59.999000+00:00
2026-05-27 16:00:00+00:00,9.238,9.252,9.07,9.186,1806408.0,2026-05-27 19:59:59.999000+00:00
2026-05-27 20:00:00+00:00,9.186,9.218,8.988,9.035,2341257.0,2026-05-27 23:59:59.999000+00:00
2026-05-28 00:00:00+00:00,9.034,9.067,8.853,8.872,2766061.0,2026-05-28 03:59:59.999000+00:00
2026-05-28 04:00:00+00:00,8.872,8.873,8.705,8.84,3610305.0,2026-05-28 07:59:59.999000+00:00
2026-05-28 08:00:00+00:00,8.841,8.88,8.787,8.812,1275196.0,2026-05-28 11:59:59.999000+00:00
2026-05-28 12:00:00+00:00,8.812,8.922,8.74,8.845,2953860.0,2026-05-28 15:59:59.999000+00:00
2026-05-28 16:00:00+00:00,8.845,9.071,8.807,8.912,2525959.0,2026-05-28 19:59:59.999000+00:00
2026-05-28 20:00:00+00:00,8.912,8.989,8.885,8.922,1037466.0,2026-05-28 23:59:59.999000+00:00
2026-05-29 00:00:00+00:00,8.922,8.971,8.862,8.877,1019784.0,2026-05-29 03:59:59.999000+00:00
2026-05-29 04:00:00+00:00,8.877,8.977,8.827,8.923,1271626.0,2026-05-29 07:59:59.999000+00:00
2026-05-29 08:00:00+00:00,8.923,8.973,8.829,8.869,1191156.0,2026-05-29 11:59:59.999000+00:00
2026-05-29 12:00:00+00:00,8.869,9.0,8.648,8.919,4788931.0,2026-05-29 15:59:59.999000+00:00
2026-05-29 16:00:00+00:00,8.92,8.983,8.767,8.833,2510044.0,2026-05-29 19:59:59.999000+00:00
2026-05-29 20:00:00+00:00,8.833,8.877,8.784,8.822,1035698.0,2026-05-29 23:59:59.999000+00:00
2026-05-30 00:00:00+00:00,8.823,9.045,8.808,8.97,1703839.0,2026-05-30 03:59:59.999000+00:00
2026-05-30 04:00:00+00:00,8.97,8.992,8.815,8.912,1833353.0,2026-05-30 07:59:59.999000+00:00
2026-05-30 08:00:00+00:00,8.912,8.938,8.879,8.915,674834.0,2026-05-30 11:59:59.999000+00:00
2026-05-30 12:00:00+00:00,8.916,8.992,8.902,8.959,898368.0,2026-05-30 15:59:59.999000+00:00
2026-05-30 16:00:00+00:00,8.96,9.005,8.937,8.987,761700.0,2026-05-30 19:59:59.999000+00:00
2026-05-30 20:00:00+00:00,8.988,9.013,8.911,8.942,824430.0,2026-05-30 23:59:59.999000+00:00
2026-05-31 00:00:00+00:00,8.942,9.037,8.928,9.006,962153.0,2026-05-31 03:59:59.999000+00:00
2026-05-31 04:00:00+00:00,9.007,9.081,8.966,8.985,1378984.0,2026-05-31 07:59:59.999000+00:00
2026-05-31 08:00:00+00:00,8.986,9.033,8.951,9.012,815430.0,2026-05-31 11:59:59.999000+00:00
2026-05-31 12:00:00+00:00,9.011,9.046,8.808,8.88,2564713.0,2026-05-31 15:59:59.999000+00:00
2026-05-31 16:00:00+00:00,8.879,8.894,8.791,8.832,1630341.0,2026-05-31 19:59:59.999000+00:00
2026-05-31 20:00:00+00:00,8.832,9.028,8.832,8.98,1540693.0,2026-05-31 23:59:59.999000+00:00
2026-06-01 00:00:00+00:00,8.981,9.071,8.861,9.016,2262041.0,2026-06-01 03:59:59.999000+00:00
2026-06-01 04:00:00+00:00,9.016,9.042,8.774,8.788,2238500.0,2026-06-01 07:59:59.999000+00:00
2026-06-01 08:00:00+00:00,8.788,8.889,8.754,8.829,1978958.0,2026-06-01 11:59:59.999000+00:00
2026-06-01 12:00:00+00:00,8.829,8.875,8.671,8.727,3932771.0,2026-06-01 15:59:59.999000+00:00
2026-06-01 16:00:00+00:00,8.727,8.966,8.681,8.955,2557276.0,2026-06-01 19:59:59.999000+00:00
2026-06-01 20:00:00+00:00,8.955,8.984,8.823,8.932,1899509.0,2026-06-01 23:59:59.999000+00:00
2026-06-02 00:00:00+00:00,8.932,8.941,8.665,8.88,2407202.0,2026-06-02 03:59:59.999000+00:00
2026-06-02 04:00:00+00:00,8.881,8.892,8.655,8.713,2690755.0,2026-06-02 07:59:59.999000+00:00
2026-06-02 08:00:00+00:00,8.713,8.74,8.655,8.678,1391040.0,2026-06-02 11:59:59.999000+00:00
2026-06-02 12:00:00+00:00,8.677,8.72,8.257,8.36,6208631.0,2026-06-02 15:59:59.999000+00:00
2026-06-02 16:00:00+00:00,8.361,8.501,8.167,8.327,3096831.0,2026-06-02 19:59:59.999000+00:00
2026-06-02 20:00:00+00:00,8.328,8.387,8.02,8.176,4205477.0,2026-06-02 23:59:59.999000+00:00
2026-06-03 00:00:00+00:00,8.177,8.262,7.988,8.047,2922989.0,2026-06-03 03:59:59.999000+00:00
2026-06-03 04:00:00+00:00,8.047,8.34,8.044,8.315,2559397.0,2026-06-03 07:59:59.999000+00:00
2026-06-03 08:00:00+00:00,8.316,8.368,8.242,8.297,2019907.0,2026-06-03 11:59:59.999000+00:00
2026-06-03 12:00:00+00:00,8.298,8.338,8.174,8.188,2106164.0,2026-06-03 15:59:59.999000+00:00
2026-06-03 16:00:00+00:00,8.188,8.195,8.022,8.038,3517632.0,2026-06-03 19:59:59.999000+00:00
2026-06-03 20:00:00+00:00,8.037,8.188,7.9,8.044,3043340.0,2026-06-03 23:59:59.999000+00:00
2026-06-04 00:00:00+00:00,8.044,8.114,7.505,8.032,6066929.0,2026-06-04 03:59:59.999000+00:00
2026-06-04 04:00:00+00:00,8.031,8.074,7.813,7.819,2247566.0,2026-06-04 07:59:59.999000+00:00
2026-06-04 08:00:00+00:00,7.819,7.845,7.536,7.658,3896156.0,2026-06-04 11:59:59.999000+00:00
2026-06-04 12:00:00+00:00,7.658,7.857,7.61,7.759,3300122.0,2026-06-04 15:59:59.999000+00:00
2026-06-04 16:00:00+00:00,7.759,7.844,7.666,7.775,1945792.0,2026-06-04 19:59:59.999000+00:00
2026-06-04 20:00:00+00:00,7.774,7.777,7.562,7.701,2671320.0,2026-06-04 23:59:59.999000+00:00
2026-06-05 00:00:00+00:00,7.7,7.721,7.306,7.313,3705933.0,2026-06-05 03:59:59.999000+00:00
2026-06-05 04:00:00+00:00,7.314,7.507,6.997,7.301,7961099.0,2026-06-05 07:59:59.999000+00:00
2026-06-05 08:00:00+00:00,7.301,7.304,7.057,7.071,3881197.0,2026-06-05 11:59:59.999000+00:00
2026-06-05 12:00:00+00:00,7.071,7.219,6.843,6.898,8517958.0,2026-06-05 15:59:59.999000+00:00
2026-06-05 16:00:00+00:00,6.898,7.106,6.578,6.693,10931271.0,2026-06-05 19:59:59.999000+00:00
2026-06-05 20:00:00+00:00,6.692,7.005,6.607,6.723,6861963.0,2026-06-05 23:59:59.999000+00:00
2026-06-06 00:00:00+00:00,6.724,6.93,6.506,6.519,4424618.0,2026-06-06 03:59:59.999000+00:00
2026-06-06 04:00:00+00:00,6.52,6.712,6.218,6.673,8985191.0,2026-06-06 07:59:59.999000+00:00
2026-06-06 08:00:00+00:00,6.674,6.832,6.563,6.68,4051923.0,2026-06-06 11:59:59.999000+00:00
2026-06-06 12:00:00+00:00,6.68,6.825,6.597,6.686,4315189.0,2026-06-06 15:59:59.999000+00:00
2026-06-06 16:00:00+00:00,6.686,6.711,6.588,6.602,2131513.0,2026-06-06 19:59:59.999000+00:00
2026-06-06 20:00:00+00:00,6.602,6.685,6.562,6.659,1830033.0,2026-06-06 23:59:59.999000+00:00
2026-06-07 00:00:00+00:00,6.66,6.84,6.647,6.751,2686904.0,2026-06-07 03:59:59.999000+00:00
2026-06-07 04:00:00+00:00,6.75,6.832,6.684,6.82,2920578.0,2026-06-07 07:59:59.999000+00:00
2026-06-07 08:00:00+00:00,6.82,6.883,6.688,6.724,3029254.0,2026-06-07 11:59:59.999000+00:00
2026-06-07 12:00:00+00:00,6.724,6.773,6.585,6.705,3437855.0,2026-06-07 15:59:59.999000+00:00
2026-06-07 16:00:00+00:00,6.705,6.739,6.503,6.535,2715108.0,2026-06-07 19:59:59.999000+00:00
2026-06-07 20:00:00+00:00,6.535,6.967,6.513,6.814,3976896.0,2026-06-07 23:59:59.999000+00:00
2026-06-08 00:00:00+00:00,6.814,6.86,6.626,6.665,2774945.0,2026-06-08 03:59:59.999000+00:00
2026-06-08 04:00:00+00:00,6.665,6.7,6.528,6.698,2157450.0,2026-06-08 07:59:59.999000+00:00
2026-06-08 08:00:00+00:00,6.698,6.821,6.613,6.78,2485833.0,2026-06-08 11:59:59.999000+00:00
2026-06-08 12:00:00+00:00,6.78,6.877,6.694,6.804,3720959.0,2026-06-08 15:59:59.999000+00:00
2026-06-08 16:00:00+00:00,6.805,6.859,6.762,6.817,2296517.0,2026-06-08 19:59:59.999000+00:00
2026-06-08 20:00:00+00:00,6.818,6.88,6.742,6.762,1981994.0,2026-06-08 23:59:59.999000+00:00
2026-06-09 00:00:00+00:00,6.762,6.774,6.584,6.665,2980748.0,2026-06-09 03:59:59.999000+00:00
2026-06-09 04:00:00+00:00,6.664,6.789,6.641,6.744,1862519.0,2026-06-09 07:59:59.999000+00:00
2026-06-09 08:00:00+00:00,6.744,6.747,6.655,6.704,1497741.0,2026-06-09 11:59:59.999000+00:00
2026-06-09 12:00:00+00:00,6.704,6.744,6.513,6.52,3681060.0,2026-06-09 15:59:59.999000+00:00
2026-06-09 16:00:00+00:00,6.519,6.678,6.436,6.654,3393786.0,2026-06-09 19:59:59.999000+00:00
2026-06-09 20:00:00+00:00,6.654,6.698,6.604,6.634,1432844.0,2026-06-09 23:59:59.999000+00:00
2026-06-10 00:00:00+00:00,6.635,6.675,6.55,6.577,1648169.0,2026-06-10 03:59:59.999000+00:00
2026-06-10 04:00:00+00:00,6.578,6.589,6.482,6.559,1628417.0,2026-06-10 07:59:59.999000+00:00
2026-06-10 08:00:00+00:00,6.559,6.56,6.412,6.457,2934621.0,2026-06-10 11:59:59.999000+00:00
2026-06-10 12:00:00+00:00,6.456,6.661,6.432,6.574,3684918.0,2026-06-10 15:59:59.999000+00:00
2026-06-10 16:00:00+00:00,6.574,6.578,6.426,6.457,3307238.0,2026-06-10 19:59:59.999000+00:00
2026-06-10 20:00:00+00:00,6.457,6.479,6.292,6.376,3105470.0,2026-06-10 23:59:59.999000+00:00
2026-06-11 00:00:00+00:00,6.377,6.635,6.376,6.591,2546872.0,2026-06-11 03:59:59.999000+00:00
2026-06-11 04:00:00+00:00,6.592,6.626,6.542,6.587,1754550.0,2026-06-11 07:59:59.999000+00:00
2026-06-11 08:00:00+00:00,6.588,6.639,6.536,6.595,1708492.0,2026-06-11 11:59:59.999000+00:00
2026-06-11 12:00:00+00:00,6.594,6.608,6.491,6.541,2604566.0,2026-06-11 15:59:59.999000+00:00
2026-06-11 16:00:00+00:00,6.54,6.705,6.469,6.663,3450870.0,2026-06-11 19:59:59.999000+00:00
2026-06-11 20:00:00+00:00,6.664,6.674,6.601,6.645,1377057.0,2026-06-11 23:59:59.999000+00:00
2026-06-12 00:00:00+00:00,6.645,6.673,6.596,6.655,867713.0,2026-06-12 03:59:59.999000+00:00
2026-06-12 04:00:00+00:00,6.655,6.687,6.523,6.565,1561852.0,2026-06-12 07:59:59.999000+00:00
2026-06-12 08:00:00+00:00,6.566,6.663,6.561,6.632,1406179.0,2026-06-12 11:59:59.999000+00:00
2026-06-12 12:00:00+00:00,6.633,6.695,6.514,6.546,3247044.0,2026-06-12 15:59:59.999000+00:00
2026-06-12 16:00:00+00:00,6.546,6.648,6.515,6.582,1729092.0,2026-06-12 19:59:59.999000+00:00
2026-06-12 20:00:00+00:00,6.582,6.603,6.533,6.567,884530.0,2026-06-12 23:59:59.999000+00:00
2026-06-13 00:00:00+00:00,6.567,6.633,6.553,6.591,897692.0,2026-06-13 03:59:59.999000+00:00
2026-06-13 04:00:00+00:00,6.592,6.685,6.562,6.662,1490275.0,2026-06-13 07:59:59.999000+00:00
2026-06-13 08:00:00+00:00,6.662,6.679,6.625,6.67,932808.0,2026-06-13 11:59:59.999000+00:00
2026-06-13 12:00:00+00:00,6.67,6.758,6.658,6.749,1738907.0,2026-06-13 15:59:59.999000+00:00
2026-06-13 16:00:00+00:00,6.749,6.77,6.671,6.71,1564355.0,2026-06-13 19:59:59.999000+00:00
2026-06-13 20:00:00+00:00,6.71,6.772,6.693,6.714,897286.0,2026-06-13 23:59:59.999000+00:00
2026-06-14 00:00:00+00:00,6.715,6.73,6.681,6.715,927202.0,2026-06-14 03:59:59.999000+00:00
2026-06-14 04:00:00+00:00,6.715,6.72,6.634,6.651,964021.0,2026-06-14 07:59:59.999000+00:00
2026-06-14 08:00:00+00:00,6.652,6.678,6.618,6.641,892357.0,2026-06-14 11:59:59.999000+00:00
2026-06-14 12:00:00+00:00,6.642,6.648,6.491,6.525,1954175.0,2026-06-14 15:59:59.999000+00:00
2026-06-14 16:00:00+00:00,6.525,6.548,6.371,6.428,3006891.0,2026-06-14 19:59:59.999000+00:00
2026-06-14 20:00:00+00:00,6.429,6.788,6.41,6.787,3866634.0,2026-06-14 23:59:59.999000+00:00
2026-06-15 00:00:00+00:00,6.786,6.802,6.695,6.761,2229320.0,2026-06-15 03:59:59.999000+00:00
2026-06-15 04:00:00+00:00,6.761,6.801,6.731,6.752,1460784.0,2026-06-15 07:59:59.999000+00:00
2026-06-15 08:00:00+00:00,6.753,6.948,6.735,6.904,2975901.0,2026-06-15 11:59:59.999000+00:00
2026-06-15 12:00:00+00:00,6.905,7.03,6.871,7.03,4440581.0,2026-06-15 15:59:59.999000+00:00
2026-06-15 16:00:00+00:00,7.029,7.076,6.874,6.892,3073148.0,2026-06-15 19:59:59.999000+00:00
2026-06-15 20:00:00+00:00,6.892,6.921,6.791,6.834,2342876.0,2026-06-15 23:59:59.999000+00:00
2026-06-16 00:00:00+00:00,6.835,6.869,6.737,6.83,1984434.0,2026-06-16 03:59:59.999000+00:00
2026-06-16 04:00:00+00:00,6.83,6.924,6.753,6.917,1660926.0,2026-06-16 07:59:59.999000+00:00
2026-06-16 08:00:00+00:00,6.917,7.047,6.909,6.946,1929234.0,2026-06-16 11:59:59.999000+00:00
2026-06-16 12:00:00+00:00,6.946,6.998,6.707,6.784,3545293.0,2026-06-16 15:59:59.999000+00:00
2026-06-16 16:00:00+00:00,6.785,6.907,6.761,6.861,1832681.0,2026-06-16 19:59:59.999000+00:00
2026-06-16 20:00:00+00:00,6.861,6.948,6.841,6.877,1490339.0,2026-06-16 23:59:59.999000+00:00
2026-06-17 00:00:00+00:00,6.876,7.018,6.866,6.951,1797063.0,2026-06-17 03:59:59.999000+00:00
2026-06-17 04:00:00+00:00,6.952,6.983,6.864,6.895,1626798.0,2026-06-17 07:59:59.999000+00:00
2026-06-17 08:00:00+00:00,6.896,6.9,6.766,6.801,2033723.0,2026-06-17 11:59:59.999000+00:00
2026-06-17 12:00:00+00:00,6.802,6.968,6.763,6.964,2519318.0,2026-06-17 15:59:59.999000+00:00
2026-06-17 16:00:00+00:00,6.964,7.017,6.69,6.73,5425281.0,2026-06-17 19:59:59.999000+00:00
2026-06-17 20:00:00+00:00,6.73,6.79,6.644,6.762,2577363.0,2026-06-17 23:59:59.999000+00:00
2026-06-18 00:00:00+00:00,6.762,6.799,6.696,6.706,1235038.0,2026-06-18 03:59:59.999000+00:00
2026-06-18 04:00:00+00:00,6.706,6.708,6.567,6.672,2371562.0,2026-06-18 07:59:59.999000+00:00
2026-06-18 08:00:00+00:00,6.672,6.691,6.601,6.615,1367903.0,2026-06-18 11:59:59.999000+00:00
2026-06-18 12:00:00+00:00,6.616,6.676,6.206,6.239,7421357.0,2026-06-18 15:59:59.999000+00:00
2026-06-18 16:00:00+00:00,6.239,6.363,6.221,6.35,3549495.0,2026-06-18 19:59:59.999000+00:00
2026-06-18 20:00:00+00:00,6.351,6.381,6.268,6.312,1857931.0,2026-06-18 23:59:59.999000+00:00
2026-06-19 00:00:00+00:00,6.313,6.32,6.104,6.145,3736986.0,2026-06-19 03:59:59.999000+00:00
2026-06-19 04:00:00+00:00,6.144,6.145,5.964,5.986,4943708.0,2026-06-19 07:59:59.999000+00:00
2026-06-19 08:00:00+00:00,5.986,6.097,5.982,6.042,3088699.0,2026-06-19 11:59:59.999000+00:00
2026-06-19 12:00:00+00:00,6.042,6.19,6.031,6.118,2967023.0,2026-06-19 15:59:59.999000+00:00
2026-06-19 16:00:00+00:00,6.119,6.154,5.673,5.873,14725488.0,2026-06-19 19:59:59.999000+00:00
2026-06-19 20:00:00+00:00,5.874,5.971,5.796,5.89,4294645.0,2026-06-19 23:59:59.999000+00:00
2026-06-20 00:00:00+00:00,5.89,5.969,5.875,5.943,2555593.0,2026-06-20 03:59:59.999000+00:00
2026-06-20 04:00:00+00:00,5.943,6.258,5.824,6.146,9467932.0,2026-06-20 07:59:59.999000+00:00
2026-06-20 08:00:00+00:00,6.146,6.217,6.094,6.158,3035462.0,2026-06-20 11:59:59.999000+00:00
2026-06-20 12:00:00+00:00,6.159,6.185,6.025,6.146,4230315.0,2026-06-20 15:59:59.999000+00:00
2026-06-20 16:00:00+00:00,6.146,6.148,6.065,6.112,1630151.0,2026-06-20 19:59:59.999000+00:00
2026-06-20 20:00:00+00:00,6.113,6.258,6.102,6.234,2423925.0,2026-06-20 23:59:59.999000+00:00
2026-06-21 00:00:00+00:00,6.234,6.287,6.211,6.257,1887940.0,2026-06-21 03:59:59.999000+00:00
2026-06-21 04:00:00+00:00,6.258,6.344,6.201,6.284,2017122.0,2026-06-21 07:59:59.999000+00:00
2026-06-21 08:00:00+00:00,6.284,6.338,6.23,6.263,2351805.0,2026-06-21 11:59:59.999000+00:00
2026-06-21 12:00:00+00:00,6.262,6.37,6.233,6.326,1803582.0,2026-06-21 15:59:59.999000+00:00
2026-06-21 16:00:00+00:00,6.327,6.332,6.222,6.259,1596378.0,2026-06-21 19:59:59.999000+00:00
2026-06-21 20:00:00+00:00,6.259,6.266,6.091,6.109,2512033.0,2026-06-21 23:59:59.999000+00:00
2026-06-22 00:00:00+00:00,6.108,6.332,6.108,6.225,2415722.0,2026-06-22 03:59:59.999000+00:00
2026-06-22 04:00:00+00:00,6.226,6.317,6.194,6.281,2605582.0,2026-06-22 07:59:59.999000+00:00
2026-06-22 08:00:00+00:00,6.282,6.376,6.216,6.36,1997488.0,2026-06-22 11:59:59.999000+00:00
2026-06-22 12:00:00+00:00,6.361,6.468,6.274,6.302,3286428.0,2026-06-22 15:59:59.999000+00:00
2026-06-22 16:00:00+00:00,6.302,6.33,6.23,6.268,2041395.0,2026-06-22 19:59:59.999000+00:00
2026-06-22 20:00:00+00:00,6.268,6.294,6.158,6.236,1473153.0,2026-06-22 23:59:59.999000+00:00
2026-06-23 00:00:00+00:00,6.237,6.311,6.206,6.31,1421736.0,2026-06-23 03:59:59.999000+00:00
2026-06-23 04:00:00+00:00,6.31,6.331,6.065,6.154,4101435.0,2026-06-23 07:59:59.999000+00:00
2026-06-23 08:00:00+00:00,6.154,6.258,6.003,6.253,4179363.0,2026-06-23 11:59:59.999000+00:00
2026-06-23 12:00:00+00:00,6.254,6.454,6.212,6.367,5055148.0,2026-06-23 15:59:59.999000+00:00
2026-06-23 16:00:00+00:00,6.367,6.405,6.266,6.336,2940160.0,2026-06-23 19:59:59.999000+00:00
2026-06-23 20:00:00+00:00,6.337,6.525,6.337,6.48,3416736.0,2026-06-23 23:59:59.999000+00:00
2026-06-24 00:00:00+00:00,6.479,6.54,6.401,6.413,2479482.0,2026-06-24 03:59:59.999000+00:00
2026-06-24 04:00:00+00:00,6.413,6.454,6.347,6.389,1848752.0,2026-06-24 07:59:59.999000+00:00
2026-06-24 08:00:00+00:00,6.39,6.492,6.366,6.443,2008979.0,2026-06-24 11:59:59.999000+00:00
2026-06-24 12:00:00+00:00,6.443,6.445,6.201,6.23,4769042.0,2026-06-24 15:59:59.999000+00:00
2026-06-24 16:00:00+00:00,6.229,6.302,5.989,6.138,5263572.0,2026-06-24 19:59:59.999000+00:00
2026-06-24 20:00:00+00:00,6.139,6.488,6.114,6.442,3389335.0,2026-06-24 23:59:59.999000+00:00
2026-06-25 00:00:00+00:00,6.442,6.48,6.385,6.409,1648443.0,2026-06-25 03:59:59.999000+00:00
2026-06-25 04:00:00+00:00,6.409,6.635,6.383,6.527,3291672.0,2026-06-25 07:59:59.999000+00:00
2026-06-25 08:00:00+00:00,6.527,6.531,6.376,6.398,1876664.0,2026-06-25 11:59:59.999000+00:00
2026-06-25 12:00:00+00:00,6.398,6.441,5.946,6.113,7302212.0,2026-06-25 15:59:59.999000+00:00
2026-06-25 16:00:00+00:00,6.113,6.257,6.04,6.104,3709234.0,2026-06-25 19:59:59.999000+00:00
2026-06-25 20:00:00+00:00,6.104,6.267,6.104,6.231,1771936.0,2026-06-25 23:59:59.999000+00:00
2026-06-26 00:00:00+00:00,6.232,6.243,5.957,6.139,2731335.0,2026-06-26 03:59:59.999000+00:00
2026-06-26 04:00:00+00:00,6.138,6.332,6.071,6.308,2812186.0,2026-06-26 07:59:59.999000+00:00
2026-06-26 08:00:00+00:00,6.308,6.319,6.101,6.132,2161437.0,2026-06-26 11:59:59.999000+00:00
2026-06-26 12:00:00+00:00,6.132,6.374,6.038,6.37,3962837.0,2026-06-26 15:59:59.999000+00:00
2026-06-26 16:00:00+00:00,6.37,6.523,6.338,6.378,4031860.0,2026-06-26 19:59:59.999000+00:00
2026-06-26 20:00:00+00:00,6.378,6.629,6.315,6.629,3176579.0,2026-06-26 23:59:59.999000+00:00
2026-06-27 00:00:00+00:00,6.629,6.669,6.496,6.545,3081235.0,2026-06-27 03:59:59.999000+00:00
2026-06-27 04:00:00+00:00,6.546,6.632,6.517,6.558,1747066.0,2026-06-27 07:59:59.999000+00:00
2026-06-27 08:00:00+00:00,6.559,6.58,6.444,6.575,1595266.0,2026-06-27 11:59:59.999000+00:00
2026-06-27 12:00:00+00:00,6.575,6.67,6.516,6.633,1978104.0,2026-06-27 15:59:59.999000+00:00
2026-06-27 16:00:00+00:00,6.633,6.648,6.391,6.427,2005258.0,2026-06-27 19:59:59.999000+00:00
2026-06-27 20:00:00+00:00,6.426,6.459,6.33,6.427,1564983.0,2026-06-27 23:59:59.999000+00:00
2026-06-28 00:00:00+00:00,6.428,6.443,6.36,6.401,939012.0,2026-06-28 03:59:59.999000+00:00
2026-06-28 04:00:00+00:00,6.402,6.406,6.296,6.336,1036423.0,2026-06-28 07:59:59.999000+00:00
2026-06-28 08:00:00+00:00,6.336,6.393,6.303,6.352,1274982.0,2026-06-28 11:59:59.999000+00:00
2026-06-28 12:00:00+00:00,6.352,6.354,6.279,6.322,1171998.0,2026-06-28 15:59:59.999000+00:00
2026-06-28 16:00:00+00:00,6.323,6.366,6.266,6.33,1225036.0,2026-06-28 19:59:59.999000+00:00
2026-06-28 20:00:00+00:00,6.329,6.485,6.291,6.443,2578217.0,2026-06-28 23:59:59.999000+00:00
2026-06-29 00:00:00+00:00,6.443,6.66,6.359,6.613,2695744.0,2026-06-29 03:59:59.999000+00:00
2026-06-29 04:00:00+00:00,6.614,6.646,6.493,6.546,2887283.0,2026-06-29 07:59:59.999000+00:00
2026-06-29 08:00:00+00:00,6.547,6.626,6.495,6.57,1818009.0,2026-06-29 11:59:59.999000+00:00
2026-06-29 12:00:00+00:00,6.57,6.708,6.443,6.655,3890958.0,2026-06-29 15:59:59.999000+00:00
2026-06-29 16:00:00+00:00,6.655,6.818,6.622,6.72,3213717.0,2026-06-29 19:59:59.999000+00:00
2026-06-29 20:00:00+00:00,6.72,6.733,6.656,6.674,1182529.0,2026-06-29 23:59:59.999000+00:00
2026-06-30 00:00:00+00:00,6.675,6.677,6.608,6.625,1321567.0,2026-06-30 03:59:59.999000+00:00
2026-06-30 04:00:00+00:00,6.626,6.636,6.564,6.574,1197403.0,2026-06-30 07:59:59.999000+00:00
2026-06-30 08:00:00+00:00,6.574,6.651,6.519,6.529,1898887.0,2026-06-30 11:59:59.999000+00:00
2026-06-30 12:00:00+00:00,6.529,6.53,6.381,6.495,3338354.0,2026-06-30 15:59:59.999000+00:00
2026-06-30 16:00:00+00:00,6.496,6.596,6.462,6.571,1906995.0,2026-06-30 19:59:59.999000+00:00
2026-06-30 20:00:00+00:00,6.571,6.59,6.502,6.534,1021569.0,2026-06-30 23:59:59.999000+00:00
2026-07-01 00:00:00+00:00,6.534,6.725,6.421,6.703,2593702.0,2026-07-01 03:59:59.999000+00:00
2026-07-01 04:00:00+00:00,6.703,6.72,6.6,6.648,1919114.0,2026-07-01 07:59:59.999000+00:00
2026-07-01 08:00:00+00:00,6.648,6.693,6.611,6.654,1336500.0,2026-07-01 11:59:59.999000+00:00
2026-07-01 12:00:00+00:00,6.655,6.745,6.556,6.726,2917365.0,2026-07-01 15:59:59.999000+00:00
2026-07-01 16:00:00+00:00,6.726,6.756,6.663,6.69,1850475.0,2026-07-01 19:59:59.999000+00:00
2026-07-01 20:00:00+00:00,6.69,6.81,6.657,6.662,1976761.0,2026-07-01 23:59:59.999000+00:00
2026-07-02 00:00:00+00:00,6.662,6.725,6.607,6.71,1769184.0,2026-07-02 03:59:59.999000+00:00
2026-07-02 04:00:00+00:00,6.71,6.728,6.657,6.666,1264370.0,2026-07-02 07:59:59.999000+00:00
2026-07-02 08:00:00+00:00,6.666,6.812,6.66,6.778,2000665.0,2026-07-02 11:59:59.999000+00:00
2026-07-02 12:00:00+00:00,6.777,6.877,6.733,6.771,3599970.0,2026-07-02 15:59:59.999000+00:00
2026-07-02 16:00:00+00:00,6.772,6.785,6.713,6.74,1372170.0,2026-07-02 19:59:59.999000+00:00
2026-07-02 20:00:00+00:00,6.74,6.82,6.717,6.798,1252348.0,2026-07-02 23:59:59.999000+00:00
2026-07-03 00:00:00+00:00,6.798,6.877,6.779,6.847,1523599.0,2026-07-03 03:59:59.999000+00:00
2026-07-03 04:00:00+00:00,6.846,6.876,6.806,6.835,1281629.0,2026-07-03 07:59:59.999000+00:00
2026-07-03 08:00:00+00:00,6.835,6.912,6.823,6.897,2086774.0,2026-07-03 11:59:59.999000+00:00
2026-07-03 12:00:00+00:00,6.897,6.921,6.801,6.825,2282206.0,2026-07-03 15:59:59.999000+00:00
2026-07-03 16:00:00+00:00,6.825,6.937,6.786,6.912,1824937.0,2026-07-03 19:59:59.999000+00:00
2026-07-03 20:00:00+00:00,6.911,7.041,6.907,6.944,1938023.0,2026-07-03 23:59:59.999000+00:00
2026-07-04 00:00:00+00:00,6.943,6.967,6.859,6.929,1131137.0,2026-07-04 03:59:59.999000+00:00
2026-07-04 04:00:00+00:00,6.929,6.946,6.836,6.862,1117896.0,2026-07-04 07:59:59.999000+00:00
2026-07-04 08:00:00+00:00,6.862,6.872,6.812,6.851,1171446.0,2026-07-04 11:59:59.999000+00:00
2026-07-04 12:00:00+00:00,6.851,7.007,6.851,6.985,1610225.0,2026-07-04 15:59:59.999000+00:00
