open_time,open,high,low,close,volume,close_time
2024-09-17 00:00:00+00:00,4.192,4.201,4.134,4.172,2334312.6,2024-09-17 03:59:59.999000+00:00
2024-09-17 04:00:00+00:00,4.172,4.225,4.16,4.2,1859170.2,2024-09-17 07:59:59.999000+00:00
2024-09-17 08:00:00+00:00,4.2,4.217,4.153,4.169,2811120.7,2024-09-17 11:59:59.999000+00:00
2024-09-17 12:00:00+00:00,4.169,4.285,4.156,4.249,5502868.5,2024-09-17 15:59:59.999000+00:00
2024-09-17 16:00:00+00:00,4.249,4.251,4.125,4.157,4751219.3,2024-09-17 19:59:59.999000+00:00
2024-09-17 20:00:00+00:00,4.157,4.173,4.141,4.154,2023291.9,2024-09-17 23:59:59.999000+00:00
2024-09-18 00:00:00+00:00,4.155,4.173,4.107,4.159,2882714.1,2024-09-18 03:59:59.999000+00:00
2024-09-18 04:00:00+00:00,4.16,4.166,4.117,4.127,1878945.1,2024-09-18 07:59:59.999000+00:00
2024-09-18 08:00:00+00:00,4.128,4.131,4.023,4.06,4961787.3,2024-09-18 11:59:59.999000+00:00
2024-09-18 12:00:00+00:00,4.06,4.077,3.975,3.99,5388957.6,2024-09-18 15:59:59.999000+00:00
2024-09-18 16:00:00+00:00,3.989,4.121,3.97,4.054,10762641.0,2024-09-18 19:59:59.999000+00:00
2024-09-18 20:00:00+00:00,4.054,4.176,4.026,4.174,3157156.0,2024-09-18 23:59:59.999000+00:00
2024-09-19 00:00:00+00:00,4.175,4.266,4.175,4.223,5175458.4,2024-09-19 03:59:59.999000+00:00
2024-09-19 04:00:00+00:00,4.223,4.237,4.207,4.237,1952677.7,2024-09-19 07:59:59.999000+00:00
2024-09-19 08:00:00+00:00,4.237,4.239,4.176,4.211,3340184.6,2024-09-19 11:59:59.999000+00:00
2024-09-19 12:00:00+00:00,4.21,4.296,4.196,4.275,5974568.5,2024-09-19 15:59:59.999000+00:00
2024-09-19 16:00:00+00:00,4.276,4.348,4.265,4.296,6569425.8,2024-09-19 19:59:59.999000+00:00
2024-09-19 20:00:00+00:00,4.297,4.305,4.23,4.252,2770404.6,2024-09-19 23:59:59.999000+00:00
2024-09-20 00:00:00+00:00,4.252,4.33,4.186,4.329,3443457.9,2024-09-20 03:59:59.999000+00:00
2024-09-20 04:00:00+00:00,4.328,4.403,4.326,4.393,4787111.5,2024-09-20 07:59:59.999000+00:00
2024-09-20 08:00:00+00:00,4.393,4.396,4.31,4.326,3236153.8,2024-09-20 11:59:59.999000+00:00
2024-09-20 12:00:00+00:00,4.325,4.342,4.26,4.306,6179775.1,2024-09-20 15:59:59.999000+00:00
2024-09-20 16:00:00+00:00,4.307,4.313,4.234,4.277,3052269.6,2024-09-20 19:59:59.999000+00:00
2024-09-20 20:00:00+00:00,4.278,4.339,4.276,4.337,1600426.7,2024-09-20 23:59:59.999000+00:00
2024-09-21 00:00:00+00:00,4.337,4.365,4.31,4.325,2429439.5,2024-09-21 03:59:59.999000+00:00
2024-09-21 04:00:00+00:00,4.324,4.343,4.281,4.341,1805531.2,2024-09-21 07:59:59.999000+00:00
2024-09-21 08:00:00+00:00,4.341,4.346,4.303,4.33,1424596.3,2024-09-21 11:59:59.999000+00:00
2024-09-21 12:00:00+00:00,4.33,4.433,4.33,4.425,3520001.8,2024-09-21 15:59:59.999000+00:00
2024-09-21 16:00:00+00:00,4.425,4.452,4.402,4.419,2323225.3,2024-09-21 19:59:59.999000+00:00
2024-09-21 20:00:00+00:00,4.419,4.476,4.408,4.46,1617478.3,2024-09-21 23:59:59.999000+00:00
2024-09-22 00:00:00+00:00,4.459,4.482,4.385,4.405,2547219.9,2024-09-22 03:59:59.999000+00:00
2024-09-22 04:00:00+00:00,4.404,4.423,4.356,4.375,1743815.9,2024-09-22 07:59:59.999000+00:00
2024-09-22 08:00:00+00:00,4.375,4.408,4.324,4.347,2149188.1,2024-09-22 11:59:59.999000+00:00
2024-09-22 12:00:00+00:00,4.347,4.372,4.302,4.322,2534676.4,2024-09-22 15:59:59.999000+00:00
2024-09-22 16:00:00+00:00,4.321,4.35,4.276,4.338,3398072.3,2024-09-22 19:59:59.999000+00:00
2024-09-22 20:00:00+00:00,4.339,4.357,4.23,4.307,3811149.2,2024-09-22 23:59:59.999000+00:00
2024-09-23 00:00:00+00:00,4.308,4.442,4.228,4.397,4785167.7,2024-09-23 03:59:59.999000+00:00
2024-09-23 04:00:00+00:00,4.397,4.413,4.342,4.362,2934730.2,2024-09-23 07:59:59.999000+00:00
2024-09-23 08:00:00+00:00,4.361,4.384,4.33,4.368,2923288.1,2024-09-23 11:59:59.999000+00:00
2024-09-23 12:00:00+00:00,4.368,4.448,4.342,4.418,4638325.4,2024-09-23 15:59:59.999000+00:00
2024-09-23 16:00:00+00:00,4.417,4.436,4.365,4.41,3005239.1,2024-09-23 19:59:59.999000+00:00
2024-09-23 20:00:00+00:00,4.41,4.46,4.391,4.455,2273515.1,2024-09-23 23:59:59.999000+00:00
2024-09-24 00:00:00+00:00,4.455,4.493,4.398,4.489,3699970.9,2024-09-24 03:59:59.999000+00:00
2024-09-24 04:00:00+00:00,4.49,4.538,4.45,4.526,3358460.7,2024-09-24 07:59:59.999000+00:00
2024-09-24 08:00:00+00:00,4.526,4.597,4.51,4.588,4364335.7,2024-09-24 11:59:59.999000+00:00
2024-09-24 12:00:00+00:00,4.588,4.61,4.485,4.495,6897108.4,2024-09-24 15:59:59.999000+00:00
2024-09-24 16:00:00+00:00,4.495,4.596,4.495,4.588,3091001.5,2024-09-24 19:59:59.999000+00:00
2024-09-24 20:00:00+00:00,4.589,4.684,4.57,4.634,3268914.1,2024-09-24 23:59:59.999000+00:00
2024-09-25 00:00:00+00:00,4.633,4.681,4.619,4.674,2300566.8,2024-09-25 03:59:59.999000+00:00
2024-09-25 04:00:00+00:00,4.674,4.683,4.589,4.605,2683174.8,2024-09-25 07:59:59.999000+00:00
2024-09-25 08:00:00+00:00,4.605,4.679,4.603,4.675,2625661.2,2024-09-25 11:59:59.999000+00:00
2024-09-25 12:00:00+00:00,4.675,4.75,4.654,4.7,4276140.9,2024-09-25 15:59:59.999000+00:00
2024-09-25 16:00:00+00:00,4.699,4.772,4.694,4.709,4706240.0,2024-09-25 19:59:59.999000+00:00
2024-09-25 20:00:00+00:00,4.709,4.733,4.619,4.635,3532302.8,2024-09-25 23:59:59.999000+00:00
2024-09-26 00:00:00+00:00,4.635,4.672,4.562,4.663,3825257.5,2024-09-26 03:59:59.999000+00:00
2024-09-26 04:00:00+00:00,4.663,4.811,4.66,4.808,3695746.7,2024-09-26 07:59:59.999000+00:00
2024-09-26 08:00:00+00:00,4.807,4.815,4.758,4.765,2170581.5,2024-09-26 11:59:59.999000+00:00
2024-09-26 12:00:00+00:00,4.764,4.851,4.753,4.836,4174241.6,2024-09-26 15:59:59.999000+00:00
2024-09-26 16:00:00+00:00,4.836,4.875,4.778,4.779,2894917.8,2024-09-26 19:59:59.999000+00:00
2024-09-26 20:00:00+00:00,4.779,4.819,4.755,4.812,2174201.7,2024-09-26 23:59:59.999000+00:00
2024-09-27 00:00:00+00:00,4.812,4.931,4.807,4.928,3736944.7,2024-09-27 03:59:59.999000+00:00
2024-09-27 04:00:00+00:00,4.928,4.963,4.875,4.885,2414781.4,2024-09-27 07:59:59.999000+00:00
2024-09-27 08:00:00+00:00,4.886,4.917,4.847,4.882,2490210.3,2024-09-27 11:59:59.999000+00:00
2024-09-27 12:00:00+00:00,4.881,4.937,4.873,4.897,3039619.2,2024-09-27 15:59:59.999000+00:00
2024-09-27 16:00:00+00:00,4.897,4.939,4.858,4.862,1904690.0,2024-09-27 19:59:59.999000+00:00
2024-09-27 20:00:00+00:00,4.862,4.91,4.851,4.884,1131505.5,2024-09-27 23:59:59.999000+00:00
2024-09-28 00:00:00+00:00,4.883,4.93,4.869,4.894,1647367.7,2024-09-28 03:59:59.999000+00:00
2024-09-28 04:00:00+00:00,4.894,4.918,4.807,4.821,2336528.6,2024-09-28 07:59:59.999000+00:00
2024-09-28 08:00:00+00:00,4.821,4.85,4.752,4.821,3072294.7,2024-09-28 11:59:59.999000+00:00
2024-09-28 12:00:00+00:00,4.822,4.838,4.771,4.8,2305230.7,2024-09-28 15:59:59.999000+00:00
2024-09-28 16:00:00+00:00,4.801,4.818,4.777,4.806,1376447.5,2024-09-28 19:59:59.999000+00:00
2024-09-28 20:00:00+00:00,4.806,4.822,4.741,4.794,1548408.0,2024-09-28 23:59:59.999000+00:00
2024-09-29 00:00:00+00:00,4.795,4.832,4.772,4.814,1664659.1,2024-09-29 03:59:59.999000+00:00
2024-09-29 04:00:00+00:00,4.815,4.815,4.704,4.709,1866015.7,2024-09-29 07:59:59.999000+00:00
2024-09-29 08:00:00+00:00,4.709,4.745,4.689,4.736,2010240.4,2024-09-29 11:59:59.999000+00:00
2024-09-29 12:00:00+00:00,4.737,4.781,4.68,4.78,2785079.1,2024-09-29 15:59:59.999000+00:00
2024-09-29 16:00:00+00:00,4.78,4.835,4.756,4.834,1705749.2,2024-09-29 19:59:59.999000+00:00
2024-09-29 20:00:00+00:00,4.834,4.859,4.74,4.765,2010756.4,2024-09-29 23:59:59.999000+00:00
2024-09-30 00:00:00+00:00,4.765,4.769,4.631,4.69,3517984.7,2024-09-30 03:59:59.999000+00:00
2024-09-30 04:00:00+00:00,4.69,4.737,4.646,4.71,2816801.1,2024-09-30 07:59:59.999000+00:00
2024-09-30 08:00:00+00:00,4.71,4.712,4.58,4.628,3889163.5,2024-09-30 11:59:59.999000+00:00
2024-09-30 12:00:00+00:00,4.628,4.647,4.51,4.513,4554199.9,2024-09-30 15:59:59.999000+00:00
2024-09-30 16:00:00+00:00,4.514,4.56,4.496,4.516,3167830.5,2024-09-30 19:59:59.999000+00:00
2024-09-30 20:00:00+00:00,4.517,4.552,4.396,4.429,4280697.2,2024-09-30 23:59:59.999000+00:00
2024-10-01 00:00:00+00:00,4.43,4.536,4.389,4.524,4341086.5,2024-10-01 03:59:59.999000+00:00
2024-10-01 04:00:00+00:00,4.524,4.56,4.511,4.534,2909591.5,2024-10-01 07:59:59.999000+00:00
2024-10-01 08:00:00+00:00,4.534,4.54,4.502,4.504,2530198.0,2024-10-01 11:59:59.999000+00:00
2024-10-01 12:00:00+00:00,4.503,4.515,4.19,4.291,16074404.0,2024-10-01 15:59:59.999000+00:00
2024-10-01 16:00:00+00:00,4.291,4.31,4.05,4.164,16228684.2,2024-10-01 19:59:59.999000+00:00
2024-10-01 20:00:00+00:00,4.164,4.199,4.097,4.15,7124849.1,2024-10-01 23:59:59.999000+00:00
2024-10-02 00:00:00+00:00,4.15,4.261,4.123,4.228,5140071.0,2024-10-02 03:59:59.999000+00:00
2024-10-02 04:00:00+00:00,4.228,4.267,4.184,4.246,2884410.9,2024-10-02 07:59:59.999000+00:00
2024-10-02 08:00:00+00:00,4.246,4.256,4.118,4.148,4272319.6,2024-10-02 11:59:59.999000+00:00
2024-10-02 12:00:00+00:00,4.148,4.178,4.089,4.154,5930359.2,2024-10-02 15:59:59.999000+00:00
2024-10-02 16:00:00+00:00,4.154,4.197,4.001,4.06,9387677.8,2024-10-02 19:59:59.999000+00:00
2024-10-02 20:00:00+00:00,4.06,4.127,4.043,4.099,3878269.4,2024-10-02 23:59:59.999000+00:00
2024-10-03 00:00:00+00:00,4.098,4.167,4.062,4.165,2808840.9,2024-10-03 03:59:59.999000+00:00
2024-10-03 04:00:00+00:00,4.166,4.171,4.075,4.078,2990913.7,2024-10-03 07:59:59.999000+00:00
2024-10-03 08:00:00+00:00,4.078,4.096,4.0,4.038,7779634.8,2024-10-03 11:59:59.999000+00:00
2024-10-03 12:00:00+00:00,4.039,4.089,3.986,4.056,7076092.5,2024-10-03 15:59:59.999000+00:00
2024-10-03 16:00:00+00:00,4.055,4.119,4.002,4.117,5171214.9,2024-10-03 19:59:59.999000+00:00
2024-10-03 20:00:00+00:00,4.117,4.132,4.086,4.128,2371537.6,2024-10-03 23:59:59.999000+00:00
2024-10-04 00:00:00+00:00,4.128,4.162,4.1,4.118,3393598.8,2024-10-04 03:59:59.999000+00:00
2024-10-04 04:00:00+00:00,4.118,4.168,4.115,4.145,1706801.0,2024-10-04 07:59:59.999000+00:00
2024-10-04 08:00:00+00:00,4.145,4.171,4.129,4.164,2031318.5,2024-10-04 11:59:59.999000+00:00
2024-10-04 12:00:00+00:00,4.164,4.194,4.114,4.172,4836303.6,2024-10-04 15:59:59.999000+00:00
2024-10-04 16:00:00+00:00,4.171,4.208,4.157,4.18,2621378.1,2024-10-04 19:59:59.999000+00:00
2024-10-04 20:00:00+00:00,4.18,4.211,4.16,4.193,2050507.8,2024-10-04 23:59:59.999000+00:00
2024-10-05 00:00:00+00:00,4.192,4.231,4.147,4.159,2498027.7,2024-10-05 03:59:59.999000+00:00
2024-10-05 04:00:00+00:00,4.158,4.209,4.149,4.178,1822179.3,2024-10-05 07:59:59.999000+00:00
2024-10-05 08:00:00+00:00,4.177,4.207,4.177,4.197,1121041.1,2024-10-05 11:59:59.999000+00:00
2024-10-05 12:00:00+00:00,4.197,4.21,4.157,4.173,1907346.5,2024-10-05 15:59:59.999000+00:00
2024-10-05 16:00:00+00:00,4.173,4.174,4.12,4.125,2227929.9,2024-10-05 19:59:59.999000+00:00
2024-10-05 20:00:00+00:00,4.126,4.141,4.073,4.135,2632574.1,2024-10-05 23:59:59.999000+00:00
2024-10-06 00:00:00+00:00,4.136,4.162,4.116,4.119,1296738.8,2024-10-06 03:59:59.999000+00:00
2024-10-06 04:00:00+00:00,4.119,4.141,4.093,4.133,1282853.8,2024-10-06 07:59:59.999000+00:00
2024-10-06 08:00:00+00:00,4.132,4.148,4.118,4.14,947549.4,2024-10-06 11:59:59.999000+00:00
2024-10-06 12:00:00+00:00,4.14,4.191,4.13,4.176,2465321.1,2024-10-06 15:59:59.999000+00:00
2024-10-06 16:00:00+00:00,4.177,4.188,4.15,4.154,1988554.2,2024-10-06 19:59:59.999000+00:00
2024-10-06 20:00:00+00:00,4.154,4.195,4.144,4.189,1268492.3,2024-10-06 23:59:59.999000+00:00
2024-10-07 00:00:00+00:00,4.19,4.269,4.17,4.252,5244226.6,2024-10-07 03:59:59.999000+00:00
2024-10-07 04:00:00+00:00,4.252,4.268,4.214,4.24,2864056.1,2024-10-07 07:59:59.999000+00:00
2024-10-07 08:00:00+00:00,4.241,4.255,4.127,4.183,4496219.9,2024-10-07 11:59:59.999000+00:00
2024-10-07 12:00:00+00:00,4.183,4.253,4.157,4.199,4232870.7,2024-10-07 15:59:59.999000+00:00
2024-10-07 16:00:00+00:00,4.199,4.245,4.142,4.203,4912732.6,2024-10-07 19:59:59.999000+00:00
2024-10-07 20:00:00+00:00,4.204,4.227,4.122,4.128,3985863.1,2024-10-07 23:59:59.999000+00:00
2024-10-08 00:00:00+00:00,4.129,4.181,4.112,4.17,2507864.2,2024-10-08 03:59:59.999000+00:00
2024-10-08 04:00:00+00:00,4.17,4.182,4.087,4.117,3313297.1,2024-10-08 07:59:59.999000+00:00
2024-10-08 08:00:00+00:00,4.116,4.157,4.103,4.153,1983198.7,2024-10-08 11:59:59.999000+00:00
2024-10-08 12:00:00+00:00,4.153,4.171,4.041,4.109,10068084.4,2024-10-08 15:59:59.999000+00:00
2024-10-08 16:00:00+00:00,4.11,4.136,4.077,4.098,2320965.5,2024-10-08 19:59:59.999000+00:00
2024-10-08 20:00:00+00:00,4.099,4.133,4.072,4.102,1786943.2,2024-10-08 23:59:59.999000+00:00
2024-10-09 00:00:00+00:00,4.101,4.144,4.088,4.113,1951049.1,2024-10-09 03:59:59.999000+00:00
2024-10-09 04:00:00+00:00,4.112,4.148,4.099,4.112,1319935.8,2024-10-09 07:59:59.999000+00:00
2024-10-09 08:00:00+00:00,4.111,4.121,4.087,4.097,1397630.9,2024-10-09 11:59:59.999000+00:00
2024-10-09 12:00:00+00:00,4.098,4.108,4.027,4.098,4150459.9,2024-10-09 15:59:59.999000+00:00
2024-10-09 16:00:00+00:00,4.098,4.1,4.031,4.046,2723369.8,2024-10-09 19:59:59.999000+00:00
2024-10-09 20:00:00+00:00,4.046,4.046,3.948,4.021,4984238.2,2024-10-09 23:59:59.999000+00:00
2024-10-10 00:00:00+00:00,4.022,4.066,3.996,4.056,2522699.3,2024-10-10 03:59:59.999000+00:00
2024-10-10 04:00:00+00:00,4.056,4.076,4.037,4.037,1265990.3,2024-10-10 07:59:59.999000+00:00
2024-10-10 08:00:00+00:00,4.037,4.071,3.986,4.07,2408663.3,2024-10-10 11:59:59.999000+00:00
2024-10-10 12:00:00+00:00,4.069,4.074,4.0,4.053,3552421.2,2024-10-10 15:59:59.999000+00:00
2024-10-10 16:00:00+00:00,4.054,4.056,3.96,4.027,4364451.7,2024-10-10 19:59:59.999000+00:00
2024-10-10 20:00:00+00:00,4.027,4.074,4.022,4.071,1900670.8,2024-10-10 23:59:59.999000+00:00
2024-10-11 00:00:00+00:00,4.071,4.114,4.05,4.101,2205558.3,2024-10-11 03:59:59.999000+00:00
2024-10-11 04:00:00+00:00,4.101,4.114,4.071,4.101,1375319.8,2024-10-11 07:59:59.999000+00:00
2024-10-11 08:00:00+00:00,4.101,4.133,4.087,4.125,1783350.8,2024-10-11 11:59:59.999000+00:00
2024-10-11 12:00:00+00:00,4.125,4.17,4.121,4.167,3185783.0,2024-10-11 15:59:59.999000+00:00
2024-10-11 16:00:00+00:00,4.167,4.194,4.145,4.178,3246068.3,2024-10-11 19:59:59.999000+00:00
2024-10-11 20:00:00+00:00,4.178,4.19,4.154,4.172,1502317.3,2024-10-11 23:59:59.999000+00:00
2024-10-12 00:00:00+00:00,4.171,4.201,4.151,4.165,2166161.3,2024-10-12 03:59:59.999000+00:00
2024-10-12 04:00:00+00:00,4.165,4.208,4.164,4.204,1311692.9,2024-10-12 07:59:59.999000+00:00
2024-10-12 08:00:00+00:00,4.204,4.248,4.203,4.239,2001389.4,2024-10-12 11:59:59.999000+00:00
2024-10-12 12:00:00+00:00,4.24,4.262,4.224,4.232,2196369.8,2024-10-12 15:59:59.999000+00:00
2024-10-12 16:00:00+00:00,4.231,4.252,4.187,4.202,2212825.2,2024-10-12 19:59:59.999000+00:00
2024-10-12 20:00:00+00:00,4.203,4.222,4.192,4.204,1221853.0,2024-10-12 23:59:59.999000+00:00
2024-10-13 00:00:00+00:00,4.203,4.215,4.154,4.161,2484729.2,2024-10-13 03:59:59.999000+00:00
2024-10-13 04:00:00+00:00,4.161,4.202,4.161,4.19,1050843.1,2024-10-13 07:59:59.999000+00:00
2024-10-13 08:00:00+00:00,4.19,4.201,4.155,4.157,1320432.8,2024-10-13 11:59:59.999000+00:00
2024-10-13 12:00:00+00:00,4.156,4.185,4.083,4.105,3032242.0,2024-10-13 15:59:59.999000+00:00
2024-10-13 16:00:00+00:00,4.105,4.148,4.092,4.122,2296198.8,2024-10-13 19:59:59.999000+00:00
2024-10-13 20:00:00+00:00,4.122,4.172,4.115,4.161,1794879.9,2024-10-13 23:59:59.999000+00:00
2024-10-14 00:00:00+00:00,4.162,4.258,4.131,4.255,3577925.6,2024-10-14 03:59:59.999000+00:00
2024-10-14 04:00:00+00:00,4.255,4.281,4.214,4.27,4075735.2,2024-10-14 07:59:59.999000+00:00
2024-10-14 08:00:00+00:00,4.27,4.295,4.243,4.279,3030883.5,2024-10-14 11:59:59.999000+00:00
2024-10-14 12:00:00+00:00,4.28,4.358,4.27,4.342,4980479.1,2024-10-14 15:59:59.999000+00:00
2024-10-14 16:00:00+00:00,4.342,4.374,4.326,4.353,2833510.5,2024-10-14 19:59:59.999000+00:00
2024-10-14 20:00:00+00:00,4.352,4.4,4.346,4.377,2288481.3,2024-10-14 23:59:59.999000+00:00
2024-10-15 00:00:00+00:00,4.377,4.428,4.366,4.376,3139974.6,2024-10-15 03:59:59.999000+00:00
2024-10-15 04:00:00+00:00,4.377,4.43,4.367,4.423,3164297.7,2024-10-15 07:59:59.999000+00:00
2024-10-15 08:00:00+00:00,4.424,4.535,4.364,4.381,7942281.2,2024-10-15 11:59:59.999000+00:00
2024-10-15 12:00:00+00:00,4.381,4.524,4.291,4.365,12431319.2,2024-10-15 15:59:59.999000+00:00
2024-10-15 16:00:00+00:00,4.366,4.446,4.364,4.386,3171330.4,2024-10-15 19:59:59.999000+00:00
2024-10-15 20:00:00+00:00,4.386,4.41,4.309,4.407,2811059.6,2024-10-15 23:59:59.999000+00:00
2024-10-16 00:00:00+00:00,4.406,4.41,4.356,4.375,1916382.4,2024-10-16 03:59:59.999000+00:00
2024-10-16 04:00:00+00:00,4.374,4.388,4.302,4.311,2235233.2,2024-10-16 07:59:59.999000+00:00
2024-10-16 08:00:00+00:00,4.311,4.385,4.304,4.363,3613126.5,2024-10-16 11:59:59.999000+00:00
2024-10-16 12:00:00+00:00,4.364,4.378,4.292,4.318,4529671.0,2024-10-16 15:59:59.999000+00:00
2024-10-16 16:00:00+00:00,4.318,4.332,4.284,4.307,1875190.9,2024-10-16 19:59:59.999000+00:00
2024-10-16 20:00:00+00:00,4.308,4.351,4.305,4.312,1451339.4,2024-10-16 23:59:59.999000+00:00
2024-10-17 00:00:00+00:00,4.312,4.35,4.304,4.33,1792443.9,2024-10-17 03:59:59.999000+00:00
2024-10-17 04:00:00+00:00,4.33,4.331,4.227,4.244,3541158.8,2024-10-17 07:59:59.999000+00:00
2024-10-17 08:00:00+00:00,4.243,4.255,4.18,4.185,3836300.9,2024-10-17 11:59:59.999000+00:00
2024-10-17 12:00:00+00:00,4.185,4.256,4.179,4.236,3588112.4,2024-10-17 15:59:59.999000+00:00
2024-10-17 16:00:00+00:00,4.237,4.238,4.143,4.177,4279014.5,2024-10-17 19:59:59.999000+00:00
2024-10-17 20:00:00+00:00,4.177,4.202,4.172,4.19,1673863.1,2024-10-17 23:59:59.999000+00:00
2024-10-18 00:00:00+00:00,4.19,4.246,4.17,4.209,2349964.7,2024-10-18 03:59:59.999000+00:00
2024-10-18 04:00:00+00:00,4.21,4.266,4.208,4.265,1503158.6,2024-10-18 07:59:59.999000+00:00
2024-10-18 08:00:00+00:00,4.266,4.271,4.21,4.213,1488927.9,2024-10-18 11:59:59.999000+00:00
2024-10-18 12:00:00+00:00,4.212,4.265,4.196,4.26,2514708.3,2024-10-18 15:59:59.999000+00:00
2024-10-18 16:00:00+00:00,4.26,4.296,4.233,4.274,2577525.5,2024-10-18 19:59:59.999000+00:00
2024-10-18 20:00:00+00:00,4.275,4.31,4.243,4.31,2053795.6,2024-10-18 23:59:59.999000+00:00
2024-10-19 00:00:00+00:00,4.31,4.482,4.308,4.399,5496915.7,2024-10-19 03:59:59.999000+00:00
2024-10-19 04:00:00+00:00,4.399,4.412,4.368,4.375,1983894.7,2024-10-19 07:59:59.999000+00:00
2024-10-19 08:00:00+00:00,4.376,4.394,4.329,4.329,1641799.3,2024-10-19 11:59:59.999000+00:00
2024-10-19 12:00:00+00:00,4.329,4.408,4.326,4.404,2393154.9,2024-10-19 15:59:59.999000+00:00
2024-10-19 16:00:00+00:00,4.405,4.43,4.382,4.404,2573969.9,2024-10-19 19:59:59.999000+00:00
2024-10-19 20:00:00+00:00,4.405,4.441,4.403,4.429,1749776.2,2024-10-19 23:59:59.999000+00:00
2024-10-20 00:00:00+00:00,4.43,4.44,4.356,4.382,2136580.2,2024-10-20 03:59:59.999000+00:00
2024-10-20 04:00:00+00:00,4.383,4.431,4.375,4.407,1449774.5,2024-10-20 07:59:59.999000+00:00
2024-10-20 08:00:00+00:00,4.407,4.427,4.388,4.419,1138666.8,2024-10-20 11:59:59.999000+00:00
2024-10-20 12:00:00+00:00,4.419,4.558,4.408,4.547,5100471.1,2024-10-20 15:59:59.999000+00:00
2024-10-20 16:00:00+00:00,4.547,4.586,4.516,4.529,2765293.4,2024-10-20 19:59:59.999000+00:00
2024-10-20 20:00:00+00:00,4.528,4.594,4.526,4.578,2413292.8,2024-10-20 23:59:59.999000+00:00
2024-10-21 00:00:00+00:00,4.577,4.617,4.513,4.535,2896119.6,2024-10-21 03:59:59.999000+00:00
2024-10-21 04:00:00+00:00,4.536,4.575,4.503,4.508,2289699.1,2024-10-21 07:59:59.999000+00:00
2024-10-21 08:00:00+00:00,4.507,4.531,4.457,4.473,2939193.4,2024-10-21 11:59:59.999000+00:00
2024-10-21 12:00:00+00:00,4.473,4.492,4.357,4.379,4888090.3,2024-10-21 15:59:59.999000+00:00
2024-10-21 16:00:00+00:00,4.379,4.4,4.333,4.395,2709946.6,2024-10-21 19:59:59.999000+00:00
2024-10-21 20:00:00+00:00,4.395,4.409,4.375,4.376,1691786.4,2024-10-21 23:59:59.999000+00:00
2024-10-22 00:00:00+00:00,4.377,4.431,4.322,4.404,3275673.3,2024-10-22 03:59:59.999000+00:00
2024-10-22 04:00:00+00:00,4.405,4.437,4.39,4.392,1515981.1,2024-10-22 07:59:59.999000+00:00
2024-10-22 08:00:00+00:00,4.392,4.393,4.31,4.35,3488971.9,2024-10-22 11:59:59.999000+00:00
2024-10-22 12:00:00+00:00,4.349,4.367,4.269,4.327,4298841.0,2024-10-22 15:59:59.999000+00:00
2024-10-22 16:00:00+00:00,4.327,4.335,4.288,4.316,2091475.0,2024-10-22 19:59:59.999000+00:00
2024-10-22 20:00:00+00:00,4.315,4.348,4.298,4.323,1595168.8,2024-10-22 23:59:59.999000+00:00
2024-10-23 00:00:00+00:00,4.323,4.332,4.246,4.279,2286741.5,2024-10-23 03:59:59.999000+00:00
2024-10-23 04:00:00+00:00,4.28,4.307,4.235,4.245,2274205.7,2024-10-23 07:59:59.999000+00:00
2024-10-23 08:00:00+00:00,4.244,4.269,4.203,4.214,3592875.5,2024-10-23 11:59:59.999000+00:00
2024-10-23 12:00:00+00:00,4.214,4.247,4.156,4.19,5180583.2,2024-10-23 15:59:59.999000+00:00
2024-10-23 16:00:00+00:00,4.19,4.199,4.101,4.197,5496435.1,2024-10-23 19:59:59.999000+00:00
2024-10-23 20:00:00+00:00,4.197,4.216,4.17,4.208,1746463.9,2024-10-23 23:59:59.999000+00:00
2024-10-24 00:00:00+00:00,4.208,4.26,4.191,4.214,1979832.6,2024-10-24 03:59:59.999000+00:00
2024-10-24 04:00:00+00:00,4.215,4.267,4.183,4.186,2760545.4,2024-10-24 07:59:59.999000+00:00
2024-10-24 08:00:00+00:00,4.186,4.205,4.14,4.178,2088297.5,2024-10-24 11:59:59.999000+00:00
2024-10-24 12:00:00+00:00,4.179,4.211,4.171,4.195,1977119.6,2024-10-24 15:59:59.999000+00:00
2024-10-24 16:00:00+00:00,4.194,4.225,4.167,4.223,1783632.6,2024-10-24 19:59:59.999000+00:00
2024-10-24 20:00:00+00:00,4.223,4.252,4.196,4.207,1852157.0,2024-10-24 23:59:59.999000+00:00
2024-10-25 00:00:00+00:00,4.206,4.219,4.157,4.16,1628613.7,2024-10-25 03:59:59.999000+00:00
2024-10-25 04:00:00+00:00,4.16,4.165,4.103,4.121,3073977.0,2024-10-25 07:59:59.999000+00:00
2024-10-25 08:00:00+00:00,4.121,4.17,4.113,4.157,2419891.7,2024-10-25 11:59:59.999000+00:00
2024-10-25 12:00:00+00:00,4.157,4.194,4.113,4.139,3617405.8,2024-10-25 15:59:59.999000+00:00
2024-10-25 16:00:00+00:00,4.139,4.164,4.036,4.096,6612977.6,2024-10-25 19:59:59.999000+00:00
2024-10-25 20:00:00+00:00,4.095,4.123,3.836,3.993,10514026.5,2024-10-25 23:59:59.999000+00:00
2024-10-26 00:00:00+00:00,3.993,4.053,3.94,4.027,4659531.2,2024-10-26 03:59:59.999000+00:00
2024-10-26 04:00:00+00:00,4.028,4.059,4.016,4.032,1631493.0,2024-10-26 07:59:59.999000+00:00
2024-10-26 08:00:00+00:00,4.032,4.053,4.016,4.041,1750610.1,2024-10-26 11:59:59.999000+00:00
2024-10-26 12:00:00+00:00,4.04,4.051,3.975,4.001,2666770.6,2024-10-26 15:59:59.999000+00:00
2024-10-26 16:00:00+00:00,4.002,4.022,3.981,4.009,2919002.2,2024-10-26 19:59:59.999000+00:00
2024-10-26 20:00:00+00:00,4.009,4.054,4.005,4.034,1722171.1,2024-10-26 23:59:59.999000+00:00
2024-10-27 00:00:00+00:00,4.034,4.04,4.004,4.035,1592331.8,2024-10-27 03:59:59.999000+00:00
2024-10-27 04:00:00+00:00,4.034,4.04,4.005,4.024,2943230.0,2024-10-27 07:59:59.999000+00:00
2024-10-27 08:00:00+00:00,4.023,4.036,4.007,4.011,1172861.2,2024-10-27 11:59:59.999000+00:00
2024-10-27 12:00:00+00:00,4.01,4.091,4.008,4.088,2840747.4,2024-10-27 15:59:59.999000+00:00
2024-10-27 16:00:00+00:00,4.088,4.108,4.08,4.105,1596342.9,2024-10-27 19:59:59.999000+00:00
2024-10-27 20:00:00+00:00,4.105,4.132,4.1,4.126,1935075.1,2024-10-27 23:59:59.999000+00:00
2024-10-28 00:00:00+00:00,4.126,4.141,4.09,4.094,2608114.9,2024-10-28 03:59:59.999000+00:00
2024-10-28 04:00:00+00:00,4.094,4.161,4.07,4.154,2839591.0,2024-10-28 07:59:59.999000+00:00
2024-10-28 08:00:00+00:00,4.154,4.225,4.153,4.197,4063995.9,2024-10-28 11:59:59.999000+00:00
2024-10-28 12:00:00+00:00,4.196,4.2,4.014,4.015,7214709.7,2024-10-28 15:59:59.999000+00:00
2024-10-28 16:00:00+00:00,4.015,4.097,4.002,4.069,5798830.7,2024-10-28 19:59:59.999000+00:00
2024-10-28 20:00:00+00:00,4.084,4.157,4.07,4.13,3162306.4,2024-10-28 23:59:59.999000+00:00
2024-10-29 00:00:00+00:00,4.131,4.207,4.123,4.188,4759179.5,2024-10-29 03:59:59.999000+00:00
2024-10-29 04:00:00+00:00,4.188,4.203,4.128,4.135,2523065.5,2024-10-29 07:59:59.999000+00:00
2024-10-29 08:00:00+00:00,4.136,4.182,4.119,4.162,4173609.5,2024-10-29 11:59:59.999000+00:00
2024-10-29 12:00:00+00:00,4.161,4.18,4.137,4.176,4632587.0,2024-10-29 15:59:59.999000+00:00
2024-10-29 16:00:00+00:00,4.176,4.252,4.164,4.175,5576826.7,2024-10-29 19:59:59.999000+00:00
2024-10-29 20:00:00+00:00,4.175,4.201,4.134,4.195,3093223.2,2024-10-29 23:59:59.999000+00:00
2024-10-30 00:00:00+00:00,4.194,4.204,4.148,4.203,2266356.5,2024-10-30 03:59:59.999000+00:00
2024-10-30 04:00:00+00:00,4.203,4.217,4.17,4.195,1867422.5,2024-10-30 07:59:59.999000+00:00
2024-10-30 08:00:00+00:00,4.195,4.221,4.138,4.144,4033197.1,2024-10-30 11:59:59.999000+00:00
2024-10-30 12:00:00+00:00,4.144,4.213,4.121,4.199,5363546.9,2024-10-30 15:59:59.999000+00:00
2024-10-30 16:00:00+00:00,4.2,4.215,4.143,4.152,2674050.3,2024-10-30 19:59:59.999000+00:00
2024-10-30 20:00:00+00:00,4.152,4.209,4.139,4.191,2217894.3,2024-10-30 23:59:59.999000+00:00
2024-10-31 00:00:00+00:00,4.192,4.217,4.16,4.186,2442788.5,2024-10-31 03:59:59.999000+00:00
2024-10-31 04:00:00+00:00,4.186,4.187,4.131,4.154,2011477.8,2024-10-31 07:59:59.999000+00:00
2024-10-31 08:00:00+00:00,4.154,4.156,4.087,4.102,3717940.0,2024-10-31 11:59:59.999000+00:00
2024-10-31 12:00:00+00:00,4.102,4.103,3.971,3.998,9670906.7,2024-10-31 15:59:59.999000+00:00
2024-10-31 16:00:00+00:00,3.998,3.998,3.9,3.911,7088536.6,2024-10-31 19:59:59.999000+00:00
2024-10-31 20:00:00+00:00,3.911,3.971,3.901,3.957,3391463.4,2024-10-31 23:59:59.999000+00:00
2024-11-01 00:00:00+00:00,3.958,3.97,3.877,3.949,4704782.7,2024-11-01 03:59:59.999000+00:00
2024-11-01 04:00:00+00:00,3.949,3.974,3.888,3.919,3004526.3,2024-11-01 07:59:59.999000+00:00
2024-11-01 08:00:00+00:00,3.918,3.95,3.917,3.928,2847887.9,2024-11-01 11:59:59.999000+00:00
2024-11-01 12:00:00+00:00,3.928,3.995,3.843,3.892,9579114.3,2024-11-01 15:59:59.999000+00:00
2024-11-01 16:00:00+00:00,3.893,3.949,3.881,3.921,3983445.2,2024-11-01 19:59:59.999000+00:00
2024-11-01 20:00:00+00:00,3.922,3.927,3.858,3.908,2331335.3,2024-11-01 23:59:59.999000+00:00
2024-11-02 00:00:00+00:00,3.908,3.939,3.903,3.912,1451603.9,2024-11-02 03:59:59.999000+00:00
2024-11-02 04:00:00+00:00,3.912,3.944,3.895,3.917,1833405.2,2024-11-02 07:59:59.999000+00:00
2024-11-02 08:00:00+00:00,3.918,3.922,3.889,3.895,1757650.7,2024-11-02 11:59:59.999000+00:00
2024-11-02 12:00:00+00:00,3.896,3.9,3.82,3.857,6263330.9,2024-11-02 15:59:59.999000+00:00
2024-11-02 16:00:00+00:00,3.857,3.886,3.851,3.878,2899271.6,2024-11-02 19:59:59.999000+00:00
2024-11-02 20:00:00+00:00,3.878,3.913,3.872,3.906,1757776.4,2024-11-02 23:59:59.999000+00:00
2024-11-03 00:00:00+00:00,3.907,3.929,3.732,3.788,8033160.2,2024-11-03 03:59:59.999000+00:00
2024-11-03 04:00:00+00:00,3.789,3.837,3.785,3.823,2328226.6,2024-11-03 07:59:59.999000+00:00
2024-11-03 08:00:00+00:00,3.824,3.832,3.742,3.747,3299916.7,2024-11-03 11:59:59.999000+00:00
2024-11-03 12:00:00+00:00,3.747,3.772,3.663,3.732,9129884.9,2024-11-03 15:59:59.999000+00:00
2024-11-03 16:00:00+00:00,3.732,3.786,3.709,3.782,4733853.9,2024-11-03 19:59:59.999000+00:00
2024-11-03 20:00:00+00:00,3.782,3.821,3.769,3.783,2930068.5,2024-11-03 23:59:59.999000+00:00
2024-11-04 00:00:00+00:00,3.783,3.836,3.744,3.802,2876689.0,2024-11-04 03:59:59.999000+00:00
2024-11-04 04:00:00+00:00,3.802,3.819,3.768,3.774,1690848.7,2024-11-04 07:59:59.999000+00:00
2024-11-04 08:00:00+00:00,3.773,3.808,3.739,3.797,2984461.7,2024-11-04 11:59:59.999000+00:00
2024-11-04 12:00:00+00:00,3.797,3.825,3.765,3.797,3200178.4,2024-11-04 15:59:59.999000+00:00
2024-11-04 16:00:00+00:00,3.797,3.8,3.745,3.78,3044553.3,2024-11-04 19:59:59.999000+00:00
2024-11-04 20:00:00+00:00,3.781,3.79,3.675,3.749,6171457.1,2024-11-04 23:59:59.999000+00:00
2024-11-05 00:00:00+00:00,3.75,3.802,3.742,3.797,2401970.1,2024-11-05 03:59:59.999000+00:00
2024-11-05 04:00:00+00:00,3.796,3.834,3.789,3.83,1992793.4,2024-11-05 07:59:59.999000+00:00
2024-11-05 08:00:00+00:00,3.83,3.859,3.82,3.838,2128299.6,2024-11-05 11:59:59.999000+00:00
2024-11-05 12:00:00+00:00,3.838,3.918,3.829,3.868,5231924.0,2024-11-05 15:59:59.999000+00:00
2024-11-05 16:00:00+00:00,3.867,3.916,3.821,3.836,4703965.8,2024-11-05 19:59:59.999000+00:00
2024-11-05 20:00:00+00:00,3.836,3.9,3.825,3.855,3140879.7,2024-11-05 23:59:59.999000+00:00
2024-11-06 00:00:00+00:00,3.855,4.089,3.855,4.079,11055557.3,2024-11-06 03:59:59.999000+00:00
2024-11-06 04:00:00+00:00,4.079,4.13,4.015,4.068,8206744.3,2024-11-06 07:59:59.999000+00:00
2024-11-06 08:00:00+00:00,4.068,4.102,4.005,4.089,4851620.8,2024-11-06 11:59:59.999000+00:00
2024-11-06 12:00:00+00:00,4.09,4.103,4.028,4.047,6986160.8,2024-11-06 15:59:59.999000+00:00
2024-11-06 16:00:00+00:00,4.047,4.092,4.024,4.086,3743927.2,2024-11-06 19:59:59.999000+00:00
2024-11-06 20:00:00+00:00,4.086,4.129,4.054,4.114,4742809.5,2024-11-06 23:59:59.999000+00:00
2024-11-07 00:00:00+00:00,4.113,4.201,4.097,4.171,8089196.2,2024-11-07 03:59:59.999000+00:00
2024-11-07 04:00:00+00:00,4.17,4.175,4.06,4.086,5768411.8,2024-11-07 07:59:59.999000+00:00
2024-11-07 08:00:00+00:00,4.086,4.125,4.047,4.063,4709787.1,2024-11-07 11:59:59.999000+00:00
2024-11-07 12:00:00+00:00,4.062,4.151,4.047,4.149,5277735.3,2024-11-07 15:59:59.999000+00:00
2024-11-07 16:00:00+00:00,4.149,4.17,4.106,4.14,6571847.4,2024-11-07 19:59:59.999000+00:00
2024-11-07 20:00:00+00:00,4.139,4.179,4.121,4.166,3687483.6,2024-11-07 23:59:59.999000+00:00
2024-11-08 00:00:00+00:00,4.167,4.22,4.114,4.149,5880323.1,2024-11-08 03:59:59.999000+00:00
2024-11-08 04:00:00+00:00,4.15,4.39,4.145,4.322,10158955.1,2024-11-08 07:59:59.999000+00:00
2024-11-08 08:00:00+00:00,4.322,4.333,4.253,4.292,7547845.6,2024-11-08 11:59:59.999000+00:00
2024-11-08 12:00:00+00:00,4.292,4.386,4.289,4.341,10140622.7,2024-11-08 15:59:59.999000+00:00
2024-11-08 16:00:00+00:00,4.341,4.393,4.24,4.334,8841068.4,2024-11-08 19:59:59.999000+00:00
2024-11-08 20:00:00+00:00,4.335,4.348,4.263,4.326,4416080.5,2024-11-08 23:59:59.999000+00:00
2024-11-09 00:00:00+00:00,4.326,4.347,4.263,4.268,3163164.3,2024-11-09 03:59:59.999000+00:00
2024-11-09 04:00:00+00:00,4.268,4.392,4.267,4.366,5042510.7,2024-11-09 07:59:59.999000+00:00
2024-11-09 08:00:00+00:00,4.367,4.398,4.337,4.388,4168785.3,2024-11-09 11:59:59.999000+00:00
2024-11-09 12:00:00+00:00,4.389,4.396,4.315,4.375,4492348.7,2024-11-09 15:59:59.999000+00:00
2024-11-09 16:00:00+00:00,4.376,4.433,4.315,4.398,6548922.2,2024-11-09 19:59:59.999000+00:00
2024-11-09 20:00:00+00:00,4.398,4.644,4.396,4.635,8273572.7,2024-11-09 23:59:59.999000+00:00
2024-11-10 00:00:00+00:00,4.635,4.862,4.587,4.838,12057779.6,2024-11-10 03:59:59.999000+00:00
2024-11-10 04:00:00+00:00,4.838,5.155,4.8,4.926,17093757.7,2024-11-10 07:59:59.999000+00:00
2024-11-10 08:00:00+00:00,4.925,5.177,4.925,5.162,13512310.4,2024-11-10 11:59:59.999000+00:00
2024-11-10 12:00:00+00:00,5.163,5.453,5.084,5.247,26668961.7,2024-11-10 15:59:59.999000+00:00
2024-11-10 16:00:00+00:00,5.247,5.482,5.211,5.319,18093231.8,2024-11-10 19:59:59.999000+00:00
2024-11-10 20:00:00+00:00,5.32,5.337,4.977,5.244,15386972.4,2024-11-10 23:59:59.999000+00:00
2024-11-11 00:00:00+00:00,5.243,5.382,5.196,5.256,9833918.8,2024-11-11 03:59:59.999000+00:00
2024-11-11 04:00:00+00:00,5.256,5.273,4.976,5.082,11283431.7,2024-11-11 07:59:59.999000+00:00
2024-11-11 08:00:00+00:00,5.082,5.172,5.033,5.17,6457201.3,2024-11-11 11:59:59.999000+00:00
2024-11-11 12:00:00+00:00,5.169,5.274,5.052,5.203,11647775.5,2024-11-11 15:59:59.999000+00:00
2024-11-11 16:00:00+00:00,5.203,5.298,5.173,5.248,9921174.9,2024-11-11 19:59:59.999000+00:00
2024-11-11 20:00:00+00:00,5.247,5.792,5.229,5.714,16552967.4,2024-11-11 23:59:59.999000+00:00
2024-11-12 00:00:00+00:00,5.713,5.732,5.439,5.578,14599394.8,2024-11-12 03:59:59.999000+00:00
2024-11-12 04:00:00+00:00,5.577,5.601,5.413,5.584,7931216.8,2024-11-12 07:59:59.999000+00:00
2024-11-12 08:00:00+00:00,5.584,5.848,5.169,5.375,27161402.3,2024-11-12 11:59:59.999000+00:00
2024-11-12 12:00:00+00:00,5.375,5.468,5.125,5.291,20422928.0,2024-11-12 15:59:59.999000+00:00
2024-11-12 16:00:00+00:00,5.29,5.436,5.206,5.36,10477476.8,2024-11-12 19:59:59.999000+00:00
2024-11-12 20:00:00+00:00,5.359,5.434,5.282,5.312,5366079.3,2024-11-12 23:59:59.999000+00:00
2024-11-13 00:00:00+00:00,5.312,5.378,5.08,5.084,10628574.5,2024-11-13 03:59:59.999000+00:00
2024-11-13 04:00:00+00:00,5.086,5.171,4.913,5.089,12671962.7,2024-11-13 07:59:59.999000+00:00
2024-11-13 08:00:00+00:00,5.089,5.119,4.977,5.071,5638085.7,2024-11-13 11:59:59.999000+00:00
2024-11-13 12:00:00+00:00,5.071,5.434,5.008,5.378,18450304.7,2024-11-13 15:59:59.999000+00:00
2024-11-13 16:00:00+00:00,5.377,5.409,5.034,5.059,13460967.5,2024-11-13 19:59:59.999000+00:00
2024-11-13 20:00:00+00:00,5.059,5.131,4.954,5.078,9856654.3,2024-11-13 23:59:59.999000+00:00
2024-11-14 00:00:00+00:00,5.078,5.099,4.987,5.082,5626219.1,2024-11-14 03:59:59.999000+00:00
2024-11-14 04:00:00+00:00,5.082,5.219,5.041,5.125,8578612.0,2024-11-14 07:59:59.999000+00:00
2024-11-14 08:00:00+00:00,5.125,5.157,4.912,5.006,8041988.6,2024-11-14 11:59:59.999000+00:00
2024-11-14 12:00:00+00:00,5.006,5.025,4.773,4.83,14408223.5,2024-11-14 15:59:59.999000+00:00
2024-11-14 16:00:00+00:00,4.83,4.937,4.801,4.924,5876750.9,2024-11-14 19:59:59.999000+00:00
2024-11-14 20:00:00+00:00,4.923,4.936,4.69,4.78,8701271.5,2024-11-14 23:59:59.999000+00:00
2024-11-15 00:00:00+00:00,4.779,4.861,4.722,4.847,5468416.2,2024-11-15 03:59:59.999000+00:00
2024-11-15 04:00:00+00:00,4.848,4.9,4.706,4.862,5020408.4,2024-11-15 07:59:59.999000+00:00
2024-11-15 08:00:00+00:00,4.862,4.977,4.813,4.969,5209080.4,2024-11-15 11:59:59.999000+00:00
2024-11-15 12:00:00+00:00,4.968,5.059,4.855,4.923,11116626.9,2024-11-15 15:59:59.999000+00:00
2024-11-15 16:00:00+00:00,4.923,5.077,4.892,5.052,6301572.4,2024-11-15 19:59:59.999000+00:00
2024-11-15 20:00:00+00:00,5.052,5.175,5.047,5.164,5563499.4,2024-11-15 23:59:59.999000+00:00
2024-11-16 00:00:00+00:00,5.163,5.274,5.135,5.269,4181567.9,2024-11-16 03:59:59.999000+00:00
2024-11-16 04:00:00+00:00,5.269,5.321,5.212,5.248,4775474.6,2024-11-16 07:59:59.999000+00:00
2024-11-16 08:00:00+00:00,5.248,5.499,5.225,5.494,7971797.3,2024-11-16 11:59:59.999000+00:00
2024-11-16 12:00:00+00:00,5.496,5.574,5.359,5.467,12248700.2,2024-11-16 15:59:59.999000+00:00
2024-11-16 16:00:00+00:00,5.466,5.795,5.422,5.713,11437088.9,2024-11-16 19:59:59.999000+00:00
2024-11-16 20:00:00+00:00,5.713,5.807,5.653,5.785,8670591.6,2024-11-16 23:59:59.999000+00:00
2024-11-17 00:00:00+00:00,5.785,6.147,5.514,5.732,24849641.3,2024-11-17 03:59:59.999000+00:00
2024-11-17 04:00:00+00:00,5.732,5.753,5.582,5.672,7591573.0,2024-11-17 07:59:59.999000+00:00
2024-11-17 08:00:00+00:00,5.672,5.703,5.473,5.483,7850751.1,2024-11-17 11:59:59.999000+00:00
2024-11-17 12:00:00+00:00,5.483,5.599,5.473,5.546,5625891.0,2024-11-17 15:59:59.999000+00:00
2024-11-17 16:00:00+00:00,5.548,5.605,5.405,5.439,5774754.4,2024-11-17 19:59:59.999000+00:00
2024-11-17 20:00:00+00:00,5.44,5.47,5.313,5.425,5584545.8,2024-11-17 23:59:59.999000+00:00
2024-11-18 00:00:00+00:00,5.426,5.806,5.395,5.765,9824098.2,2024-11-18 03:59:59.999000+00:00
2024-11-18 04:00:00+00:00,5.765,5.986,5.736,5.914,8475835.9,2024-11-18 07:59:59.999000+00:00
2024-11-18 08:00:00+00:00,5.915,5.958,5.705,5.735,8165744.2,2024-11-18 11:59:59.999000+00:00
2024-11-18 12:00:00+00:00,5.736,5.891,5.634,5.849,9029567.6,2024-11-18 15:59:59.999000+00:00
2024-11-18 16:00:00+00:00,5.851,6.004,5.704,5.832,9794358.2,2024-11-18 19:59:59.999000+00:00
2024-11-18 20:00:00+00:00,5.831,6.097,5.768,6.009,8680013.6,2024-11-18 23:59:59.999000+00:00
2024-11-19 00:00:00+00:00,6.01,6.049,5.894,6.032,4771959.1,2024-11-19 03:59:59.999000+00:00
2024-11-19 04:00:00+00:00,6.033,6.046,5.829,5.83,5459904.2,2024-11-19 07:59:59.999000+00:00
2024-11-19 08:00:00+00:00,5.83,5.887,5.746,5.886,4477595.6,2024-11-19 11:59:59.999000+00:00
2024-11-19 12:00:00+00:00,5.886,6.037,5.764,5.84,8000471.1,2024-11-19 15:59:59.999000+00:00
2024-11-19 16:00:00+00:00,5.84,5.903,5.78,5.832,4339244.7,2024-11-19 19:59:59.999000+00:00
2024-11-19 20:00:00+00:00,5.831,5.858,5.662,5.807,5563104.0,2024-11-19 23:59:59.999000+00:00
2024-11-20 00:00:00+00:00,5.808,5.886,5.65,5.746,6511023.1,2024-11-20 03:59:59.999000+00:00
2024-11-20 04:00:00+00:00,5.746,5.89,5.677,5.814,4626477.7,2024-11-20 07:59:59.999000+00:00
2024-11-20 08:00:00+00:00,5.814,6.075,5.806,6.065,11414407.8,2024-11-20 11:59:59.999000+00:00
2024-11-20 12:00:00+00:00,6.065,6.085,5.852,5.928,10886569.0,2024-11-20 15:59:59.999000+00:00
2024-11-20 16:00:00+00:00,5.929,5.956,5.534,5.6,10780966.0,2024-11-20 19:59:59.999000+00:00
2024-11-20 20:00:00+00:00,5.6,5.826,5.58,5.725,6611386.9,2024-11-20 23:59:59.999000+00:00
2024-11-21 00:00:00+00:00,5.724,5.801,5.476,5.55,8907883.7,2024-11-21 03:59:59.999000+00:00
2024-11-21 04:00:00+00:00,5.55,5.765,5.542,5.703,6743653.0,2024-11-21 07:59:59.999000+00:00
2024-11-21 08:00:00+00:00,5.704,5.752,5.559,5.725,5575204.8,2024-11-21 11:59:59.999000+00:00
2024-11-21 12:00:00+00:00,5.724,5.973,5.711,5.776,13814383.0,2024-11-21 15:59:59.999000+00:00
2024-11-21 16:00:00+00:00,5.775,5.908,5.762,5.835,6939203.0,2024-11-21 19:59:59.999000+00:00
2024-11-21 20:00:00+00:00,5.835,5.955,5.812,5.939,4393118.0,2024-11-21 23:59:59.999000+00:00
2024-11-22 00:00:00+00:00,5.939,6.256,5.882,6.164,12709879.0,2024-11-22 03:59:59.999000+00:00
2024-11-22 04:00:00+00:00,6.164,6.28,6.077,6.091,6699032.6,2024-11-22 07:59:59.999000+00:00
2024-11-22 08:00:00+00:00,6.091,6.194,6.006,6.179,6016246.7,2024-11-22 11:59:59.999000+00:00
2024-11-22 12:00:00+00:00,6.179,6.375,5.963,6.361,14068374.9,2024-11-22 15:59:59.999000+00:00
2024-11-22 16:00:00+00:00,6.361,6.423,6.239,6.359,11668679.2,2024-11-22 19:59:59.999000+00:00
2024-11-22 20:00:00+00:00,6.358,6.694,6.309,6.634,9932949.0,2024-11-22 23:59:59.999000+00:00
2024-11-23 00:00:00+00:00,6.635,7.268,6.586,7.202,20237683.1,2024-11-23 03:59:59.999000+00:00
2024-11-23 04:00:00+00:00,7.202,7.716,7.185,7.634,26369431.7,2024-11-23 07:59:59.999000+00:00
2024-11-23 08:00:00+00:00,7.634,7.999,7.541,7.928,24035526.1,2024-11-23 11:59:59.999000+00:00
2024-11-23 12:00:00+00:00,7.928,9.0,7.86,8.853,49691282.6,2024-11-23 15:59:59.999000+00:00
2024-11-23 16:00:00+00:00,8.853,9.448,8.371,8.648,59621124.2,2024-11-23 19:59:59.999000+00:00
2024-11-23 20:00:00+00:00,8.65,8.717,8.269,8.523,20512904.0,2024-11-23 23:59:59.999000+00:00
2024-11-24 00:00:00+00:00,8.524,10.512,8.519,9.406,73951555.5,2024-11-24 03:59:59.999000+00:00
2024-11-24 04:00:00+00:00,9.406,9.475,8.77,9.128,22610132.6,2024-11-24 07:59:59.999000+00:00
2024-11-24 08:00:00+00:00,9.127,9.155,8.475,8.491,23115312.0,2024-11-24 11:59:59.999000+00:00
2024-11-24 12:00:00+00:00,8.492,8.789,8.03,8.245,36103010.8,2024-11-24 15:59:59.999000+00:00
2024-11-24 16:00:00+00:00,8.245,8.568,8.174,8.488,14748483.6,2024-11-24 19:59:59.999000+00:00
2024-11-24 20:00:00+00:00,8.488,9.034,8.448,8.829,17880391.8,2024-11-24 23:59:59.999000+00:00
2024-11-25 00:00:00+00:00,8.831,8.835,8.411,8.726,13077826.0,2024-11-25 03:59:59.999000+00:00
2024-11-25 04:00:00+00:00,8.726,9.369,8.705,9.205,18063200.8,2024-11-25 07:59:59.999000+00:00
2024-11-25 08:00:00+00:00,9.204,9.249,8.888,8.99,12184078.0,2024-11-25 11:59:59.999000+00:00
2024-11-25 12:00:00+00:00,8.99,9.005,8.353,8.585,16545743.6,2024-11-25 15:59:59.999000+00:00
2024-11-25 16:00:00+00:00,8.586,8.653,8.357,8.51,9491581.1,2024-11-25 19:59:59.999000+00:00
2024-11-25 20:00:00+00:00,8.51,8.59,8.12,8.242,9321770.9,2024-11-25 23:59:59.999000+00:00
2024-11-26 00:00:00+00:00,8.24,8.476,8.191,8.342,7636378.8,2024-11-26 03:59:59.999000+00:00
2024-11-26 04:00:00+00:00,8.343,8.455,8.163,8.237,5853879.7,2024-11-26 07:59:59.999000+00:00
2024-11-26 08:00:00+00:00,8.237,8.243,7.555,7.85,23666628.7,2024-11-26 11:59:59.999000+00:00
2024-11-26 12:00:00+00:00,7.849,8.034,7.759,7.881,13113111.2,2024-11-26 15:59:59.999000+00:00
2024-11-26 16:00:00+00:00,7.882,8.171,7.781,8.016,11755166.0,2024-11-26 19:59:59.999000+00:00
2024-11-26 20:00:00+00:00,8.015,8.153,7.961,8.072,5598954.3,2024-11-26 23:59:59.999000+00:00
2024-11-27 00:00:00+00:00,8.072,8.177,7.843,8.063,7837265.5,2024-11-27 03:59:59.999000+00:00
2024-11-27 04:00:00+00:00,8.064,8.315,7.982,8.289,6682011.1,2024-11-27 07:59:59.999000+00:00
2024-11-27 08:00:00+00:00,8.289,8.448,8.166,8.302,9762718.5,2024-11-27 11:59:59.999000+00:00
2024-11-27 12:00:00+00:00,8.301,8.492,8.147,8.41,9980062.9,2024-11-27 15:59:59.999000+00:00
2024-11-27 16:00:00+00:00,8.41,8.464,8.228,8.387,6342992.5,2024-11-27 19:59:59.999000+00:00
2024-11-27 20:00:00+00:00,8.387,8.576,8.334,8.462,7006030.8,2024-11-27 23:59:59.999000+00:00
2024-11-28 00:00:00+00:00,8.461,8.51,8.112,8.218,8521582.4,2024-11-28 03:59:59.999000+00:00
2024-11-28 04:00:00+00:00,8.218,8.28,8.118,8.178,4246263.4,2024-11-28 07:59:59.999000+00:00
2024-11-28 08:00:00+00:00,8.178,8.258,8.108,8.205,4671461.6,2024-11-28 11:59:59.999000+00:00
2024-11-28 12:00:00+00:00,8.205,8.278,8.008,8.034,7286501.5,2024-11-28 15:59:59.999000+00:00
2024-11-28 16:00:00+00:00,8.034,8.592,8.034,8.577,9907931.6,2024-11-28 19:59:59.999000+00:00
2024-11-28 20:00:00+00:00,8.577,8.759,8.426,8.622,7596033.8,2024-11-28 23:59:59.999000+00:00
2024-11-29 00:00:00+00:00,8.622,8.76,8.522,8.579,5956707.6,2024-11-29 03:59:59.999000+00:00
2024-11-29 04:00:00+00:00,8.579,8.601,8.443,8.457,4777839.3,2024-11-29 07:59:59.999000+00:00
2024-11-29 08:00:00+00:00,8.457,8.813,8.457,8.711,7158429.7,2024-11-29 11:59:59.999000+00:00
2024-11-29 12:00:00+00:00,8.712,9.021,8.615,8.705,9331824.1,2024-11-29 15:59:59.999000+00:00
2024-11-29 16:00:00+00:00,8.706,8.759,8.58,8.724,7315897.1,2024-11-29 19:59:59.999000+00:00
2024-11-29 20:00:00+00:00,8.724,9.085,8.616,9.031,7854246.3,2024-11-29 23:59:59.999000+00:00
2024-11-30 00:00:00+00:00,9.032,9.041,8.607,8.679,9148622.7,2024-11-30 03:59:59.999000+00:00
2024-11-30 04:00:00+00:00,8.679,8.905,8.652,8.877,5829174.0,2024-11-30 07:59:59.999000+00:00
2024-11-30 08:00:00+00:00,8.876,9.162,8.755,8.892,15912011.2,2024-11-30 11:59:59.999000+00:00
2024-11-30 12:00:00+00:00,8.891,8.995,8.779,8.855,7787751.0,2024-11-30 15:59:59.999000+00:00
2024-11-30 16:00:00+00:00,8.856,9.129,8.788,9.124,8011482.7,2024-11-30 19:59:59.999000+00:00
2024-11-30 20:00:00+00:00,9.125,9.237,8.944,8.953,7569896.4,2024-11-30 23:59:59.999000+00:00
2024-12-01 00:00:00+00:00,8.952,9.162,8.703,8.848,10014993.3,2024-12-01 03:59:59.999000+00:00
2024-12-01 04:00:00+00:00,8.849,8.86,8.749,8.81,3346363.5,2024-12-01 07:59:59.999000+00:00
2024-12-01 08:00:00+00:00,8.811,9.233,8.777,9.184,8266181.2,2024-12-01 11:59:59.999000+00:00
2024-12-01 12:00:00+00:00,9.184,9.254,9.042,9.116,7968837.4,2024-12-01 15:59:59.999000+00:00
2024-12-01 16:00:00+00:00,9.116,9.231,8.957,9.145,6768154.8,2024-12-01 19:59:59.999000+00:00
2024-12-01 20:00:00+00:00,9.146,9.397,8.981,9.299,11151111.2,2024-12-01 23:59:59.999000+00:00
2024-12-02 00:00:00+00:00,9.299,9.527,9.067,9.118,12937620.4,2024-12-02 03:59:59.999000+00:00
2024-12-02 04:00:00+00:00,9.118,9.214,8.917,9.045,11752672.7,2024-12-02 07:59:59.999000+00:00
2024-12-02 08:00:00+00:00,9.044,9.109,8.461,8.545,18468800.8,2024-12-02 11:59:59.999000+00:00
2024-12-02 12:00:00+00:00,8.544,9.198,8.511,9.147,14915082.2,2024-12-02 15:59:59.999000+00:00
2024-12-02 16:00:00+00:00,9.147,9.266,8.77,9.229,14983986.0,2024-12-02 19:59:59.999000+00:00
2024-12-02 20:00:00+00:00,9.229,10.21,9.208,10.022,24650862.9,2024-12-02 23:59:59.999000+00:00
2024-12-03 00:00:00+00:00,10.022,10.403,9.83,10.149,14745365.4,2024-12-03 03:59:59.999000+00:00
2024-12-03 04:00:00+00:00,10.149,10.354,9.793,9.864,13532767.2,2024-12-03 07:59:59.999000+00:00
2024-12-03 08:00:00+00:00,9.864,10.137,9.767,10.067,9806888.4,2024-12-03 11:59:59.999000+00:00
2024-12-03 12:00:00+00:00,10.068,10.126,9.063,9.573,29140835.3,2024-12-03 15:59:59.999000+00:00
2024-12-03 16:00:00+00:00,9.571,9.749,9.323,9.567,10288946.8,2024-12-03 19:59:59.999000+00:00
2024-12-03 20:00:00+00:00,9.566,9.914,9.547,9.783,8927005.2,2024-12-03 23:59:59.999000+00:00
2024-12-04 00:00:00+00:00,9.786,10.057,9.669,9.966,9850699.4,2024-12-04 03:59:59.999000+00:00
2024-12-04 04:00:00+00:00,9.966,10.109,9.931,10.057,5810125.7,2024-12-04 07:59:59.999000+00:00
2024-12-04 08:00:00+00:00,10.057,11.277,9.996,11.003,27182020.5,2024-12-04 11:59:59.999000+00:00
2024-12-04 12:00:00+00:00,11.004,11.666,10.92,10.995,28274860.4,2024-12-04 15:59:59.999000+00:00
2024-12-04 16:00:00+00:00,10.995,11.332,10.356,11.08,21282538.2,2024-12-04 19:59:59.999000+00:00
2024-12-04 20:00:00+00:00,11.081,11.124,10.408,10.526,12709726.1,2024-12-04 23:59:59.999000+00:00
2024-12-05 00:00:00+00:00,10.526,10.632,9.901,10.284,18192285.7,2024-12-05 03:59:59.999000+00:00
2024-12-05 04:00:00+00:00,10.283,10.759,10.213,10.722,9668801.4,2024-12-05 07:59:59.999000+00:00
2024-12-05 08:00:00+00:00,10.723,11.168,10.608,11.118,12687821.1,2024-12-05 11:59:59.999000+00:00
2024-12-05 12:00:00+00:00,11.117,11.192,10.695,10.908,13712246.1,2024-12-05 15:59:59.999000+00:00
2024-12-05 16:00:00+00:00,10.909,11.247,10.77,10.824,10836922.4,2024-12-05 19:59:59.999000+00:00
2024-12-05 20:00:00+00:00,10.825,10.936,10.116,10.381,15038795.9,2024-12-05 23:59:59.999000+00:00
2024-12-06 00:00:00+00:00,10.381,10.765,10.253,10.607,7607593.3,2024-12-06 03:59:59.999000+00:00
2024-12-06 04:00:00+00:00,10.608,10.767,10.48,10.513,4532918.3,2024-12-06 07:59:59.999000+00:00
2024-12-06 08:00:00+00:00,10.512,10.627,10.074,10.243,8859866.3,2024-12-06 11:59:59.999000+00:00
2024-12-06 12:00:00+00:00,10.243,10.677,10.024,10.558,11830797.2,2024-12-06 15:59:59.999000+00:00
2024-12-06 16:00:00+00:00,10.559,10.785,10.434,10.734,7420254.2,2024-12-06 19:59:59.999000+00:00
2024-12-06 20:00:00+00:00,10.734,10.889,10.593,10.682,6583844.7,2024-12-06 23:59:59.999000+00:00
2024-12-07 00:00:00+00:00,10.683,10.732,10.459,10.515,4744717.9,2024-12-07 03:59:59.999000+00:00
2024-12-07 04:00:00+00:00,10.514,10.756,10.414,10.512,4623926.9,2024-12-07 07:59:59.999000+00:00
2024-12-07 08:00:00+00:00,10.511,10.591,10.314,10.454,5022696.0,2024-12-07 11:59:59.999000+00:00
2024-12-07 12:00:00+00:00,10.453,10.85,10.432,10.771,7714813.4,2024-12-07 15:59:59.999000+00:00
2024-12-07 16:00:00+00:00,10.771,10.945,10.521,10.689,8547273.2,2024-12-07 19:59:59.999000+00:00
2024-12-07 20:00:00+00:00,10.69,10.798,10.55,10.604,4036094.0,2024-12-07 23:59:59.999000+00:00
2024-12-08 00:00:00+00:00,10.604,10.821,10.553,10.582,3893925.0,2024-12-08 03:59:59.999000+00:00
2024-12-08 04:00:00+00:00,10.581,10.634,10.352,10.477,4467655.6,2024-12-08 07:59:59.999000+00:00
2024-12-08 08:00:00+00:00,10.477,10.51,10.2,10.468,6236422.5,2024-12-08 11:59:59.999000+00:00
2024-12-08 12:00:00+00:00,10.467,10.56,10.289,10.353,5926935.7,2024-12-08 15:59:59.999000+00:00
2024-12-08 16:00:00+00:00,10.353,10.419,10.229,10.322,4496112.1,2024-12-08 19:59:59.999000+00:00
2024-12-08 20:00:00+00:00,10.323,10.448,10.253,10.402,3438616.9,2024-12-08 23:59:59.999000+00:00
2024-12-09 00:00:00+00:00,10.402,10.406,9.942,10.062,7021593.7,2024-12-09 03:59:59.999000+00:00
2024-12-09 04:00:00+00:00,10.062,10.164,9.718,9.883,8348008.8,2024-12-09 07:59:59.999000+00:00
2024-12-09 08:00:00+00:00,9.882,9.884,9.408,9.461,11953662.0,2024-12-09 11:59:59.999000+00:00
2024-12-09 12:00:00+00:00,9.461,9.85,9.366,9.506,11255045.5,2024-12-09 15:59:59.999000+00:00
2024-12-09 16:00:00+00:00,9.506,9.676,9.45,9.499,5815849.5,2024-12-09 19:59:59.999000+00:00
2024-12-09 20:00:00+00:00,9.499,9.531,7.546,8.467,51071180.6,2024-12-09 23:59:59.999000+00:00
2024-12-10 00:00:00+00:00,8.468,8.717,7.935,8.319,16486236.9,2024-12-10 03:59:59.999000+00:00
2024-12-10 04:00:00+00:00,8.32,8.656,8.104,8.573,9641536.6,2024-12-10 07:59:59.999000+00:00
2024-12-10 08:00:00+00:00,8.572,8.699,8.455,8.64,7944200.4,2024-12-10 11:59:59.999000+00:00
2024-12-10 12:00:00+00:00,8.641,8.66,7.863,7.883,18176153.0,2024-12-10 15:59:59.999000+00:00
2024-12-10 16:00:00+00:00,7.883,8.124,7.586,8.102,20404837.8,2024-12-10 19:59:59.999000+00:00
2024-12-10 20:00:00+00:00,8.102,8.466,8.069,8.389,8033913.6,2024-12-10 23:59:59.999000+00:00
2024-12-11 00:00:00+00:00,8.389,8.415,8.027,8.367,8176652.0,2024-12-11 03:59:59.999000+00:00
2024-12-11 04:00:00+00:00,8.368,8.439,8.253,8.268,3919759.1,2024-12-11 07:59:59.999000+00:00
2024-12-11 08:00:00+00:00,8.267,8.647,8.256,8.606,5901736.0,2024-12-11 11:59:59.999000+00:00
2024-12-11 12:00:00+00:00,8.605,9.264,8.605,9.189,17042872.5,2024-12-11 15:59:59.999000+00:00
2024-12-11 16:00:00+00:00,9.189,9.218,8.941,9.03,6576661.6,2024-12-11 19:59:59.999000+00:00
2024-12-11 20:00:00+00:00,9.03,9.129,8.986,8.992,3939533.1,2024-12-11 23:59:59.999000+00:00
2024-12-12 00:00:00+00:00,8.991,9.42,8.923,9.267,7110281.4,2024-12-12 03:59:59.999000+00:00
2024-12-12 04:00:00+00:00,9.266,9.671,9.254,9.315,9328468.3,2024-12-12 07:59:59.999000+00:00
2024-12-12 08:00:00+00:00,9.314,9.407,9.03,9.098,8149243.3,2024-12-12 11:59:59.999000+00:00
2024-12-12 12:00:00+00:00,9.098,9.396,9.098,9.231,12041053.9,2024-12-12 15:59:59.999000+00:00
2024-12-12 16:00:00+00:00,9.231,9.394,8.941,8.973,9996114.9,2024-12-12 19:59:59.999000+00:00
2024-12-12 20:00:00+00:00,8.973,9.162,8.907,9.06,8530664.8,2024-12-12 23:59:59.999000+00:00
2024-12-13 00:00:00+00:00,9.061,9.233,8.844,9.133,6695665.5,2024-12-13 03:59:59.999000+00:00
2024-12-13 04:00:00+00:00,9.132,9.153,8.772,8.886,6382837.3,2024-12-13 07:59:59.999000+00:00
2024-12-13 08:00:00+00:00,8.884,9.176,8.834,9.025,5620398.5,2024-12-13 11:59:59.999000+00:00
2024-12-13 12:00:00+00:00,9.026,9.205,8.826,8.834,8260917.4,2024-12-13 15:59:59.999000+00:00
2024-12-13 16:00:00+00:00,8.834,9.061,8.794,9.041,7364449.3,2024-12-13 19:59:59.999000+00:00
2024-12-13 20:00:00+00:00,9.041,9.138,8.938,9.088,3437941.8,2024-12-13 23:59:59.999000+00:00
2024-12-14 00:00:00+00:00,9.088,9.212,9.003,9.025,3983733.5,2024-12-14 03:59:59.999000+00:00
2024-12-14 04:00:00+00:00,9.025,9.099,8.964,8.973,2113048.8,2024-12-14 07:59:59.999000+00:00
2024-12-14 08:00:00+00:00,8.973,9.037,8.737,8.753,5854407.4,2024-12-14 11:59:59.999000+00:00
2024-12-14 12:00:00+00:00,8.753,8.774,8.458,8.639,9315013.1,2024-12-14 15:59:59.999000+00:00
2024-12-14 16:00:00+00:00,8.638,8.657,8.41,8.494,6594765.7,2024-12-14 19:59:59.999000+00:00
2024-12-14 20:00:00+00:00,8.493,8.584,8.351,8.55,4229948.9,2024-12-14 23:59:59.999000+00:00
2024-12-15 00:00:00+00:00,8.55,8.659,8.451,8.503,4036853.5,2024-12-15 03:59:59.999000+00:00
2024-12-15 04:00:00+00:00,8.503,8.633,8.362,8.428,4550905.2,2024-12-15 07:59:59.999000+00:00
2024-12-15 08:00:00+00:00,8.428,8.766,8.418,8.725,7375430.5,2024-12-15 11:59:59.999000+00:00
2024-12-15 12:00:00+00:00,8.724,9.26,8.677,9.046,13497087.2,2024-12-15 15:59:59.999000+00:00
2024-12-15 16:00:00+00:00,9.045,9.107,8.913,8.957,4374341.5,2024-12-15 19:59:59.999000+00:00
2024-12-15 20:00:00+00:00,8.957,9.102,8.636,9.027,8497917.9,2024-12-15 23:59:59.999000+00:00
2024-12-16 00:00:00+00:00,9.026,9.202,8.826,8.917,7331344.7,2024-12-16 03:59:59.999000+00:00
2024-12-16 04:00:00+00:00,8.916,8.99,8.811,8.881,2867043.2,2024-12-16 07:59:59.999000+00:00
2024-12-16 08:00:00+00:00,8.882,8.904,8.602,8.634,5726465.4,2024-12-16 11:59:59.999000+00:00
2024-12-16 12:00:00+00:00,8.635,8.93,8.582,8.906,7424119.2,2024-12-16 15:59:59.999000+00:00
2024-12-16 16:00:00+00:00,8.907,9.173,8.892,8.947,9758283.4,2024-12-16 19:59:59.999000+00:00
2024-12-16 20:00:00+00:00,8.948,8.991,8.72,8.754,4707975.5,2024-12-16 23:59:59.999000+00:00
2024-12-17 00:00:00+00:00,8.754,8.79,8.619,8.761,4833710.2,2024-12-17 03:59:59.999000+00:00
2024-12-17 04:00:00+00:00,8.761,8.765,8.601,8.64,2863505.8,2024-12-17 07:59:59.999000+00:00
2024-12-17 08:00:00+00:00,8.639,8.971,8.636,8.891,5591943.9,2024-12-17 11:59:59.999000+00:00
2024-12-17 12:00:00+00:00,8.89,8.957,8.528,8.604,10172611.3,2024-12-17 15:59:59.999000+00:00
2024-12-17 16:00:00+00:00,8.603,8.866,8.515,8.666,8278402.6,2024-12-17 19:59:59.999000+00:00
2024-12-17 20:00:00+00:00,8.665,8.724,8.376,8.485,5557039.9,2024-12-17 23:59:59.999000+00:00
2024-12-18 00:00:00+00:00,8.485,8.546,8.353,8.363,5556906.7,2024-12-18 03:59:59.999000+00:00
2024-12-18 04:00:00+00:00,8.362,8.372,8.131,8.227,7133865.6,2024-12-18 07:59:59.999000+00:00
2024-12-18 08:00:00+00:00,8.227,8.388,8.158,8.361,4319304.8,2024-12-18 11:59:59.999000+00:00
2024-12-18 12:00:00+00:00,8.36,8.366,8.084,8.184,6584926.2,2024-12-18 15:59:59.999000+00:00
2024-12-18 16:00:00+00:00,8.184,8.469,8.095,8.095,8673047.3,2024-12-18 19:59:59.999000+00:00
2024-12-18 20:00:00+00:00,8.095,8.156,7.511,7.676,22102016.6,2024-12-18 23:59:59.999000+00:00
2024-12-19 00:00:00+00:00,7.677,7.769,7.159,7.648,21179493.1,2024-12-19 03:59:59.999000+00:00
2024-12-19 04:00:00+00:00,7.648,7.669,7.56,7.636,5100525.9,2024-12-19 07:59:59.999000+00:00
2024-12-19 08:00:00+00:00,7.635,7.797,7.515,7.728,5521073.3,2024-12-19 11:59:59.999000+00:00
2024-12-19 12:00:00+00:00,7.729,7.752,7.271,7.43,9901975.5,2024-12-19 15:59:59.999000+00:00
2024-12-19 16:00:00+00:00,7.429,7.719,6.832,6.958,31836571.0,2024-12-19 19:59:59.999000+00:00
2024-12-19 20:00:00+00:00,6.959,7.15,6.758,6.937,11108642.5,2024-12-19 23:59:59.999000+00:00
2024-12-20 00:00:00+00:00,6.938,7.268,6.828,7.12,8353228.6,2024-12-20 03:59:59.999000+00:00
2024-12-20 04:00:00+00:00,7.119,7.182,6.811,6.953,7096118.8,2024-12-20 07:59:59.999000+00:00
2024-12-20 08:00:00+00:00,6.952,6.953,6.039,6.072,29907026.1,2024-12-20 11:59:59.999000+00:00
2024-12-20 12:00:00+00:00,6.073,6.936,6.061,6.858,19300154.0,2024-12-20 15:59:59.999000+00:00
2024-12-20 16:00:00+00:00,6.857,7.271,6.802,7.182,10036879.0,2024-12-20 19:59:59.999000+00:00
2024-12-20 20:00:00+00:00,7.181,7.356,7.04,7.288,6126078.2,2024-12-20 23:59:59.999000+00:00
2024-12-21 00:00:00+00:00,7.288,7.391,7.22,7.309,4269781.5,2024-12-21 03:59:59.999000+00:00
2024-12-21 04:00:00+00:00,7.309,7.798,7.299,7.7,7449082.8,2024-12-21 07:59:59.999000+00:00
2024-12-21 08:00:00+00:00,7.7,7.72,7.365,7.451,7668316.6,2024-12-21 11:59:59.999000+00:00
2024-12-21 12:00:00+00:00,7.451,7.455,6.952,7.118,13980923.9,2024-12-21 15:59:59.999000+00:00
2024-12-21 16:00:00+00:00,7.118,7.136,6.832,6.952,9515566.3,2024-12-21 19:59:59.999000+00:00
2024-12-21 20:00:00+00:00,6.951,7.056,6.862,6.97,6285840.3,2024-12-21 23:59:59.999000+00:00
2024-12-22 00:00:00+00:00,6.97,7.035,6.87,6.97,5548231.0,2024-12-22 03:59:59.999000+00:00
2024-12-22 04:00:00+00:00,6.969,7.014,6.762,6.958,5351900.4,2024-12-22 07:59:59.999000+00:00
2024-12-22 08:00:00+00:00,6.957,7.262,6.954,7.097,6645090.4,2024-12-22 11:59:59.999000+00:00
2024-12-22 12:00:00+00:00,7.097,7.141,6.81,6.889,8896418.7,2024-12-22 15:59:59.999000+00:00
2024-12-22 16:00:00+00:00,6.889,7.034,6.737,6.762,5164684.4,2024-12-22 19:59:59.999000+00:00
2024-12-22 20:00:00+00:00,6.763,6.93,6.681,6.839,6487204.3,2024-12-22 23:59:59.999000+00:00
2024-12-23 00:00:00+00:00,6.838,7.084,6.651,7.062,7812629.1,2024-12-23 03:59:59.999000+00:00
2024-12-23 04:00:00+00:00,7.062,7.131,6.801,6.904,5903364.4,2024-12-23 07:59:59.999000+00:00
2024-12-23 08:00:00+00:00,6.903,7.049,6.855,6.978,4247851.9,2024-12-23 11:59:59.999000+00:00
2024-12-23 12:00:00+00:00,6.978,7.068,6.835,6.863,7166688.7,2024-12-23 15:59:59.999000+00:00
2024-12-23 16:00:00+00:00,6.862,7.135,6.848,7.049,6738595.4,2024-12-23 19:59:59.999000+00:00
2024-12-23 20:00:00+00:00,7.048,7.565,7.045,7.38,8742087.3,2024-12-23 23:59:59.999000+00:00
2024-12-24 00:00:00+00:00,7.379,7.387,7.15,7.327,4355914.1,2024-12-24 03:59:59.999000+00:00
2024-12-24 04:00:00+00:00,7.326,7.355,7.183,7.226,2982251.2,2024-12-24 07:59:59.999000+00:00
2024-12-24 08:00:00+00:00,7.226,7.317,7.184,7.299,3724196.5,2024-12-24 11:59:59.999000+00:00
2024-12-24 12:00:00+00:00,7.298,7.636,7.229,7.563,6914992.9,2024-12-24 15:59:59.999000+00:00
2024-12-24 16:00:00+00:00,7.562,7.622,7.445,7.446,5371306.6,2024-12-24 19:59:59.999000+00:00
2024-12-24 20:00:00+00:00,7.447,7.61,7.358,7.547,4479128.0,2024-12-24 23:59:59.999000+00:00
2024-12-25 00:00:00+00:00,7.548,7.571,7.414,7.459,2794676.4,2024-12-25 03:59:59.999000+00:00
2024-12-25 04:00:00+00:00,7.46,7.507,7.384,7.399,2273377.2,2024-12-25 07:59:59.999000+00:00
2024-12-25 08:00:00+00:00,7.398,7.677,7.387,7.402,4926056.6,2024-12-25 11:59:59.999000+00:00
2024-12-25 12:00:00+00:00,7.403,7.558,7.349,7.452,3832654.7,2024-12-25 15:59:59.999000+00:00
2024-12-25 16:00:00+00:00,7.453,7.536,7.353,7.516,2961059.6,2024-12-25 19:59:59.999000+00:00
2024-12-25 20:00:00+00:00,7.516,7.581,7.411,7.498,3411690.4,2024-12-25 23:59:59.999000+00:00
2024-12-26 00:00:00+00:00,7.499,7.59,7.316,7.338,3964036.6,2024-12-26 03:59:59.999000+00:00
2024-12-26 04:00:00+00:00,7.338,7.339,7.148,7.163,4116551.3,2024-12-26 07:59:59.999000+00:00
2024-12-26 08:00:00+00:00,7.162,7.176,6.93,7.03,7255290.4,2024-12-26 11:59:59.999000+00:00
2024-12-26 12:00:00+00:00,7.03,7.065,6.936,6.954,4415661.8,2024-12-26 15:59:59.999000+00:00
2024-12-26 16:00:00+00:00,6.954,7.05,6.878,6.98,4810144.3,2024-12-26 19:59:59.999000+00:00
2024-12-26 20:00:00+00:00,6.98,7.046,6.877,6.93,3466916.2,2024-12-26 23:59:59.999000+00:00
2024-12-27 00:00:00+00:00,6.93,7.067,6.868,7.021,3343204.6,2024-12-27 03:59:59.999000+00:00
2024-12-27 04:00:00+00:00,7.02,7.113,6.881,6.949,3711574.3,2024-12-27 07:59:59.999000+00:00
2024-12-27 08:00:00+00:00,6.949,7.307,6.948,7.218,5826954.6,2024-12-27 11:59:59.999000+00:00
2024-12-27 12:00:00+00:00,7.217,7.231,6.834,6.869,5649677.9,2024-12-27 15:59:59.999000+00:00
2024-12-27 16:00:00+00:00,6.868,7.067,6.811,6.988,4342970.5,2024-12-27 19:59:59.999000+00:00
2024-12-27 20:00:00+00:00,6.988,7.0,6.862,6.907,2568009.6,2024-12-27 23:59:59.999000+00:00
2024-12-28 00:00:00+00:00,6.908,6.937,6.826,6.919,2386946.2,2024-12-28 03:59:59.999000+00:00
2024-12-28 04:00:00+00:00,6.92,6.937,6.787,6.811,1916955.0,2024-12-28 07:59:59.999000+00:00
2024-12-28 08:00:00+00:00,6.811,6.899,6.805,6.892,2302141.8,2024-12-28 11:59:59.999000+00:00
2024-12-28 12:00:00+00:00,6.891,7.057,6.841,6.943,4482782.2,2024-12-28 15:59:59.999000+00:00
2024-12-28 16:00:00+00:00,6.944,7.121,6.931,7.042,2452075.9,2024-12-28 19:59:59.999000+00:00
2024-12-28 20:00:00+00:00,7.042,7.183,7.023,7.11,1886807.6,2024-12-28 23:59:59.999000+00:00
2024-12-29 00:00:00+00:00,7.111,7.132,7.03,7.118,2111693.7,2024-12-29 03:59:59.999000+00:00
2024-12-29 04:00:00+00:00,7.118,7.144,7.035,7.14,1591197.2,2024-12-29 07:59:59.999000+00:00
2024-12-29 08:00:00+00:00,7.14,7.151,7.031,7.032,1811380.5,2024-12-29 11:59:59.999000+00:00
2024-12-29 12:00:00+00:00,7.032,7.105,6.939,6.984,3781478.7,2024-12-29 15:59:59.999000+00:00
2024-12-29 16:00:00+00:00,6.984,6.989,6.88,6.924,3305187.9,2024-12-29 19:59:59.999000+00:00
2024-12-29 20:00:00+00:00,6.924,6.935,6.803,6.862,2681374.0,2024-12-29 23:59:59.999000+00:00
2024-12-30 00:00:00+00:00,6.862,7.108,6.83,6.955,3553221.3,2024-12-30 03:59:59.999000+00:00
2024-12-30 04:00:00+00:00,6.956,7.057,6.896,6.96,3475806.5,2024-12-30 07:59:59.999000+00:00
2024-12-30 08:00:00+00:00,6.959,7.013,6.759,6.835,4867045.4,2024-12-30 11:59:59.999000+00:00
2024-12-30 12:00:00+00:00,6.834,6.941,6.55,6.608,10479144.2,2024-12-30 15:59:59.999000+00:00
2024-12-30 16:00:00+00:00,6.608,6.892,6.532,6.851,6076654.6,2024-12-30 19:59:59.999000+00:00
2024-12-30 20:00:00+00:00,6.852,6.94,6.61,6.701,5640828.5,2024-12-30 23:59:59.999000+00:00
2024-12-31 00:00:00+00:00,6.701,6.702,6.584,6.602,3148592.6,2024-12-31 03:59:59.999000+00:00
2024-12-31 04:00:00+00:00,6.602,6.648,6.56,6.605,2583589.1,2024-12-31 07:59:59.999000+00:00
2024-12-31 08:00:00+00:00,6.605,6.811,6.6,6.7,4693853.5,2024-12-31 11:59:59.999000+00:00
2024-12-31 12:00:00+00:00,6.7,6.927,6.697,6.842,5059692.3,2024-12-31 15:59:59.999000+00:00
2024-12-31 16:00:00+00:00,6.842,6.854,6.619,6.695,5142690.3,2024-12-31 19:59:59.999000+00:00
2024-12-31 20:00:00+00:00,6.694,6.718,6.613,6.637,2004241.9,2024-12-31 23:59:59.999000+00:00
2025-01-01 00:00:00+00:00,6.637,6.75,6.627,6.657,2386636.0,2025-01-01 03:59:59.999000+00:00
2025-01-01 04:00:00+00:00,6.657,6.684,6.62,6.645,1409975.8,2025-01-01 07:59:59.999000+00:00
2025-01-01 08:00:00+00:00,6.644,6.66,6.515,6.618,3307225.5,2025-01-01 11:59:59.999000+00:00
2025-01-01 12:00:00+00:00,6.617,6.805,6.612,6.796,4348816.9,2025-01-01 15:59:59.999000+00:00
2025-01-01 16:00:00+00:00,6.796,7.038,6.722,6.994,8404724.8,2025-01-01 19:59:59.999000+00:00
2025-01-01 20:00:00+00:00,6.995,7.14,6.995,7.052,6137098.3,2025-01-01 23:59:59.999000+00:00
2025-01-02 00:00:00+00:00,7.052,7.226,7.05,7.163,5362337.5,2025-01-02 03:59:59.999000+00:00
2025-01-02 04:00:00+00:00,7.163,7.27,7.124,7.224,3881279.3,2025-01-02 07:59:59.999000+00:00
2025-01-02 08:00:00+00:00,7.225,7.358,7.172,7.292,4492185.8,2025-01-02 11:59:59.999000+00:00
2025-01-02 12:00:00+00:00,7.293,7.333,7.159,7.188,6024762.0,2025-01-02 15:59:59.999000+00:00
2025-01-02 16:00:00+00:00,7.188,7.25,7.106,7.156,3101524.4,2025-01-02 19:59:59.999000+00:00
2025-01-02 20:00:00+00:00,7.157,7.204,7.102,7.175,2261685.1,2025-01-02 23:59:59.999000+00:00
2025-01-03 00:00:00+00:00,7.175,7.347,7.132,7.325,3448522.7,2025-01-03 03:59:59.999000+00:00
2025-01-03 04:00:00+00:00,7.324,7.336,7.192,7.219,3580342.2,2025-01-03 07:59:59.999000+00:00
2025-01-03 08:00:00+00:00,7.219,7.792,7.219,7.687,10918715.9,2025-01-03 11:59:59.999000+00:00
2025-01-03 12:00:00+00:00,7.687,7.937,7.682,7.866,9068389.4,2025-01-03 15:59:59.999000+00:00
2025-01-03 16:00:00+00:00,7.867,7.994,7.747,7.755,7544634.9,2025-01-03 19:59:59.999000+00:00
2025-01-03 20:00:00+00:00,7.754,7.771,7.637,7.749,4265180.9,2025-01-03 23:59:59.999000+00:00
2025-01-04 00:00:00+00:00,7.75,7.846,7.631,7.768,4369081.5,2025-01-04 03:59:59.999000+00:00
2025-01-04 04:00:00+00:00,7.769,7.817,7.686,7.753,2403398.7,2025-01-04 07:59:59.999000+00:00
2025-01-04 08:00:00+00:00,7.754,7.76,7.633,7.688,2685050.7,2025-01-04 11:59:59.999000+00:00
2025-01-04 12:00:00+00:00,7.688,7.88,7.603,7.685,6607668.5,2025-01-04 15:59:59.999000+00:00
2025-01-04 16:00:00+00:00,7.685,7.753,7.656,7.682,3153445.9,2025-01-04 19:59:59.999000+00:00
2025-01-04 20:00:00+00:00,7.682,7.739,7.643,7.676,2024419.7,2025-01-04 23:59:59.999000+00:00
2025-01-05 00:00:00+00:00,7.675,7.709,7.567,7.61,2628956.2,2025-01-05 03:59:59.999000+00:00
2025-01-05 04:00:00+00:00,7.61,7.733,7.594,7.652,2179648.8,2025-01-05 07:59:59.999000+00:00
2025-01-05 08:00:00+00:00,7.652,7.663,7.502,7.545,3243429.4,2025-01-05 11:59:59.999000+00:00
2025-01-05 12:00:00+00:00,7.544,7.61,7.457,7.569,4277101.5,2025-01-05 15:59:59.999000+00:00
2025-01-05 16:00:00+00:00,7.57,7.648,7.531,7.61,2485400.2,2025-01-05 19:59:59.999000+00:00
2025-01-05 20:00:00+00:00,7.609,7.726,7.571,7.67,3295579.1,2025-01-05 23:59:59.999000+00:00
2025-01-06 00:00:00+00:00,7.671,7.826,7.536,7.811,5497484.7,2025-01-06 03:59:59.999000+00:00
2025-01-06 04:00:00+00:00,7.812,7.835,7.668,7.704,3769609.2,2025-01-06 07:59:59.999000+00:00
2025-01-06 08:00:00+00:00,7.705,7.762,7.582,7.705,4342550.8,2025-01-06 11:59:59.999000+00:00
2025-01-06 12:00:00+00:00,7.704,7.879,7.596,7.879,6974423.2,2025-01-06 15:59:59.999000+00:00
2025-01-06 16:00:00+00:00,7.879,7.989,7.69,7.808,6640333.8,2025-01-06 19:59:59.999000+00:00
2025-01-06 20:00:00+00:00,7.808,7.839,7.682,7.768,3212677.0,2025-01-06 23:59:59.999000+00:00
2025-01-07 00:00:00+00:00,7.768,7.789,7.648,7.712,3164496.5,2025-01-07 03:59:59.999000+00:00
2025-01-07 04:00:00+00:00,7.711,7.849,7.656,7.768,3129354.6,2025-01-07 07:59:59.999000+00:00
2025-01-07 08:00:00+00:00,7.768,7.888,7.648,7.722,5142005.2,2025-01-07 11:59:59.999000+00:00
2025-01-07 12:00:00+00:00,7.723,7.861,7.178,7.3,21444022.5,2025-01-07 15:59:59.999000+00:00
2025-01-07 16:00:00+00:00,7.3,7.392,7.042,7.094,10964886.4,2025-01-07 19:59:59.999000+00:00
2025-01-07 20:00:00+00:00,7.095,7.159,7.002,7.008,5938221.4,2025-01-07 23:59:59.999000+00:00
2025-01-08 00:00:00+00:00,7.009,7.131,6.863,6.941,8050662.2,2025-01-08 03:59:59.999000+00:00
2025-01-08 04:00:00+00:00,6.941,6.963,6.707,6.865,8184107.4,2025-01-08 07:59:59.999000+00:00
2025-01-08 08:00:00+00:00,6.865,7.006,6.792,6.868,7143350.6,2025-01-08 11:59:59.999000+00:00
2025-01-08 12:00:00+00:00,6.868,6.939,6.767,6.846,6771450.7,2025-01-08 15:59:59.999000+00:00
2025-01-08 16:00:00+00:00,6.846,6.853,6.415,6.645,15512971.4,2025-01-08 19:59:59.999000+00:00
2025-01-08 20:00:00+00:00,6.644,6.789,6.599,6.755,4415448.1,2025-01-08 23:59:59.999000+00:00
2025-01-09 00:00:00+00:00,6.754,6.841,6.675,6.725,4447379.6,2025-01-09 03:59:59.999000+00:00
2025-01-09 04:00:00+00:00,6.724,6.763,6.555,6.572,3759182.9,2025-01-09 07:59:59.999000+00:00
2025-01-09 08:00:00+00:00,6.572,6.715,6.547,6.683,5152182.1,2025-01-09 11:59:59.999000+00:00
2025-01-09 12:00:00+00:00,6.683,6.837,6.46,6.789,9656245.0,2025-01-09 15:59:59.999000+00:00
2025-01-09 16:00:00+00:00,6.789,6.829,6.523,6.534,6136532.2,2025-01-09 19:59:59.999000+00:00
2025-01-09 20:00:00+00:00,6.534,6.614,6.448,6.553,4905692.7,2025-01-09 23:59:59.999000+00:00
2025-01-10 00:00:00+00:00,6.553,6.66,6.537,6.623,2888412.2,2025-01-10 03:59:59.999000+00:00
2025-01-10 04:00:00+00:00,6.623,6.805,6.578,6.757,3467390.9,2025-01-10 07:59:59.999000+00:00
2025-01-10 08:00:00+00:00,6.756,6.791,6.675,6.723,3459356.9,2025-01-10 11:59:59.999000+00:00
2025-01-10 12:00:00+00:00,6.723,6.789,6.476,6.629,11772700.3,2025-01-10 15:59:59.999000+00:00
2025-01-10 16:00:00+00:00,6.629,6.808,6.552,6.768,4762714.5,2025-01-10 19:59:59.999000+00:00
2025-01-10 20:00:00+00:00,6.768,6.781,6.698,6.727,2001108.6,2025-01-10 23:59:59.999000+00:00
2025-01-11 00:00:00+00:00,6.728,6.769,6.644,6.658,1990602.8,2025-01-11 03:59:59.999000+00:00
2025-01-11 04:00:00+00:00,6.658,6.699,6.614,6.637,1479496.6,2025-01-11 07:59:59.999000+00:00
2025-01-11 08:00:00+00:00,6.637,6.727,6.591,6.702,1805407.9,2025-01-11 11:59:59.999000+00:00
2025-01-11 12:00:00+00:00,6.702,6.715,6.61,6.635,1811389.0,2025-01-11 15:59:59.999000+00:00
2025-01-11 16:00:00+00:00,6.635,6.666,6.582,6.636,2077518.1,2025-01-11 19:59:59.999000+00:00
2025-01-11 20:00:00+00:00,6.637,6.877,6.626,6.738,3698584.2,2025-01-11 23:59:59.999000+00:00
2025-01-12 00:00:00+00:00,6.738,6.817,6.707,6.779,2103257.4,2025-01-12 03:59:59.999000+00:00
2025-01-12 04:00:00+00:00,6.779,6.785,6.657,6.721,1711661.1,2025-01-12 07:59:59.999000+00:00
2025-01-12 08:00:00+00:00,6.721,6.751,6.609,6.675,2146883.8,2025-01-12 11:59:59.999000+00:00
2025-01-12 12:00:00+00:00,6.675,6.759,6.641,6.734,2204469.9,2025-01-12 15:59:59.999000+00:00
2025-01-12 16:00:00+00:00,6.733,6.763,6.672,6.694,1732698.3,2025-01-12 19:59:59.999000+00:00
2025-01-12 20:00:00+00:00,6.694,6.709,6.54,6.629,2710252.2,2025-01-12 23:59:59.999000+00:00
2025-01-13 00:00:00+00:00,6.629,6.808,6.418,6.449,8698336.9,2025-01-13 03:59:59.999000+00:00
2025-01-13 04:00:00+00:00,6.448,6.558,6.337,6.403,5549180.6,2025-01-13 07:59:59.999000+00:00
2025-01-13 08:00:00+00:00,6.403,6.412,6.054,6.057,9792030.3,2025-01-13 11:59:59.999000+00:00
2025-01-13 12:00:00+00:00,6.056,6.347,5.97,6.282,12685685.9,2025-01-13 15:59:59.999000+00:00
2025-01-13 16:00:00+00:00,6.282,6.315,6.116,6.193,5113639.8,2025-01-13 19:59:59.999000+00:00
2025-01-13 20:00:00+00:00,6.192,6.476,6.153,6.392,5025510.1,2025-01-13 23:59:59.999000+00:00
2025-01-14 00:00:00+00:00,6.391,6.459,6.364,6.408,3334678.0,2025-01-14 03:59:59.999000+00:00
2025-01-14 04:00:00+00:00,6.409,6.496,6.396,6.399,2764245.6,2025-01-14 07:59:59.999000+00:00
2025-01-14 08:00:00+00:00,6.398,6.585,6.398,6.466,4847952.7,2025-01-14 11:59:59.999000+00:00
2025-01-14 12:00:00+00:00,6.465,6.57,6.391,6.518,7273651.9,2025-01-14 15:59:59.999000+00:00
2025-01-14 16:00:00+00:00,6.519,6.678,6.462,6.624,3863751.9,2025-01-14 19:59:59.999000+00:00
2025-01-14 20:00:00+00:00,6.623,6.685,6.565,6.665,2755519.1,2025-01-14 23:59:59.999000+00:00
2025-01-15 00:00:00+00:00,6.665,6.736,6.61,6.7,4358034.4,2025-01-15 03:59:59.999000+00:00
2025-01-15 04:00:00+00:00,6.701,6.8,6.635,6.773,2872363.1,2025-01-15 07:59:59.999000+00:00
2025-01-15 08:00:00+00:00,6.773,6.835,6.557,6.589,5466925.3,2025-01-15 11:59:59.999000+00:00
2025-01-15 12:00:00+00:00,6.59,7.064,6.554,7.015,13234675.6,2025-01-15 15:59:59.999000+00:00
2025-01-15 16:00:00+00:00,7.016,7.095,6.874,7.023,6260220.6,2025-01-15 19:59:59.999000+00:00
2025-01-15 20:00:00+00:00,7.024,7.194,6.961,7.161,5777438.6,2025-01-15 23:59:59.999000+00:00
2025-01-16 00:00:00+00:00,7.16,7.191,6.986,7.06,4981268.8,2025-01-16 03:59:59.999000+00:00
2025-01-16 04:00:00+00:00,7.06,7.085,7.011,7.014,2232703.8,2025-01-16 07:59:59.999000+00:00
2025-01-16 08:00:00+00:00,7.013,7.088,6.843,7.078,7310732.0,2025-01-16 11:59:59.999000+00:00
2025-01-16 12:00:00+00:00,7.077,7.389,6.982,7.235,16359748.1,2025-01-16 15:59:59.999000+00:00
2025-01-16 16:00:00+00:00,7.236,7.353,7.205,7.325,5494659.1,2025-01-16 19:59:59.999000+00:00
2025-01-16 20:00:00+00:00,7.326,7.35,7.093,7.149,3404881.2,2025-01-16 23:59:59.999000+00:00
2025-01-17 00:00:00+00:00,7.15,7.409,7.149,7.288,4206154.8,2025-01-17 03:59:59.999000+00:00
2025-01-17 04:00:00+00:00,7.287,7.407,7.246,7.325,3507236.8,2025-01-17 07:59:59.999000+00:00
2025-01-17 08:00:00+00:00,7.325,7.441,7.285,7.394,5067004.2,2025-01-17 11:59:59.999000+00:00
2025-01-17 12:00:00+00:00,7.394,7.445,7.286,7.405,6461164.1,2025-01-17 15:59:59.999000+00:00
2025-01-17 16:00:00+00:00,7.406,7.502,7.355,7.477,5456260.3,2025-01-17 19:59:59.999000+00:00
2025-01-17 20:00:00+00:00,7.478,7.598,7.463,7.502,5328989.9,2025-01-17 23:59:59.999000+00:00
2025-01-18 00:00:00+00:00,7.502,7.587,7.236,7.284,6267980.4,2025-01-18 03:59:59.999000+00:00
2025-01-18 04:00:00+00:00,7.284,7.318,6.98,7.037,9362851.6,2025-01-18 07:59:59.999000+00:00
2025-01-18 08:00:00+00:00,7.036,7.11,6.922,7.09,5792225.2,2025-01-18 11:59:59.999000+00:00
2025-01-18 12:00:00+00:00,7.09,7.122,6.962,7.008,4907079.2,2025-01-18 15:59:59.999000+00:00
2025-01-18 16:00:00+00:00,7.009,7.028,6.831,6.977,7342079.8,2025-01-18 19:59:59.999000+00:00
2025-01-18 20:00:00+00:00,6.977,7.055,6.871,7.039,3063641.4,2025-01-18 23:59:59.999000+00:00
2025-01-19 00:00:00+00:00,7.039,7.234,7.007,7.04,5025586.6,2025-01-19 03:59:59.999000+00:00
2025-01-19 04:00:00+00:00,7.039,7.051,6.76,6.794,6707102.5,2025-01-19 07:59:59.999000+00:00
2025-01-19 08:00:00+00:00,6.794,6.794,6.411,6.46,15648343.4,2025-01-19 11:59:59.999000+00:00
2025-01-19 12:00:00+00:00,6.461,6.9,6.448,6.814,10431682.6,2025-01-19 15:59:59.999000+00:00
2025-01-19 16:00:00+00:00,6.814,6.905,6.758,6.828,5394617.6,2025-01-19 19:59:59.999000+00:00
2025-01-19 20:00:00+00:00,6.828,6.845,6.1,6.242,24530431.0,2025-01-19 23:59:59.999000+00:00
2025-01-20 00:00:00+00:00,6.242,6.369,6.05,6.3,22110984.0,2025-01-20 03:59:59.999000+00:00
2025-01-20 04:00:00+00:00,6.3,7.152,6.223,6.772,18142403.2,2025-01-20 07:59:59.999000+00:00
2025-01-20 08:00:00+00:00,6.772,6.869,6.603,6.693,6804220.1,2025-01-20 11:59:59.999000+00:00
2025-01-20 12:00:00+00:00,6.693,6.699,6.421,6.502,10525941.6,2025-01-20 15:59:59.999000+00:00
2025-01-20 16:00:00+00:00,6.503,6.61,6.152,6.433,18474819.6,2025-01-20 19:59:59.999000+00:00
2025-01-20 20:00:00+00:00,6.432,6.48,6.282,6.377,4323215.7,2025-01-20 23:59:59.999000+00:00
2025-01-21 00:00:00+00:00,6.378,6.402,6.191,6.278,6558266.4,2025-01-21 03:59:59.999000+00:00
2025-01-21 04:00:00+00:00,6.277,6.354,6.15,6.313,4050589.7,2025-01-21 07:59:59.999000+00:00
2025-01-21 08:00:00+00:00,6.314,6.539,6.277,6.519,5407119.2,2025-01-21 11:59:59.999000+00:00
2025-01-21 12:00:00+00:00,6.52,6.61,6.474,6.565,5463217.0,2025-01-21 15:59:59.999000+00:00
2025-01-21 16:00:00+00:00,6.565,6.845,6.545,6.718,7137663.0,2025-01-21 19:59:59.999000+00:00
2025-01-21 20:00:00+00:00,6.717,6.762,6.599,6.624,3869378.1,2025-01-21 23:59:59.999000+00:00
2025-01-22 00:00:00+00:00,6.624,6.698,6.559,6.61,3630619.3,2025-01-22 03:59:59.999000+00:00
2025-01-22 04:00:00+00:00,6.61,6.629,6.555,6.585,2280090.6,2025-01-22 07:59:59.999000+00:00
2025-01-22 08:00:00+00:00,6.585,6.639,6.49,6.625,3398903.5,2025-01-22 11:59:59.999000+00:00
2025-01-22 12:00:00+00:00,6.626,6.655,6.483,6.518,3925308.4,2025-01-22 15:59:59.999000+00:00
2025-01-22 16:00:00+00:00,6.518,6.601,6.455,6.523,3318655.5,2025-01-22 19:59:59.999000+00:00
2025-01-22 20:00:00+00:00,6.523,6.559,6.41,6.447,2303804.2,2025-01-22 23:59:59.999000+00:00
2025-01-23 00:00:00+00:00,6.446,6.473,6.291,6.355,3576778.7,2025-01-23 03:59:59.999000+00:00
2025-01-23 04:00:00+00:00,6.355,6.366,6.274,6.36,2926463.1,2025-01-23 07:59:59.999000+00:00
2025-01-23 08:00:00+00:00,6.36,6.376,6.238,6.309,3414244.6,2025-01-23 11:59:59.999000+00:00
2025-01-23 12:00:00+00:00,6.31,6.481,6.241,6.402,8353647.8,2025-01-23 15:59:59.999000+00:00
2025-01-23 16:00:00+00:00,6.403,6.502,6.206,6.229,5538568.7,2025-01-23 19:59:59.999000+00:00
2025-01-23 20:00:00+00:00,6.228,6.414,6.191,6.35,7643502.8,2025-01-23 23:59:59.999000+00:00
2025-01-24 00:00:00+00:00,6.349,6.37,6.196,6.279,4209872.5,2025-01-24 03:59:59.999000+00:00
2025-01-24 04:00:00+00:00,6.279,6.503,6.256,6.419,3621726.1,2025-01-24 07:59:59.999000+00:00
2025-01-24 08:00:00+00:00,6.418,6.497,6.396,6.461,2930177.2,2025-01-24 11:59:59.999000+00:00
2025-01-24 12:00:00+00:00,6.46,6.545,6.409,6.466,4512322.7,2025-01-24 15:59:59.999000+00:00
2025-01-24 16:00:00+00:00,6.465,6.502,6.407,6.43,3059382.7,2025-01-24 19:59:59.999000+00:00
2025-01-24 20:00:00+00:00,6.43,6.452,6.279,6.317,3511752.7,2025-01-24 23:59:59.999000+00:00
2025-01-25 00:00:00+00:00,6.318,6.386,6.241,6.379,3668746.7,2025-01-25 03:59:59.999000+00:00
2025-01-25 04:00:00+00:00,6.379,6.38,6.287,6.294,2983038.3,2025-01-25 07:59:59.999000+00:00
2025-01-25 08:00:00+00:00,6.294,6.333,6.257,6.324,1606193.3,2025-01-25 11:59:59.999000+00:00
2025-01-25 12:00:00+00:00,6.324,6.379,6.278,6.365,2722077.6,2025-01-25 15:59:59.999000+00:00
2025-01-25 16:00:00+00:00,6.364,6.407,6.338,6.358,1957393.0,2025-01-25 19:59:59.999000+00:00
2025-01-25 20:00:00+00:00,6.357,6.394,6.311,6.321,1559416.8,2025-01-25 23:59:59.999000+00:00
2025-01-26 00:00:00+00:00,6.321,6.35,6.26,6.325,2711859.4,2025-01-26 03:59:59.999000+00:00
2025-01-26 04:00:00+00:00,6.324,6.392,6.316,6.357,1771076.4,2025-01-26 07:59:59.999000+00:00
2025-01-26 08:00:00+00:00,6.356,6.383,6.274,6.369,2907486.5,2025-01-26 11:59:59.999000+00:00
2025-01-26 12:00:00+00:00,6.369,6.389,6.333,6.352,1967304.7,2025-01-26 15:59:59.999000+00:00
2025-01-26 16:00:00+00:00,6.353,6.461,6.318,6.449,2820127.6,2025-01-26 19:59:59.999000+00:00
2025-01-26 20:00:00+00:00,6.449,6.469,6.16,6.172,6124304.7,2025-01-26 23:59:59.999000+00:00
2025-01-27 00:00:00+00:00,6.172,6.209,5.877,5.982,11997926.2,2025-01-27 03:59:59.999000+00:00
2025-01-27 04:00:00+00:00,5.982,5.982,5.477,5.702,15154200.8,2025-01-27 07:59:59.999000+00:00
2025-01-27 08:00:00+00:00,5.702,5.727,5.57,5.632,7012660.4,2025-01-27 11:59:59.999000+00:00
2025-01-27 12:00:00+00:00,5.632,5.9,5.592,5.839,8438987.6,2025-01-27 15:59:59.999000+00:00
2025-01-27 16:00:00+00:00,5.84,5.859,5.681,5.754,4525303.0,2025-01-27 19:59:59.999000+00:00
2025-01-27 20:00:00+00:00,5.754,6.016,5.754,5.949,4952144.2,2025-01-27 23:59:59.999000+00:00
2025-01-28 00:00:00+00:00,5.949,5.999,5.874,5.968,2706922.3,2025-01-28 03:59:59.999000+00:00
2025-01-28 04:00:00+00:00,5.968,6.034,5.913,5.93,2945995.7,2025-01-28 07:59:59.999000+00:00
2025-01-28 08:00:00+00:00,5.93,5.971,5.885,5.921,3396601.9,2025-01-28 11:59:59.999000+00:00
2025-01-28 12:00:00+00:00,5.922,5.953,5.813,5.896,4408491.5,2025-01-28 15:59:59.999000+00:00
2025-01-28 16:00:00+00:00,5.896,5.903,5.744,5.803,4044748.7,2025-01-28 19:59:59.999000+00:00
2025-01-28 20:00:00+00:00,5.803,5.825,5.596,5.646,4604694.7,2025-01-28 23:59:59.999000+00:00
2025-01-29 00:00:00+00:00,5.645,5.799,5.63,5.773,2502066.9,2025-01-29 03:59:59.999000+00:00
2025-01-29 04:00:00+00:00,5.774,5.846,5.754,5.833,1788504.1,2025-01-29 07:59:59.999000+00:00
2025-01-29 08:00:00+00:00,5.832,5.849,5.7,5.735,2868581.4,2025-01-29 11:59:59.999000+00:00
2025-01-29 12:00:00+00:00,5.735,5.744,5.598,5.644,3910736.0,2025-01-29 15:59:59.999000+00:00
2025-01-29 16:00:00+00:00,5.644,5.823,5.539,5.751,8592540.2,2025-01-29 19:59:59.999000+00:00
2025-01-29 20:00:00+00:00,5.75,5.878,5.67,5.762,6511902.3,2025-01-29 23:59:59.999000+00:00
2025-01-30 00:00:00+00:00,5.762,5.958,5.716,5.951,3627000.1,2025-01-30 03:59:59.999000+00:00
2025-01-30 04:00:00+00:00,5.951,5.985,5.893,5.92,2318791.2,2025-01-30 07:59:59.999000+00:00
2025-01-30 08:00:00+00:00,5.919,6.01,5.892,6.004,2339072.7,2025-01-30 11:59:59.999000+00:00
2025-01-30 12:00:00+00:00,6.004,6.254,5.98,6.215,7698987.8,2025-01-30 15:59:59.999000+00:00
2025-01-30 16:00:00+00:00,6.215,6.249,6.13,6.177,3589036.9,2025-01-30 19:59:59.999000+00:00
2025-01-30 20:00:00+00:00,6.177,6.207,6.108,6.123,2249516.3,2025-01-30 23:59:59.999000+00:00
2025-01-31 00:00:00+00:00,6.123,6.18,6.026,6.061,3086548.7,2025-01-31 03:59:59.999000+00:00
2025-01-31 04:00:00+00:00,6.061,6.311,6.028,6.211,3951863.6,2025-01-31 07:59:59.999000+00:00
2025-01-31 08:00:00+00:00,6.211,6.306,6.132,6.297,4232006.7,2025-01-31 11:59:59.999000+00:00
2025-01-31 12:00:00+00:00,6.297,6.485,6.287,6.469,5899315.0,2025-01-31 15:59:59.999000+00:00
2025-01-31 16:00:00+00:00,6.468,6.498,6.235,6.262,6107334.3,2025-01-31 19:59:59.999000+00:00
2025-01-31 20:00:00+00:00,6.262,6.451,6.191,6.318,15924617.4,2025-01-31 23:59:59.999000+00:00
2025-02-01 00:00:00+00:00,6.318,6.441,6.289,6.397,4427397.5,2025-02-01 03:59:59.999000+00:00
2025-02-01 04:00:00+00:00,6.398,6.491,6.34,6.408,3837946.4,2025-02-01 07:59:59.999000+00:00
2025-02-01 08:00:00+00:00,6.408,6.429,6.241,6.395,6137596.1,2025-02-01 11:59:59.999000+00:00
2025-02-01 12:00:00+00:00,6.395,6.41,6.178,6.229,4305460.0,2025-02-01 15:59:59.999000+00:00
2025-02-01 16:00:00+00:00,6.23,6.261,6.051,6.089,4840394.4,2025-02-01 19:59:59.999000+00:00
2025-02-01 20:00:00+00:00,6.089,6.091,5.856,5.904,6953222.8,2025-02-01 23:59:59.999000+00:00
2025-02-02 00:00:00+00:00,5.904,6.044,5.704,5.715,6679968.0,2025-02-02 03:59:59.999000+00:00
2025-02-02 04:00:00+00:00,5.715,5.87,5.694,5.802,4321588.3,2025-02-02 07:59:59.999000+00:00
2025-02-02 08:00:00+00:00,5.801,5.91,5.603,5.624,5516651.9,2025-02-02 11:59:59.999000+00:00
2025-02-02 12:00:00+00:00,5.624,5.733,5.563,5.645,6537311.6,2025-02-02 15:59:59.999000+00:00
2025-02-02 16:00:00+00:00,5.644,5.646,5.075,5.291,23406397.3,2025-02-02 19:59:59.999000+00:00
2025-02-02 20:00:00+00:00,5.29,5.357,4.843,5.15,16588414.4,2025-02-02 23:59:59.999000+00:00
2025-02-03 00:00:00+00:00,5.15,5.153,3.805,4.336,54585526.5,2025-02-03 03:59:59.999000+00:00
2025-02-03 04:00:00+00:00,4.337,4.711,4.13,4.703,18953868.5,2025-02-03 07:59:59.999000+00:00
2025-02-03 08:00:00+00:00,4.703,4.781,4.508,4.684,13068163.8,2025-02-03 11:59:59.999000+00:00
2025-02-03 12:00:00+00:00,4.685,4.94,4.484,4.907,22430413.0,2025-02-03 15:59:59.999000+00:00
2025-02-03 16:00:00+00:00,4.907,5.176,4.863,5.166,10955951.6,2025-02-03 19:59:59.999000+00:00
2025-02-03 20:00:00+00:00,5.166,5.275,4.99,5.174,8489875.2,2025-02-03 23:59:59.999000+00:00
2025-02-04 00:00:00+00:00,5.175,5.225,4.992,5.029,5347777.0,2025-02-04 03:59:59.999000+00:00
2025-02-04 04:00:00+00:00,5.029,5.058,4.632,4.642,13613855.0,2025-02-04 07:59:59.999000+00:00
2025-02-04 08:00:00+00:00,4.643,4.889,4.627,4.773,8491033.0,2025-02-04 11:59:59.999000+00:00
2025-02-04 12:00:00+00:00,4.774,4.916,4.722,4.796,13096828.6,2025-02-04 15:59:59.999000+00:00
2025-02-04 16:00:00+00:00,4.797,4.943,4.745,4.746,8237475.8,2025-02-04 19:59:59.999000+00:00
2025-02-04 20:00:00+00:00,4.746,4.8,4.579,4.738,13816495.3,2025-02-04 23:59:59.999000+00:00
2025-02-05 00:00:00+00:00,4.739,4.797,4.69,4.741,4715156.3,2025-02-05 03:59:59.999000+00:00
2025-02-05 04:00:00+00:00,4.741,4.805,4.691,4.747,4063023.3,2025-02-05 07:59:59.999000+00:00
2025-02-05 08:00:00+00:00,4.746,4.827,4.694,4.823,4523484.1,2025-02-05 11:59:59.999000+00:00
2025-02-05 12:00:00+00:00,4.822,4.86,4.721,4.812,6442968.0,2025-02-05 15:59:59.999000+00:00
2025-02-05 16:00:00+00:00,4.811,4.827,4.625,4.763,7155749.2,2025-02-05 19:59:59.999000+00:00
2025-02-05 20:00:00+00:00,4.763,4.787,4.625,4.686,3764038.3,2025-02-05 23:59:59.999000+00:00
2025-02-06 00:00:00+00:00,4.685,4.778,4.663,4.75,3178487.7,2025-02-06 03:59:59.999000+00:00
2025-02-06 04:00:00+00:00,4.751,4.835,4.736,4.781,2362325.3,2025-02-06 07:59:59.999000+00:00
2025-02-06 08:00:00+00:00,4.78,4.821,4.711,4.751,3629576.4,2025-02-06 11:59:59.999000+00:00
2025-02-06 12:00:00+00:00,4.751,4.757,4.487,4.529,9765421.4,2025-02-06 15:59:59.999000+00:00
2025-02-06 16:00:00+00:00,4.529,4.595,4.467,4.499,7227778.0,2025-02-06 19:59:59.999000+00:00
2025-02-06 20:00:00+00:00,4.5,4.591,4.431,4.487,4440378.0,2025-02-06 23:59:59.999000+00:00
2025-02-07 00:00:00+00:00,4.487,4.627,4.482,4.581,3988572.6,2025-02-07 03:59:59.999000+00:00
2025-02-07 04:00:00+00:00,4.581,4.618,4.504,4.582,3350686.2,2025-02-07 07:59:59.999000+00:00
2025-02-07 08:00:00+00:00,4.581,4.725,4.561,4.712,3580123.6,2025-02-07 11:59:59.999000+00:00
2025-02-07 12:00:00+00:00,4.711,4.934,4.685,4.831,11548566.3,2025-02-07 15:59:59.999000+00:00
2025-02-07 16:00:00+00:00,4.832,4.836,4.664,4.678,7581070.1,2025-02-07 19:59:59.999000+00:00
2025-02-07 20:00:00+00:00,4.678,4.682,4.455,4.588,7518917.8,2025-02-07 23:59:59.999000+00:00
2025-02-08 00:00:00+00:00,4.588,4.65,4.552,4.569,3615300.0,2025-02-08 03:59:59.999000+00:00
2025-02-08 04:00:00+00:00,4.569,4.63,4.5,4.598,4155598.9,2025-02-08 07:59:59.999000+00:00
2025-02-08 08:00:00+00:00,4.599,4.615,4.504,4.533,2996274.8,2025-02-08 11:59:59.999000+00:00
2025-02-08 12:00:00+00:00,4.533,4.62,4.494,4.571,3577782.4,2025-02-08 15:59:59.999000+00:00
2025-02-08 16:00:00+00:00,4.571,4.677,4.546,4.664,3659049.1,2025-02-08 19:59:59.999000+00:00
2025-02-08 20:00:00+00:00,4.664,4.763,4.645,4.741,3149789.7,2025-02-08 23:59:59.999000+00:00
2025-02-09 00:00:00+00:00,4.741,4.843,4.71,4.828,3628878.9,2025-02-09 03:59:59.999000+00:00
2025-02-09 04:00:00+00:00,4.827,4.827,4.711,4.79,3706524.7,2025-02-09 07:59:59.999000+00:00
2025-02-09 08:00:00+00:00,4.791,4.873,4.755,4.793,4017898.9,2025-02-09 11:59:59.999000+00:00
2025-02-09 12:00:00+00:00,4.793,4.845,4.692,4.802,5260374.5,2025-02-09 15:59:59.999000+00:00
2025-02-09 16:00:00+00:00,4.802,4.848,4.711,4.724,2643723.1,2025-02-09 19:59:59.999000+00:00
2025-02-09 20:00:00+00:00,4.725,4.781,4.508,4.759,7865579.5,2025-02-09 23:59:59.999000+00:00
2025-02-10 00:00:00+00:00,4.758,4.883,4.604,4.78,7225280.1,2025-02-10 03:59:59.999000+00:00
2025-02-10 04:00:00+00:00,4.78,4.842,4.731,4.819,4916803.5,2025-02-10 07:59:59.999000+00:00
2025-02-10 08:00:00+00:00,4.819,4.885,4.797,4.842,3838736.8,2025-02-10 11:59:59.999000+00:00
2025-02-10 12:00:00+00:00,4.841,4.919,4.772,4.834,5514419.8,2025-02-10 15:59:59.999000+00:00
2025-02-10 16:00:00+00:00,4.834,4.912,4.82,4.86,3190179.5,2025-02-10 19:59:59.999000+00:00
2025-02-10 20:00:00+00:00,4.86,4.888,4.816,4.842,2173159.8,2025-02-10 23:59:59.999000+00:00
2025-02-11 00:00:00+00:00,4.842,4.987,4.84,4.981,4790226.1,2025-02-11 03:59:59.999000+00:00
2025-02-11 04:00:00+00:00,4.981,5.208,4.964,5.138,7679525.0,2025-02-11 07:59:59.999000+00:00
2025-02-11 08:00:00+00:00,5.137,5.182,5.03,5.089,4545745.9,2025-02-11 11:59:59.999000+00:00
2025-02-11 12:00:00+00:00,5.089,5.102,4.884,4.973,5866639.2,2025-02-11 15:59:59.999000+00:00
2025-02-11 16:00:00+00:00,4.974,5.005,4.745,4.764,6662780.9,2025-02-11 19:59:59.999000+00:00
2025-02-11 20:00:00+00:00,4.763,4.874,4.754,4.806,4489884.5,2025-02-11 23:59:59.999000+00:00
2025-02-12 00:00:00+00:00,4.805,4.869,4.781,4.815,4412264.3,2025-02-12 03:59:59.999000+00:00
2025-02-12 04:00:00+00:00,4.814,4.851,4.775,4.821,2235547.4,2025-02-12 07:59:59.999000+00:00
2025-02-12 08:00:00+00:00,4.821,4.992,4.812,4.953,4353499.9,2025-02-12 11:59:59.999000+00:00
2025-02-12 12:00:00+00:00,4.952,5.219,4.75,5.092,20197328.2,2025-02-12 15:59:59.999000+00:00
2025-02-12 16:00:00+00:00,5.093,5.326,5.01,5.281,10083499.3,2025-02-12 19:59:59.999000+00:00
2025-02-12 20:00:00+00:00,5.282,5.317,5.185,5.225,7693206.9,2025-02-12 23:59:59.999000+00:00
2025-02-13 00:00:00+00:00,5.226,5.275,5.182,5.213,3257287.6,2025-02-13 03:59:59.999000+00:00
2025-02-13 04:00:00+00:00,5.214,5.218,5.064,5.143,4158014.4,2025-02-13 07:59:59.999000+00:00
2025-02-13 08:00:00+00:00,5.144,5.192,5.089,5.154,3793504.9,2025-02-13 11:59:59.999000+00:00
2025-02-13 12:00:00+00:00,5.154,5.208,5.064,5.16,6398658.5,2025-02-13 15:59:59.999000+00:00
2025-02-13 16:00:00+00:00,5.16,5.195,5.076,5.134,3834137.4,2025-02-13 19:59:59.999000+00:00
2025-02-13 20:00:00+00:00,5.135,5.19,5.107,5.128,2368677.7,2025-02-13 23:59:59.999000+00:00
2025-02-14 00:00:00+00:00,5.129,5.242,5.095,5.228,2594337.7,2025-02-14 03:59:59.999000+00:00
2025-02-14 04:00:00+00:00,5.229,5.24,5.132,5.172,3965043.7,2025-02-14 07:59:59.999000+00:00
2025-02-14 08:00:00+00:00,5.172,5.293,5.171,5.222,4398584.8,2025-02-14 11:59:59.999000+00:00
2025-02-14 12:00:00+00:00,5.222,5.276,5.152,5.223,4317103.8,2025-02-14 15:59:59.999000+00:00
2025-02-14 16:00:00+00:00,5.224,5.373,5.184,5.286,6286694.2,2025-02-14 19:59:59.999000+00:00
2025-02-14 20:00:00+00:00,5.285,5.306,5.124,5.169,3852274.8,2025-02-14 23:59:59.999000+00:00
2025-02-15 00:00:00+00:00,5.168,5.217,5.112,5.184,2592167.4,2025-02-15 03:59:59.999000+00:00
2025-02-15 04:00:00+00:00,5.184,5.203,5.091,5.101,2602829.5,2025-02-15 07:59:59.999000+00:00
2025-02-15 08:00:00+00:00,5.1,5.124,5.029,5.056,4382064.0,2025-02-15 11:59:59.999000+00:00
2025-02-15 12:00:00+00:00,5.057,5.114,4.994,5.045,4080912.8,2025-02-15 15:59:59.999000+00:00
2025-02-15 16:00:00+00:00,5.046,5.121,5.009,5.057,3535163.1,2025-02-15 19:59:59.999000+00:00
2025-02-15 20:00:00+00:00,5.057,5.066,4.975,5.018,2588614.3,2025-02-15 23:59:59.999000+00:00
2025-02-16 00:00:00+00:00,5.018,5.044,4.941,4.973,2386225.5,2025-02-16 03:59:59.999000+00:00
2025-02-16 04:00:00+00:00,4.974,5.012,4.882,4.907,2747057.3,2025-02-16 07:59:59.999000+00:00
2025-02-16 08:00:00+00:00,4.907,5.018,4.896,5.011,3168581.7,2025-02-16 11:59:59.999000+00:00
2025-02-16 12:00:00+00:00,5.01,5.024,4.876,4.94,3586131.1,2025-02-16 15:59:59.999000+00:00
2025-02-16 16:00:00+00:00,4.94,4.956,4.822,4.892,4071217.8,2025-02-16 19:59:59.999000+00:00
2025-02-16 20:00:00+00:00,4.891,4.927,4.853,4.875,2410159.7,2025-02-16 23:59:59.999000+00:00
2025-02-17 00:00:00+00:00,4.876,4.953,4.872,4.893,2255215.2,2025-02-17 03:59:59.999000+00:00
2025-02-17 04:00:00+00:00,4.893,4.927,4.787,4.871,7018511.3,2025-02-17 07:59:59.999000+00:00
2025-02-17 08:00:00+00:00,4.871,4.983,4.853,4.949,3965589.0,2025-02-17 11:59:59.999000+00:00
2025-02-17 12:00:00+00:00,4.949,5.067,4.888,4.902,5360487.4,2025-02-17 15:59:59.999000+00:00
2025-02-17 16:00:00+00:00,4.901,4.942,4.771,4.86,6679824.1,2025-02-17 19:59:59.999000+00:00
2025-02-17 20:00:00+00:00,4.86,4.932,4.853,4.887,3746760.8,2025-02-17 23:59:59.999000+00:00
2025-02-18 00:00:00+00:00,4.887,4.912,4.838,4.902,2193237.9,2025-02-18 03:59:59.999000+00:00
2025-02-18 04:00:00+00:00,4.901,4.915,4.673,4.71,6433880.0,2025-02-18 07:59:59.999000+00:00
2025-02-18 08:00:00+00:00,4.71,4.804,4.667,4.765,8302629.4,2025-02-18 11:59:59.999000+00:00
2025-02-18 12:00:00+00:00,4.765,4.834,4.617,4.655,6861091.2,2025-02-18 15:59:59.999000+00:00
2025-02-18 16:00:00+00:00,4.655,4.697,4.557,4.669,7673045.0,2025-02-18 19:59:59.999000+00:00
2025-02-18 20:00:00+00:00,4.67,4.77,4.647,4.766,2574338.8,2025-02-18 23:59:59.999000+00:00
2025-02-19 00:00:00+00:00,4.766,4.794,4.703,4.777,2642660.3,2025-02-19 03:59:59.999000+00:00
2025-02-19 04:00:00+00:00,4.777,4.824,4.695,4.793,2784404.7,2025-02-19 07:59:59.999000+00:00
2025-02-19 08:00:00+00:00,4.793,4.845,4.755,4.834,2788275.8,2025-02-19 11:59:59.999000+00:00
2025-02-19 12:00:00+00:00,4.835,4.892,4.782,4.824,5929221.4,2025-02-19 15:59:59.999000+00:00
2025-02-19 16:00:00+00:00,4.824,4.887,4.801,4.865,3109574.9,2025-02-19 19:59:59.999000+00:00
2025-02-19 20:00:00+00:00,4.865,4.903,4.82,4.881,2492010.2,2025-02-19 23:59:59.999000+00:00
2025-02-20 00:00:00+00:00,4.882,5.0,4.876,4.974,5928828.6,2025-02-20 03:59:59.999000+00:00
2025-02-20 04:00:00+00:00,4.975,5.038,4.936,4.937,3491740.3,2025-02-20 07:59:59.999000+00:00
2025-02-20 08:00:00+00:00,4.937,4.993,4.924,4.963,2387523.8,2025-02-20 11:59:59.999000+00:00
2025-02-20 12:00:00+00:00,4.963,5.033,4.915,4.924,5373436.7,2025-02-20 15:59:59.999000+00:00
2025-02-20 16:00:00+00:00,4.925,5.063,4.916,5.04,3654225.7,2025-02-20 19:59:59.999000+00:00
2025-02-20 20:00:00+00:00,5.041,5.066,5.01,5.044,2793374.6,2025-02-20 23:59:59.999000+00:00
2025-02-21 00:00:00+00:00,5.045,5.061,5.022,5.027,1907707.0,2025-02-21 03:59:59.999000+00:00
2025-02-21 04:00:00+00:00,5.028,5.094,5.026,5.038,2884720.4,2025-02-21 07:59:59.999000+00:00
2025-02-21 08:00:00+00:00,5.039,5.18,5.031,5.156,4141868.7,2025-02-21 11:59:59.999000+00:00
2025-02-21 12:00:00+00:00,5.155,5.337,5.093,5.204,12674621.5,2025-02-21 15:59:59.999000+00:00
2025-02-21 16:00:00+00:00,5.204,5.295,4.947,4.981,12663451.2,2025-02-21 19:59:59.999000+00:00
2025-02-21 20:00:00+00:00,4.981,5.116,4.97,5.058,4675007.6,2025-02-21 23:59:59.999000+00:00
2025-02-22 00:00:00+00:00,5.058,5.212,5.039,5.136,4605876.0,2025-02-22 03:59:59.999000+00:00
2025-02-22 04:00:00+00:00,5.136,5.197,5.074,5.092,3678164.3,2025-02-22 07:59:59.999000+00:00
2025-02-22 08:00:00+00:00,5.093,5.123,5.07,5.091,2350299.1,2025-02-22 11:59:59.999000+00:00
2025-02-22 12:00:00+00:00,5.09,5.132,5.022,5.065,6893743.1,2025-02-22 15:59:59.999000+00:00
2025-02-22 16:00:00+00:00,5.065,5.142,5.065,5.091,4014048.6,2025-02-22 19:59:59.999000+00:00
2025-02-22 20:00:00+00:00,5.091,5.092,5.029,5.041,1909929.9,2025-02-22 23:59:59.999000+00:00
2025-02-23 00:00:00+00:00,5.04,5.129,5.029,5.06,2832968.3,2025-02-23 03:59:59.999000+00:00
2025-02-23 04:00:00+00:00,5.059,5.111,5.03,5.101,1804524.8,2025-02-23 07:59:59.999000+00:00
2025-02-23 08:00:00+00:00,5.1,5.115,5.008,5.009,2564989.9,2025-02-23 11:59:59.999000+00:00
2025-02-23 12:00:00+00:00,5.008,5.032,4.943,4.95,3568968.0,2025-02-23 15:59:59.999000+00:00
2025-02-23 16:00:00+00:00,4.951,4.992,4.925,4.936,2487627.4,2025-02-23 19:59:59.999000+00:00
2025-02-23 20:00:00+00:00,4.936,4.975,4.902,4.951,2418847.0,2025-02-23 23:59:59.999000+00:00
2025-02-24 00:00:00+00:00,4.951,4.978,4.781,4.79,4882635.3,2025-02-24 03:59:59.999000+00:00
2025-02-24 04:00:00+00:00,4.79,4.83,4.737,4.797,4845628.5,2025-02-24 07:59:59.999000+00:00
2025-02-24 08:00:00+00:00,4.796,4.797,4.657,4.728,7016845.7,2025-02-24 11:59:59.999000+00:00
2025-02-24 12:00:00+00:00,4.728,4.757,4.601,4.664,6330018.5,2025-02-24 15:59:59.999000+00:00
2025-02-24 16:00:00+00:00,4.664,4.707,4.575,4.617,4447859.5,2025-02-24 19:59:59.999000+00:00
2025-02-24 20:00:00+00:00,4.618,4.674,4.328,4.412,12113573.5,2025-02-24 23:59:59.999000+00:00
2025-02-25 00:00:00+00:00,4.412,4.462,4.297,4.39,8746706.8,2025-02-25 03:59:59.999000+00:00
2025-02-25 04:00:00+00:00,4.391,4.424,4.133,4.259,14517646.5,2025-02-25 07:59:59.999000+00:00
2025-02-25 08:00:00+00:00,4.261,4.41,4.184,4.405,10791775.0,2025-02-25 11:59:59.999000+00:00
2025-02-25 12:00:00+00:00,4.405,4.515,4.323,4.426,18043110.7,2025-02-25 15:59:59.999000+00:00
2025-02-25 16:00:00+00:00,4.427,4.634,4.368,4.631,8711898.1,2025-02-25 19:59:59.999000+00:00
2025-02-25 20:00:00+00:00,4.632,4.755,4.608,4.638,8370813.7,2025-02-25 23:59:59.999000+00:00
2025-02-26 00:00:00+00:00,4.638,4.744,4.59,4.704,4245230.8,2025-02-26 03:59:59.999000+00:00
2025-02-26 04:00:00+00:00,4.705,4.798,4.683,4.763,5041222.0,2025-02-26 07:59:59.999000+00:00
2025-02-26 08:00:00+00:00,4.763,4.87,4.717,4.802,5227329.9,2025-02-26 11:59:59.999000+00:00
2025-02-26 12:00:00+00:00,4.802,4.902,4.68,4.844,10941724.2,2025-02-26 15:59:59.999000+00:00
2025-02-26 16:00:00+00:00,4.845,4.93,4.645,4.687,11741493.9,2025-02-26 19:59:59.999000+00:00
2025-02-26 20:00:00+00:00,4.687,4.865,4.614,4.753,7461793.3,2025-02-26 23:59:59.999000+00:00
2025-02-27 00:00:00+00:00,4.753,4.908,4.712,4.849,5799254.0,2025-02-27 03:59:59.999000+00:00
2025-02-27 04:00:00+00:00,4.849,5.034,4.805,4.997,4988191.3,2025-02-27 07:59:59.999000+00:00
2025-02-27 08:00:00+00:00,4.997,5.183,4.968,5.066,8291681.2,2025-02-27 11:59:59.999000+00:00
2025-02-27 12:00:00+00:00,5.066,5.167,5.025,5.083,10862236.9,2025-02-27 15:59:59.999000+00:00
2025-02-27 16:00:00+00:00,5.083,5.11,4.903,4.921,6978958.1,2025-02-27 19:59:59.999000+00:00
2025-02-27 20:00:00+00:00,4.922,4.955,4.84,4.932,7535088.5,2025-02-27 23:59:59.999000+00:00
2025-02-28 00:00:00+00:00,4.932,4.932,4.588,4.6,12605368.3,2025-02-28 03:59:59.999000+00:00
2025-02-28 04:00:00+00:00,4.6,4.623,4.488,4.535,10344683.8,2025-02-28 07:59:59.999000+00:00
2025-02-28 08:00:00+00:00,4.534,4.673,4.45,4.571,8296320.7,2025-02-28 11:59:59.999000+00:00
2025-02-28 12:00:00+00:00,4.57,4.794,4.478,4.74,12467454.1,2025-02-28 15:59:59.999000+00:00
2025-02-28 16:00:00+00:00,4.739,4.757,4.66,4.718,6294757.1,2025-02-28 19:59:59.999000+00:00
2025-02-28 20:00:00+00:00,4.717,4.738,4.671,4.711,3064686.9,2025-02-28 23:59:59.999000+00:00
2025-03-01 00:00:00+00:00,4.711,4.817,4.683,4.724,5821714.5,2025-03-01 03:59:59.999000+00:00
2025-03-01 04:00:00+00:00,4.724,4.768,4.616,4.617,3596016.5,2025-03-01 07:59:59.999000+00:00
2025-03-01 08:00:00+00:00,4.618,4.684,4.554,4.582,4828978.4,2025-03-01 11:59:59.999000+00:00
2025-03-01 12:00:00+00:00,4.581,4.593,4.521,4.574,4888534.9,2025-03-01 15:59:59.999000+00:00
2025-03-01 16:00:00+00:00,4.574,4.652,4.562,4.641,3254740.8,2025-03-01 19:59:59.999000+00:00
2025-03-01 20:00:00+00:00,4.64,4.728,4.621,4.661,4032224.1,2025-03-01 23:59:59.999000+00:00
2025-03-02 00:00:00+00:00,4.662,4.708,4.636,4.679,2430367.1,2025-03-02 03:59:59.999000+00:00
2025-03-02 04:00:00+00:00,4.679,4.699,4.625,4.627,1804819.5,2025-03-02 07:59:59.999000+00:00
2025-03-02 08:00:00+00:00,4.627,4.664,4.595,4.631,3314339.1,2025-03-02 11:59:59.999000+00:00
2025-03-02 12:00:00+00:00,4.632,4.843,4.563,4.747,11602242.2,2025-03-02 15:59:59.999000+00:00
2025-03-02 16:00:00+00:00,4.748,5.177,4.739,5.103,22212823.9,2025-03-02 19:59:59.999000+00:00
2025-03-02 20:00:00+00:00,5.104,5.227,5.066,5.202,7460572.0,2025-03-02 23:59:59.999000+00:00
2025-03-03 00:00:00+00:00,5.202,5.248,5.051,5.093,8143084.1,2025-03-03 03:59:59.999000+00:00
2025-03-03 04:00:00+00:00,5.094,5.147,4.891,4.964,5663111.1,2025-03-03 07:59:59.999000+00:00
2025-03-03 08:00:00+00:00,4.965,4.976,4.802,4.909,6248916.4,2025-03-03 11:59:59.999000+00:00
2025-03-03 12:00:00+00:00,4.909,5.022,4.799,4.863,9930714.3,2025-03-03 15:59:59.999000+00:00
2025-03-03 16:00:00+00:00,4.862,4.912,4.453,4.492,15160961.4,2025-03-03 19:59:59.999000+00:00
2025-03-03 20:00:00+00:00,4.493,4.551,4.43,4.469,8555321.1,2025-03-03 23:59:59.999000+00:00
2025-03-04 00:00:00+00:00,4.469,4.512,4.143,4.223,16237121.3,2025-03-04 03:59:59.999000+00:00
2025-03-04 04:00:00+00:00,4.224,4.337,4.214,4.245,6033611.9,2025-03-04 07:59:59.999000+00:00
2025-03-04 08:00:00+00:00,4.245,4.309,4.205,4.226,4938635.9,2025-03-04 11:59:59.999000+00:00
2025-03-04 12:00:00+00:00,4.226,4.358,4.1,4.218,16779037.3,2025-03-04 15:59:59.999000+00:00
2025-03-04 16:00:00+00:00,4.219,4.384,4.011,4.372,12728113.5,2025-03-04 19:59:59.999000+00:00
2025-03-04 20:00:00+00:00,4.371,4.42,4.276,4.326,5340619.5,2025-03-04 23:59:59.999000+00:00
2025-03-05 00:00:00+00:00,4.325,4.397,4.275,4.287,4236589.0,2025-03-05 03:59:59.999000+00:00
2025-03-05 04:00:00+00:00,4.288,4.341,4.273,4.337,2707463.9,2025-03-05 07:59:59.999000+00:00
2025-03-05 08:00:00+00:00,4.336,4.48,4.327,4.396,6290374.0,2025-03-05 11:59:59.999000+00:00
2025-03-05 12:00:00+00:00,4.397,4.44,4.306,4.363,8795689.6,2025-03-05 15:59:59.999000+00:00
2025-03-05 16:00:00+00:00,4.362,4.493,4.328,4.482,5537314.0,2025-03-05 19:59:59.999000+00:00
2025-03-05 20:00:00+00:00,4.483,4.547,4.483,4.521,3694637.0,2025-03-05 23:59:59.999000+00:00
2025-03-06 00:00:00+00:00,4.521,4.557,4.449,4.556,4864562.6,2025-03-06 03:59:59.999000+00:00
2025-03-06 04:00:00+00:00,4.556,4.662,4.518,4.528,4638931.6,2025-03-06 07:59:59.999000+00:00
2025-03-06 08:00:00+00:00,4.528,4.602,4.519,4.572,3449676.5,2025-03-06 11:59:59.999000+00:00
2025-03-06 12:00:00+00:00,4.573,4.58,4.421,4.495,6387575.6,2025-03-06 15:59:59.999000+00:00
2025-03-06 16:00:00+00:00,4.496,4.513,4.339,4.374,6015954.3,2025-03-06 19:59:59.999000+00:00
2025-03-06 20:00:00+00:00,4.375,4.492,4.368,4.428,7574213.1,2025-03-06 23:59:59.999000+00:00
2025-03-07 00:00:00+00:00,4.428,4.473,4.208,4.374,14916760.0,2025-03-07 03:59:59.999000+00:00
2025-03-07 04:00:00+00:00,4.374,4.55,4.366,4.546,4011442.0,2025-03-07 07:59:59.999000+00:00
2025-03-07 08:00:00+00:00,4.546,4.635,4.518,4.626,6486132.2,2025-03-07 11:59:59.999000+00:00
2025-03-07 12:00:00+00:00,4.626,4.678,4.518,4.575,10051487.1,2025-03-07 15:59:59.999000+00:00
2025-03-07 16:00:00+00:00,4.575,4.624,4.461,4.551,6644762.5,2025-03-07 19:59:59.999000+00:00
2025-03-07 20:00:00+00:00,4.551,4.576,4.368,4.41,7173148.0,2025-03-07 23:59:59.999000+00:00
2025-03-08 00:00:00+00:00,4.409,4.443,4.308,4.389,5255505.1,2025-03-08 03:59:59.999000+00:00
2025-03-08 04:00:00+00:00,4.39,4.419,4.35,4.374,2209842.2,2025-03-08 07:59:59.999000+00:00
2025-03-08 08:00:00+00:00,4.374,4.405,4.285,4.329,4917271.2,2025-03-08 11:59:59.999000+00:00
2025-03-08 12:00:00+00:00,4.33,4.403,4.325,4.339,3849303.1,2025-03-08 15:59:59.999000+00:00
2025-03-08 16:00:00+00:00,4.34,4.372,4.256,4.352,4378908.0,2025-03-08 19:59:59.999000+00:00
2025-03-08 20:00:00+00:00,4.353,4.354,4.262,4.287,2088243.3,2025-03-08 23:59:59.999000+00:00
2025-03-09 00:00:00+00:00,4.287,4.348,4.264,4.305,4870628.7,2025-03-09 03:59:59.999000+00:00
2025-03-09 04:00:00+00:00,4.305,4.345,4.287,4.316,2442993.9,2025-03-09 07:59:59.999000+00:00
2025-03-09 08:00:00+00:00,4.316,4.316,4.2,4.22,4752667.2,2025-03-09 11:59:59.999000+00:00
2025-03-09 12:00:00+00:00,4.22,4.266,4.129,4.159,5941358.0,2025-03-09 15:59:59.999000+00:00
2025-03-09 16:00:00+00:00,4.159,4.187,3.975,4.057,10874649.8,2025-03-09 19:59:59.999000+00:00
2025-03-09 20:00:00+00:00,4.057,4.091,3.984,4.015,5050724.3,2025-03-09 23:59:59.999000+00:00
2025-03-10 00:00:00+00:00,4.015,4.222,3.966,4.198,7674119.2,2025-03-10 03:59:59.999000+00:00
2025-03-10 04:00:00+00:00,4.198,4.246,4.146,4.166,5500080.8,2025-03-10 07:59:59.999000+00:00
2025-03-10 08:00:00+00:00,4.166,4.283,4.121,4.216,6935341.8,2025-03-10 11:59:59.999000+00:00
2025-03-10 12:00:00+00:00,4.216,4.238,3.99,4.061,10094092.5,2025-03-10 15:59:59.999000+00:00
2025-03-10 16:00:00+00:00,4.063,4.082,3.77,3.932,14657480.6,2025-03-10 19:59:59.999000+00:00
2025-03-10 20:00:00+00:00,3.933,3.97,3.861,3.866,5766261.6,2025-03-10 23:59:59.999000+00:00
2025-03-11 00:00:00+00:00,3.867,3.925,3.65,3.883,18007451.9,2025-03-11 03:59:59.999000+00:00
2025-03-11 04:00:00+00:00,3.883,3.988,3.876,3.943,4463754.7,2025-03-11 07:59:59.999000+00:00
2025-03-11 08:00:00+00:00,3.943,4.022,3.933,3.995,4128326.9,2025-03-11 11:59:59.999000+00:00
2025-03-11 12:00:00+00:00,3.995,4.021,3.814,3.973,11439493.8,2025-03-11 15:59:59.999000+00:00
2025-03-11 16:00:00+00:00,3.973,4.121,3.932,4.102,6917998.9,2025-03-11 19:59:59.999000+00:00
2025-03-11 20:00:00+00:00,4.102,4.113,4.031,4.041,3215855.5,2025-03-11 23:59:59.999000+00:00
2025-03-12 00:00:00+00:00,4.041,4.094,3.945,3.952,4777961.3,2025-03-12 03:59:59.999000+00:00
2025-03-12 04:00:00+00:00,3.953,4.013,3.912,3.985,5637439.0,2025-03-12 07:59:59.999000+00:00
2025-03-12 08:00:00+00:00,3.985,4.064,3.946,4.016,7676814.7,2025-03-12 11:59:59.999000+00:00
2025-03-12 12:00:00+00:00,4.016,4.097,3.844,3.927,10027489.7,2025-03-12 15:59:59.999000+00:00
2025-03-12 16:00:00+00:00,3.927,3.986,3.915,3.968,4483169.4,2025-03-12 19:59:59.999000+00:00
2025-03-12 20:00:00+00:00,3.967,3.995,3.948,3.966,3557543.0,2025-03-12 23:59:59.999000+00:00
2025-03-13 00:00:00+00:00,3.965,4.027,3.923,3.969,6622227.5,2025-03-13 03:59:59.999000+00:00
2025-03-13 04:00:00+00:00,3.969,3.984,3.909,3.946,3613470.6,2025-03-13 07:59:59.999000+00:00
2025-03-13 08:00:00+00:00,3.946,4.069,3.918,4.068,6957499.7,2025-03-13 11:59:59.999000+00:00
2025-03-13 12:00:00+00:00,4.068,4.11,3.941,3.96,7732228.4,2025-03-13 15:59:59.999000+00:00
2025-03-13 16:00:00+00:00,3.96,3.964,3.822,3.885,7922639.8,2025-03-13 19:59:59.999000+00:00
2025-03-13 20:00:00+00:00,3.884,4.003,3.872,3.977,3286668.4,2025-03-13 23:59:59.999000+00:00
2025-03-14 00:00:00+00:00,3.978,4.061,3.965,4.027,4988460.6,2025-03-14 03:59:59.999000+00:00
2025-03-14 04:00:00+00:00,4.027,4.048,4.012,4.026,2726225.5,2025-03-14 07:59:59.999000+00:00
2025-03-14 08:00:00+00:00,4.026,4.191,4.022,4.161,6487736.5,2025-03-14 11:59:59.999000+00:00
2025-03-14 12:00:00+00:00,4.161,4.201,4.091,4.166,8954203.0,2025-03-14 15:59:59.999000+00:00
2025-03-14 16:00:00+00:00,4.167,4.217,4.165,4.182,4059447.6,2025-03-14 19:59:59.999000+00:00
2025-03-14 20:00:00+00:00,4.182,4.225,4.156,4.184,3054149.2,2025-03-14 23:59:59.999000+00:00
2025-03-15 00:00:00+00:00,4.185,4.25,4.182,4.237,3291909.8,2025-03-15 03:59:59.999000+00:00
2025-03-15 04:00:00+00:00,4.237,4.307,4.225,4.255,4459529.3,2025-03-15 07:59:59.999000+00:00
2025-03-15 08:00:00+00:00,4.256,4.348,4.244,4.346,4329855.7,2025-03-15 11:59:59.999000+00:00
2025-03-15 12:00:00+00:00,4.345,4.426,4.341,4.378,5928223.8,2025-03-15 15:59:59.999000+00:00
2025-03-15 16:00:00+00:00,4.378,4.403,4.33,4.352,3205358.5,2025-03-15 19:59:59.999000+00:00
2025-03-15 20:00:00+00:00,4.351,4.399,4.342,4.347,2573951.4,2025-03-15 23:59:59.999000+00:00
2025-03-16 00:00:00+00:00,4.347,4.36,4.292,4.33,3651848.8,2025-03-16 03:59:59.999000+00:00
2025-03-16 04:00:00+00:00,4.331,4.355,4.299,4.313,2189680.4,2025-03-16 07:59:59.999000+00:00
2025-03-16 08:00:00+00:00,4.313,4.324,4.181,4.196,7073086.7,2025-03-16 11:59:59.999000+00:00
2025-03-16 12:00:00+00:00,4.196,4.259,4.19,4.233,4151057.8,2025-03-16 15:59:59.999000+00:00
2025-03-16 16:00:00+00:00,4.233,4.339,4.198,4.227,5353881.4,2025-03-16 19:59:59.999000+00:00
2025-03-16 20:00:00+00:00,4.228,4.361,4.222,4.296,6038278.5,2025-03-16 23:59:59.999000+00:00
2025-03-17 00:00:00+00:00,4.296,4.465,4.294,4.433,5666659.4,2025-03-17 03:59:59.999000+00:00
2025-03-17 04:00:00+00:00,4.433,4.442,4.34,4.387,3364029.0,2025-03-17 07:59:59.999000+00:00
2025-03-17 08:00:00+00:00,4.387,4.435,4.356,4.368,3333776.7,2025-03-17 11:59:59.999000+00:00
2025-03-17 12:00:00+00:00,4.368,4.418,4.322,4.373,4821122.9,2025-03-17 15:59:59.999000+00:00
2025-03-17 16:00:00+00:00,4.374,4.434,4.336,4.401,3077891.0,2025-03-17 19:59:59.999000+00:00
2025-03-17 20:00:00+00:00,4.401,4.433,4.366,4.369,4017258.1,2025-03-17 23:59:59.999000+00:00
2025-03-18 00:00:00+00:00,4.37,4.37,4.256,4.259,3851284.2,2025-03-18 03:59:59.999000+00:00
2025-03-18 04:00:00+00:00,4.259,4.31,4.228,4.296,3253198.9,2025-03-18 07:59:59.999000+00:00
2025-03-18 08:00:00+00:00,4.296,4.333,4.251,4.26,4201095.3,2025-03-18 11:59:59.999000+00:00
2025-03-18 12:00:00+00:00,4.261,4.333,4.253,4.287,7345339.3,2025-03-18 15:59:59.999000+00:00
2025-03-18 16:00:00+00:00,4.288,4.396,4.238,4.382,4102296.8,2025-03-18 19:59:59.999000+00:00
2025-03-18 20:00:00+00:00,4.382,4.485,4.355,4.448,4867842.4,2025-03-18 23:59:59.999000+00:00
2025-03-19 00:00:00+00:00,4.448,4.531,4.434,4.523,5293014.3,2025-03-19 03:59:59.999000+00:00
2025-03-19 04:00:00+00:00,4.523,4.55,4.493,4.506,5297808.4,2025-03-19 07:59:59.999000+00:00
2025-03-19 08:00:00+00:00,4.507,4.557,4.469,4.534,5629194.8,2025-03-19 11:59:59.999000+00:00
2025-03-19 12:00:00+00:00,4.533,4.587,4.487,4.532,6719321.2,2025-03-19 15:59:59.999000+00:00
2025-03-19 16:00:00+00:00,4.532,4.595,4.454,4.562,7514779.0,2025-03-19 19:59:59.999000+00:00
2025-03-19 20:00:00+00:00,4.563,4.578,4.502,4.535,2949208.0,2025-03-19 23:59:59.999000+00:00
2025-03-20 00:00:00+00:00,4.536,4.566,4.466,4.472,3413007.7,2025-03-20 03:59:59.999000+00:00
2025-03-20 04:00:00+00:00,4.471,4.475,4.431,4.467,2597240.0,2025-03-20 07:59:59.999000+00:00
2025-03-20 08:00:00+00:00,4.467,4.498,4.381,4.394,5886701.6,2025-03-20 11:59:59.999000+00:00
2025-03-20 12:00:00+00:00,4.394,4.454,4.381,4.387,4014139.4,2025-03-20 15:59:59.999000+00:00
2025-03-20 16:00:00+00:00,4.386,4.406,4.324,4.341,5300956.5,2025-03-20 19:59:59.999000+00:00
2025-03-20 20:00:00+00:00,4.341,4.4,4.336,4.396,4453371.2,2025-03-20 23:59:59.999000+00:00
2025-03-21 00:00:00+00:00,4.396,4.538,4.388,4.461,5611852.3,2025-03-21 03:59:59.999000+00:00
2025-03-21 04:00:00+00:00,4.462,4.564,4.462,4.507,4902378.1,2025-03-21 07:59:59.999000+00:00
2025-03-21 08:00:00+00:00,4.508,4.537,4.406,4.422,4132223.8,2025-03-21 11:59:59.999000+00:00
2025-03-21 12:00:00+00:00,4.423,4.468,4.376,4.443,4373369.4,2025-03-21 15:59:59.999000+00:00
2025-03-21 16:00:00+00:00,4.444,4.577,4.418,4.516,4632169.7,2025-03-21 19:59:59.999000+00:00
2025-03-21 20:00:00+00:00,4.515,4.584,4.488,4.497,3110183.3,2025-03-21 23:59:59.999000+00:00
2025-03-22 00:00:00+00:00,4.497,4.502,4.438,4.458,2216650.2,2025-03-22 03:59:59.999000+00:00
2025-03-22 04:00:00+00:00,4.458,4.528,4.447,4.472,2629977.0,2025-03-22 07:59:59.999000+00:00
2025-03-22 08:00:00+00:00,4.472,4.508,4.444,4.463,2681305.3,2025-03-22 11:59:59.999000+00:00
2025-03-22 12:00:00+00:00,4.463,4.482,4.412,4.461,4120953.0,2025-03-22 15:59:59.999000+00:00
2025-03-22 16:00:00+00:00,4.461,4.545,4.449,4.523,3025156.5,2025-03-22 19:59:59.999000+00:00
2025-03-22 20:00:00+00:00,4.523,4.53,4.424,4.443,2367223.5,2025-03-22 23:59:59.999000+00:00
2025-03-23 00:00:00+00:00,4.443,4.466,4.426,4.451,2474758.9,2025-03-23 03:59:59.999000+00:00
2025-03-23 04:00:00+00:00,4.451,4.485,4.4,4.455,2597752.9,2025-03-23 07:59:59.999000+00:00
2025-03-23 08:00:00+00:00,4.455,4.486,4.417,4.471,2460428.3,2025-03-23 11:59:59.999000+00:00
2025-03-23 12:00:00+00:00,4.471,4.495,4.449,4.449,2760619.8,2025-03-23 15:59:59.999000+00:00
2025-03-23 16:00:00+00:00,4.45,4.467,4.395,4.467,2563779.8,2025-03-23 19:59:59.999000+00:00
2025-03-23 20:00:00+00:00,4.467,4.515,4.443,4.5,2987732.1,2025-03-23 23:59:59.999000+00:00
2025-03-24 00:00:00+00:00,4.501,4.568,4.466,4.548,3648415.4,2025-03-24 03:59:59.999000+00:00
2025-03-24 04:00:00+00:00,4.548,4.747,4.548,4.709,6322029.5,2025-03-24 07:59:59.999000+00:00
2025-03-24 08:00:00+00:00,4.71,4.773,4.688,4.693,4752698.8,2025-03-24 11:59:59.999000+00:00
2025-03-24 12:00:00+00:00,4.694,4.751,4.658,4.723,4967971.1,2025-03-24 15:59:59.999000+00:00
2025-03-24 16:00:00+00:00,4.722,4.728,4.665,4.687,3065426.2,2025-03-24 19:59:59.999000+00:00
2025-03-24 20:00:00+00:00,4.687,4.703,4.58,4.619,4588337.5,2025-03-24 23:59:59.999000+00:00
2025-03-25 00:00:00+00:00,4.619,4.676,4.581,4.597,3419431.8,2025-03-25 03:59:59.999000+00:00
2025-03-25 04:00:00+00:00,4.596,4.643,4.584,4.611,3036904.2,2025-03-25 07:59:59.999000+00:00
2025-03-25 08:00:00+00:00,4.611,4.681,4.611,4.67,3277348.6,2025-03-25 11:59:59.999000+00:00
2025-03-25 12:00:00+00:00,4.67,4.719,4.648,4.665,4222112.1,2025-03-25 15:59:59.999000+00:00
2025-03-25 16:00:00+00:00,4.666,4.683,4.631,4.659,2521886.2,2025-03-25 19:59:59.999000+00:00
2025-03-25 20:00:00+00:00,4.659,4.687,4.604,4.635,2120054.9,2025-03-25 23:59:59.999000+00:00
2025-03-26 00:00:00+00:00,4.635,4.693,4.591,4.604,2794727.8,2025-03-26 03:59:59.999000+00:00
2025-03-26 04:00:00+00:00,4.604,4.727,4.597,4.716,2752181.0,2025-03-26 07:59:59.999000+00:00
2025-03-26 08:00:00+00:00,4.717,4.766,4.677,4.752,3941872.8,2025-03-26 11:59:59.999000+00:00
2025-03-26 12:00:00+00:00,4.752,4.76,4.611,4.708,7108428.4,2025-03-26 15:59:59.999000+00:00
2025-03-26 16:00:00+00:00,4.708,4.737,4.602,4.666,5320053.5,2025-03-26 19:59:59.999000+00:00
2025-03-26 20:00:00+00:00,4.665,4.731,4.643,4.691,4178058.3,2025-03-26 23:59:59.999000+00:00
2025-03-27 00:00:00+00:00,4.692,4.757,4.683,4.736,3149220.5,2025-03-27 03:59:59.999000+00:00
2025-03-27 04:00:00+00:00,4.737,4.741,4.662,4.672,2623550.2,2025-03-27 07:59:59.999000+00:00
2025-03-27 08:00:00+00:00,4.672,4.687,4.576,4.578,4215500.9,2025-03-27 11:59:59.999000+00:00
2025-03-27 12:00:00+00:00,4.578,4.655,4.492,4.571,9479552.9,2025-03-27 15:59:59.999000+00:00
2025-03-27 16:00:00+00:00,4.571,4.613,4.544,4.584,4546158.6,2025-03-27 19:59:59.999000+00:00
2025-03-27 20:00:00+00:00,4.584,4.666,4.578,4.621,2368483.0,2025-03-27 23:59:59.999000+00:00
2025-03-28 00:00:00+00:00,4.622,4.644,4.552,4.569,2930344.6,2025-03-28 03:59:59.999000+00:00
2025-03-28 04:00:00+00:00,4.57,4.572,4.303,4.306,9743635.5,2025-03-28 07:59:59.999000+00:00
2025-03-28 08:00:00+00:00,4.305,4.33,4.245,4.289,6176993.5,2025-03-28 11:59:59.999000+00:00
2025-03-28 12:00:00+00:00,4.29,4.349,4.238,4.284,8062429.9,2025-03-28 15:59:59.999000+00:00
2025-03-28 16:00:00+00:00,4.284,4.315,4.245,4.267,3905512.3,2025-03-28 19:59:59.999000+00:00
2025-03-28 20:00:00+00:00,4.267,4.307,4.245,4.278,2076709.5,2025-03-28 23:59:59.999000+00:00
2025-03-29 00:00:00+00:00,4.279,4.301,4.163,4.227,5102251.4,2025-03-29 03:59:59.999000+00:00
2025-03-29 04:00:00+00:00,4.228,4.238,4.121,4.138,3260758.9,2025-03-29 07:59:59.999000+00:00
2025-03-29 08:00:00+00:00,4.137,4.177,4.049,4.078,5511708.6,2025-03-29 11:59:59.999000+00:00
2025-03-29 12:00:00+00:00,4.079,4.115,4.057,4.069,3652325.8,2025-03-29 15:59:59.999000+00:00
2025-03-29 16:00:00+00:00,4.069,4.089,4.002,4.068,5901515.2,2025-03-29 19:59:59.999000+00:00
2025-03-29 20:00:00+00:00,4.067,4.069,3.992,4.047,2911959.3,2025-03-29 23:59:59.999000+00:00
2025-03-30 00:00:00+00:00,4.047,4.146,4.024,4.103,4389514.8,2025-03-30 03:59:59.999000+00:00
2025-03-30 04:00:00+00:00,4.103,4.132,4.086,4.124,2019641.1,2025-03-30 07:59:59.999000+00:00
2025-03-30 08:00:00+00:00,4.125,4.17,4.085,4.094,3253365.3,2025-03-30 11:59:59.999000+00:00
2025-03-30 12:00:00+00:00,4.094,4.11,4.024,4.06,4374543.3,2025-03-30 15:59:59.999000+00:00
2025-03-30 16:00:00+00:00,4.06,4.118,3.998,4.077,3744385.4,2025-03-30 19:59:59.999000+00:00
2025-03-30 20:00:00+00:00,4.078,4.083,3.982,4.041,3029673.0,2025-03-30 23:59:59.999000+00:00
2025-03-31 00:00:00+00:00,4.041,4.08,3.97,4.015,3337669.0,2025-03-31 03:59:59.999000+00:00
2025-03-31 04:00:00+00:00,4.015,4.083,3.974,3.999,3742798.2,2025-03-31 07:59:59.999000+00:00
2025-03-31 08:00:00+00:00,3.998,4.039,3.945,4.027,4007903.5,2025-03-31 11:59:59.999000+00:00
2025-03-31 12:00:00+00:00,4.027,4.09,3.961,4.055,6345930.1,2025-03-31 15:59:59.999000+00:00
2025-03-31 16:00:00+00:00,4.055,4.081,4.013,4.033,2843457.7,2025-03-31 19:59:59.999000+00:00
2025-03-31 20:00:00+00:00,4.034,4.056,4.006,4.019,2021939.5,2025-03-31 23:59:59.999000+00:00
2025-04-01 00:00:00+00:00,4.019,4.088,4.011,4.077,2653919.9,2025-04-01 03:59:59.999000+00:00
2025-04-01 04:00:00+00:00,4.078,4.163,4.073,4.14,4418046.7,2025-04-01 07:59:59.999000+00:00
2025-04-01 08:00:00+00:00,4.139,4.259,4.139,4.191,7096426.6,2025-04-01 11:59:59.999000+00:00
2025-04-01 12:00:00+00:00,4.192,4.28,4.129,4.251,6649199.2,2025-04-01 15:59:59.999000+00:00
2025-04-01 16:00:00+00:00,4.251,4.261,4.144,4.152,2940731.8,2025-04-01 19:59:59.999000+00:00
2025-04-01 20:00:00+00:00,4.153,4.196,4.127,4.169,1863446.2,2025-04-01 23:59:59.999000+00:00
2025-04-02 00:00:00+00:00,4.168,4.174,4.061,4.104,3381736.1,2025-04-02 03:59:59.999000+00:00
2025-04-02 04:00:00+00:00,4.104,4.12,4.013,4.063,3842911.3,2025-04-02 07:59:59.999000+00:00
2025-04-02 08:00:00+00:00,4.064,4.133,4.047,4.064,3975390.2,2025-04-02 11:59:59.999000+00:00
2025-04-02 12:00:00+00:00,4.064,4.236,4.042,4.211,7890619.0,2025-04-02 15:59:59.999000+00:00
2025-04-02 16:00:00+00:00,4.21,4.227,4.116,4.147,4499570.8,2025-04-02 19:59:59.999000+00:00
2025-04-02 20:00:00+00:00,4.148,4.236,3.907,3.963,11807793.7,2025-04-02 23:59:59.999000+00:00
2025-04-03 00:00:00+00:00,3.962,4.106,3.937,4.037,4841443.7,2025-04-03 03:59:59.999000+00:00
2025-04-03 04:00:00+00:00,4.037,4.066,3.972,3.998,3032647.7,2025-04-03 07:59:59.999000+00:00
2025-04-03 08:00:00+00:00,3.998,4.024,3.925,3.94,4523020.5,2025-04-03 11:59:59.999000+00:00
2025-04-03 12:00:00+00:00,3.94,3.96,3.842,3.955,8431444.0,2025-04-03 15:59:59.999000+00:00
2025-04-03 16:00:00+00:00,3.955,4.057,3.943,4.022,4455723.0,2025-04-03 19:59:59.999000+00:00
2025-04-03 20:00:00+00:00,4.022,4.079,4.001,4.057,3313546.6,2025-04-03 23:59:59.999000+00:00
2025-04-04 00:00:00+00:00,4.058,4.071,3.984,4.016,4166510.4,2025-04-04 03:59:59.999000+00:00
2025-04-04 04:00:00+00:00,4.017,4.092,3.977,4.08,4598434.0,2025-04-04 07:59:59.999000+00:00
2025-04-04 08:00:00+00:00,4.079,4.129,3.943,4.019,7826264.0,2025-04-04 11:59:59.999000+00:00
2025-04-04 12:00:00+00:00,4.019,4.121,3.992,4.055,9756739.0,2025-04-04 15:59:59.999000+00:00
2025-04-04 16:00:00+00:00,4.056,4.099,4.018,4.041,5139943.8,2025-04-04 19:59:59.999000+00:00
2025-04-04 20:00:00+00:00,4.041,4.076,4.008,4.031,2316240.7,2025-04-04 23:59:59.999000+00:00
2025-04-05 00:00:00+00:00,4.031,4.068,4.012,4.022,2191571.9,2025-04-05 03:59:59.999000+00:00
2025-04-05 04:00:00+00:00,4.022,4.028,3.988,4.003,2180803.3,2025-04-05 07:59:59.999000+00:00
2025-04-05 08:00:00+00:00,4.003,4.014,3.977,3.981,2644810.7,2025-04-05 11:59:59.999000+00:00
2025-04-05 12:00:00+00:00,3.981,3.989,3.894,3.909,5423076.8,2025-04-05 15:59:59.999000+00:00
2025-04-05 16:00:00+00:00,3.909,3.952,3.899,3.924,2733555.5,2025-04-05 19:59:59.999000+00:00
2025-04-05 20:00:00+00:00,3.924,3.962,3.919,3.954,2043984.2,2025-04-05 23:59:59.999000+00:00
2025-04-06 00:00:00+00:00,3.953,3.974,3.911,3.929,2809406.4,2025-04-06 03:59:59.999000+00:00
2025-04-06 04:00:00+00:00,3.93,3.959,3.905,3.918,2778824.9,2025-04-06 07:59:59.999000+00:00
2025-04-06 08:00:00+00:00,3.919,3.943,3.903,3.937,2460674.5,2025-04-06 11:59:59.999000+00:00
2025-04-06 12:00:00+00:00,3.937,3.941,3.835,3.89,6677221.5,2025-04-06 15:59:59.999000+00:00
2025-04-06 16:00:00+00:00,3.89,3.899,3.68,3.735,13925049.3,2025-04-06 19:59:59.999000+00:00
2025-04-06 20:00:00+00:00,3.735,3.754,3.597,3.681,11219943.3,2025-04-06 23:59:59.999000+00:00
2025-04-07 00:00:00+00:00,3.681,3.706,3.434,3.497,15194391.8,2025-04-07 03:59:59.999000+00:00
2025-04-07 04:00:00+00:00,3.497,3.543,3.278,3.329,22430012.6,2025-04-07 07:59:59.999000+00:00
2025-04-07 08:00:00+00:00,3.328,3.479,3.302,3.401,10196785.7,2025-04-07 11:59:59.999000+00:00
2025-04-07 12:00:00+00:00,3.401,3.731,3.38,3.596,29756754.8,2025-04-07 15:59:59.999000+00:00
2025-04-07 16:00:00+00:00,3.596,3.649,3.514,3.563,11345095.4,2025-04-07 19:59:59.999000+00:00
2025-04-07 20:00:00+00:00,3.564,3.65,3.561,3.59,3741410.4,2025-04-07 23:59:59.999000+00:00
2025-04-08 00:00:00+00:00,3.589,3.702,3.57,3.647,5071872.8,2025-04-08 03:59:59.999000+00:00
2025-04-08 04:00:00+00:00,3.647,3.677,3.577,3.598,4049360.6,2025-04-08 07:59:59.999000+00:00
2025-04-08 08:00:00+00:00,3.598,3.675,3.562,3.669,4041897.2,2025-04-08 11:59:59.999000+00:00
2025-04-08 12:00:00+00:00,3.669,3.685,3.567,3.591,7729660.2,2025-04-08 15:59:59.999000+00:00
2025-04-08 16:00:00+00:00,3.591,3.595,3.391,3.404,13516062.8,2025-04-08 19:59:59.999000+00:00
2025-04-08 20:00:00+00:00,3.404,3.45,3.339,3.375,6608746.8,2025-04-08 23:59:59.999000+00:00
2025-04-09 00:00:00+00:00,3.374,3.42,3.246,3.353,11478591.1,2025-04-09 03:59:59.999000+00:00
2025-04-09 04:00:00+00:00,3.352,3.489,3.344,3.477,6716033.9,2025-04-09 07:59:59.999000+00:00
2025-04-09 08:00:00+00:00,3.477,3.491,3.361,3.383,6112709.4,2025-04-09 11:59:59.999000+00:00
2025-04-09 12:00:00+00:00,3.383,3.453,3.337,3.369,9382752.6,2025-04-09 15:59:59.999000+00:00
2025-04-09 16:00:00+00:00,3.37,3.736,3.36,3.69,24753361.3,2025-04-09 19:59:59.999000+00:00
2025-04-09 20:00:00+00:00,3.691,3.75,3.627,3.641,5926854.5,2025-04-09 23:59:59.999000+00:00
2025-04-10 00:00:00+00:00,3.641,3.648,3.502,3.549,5608639.3,2025-04-10 03:59:59.999000+00:00
2025-04-10 04:00:00+00:00,3.549,3.608,3.515,3.556,5861064.4,2025-04-10 07:59:59.999000+00:00
2025-04-10 08:00:00+00:00,3.556,3.563,3.453,3.499,13860515.9,2025-04-10 11:59:59.999000+00:00
2025-04-10 12:00:00+00:00,3.498,3.564,3.39,3.41,11920168.7,2025-04-10 15:59:59.999000+00:00
2025-04-10 16:00:00+00:00,3.41,3.465,3.389,3.448,7145105.3,2025-04-10 19:59:59.999000+00:00
2025-04-10 20:00:00+00:00,3.447,3.494,3.444,3.461,3520145.2,2025-04-10 23:59:59.999000+00:00
2025-04-11 00:00:00+00:00,3.461,3.538,3.448,3.529,4194352.5,2025-04-11 03:59:59.999000+00:00
2025-04-11 04:00:00+00:00,3.529,3.542,3.476,3.503,5007362.7,2025-04-11 07:59:59.999000+00:00
2025-04-11 08:00:00+00:00,3.503,3.545,3.482,3.509,5383314.8,2025-04-11 11:59:59.999000+00:00
2025-04-11 12:00:00+00:00,3.51,3.553,3.484,3.528,5892536.2,2025-04-11 15:59:59.999000+00:00
2025-04-11 16:00:00+00:00,3.529,3.593,3.519,3.567,5502965.5,2025-04-11 19:59:59.999000+00:00
2025-04-11 20:00:00+00:00,3.567,3.597,3.539,3.555,2389352.2,2025-04-11 23:59:59.999000+00:00
2025-04-12 00:00:00+00:00,3.555,3.57,3.523,3.546,2805835.1,2025-04-12 03:59:59.999000+00:00
2025-04-12 04:00:00+00:00,3.547,3.586,3.534,3.572,2707566.8,2025-04-12 07:59:59.999000+00:00
2025-04-12 08:00:00+00:00,3.572,3.606,3.566,3.596,2913855.4,2025-04-12 11:59:59.999000+00:00
2025-04-12 12:00:00+00:00,3.596,3.755,3.586,3.725,8007363.7,2025-04-12 15:59:59.999000+00:00
2025-04-12 16:00:00+00:00,3.725,3.74,3.679,3.7,5005415.8,2025-04-12 19:59:59.999000+00:00
2025-04-12 20:00:00+00:00,3.699,3.744,3.695,3.711,3151684.2,2025-04-12 23:59:59.999000+00:00
2025-04-13 00:00:00+00:00,3.711,3.733,3.668,3.684,3731773.5,2025-04-13 03:59:59.999000+00:00
2025-04-13 04:00:00+00:00,3.685,3.689,3.63,3.635,3349902.2,2025-04-13 07:59:59.999000+00:00
2025-04-13 08:00:00+00:00,3.636,3.765,3.622,3.731,7429297.4,2025-04-13 11:59:59.999000+00:00
2025-04-13 12:00:00+00:00,3.732,3.761,3.641,3.701,8438808.8,2025-04-13 15:59:59.999000+00:00
2025-04-13 16:00:00+00:00,3.702,3.815,3.654,3.705,10606562.0,2025-04-13 19:59:59.999000+00:00
2025-04-13 20:00:00+00:00,3.704,3.765,3.613,3.665,8077279.4,2025-04-13 23:59:59.999000+00:00
2025-04-14 00:00:00+00:00,3.664,3.771,3.662,3.687,5891346.8,2025-04-14 03:59:59.999000+00:00
2025-04-14 04:00:00+00:00,3.687,3.732,3.628,3.665,4719395.2,2025-04-14 07:59:59.999000+00:00
2025-04-14 08:00:00+00:00,3.665,3.787,3.637,3.774,5527670.4,2025-04-14 11:59:59.999000+00:00
2025-04-14 12:00:00+00:00,3.774,3.797,3.681,3.704,6974881.3,2025-04-14 15:59:59.999000+00:00
2025-04-14 16:00:00+00:00,3.704,3.764,3.673,3.731,4565030.9,2025-04-14 19:59:59.999000+00:00
2025-04-14 20:00:00+00:00,3.732,3.739,3.659,3.673,2614410.9,2025-04-14 23:59:59.999000+00:00
2025-04-15 00:00:00+00:00,3.673,3.701,3.631,3.696,3915209.6,2025-04-15 03:59:59.999000+00:00
2025-04-15 04:00:00+00:00,3.697,3.7,3.646,3.696,3161687.0,2025-04-15 07:59:59.999000+00:00
2025-04-15 08:00:00+00:00,3.696,3.733,3.632,3.656,4981061.4,2025-04-15 11:59:59.999000+00:00
2025-04-15 12:00:00+00:00,3.656,3.722,3.575,3.602,7438805.1,2025-04-15 15:59:59.999000+00:00
2025-04-15 16:00:00+00:00,3.602,3.617,3.551,3.577,4189786.8,2025-04-15 19:59:59.999000+00:00
2025-04-15 20:00:00+00:00,3.576,3.602,3.514,3.517,4495611.2,2025-04-15 23:59:59.999000+00:00
2025-04-16 00:00:00+00:00,3.517,3.569,3.501,3.55,3843470.8,2025-04-16 03:59:59.999000+00:00
2025-04-16 04:00:00+00:00,3.549,3.557,3.508,3.516,3351086.7,2025-04-16 07:59:59.999000+00:00
2025-04-16 08:00:00+00:00,3.516,3.552,3.483,3.524,4216142.6,2025-04-16 11:59:59.999000+00:00
2025-04-16 12:00:00+00:00,3.524,3.61,3.481,3.553,5930080.8,2025-04-16 15:59:59.999000+00:00
2025-04-16 16:00:00+00:00,3.554,3.605,3.466,3.573,9509633.0,2025-04-16 19:59:59.999000+00:00
2025-04-16 20:00:00+00:00,3.572,3.617,3.539,3.555,3325623.1,2025-04-16 23:59:59.999000+00:00
2025-04-17 00:00:00+00:00,3.555,3.593,3.537,3.559,2339934.9,2025-04-17 03:59:59.999000+00:00
2025-04-17 04:00:00+00:00,3.558,3.697,3.547,3.658,6592175.4,2025-04-17 07:59:59.999000+00:00
2025-04-17 08:00:00+00:00,3.657,3.68,3.617,3.639,4056035.6,2025-04-17 11:59:59.999000+00:00
2025-04-17 12:00:00+00:00,3.64,3.657,3.568,3.638,5234649.5,2025-04-17 15:59:59.999000+00:00
2025-04-17 16:00:00+00:00,3.638,3.685,3.603,3.631,5401051.5,2025-04-17 19:59:59.999000+00:00
2025-04-17 20:00:00+00:00,3.631,3.662,3.607,3.633,2311351.4,2025-04-17 23:59:59.999000+00:00
2025-04-18 00:00:00+00:00,3.633,3.661,3.609,3.659,2006077.6,2025-04-18 03:59:59.999000+00:00
2025-04-18 04:00:00+00:00,3.659,3.689,3.642,3.675,3232319.0,2025-04-18 07:59:59.999000+00:00
2025-04-18 08:00:00+00:00,3.676,3.724,3.671,3.714,3782491.7,2025-04-18 11:59:59.999000+00:00
2025-04-18 12:00:00+00:00,3.715,3.746,3.673,3.685,4899920.8,2025-04-18 15:59:59.999000+00:00
2025-04-18 16:00:00+00:00,3.686,3.712,3.679,3.694,2107619.1,2025-04-18 19:59:59.999000+00:00
2025-04-18 20:00:00+00:00,3.694,3.714,3.671,3.673,1758510.0,2025-04-18 23:59:59.999000+00:00
2025-04-19 00:00:00+00:00,3.672,3.738,3.642,3.727,4780814.1,2025-04-19 03:59:59.999000+00:00
2025-04-19 04:00:00+00:00,3.728,3.736,3.712,3.728,2147579.8,2025-04-19 07:59:59.999000+00:00
2025-04-19 08:00:00+00:00,3.727,3.736,3.717,3.736,2318939.2,2025-04-19 11:59:59.999000+00:00
2025-04-19 12:00:00+00:00,3.735,3.749,3.714,3.73,2876610.5,2025-04-19 15:59:59.999000+00:00
2025-04-19 16:00:00+00:00,3.73,3.785,3.713,3.778,3253110.7,2025-04-19 19:59:59.999000+00:00
2025-04-19 20:00:00+00:00,3.777,3.89,3.777,3.878,4757481.5,2025-04-19 23:59:59.999000+00:00
2025-04-20 00:00:00+00:00,3.878,3.919,3.865,3.912,4868417.7,2025-04-20 03:59:59.999000+00:00
2025-04-20 04:00:00+00:00,3.911,3.949,3.865,3.881,5526832.7,2025-04-20 07:59:59.999000+00:00
2025-04-20 08:00:00+00:00,3.881,3.882,3.809,3.824,4265422.2,2025-04-20 11:59:59.999000+00:00
2025-04-20 12:00:00+00:00,3.824,3.872,3.786,3.86,4006729.3,2025-04-20 15:59:59.999000+00:00
2025-04-20 16:00:00+00:00,3.859,3.913,3.853,3.889,3566764.9,2025-04-20 19:59:59.999000+00:00
2025-04-20 20:00:00+00:00,3.888,3.924,3.869,3.878,2677827.6,2025-04-20 23:59:59.999000+00:00
2025-04-21 00:00:00+00:00,3.878,3.954,3.87,3.905,4861784.7,2025-04-21 03:59:59.999000+00:00
2025-04-21 04:00:00+00:00,3.906,3.968,3.891,3.95,3460772.1,2025-04-21 07:59:59.999000+00:00
2025-04-21 08:00:00+00:00,3.951,3.983,3.884,3.899,4534502.4,2025-04-21 11:59:59.999000+00:00
2025-04-21 12:00:00+00:00,3.898,3.941,3.865,3.883,4887244.7,2025-04-21 15:59:59.999000+00:00
2025-04-21 16:00:00+00:00,3.884,3.896,3.792,3.84,6316090.5,2025-04-21 19:59:59.999000+00:00
2025-04-21 20:00:00+00:00,3.84,3.841,3.767,3.776,3698951.6,2025-04-21 23:59:59.999000+00:00
2025-04-22 00:00:00+00:00,3.777,3.81,3.719,3.747,6425710.4,2025-04-22 03:59:59.999000+00:00
2025-04-22 04:00:00+00:00,3.747,3.779,3.686,3.762,7385235.0,2025-04-22 07:59:59.999000+00:00
2025-04-22 08:00:00+00:00,3.761,3.795,3.724,3.779,5135148.2,2025-04-22 11:59:59.999000+00:00
2025-04-22 12:00:00+00:00,3.779,3.93,3.757,3.864,12995197.7,2025-04-22 15:59:59.999000+00:00
2025-04-22 16:00:00+00:00,3.864,3.921,3.85,3.902,5130609.1,2025-04-22 19:59:59.999000+00:00
2025-04-22 20:00:00+00:00,3.902,4.038,3.894,4.008,7276398.4,2025-04-22 23:59:59.999000+00:00
2025-04-23 00:00:00+00:00,4.008,4.096,3.997,4.09,5799188.4,2025-04-23 03:59:59.999000+00:00
2025-04-23 04:00:00+00:00,4.09,4.116,4.05,4.095,5317380.7,2025-04-23 07:59:59.999000+00:00
2025-04-23 08:00:00+00:00,4.096,4.198,4.078,4.11,9117348.8,2025-04-23 11:59:59.999000+00:00
2025-04-23 12:00:00+00:00,4.109,4.171,4.012,4.078,10229905.1,2025-04-23 15:59:59.999000+00:00
2025-04-23 16:00:00+00:00,4.078,4.15,4.041,4.068,5012355.2,2025-04-23 19:59:59.999000+00:00
2025-04-23 20:00:00+00:00,4.068,4.114,4.061,4.093,2020916.9,2025-04-23 23:59:59.999000+00:00
2025-04-24 00:00:00+00:00,4.092,4.102,3.976,3.98,3918395.9,2025-04-24 03:59:59.999000+00:00
2025-04-24 04:00:00+00:00,3.98,4.043,3.965,3.977,4848671.1,2025-04-24 07:59:59.999000+00:00
2025-04-24 08:00:00+00:00,3.978,4.021,3.927,4.0,7310870.6,2025-04-24 11:59:59.999000+00:00
2025-04-24 12:00:00+00:00,3.999,4.168,3.981,4.127,8655684.5,2025-04-24 15:59:59.999000+00:00
2025-04-24 16:00:00+00:00,4.126,4.243,4.118,4.207,9424195.0,2025-04-24 19:59:59.999000+00:00
2025-04-24 20:00:00+00:00,4.207,4.284,4.207,4.269,4783412.0,2025-04-24 23:59:59.999000+00:00
2025-04-25 00:00:00+00:00,4.269,4.372,4.213,4.258,9179444.4,2025-04-25 03:59:59.999000+00:00
2025-04-25 04:00:00+00:00,4.258,4.362,4.237,4.327,3788932.3,2025-04-25 07:59:59.999000+00:00
2025-04-25 08:00:00+00:00,4.328,4.349,4.26,4.302,4411341.3,2025-04-25 11:59:59.999000+00:00
2025-04-25 12:00:00+00:00,4.302,4.327,4.223,4.303,7247555.4,2025-04-25 15:59:59.999000+00:00
2025-04-25 16:00:00+00:00,4.303,4.321,4.252,4.27,3201375.5,2025-04-25 19:59:59.999000+00:00
2025-04-25 20:00:00+00:00,4.271,4.302,4.228,4.251,2912202.7,2025-04-25 23:59:59.999000+00:00
2025-04-26 00:00:00+00:00,4.252,4.361,4.251,4.265,6314564.7,2025-04-26 03:59:59.999000+00:00
2025-04-26 04:00:00+00:00,4.264,4.329,4.238,4.303,4040296.7,2025-04-26 07:59:59.999000+00:00
2025-04-26 08:00:00+00:00,4.302,4.34,4.226,4.235,4918376.1,2025-04-26 11:59:59.999000+00:00
2025-04-26 12:00:00+00:00,4.236,4.292,4.196,4.282,4174432.7,2025-04-26 15:59:59.999000+00:00
2025-04-26 16:00:00+00:00,4.283,4.293,4.258,4.276,1804712.3,2025-04-26 19:59:59.999000+00:00
2025-04-26 20:00:00+00:00,4.276,4.298,4.252,4.262,2274994.4,2025-04-26 23:59:59.999000+00:00
2025-04-27 00:00:00+00:00,4.262,4.289,4.147,4.174,6113083.2,2025-04-27 03:59:59.999000+00:00
2025-04-27 04:00:00+00:00,4.174,4.187,4.108,4.14,3272134.8,2025-04-27 07:59:59.999000+00:00
2025-04-27 08:00:00+00:00,4.14,4.16,4.105,4.11,3204179.1,2025-04-27 11:59:59.999000+00:00
2025-04-27 12:00:00+00:00,4.11,4.139,4.071,4.092,7387404.1,2025-04-27 15:59:59.999000+00:00
2025-04-27 16:00:00+00:00,4.093,4.137,4.053,4.135,6395243.8,2025-04-27 19:59:59.999000+00:00
2025-04-27 20:00:00+00:00,4.136,4.146,4.085,4.086,4527646.2,2025-04-27 23:59:59.999000+00:00
2025-04-28 00:00:00+00:00,4.086,4.123,4.007,4.111,5339515.2,2025-04-28 03:59:59.999000+00:00
2025-04-28 04:00:00+00:00,4.111,4.23,4.106,4.219,5486444.4,2025-04-28 07:59:59.999000+00:00
2025-04-28 08:00:00+00:00,4.219,4.261,4.18,4.226,6662613.8,2025-04-28 11:59:59.999000+00:00
2025-04-28 12:00:00+00:00,4.226,4.23,4.083,4.111,7060461.6,2025-04-28 15:59:59.999000+00:00
2025-04-28 16:00:00+00:00,4.11,4.243,4.085,4.239,5291628.5,2025-04-28 19:59:59.999000+00:00
2025-04-28 20:00:00+00:00,4.238,4.264,4.205,4.239,3295159.0,2025-04-28 23:59:59.999000+00:00
2025-04-29 00:00:00+00:00,4.24,4.311,4.239,4.274,4174212.9,2025-04-29 03:59:59.999000+00:00
2025-04-29 04:00:00+00:00,4.275,4.328,4.235,4.296,3633714.0,2025-04-29 07:59:59.999000+00:00
2025-04-29 08:00:00+00:00,4.296,4.31,4.238,4.252,3556524.0,2025-04-29 11:59:59.999000+00:00
2025-04-29 12:00:00+00:00,4.252,4.287,4.196,4.27,4549021.6,2025-04-29 15:59:59.999000+00:00
2025-04-29 16:00:00+00:00,4.27,4.281,4.223,4.225,2250280.0,2025-04-29 19:59:59.999000+00:00
2025-04-29 20:00:00+00:00,4.225,4.23,4.097,4.143,4500187.5,2025-04-29 23:59:59.999000+00:00
2025-04-30 00:00:00+00:00,4.143,4.173,4.086,4.168,3202206.3,2025-04-30 03:59:59.999000+00:00
2025-04-30 04:00:00+00:00,4.168,4.174,4.087,4.113,2195322.2,2025-04-30 07:59:59.999000+00:00
2025-04-30 08:00:00+00:00,4.113,4.17,4.082,4.156,3032384.0,2025-04-30 11:59:59.999000+00:00
2025-04-30 12:00:00+00:00,4.156,4.157,4.022,4.072,7689908.9,2025-04-30 15:59:59.999000+00:00
2025-04-30 16:00:00+00:00,4.072,4.111,4.034,4.073,3090567.7,2025-04-30 19:59:59.999000+00:00
2025-04-30 20:00:00+00:00,4.074,4.136,4.061,4.063,2799232.7,2025-04-30 23:59:59.999000+00:00
2025-05-01 00:00:00+00:00,4.063,4.127,4.061,4.095,2883064.1,2025-05-01 03:59:59.999000+00:00
2025-05-01 04:00:00+00:00,4.096,4.121,4.073,4.115,2245921.2,2025-05-01 07:59:59.999000+00:00
2025-05-01 08:00:00+00:00,4.115,4.188,4.105,4.176,3409997.7,2025-05-01 11:59:59.999000+00:00
2025-05-01 12:00:00+00:00,4.175,4.212,4.118,4.155,6106787.7,2025-05-01 15:59:59.999000+00:00
2025-05-01 16:00:00+00:00,4.155,4.206,4.139,4.166,3166635.3,2025-05-01 19:59:59.999000+00:00
2025-05-01 20:00:00+00:00,4.166,4.222,4.152,4.174,2305116.5,2025-05-01 23:59:59.999000+00:00
2025-05-02 00:00:00+00:00,4.174,4.286,4.166,4.241,3714891.4,2025-05-02 03:59:59.999000+00:00
2025-05-02 04:00:00+00:00,4.241,4.249,4.168,4.184,3381930.2,2025-05-02 07:59:59.999000+00:00
2025-05-02 08:00:00+00:00,4.185,4.232,4.163,4.172,3141245.3,2025-05-02 11:59:59.999000+00:00
2025-05-02 12:00:00+00:00,4.172,4.238,4.155,4.2,3935160.3,2025-05-02 15:59:59.999000+00:00
2025-05-02 16:00:00+00:00,4.201,4.23,4.122,4.136,3085315.3,2025-05-02 19:59:59.999000+00:00
2025-05-02 20:00:00+00:00,4.136,4.168,4.127,4.159,1849813.9,2025-05-02 23:59:59.999000+00:00
2025-05-03 00:00:00+00:00,4.159,4.161,4.096,4.135,2737593.3,2025-05-03 03:59:59.999000+00:00
2025-05-03 04:00:00+00:00,4.135,4.17,4.13,4.14,2363864.5,2025-05-03 07:59:59.999000+00:00
2025-05-03 08:00:00+00:00,4.141,4.149,4.071,4.081,3255076.1,2025-05-03 11:59:59.999000+00:00
2025-05-03 12:00:00+00:00,4.081,4.143,4.081,4.11,2012079.5,2025-05-03 15:59:59.999000+00:00
2025-05-03 16:00:00+00:00,4.111,4.112,4.008,4.066,4704337.6,2025-05-03 19:59:59.999000+00:00
2025-05-03 20:00:00+00:00,4.066,4.073,4.022,4.024,2684476.9,2025-05-03 23:59:59.999000+00:00
2025-05-04 00:00:00+00:00,4.024,4.049,3.982,4.002,5409596.6,2025-05-04 03:59:59.999000+00:00
2025-05-04 04:00:00+00:00,4.001,4.04,3.978,4.018,4727582.2,2025-05-04 07:59:59.999000+00:00
2025-05-04 08:00:00+00:00,4.019,4.023,3.951,3.961,3780265.4,2025-05-04 11:59:59.999000+00:00
2025-05-04 12:00:00+00:00,3.961,3.995,3.925,3.961,6141763.8,2025-05-04 15:59:59.999000+00:00
2025-05-04 16:00:00+00:00,3.961,3.967,3.894,3.939,4115495.3,2025-05-04 19:59:59.999000+00:00
2025-05-04 20:00:00+00:00,3.939,3.972,3.903,3.917,2820877.8,2025-05-04 23:59:59.999000+00:00
2025-05-05 00:00:00+00:00,3.918,4.004,3.912,3.97,4365849.1,2025-05-05 03:59:59.999000+00:00
2025-05-05 04:00:00+00:00,3.971,4.02,3.955,3.979,2968613.0,2025-05-05 07:59:59.999000+00:00
2025-05-05 08:00:00+00:00,3.978,3.989,3.891,3.912,5696256.7,2025-05-05 11:59:59.999000+00:00
2025-05-05 12:00:00+00:00,3.912,3.936,3.885,3.895,5413021.5,2025-05-05 15:59:59.999000+00:00
2025-05-05 16:00:00+00:00,3.895,3.984,3.893,3.935,3677267.9,2025-05-05 19:59:59.999000+00:00
2025-05-05 20:00:00+00:00,3.936,3.957,3.879,3.915,3437117.6,2025-05-05 23:59:59.999000+00:00
2025-05-06 00:00:00+00:00,3.915,3.929,3.856,3.915,4088666.4,2025-05-06 03:59:59.999000+00:00
2025-05-06 04:00:00+00:00,3.915,3.928,3.879,3.889,2305175.1,2025-05-06 07:59:59.999000+00:00
2025-05-06 08:00:00+00:00,3.889,3.901,3.821,3.838,5559959.2,2025-05-06 11:59:59.999000+00:00
2025-05-06 12:00:00+00:00,3.839,3.929,3.824,3.906,6703052.7,2025-05-06 15:59:59.999000+00:00
2025-05-06 16:00:00+00:00,3.906,3.962,3.883,3.934,3652122.6,2025-05-06 19:59:59.999000+00:00
2025-05-06 20:00:00+00:00,3.935,3.975,3.844,3.968,4957177.8,2025-05-06 23:59:59.999000+00:00
2025-05-07 00:00:00+00:00,3.969,4.006,3.93,3.962,3856043.1,2025-05-07 03:59:59.999000+00:00
2025-05-07 04:00:00+00:00,3.962,3.983,3.929,3.978,2114891.8,2025-05-07 07:59:59.999000+00:00
2025-05-07 08:00:00+00:00,3.978,4.001,3.962,3.974,2459239.7,2025-05-07 11:59:59.999000+00:00
2025-05-07 12:00:00+00:00,3.974,3.978,3.911,3.919,3775684.9,2025-05-07 15:59:59.999000+00:00
2025-05-07 16:00:00+00:00,3.919,3.937,3.876,3.899,5341749.2,2025-05-07 19:59:59.999000+00:00
2025-05-07 20:00:00+00:00,3.899,3.985,3.889,3.967,2741848.4,2025-05-07 23:59:59.999000+00:00
2025-05-08 00:00:00+00:00,3.966,4.17,3.963,4.169,7558559.0,2025-05-08 03:59:59.999000+00:00
2025-05-08 04:00:00+00:00,4.169,4.266,4.169,4.211,7987176.2,2025-05-08 07:59:59.999000+00:00
2025-05-08 08:00:00+00:00,4.211,4.322,4.21,4.247,7950498.5,2025-05-08 11:59:59.999000+00:00
2025-05-08 12:00:00+00:00,4.247,4.35,4.204,4.296,7785825.9,2025-05-08 15:59:59.999000+00:00
2025-05-08 16:00:00+00:00,4.296,4.334,4.276,4.329,6696717.1,2025-05-08 19:59:59.999000+00:00
2025-05-08 20:00:00+00:00,4.33,4.491,4.311,4.455,7612624.8,2025-05-08 23:59:59.999000+00:00
2025-05-09 00:00:00+00:00,4.455,4.551,4.432,4.475,6042923.7,2025-05-09 03:59:59.999000+00:00
2025-05-09 04:00:00+00:00,4.474,4.635,4.446,4.602,7205273.5,2025-05-09 07:59:59.999000+00:00
2025-05-09 08:00:00+00:00,4.602,4.751,4.552,4.686,14769626.8,2025-05-09 11:59:59.999000+00:00
2025-05-09 12:00:00+00:00,4.685,4.762,4.625,4.73,10240703.0,2025-05-09 15:59:59.999000+00:00
2025-05-09 16:00:00+00:00,4.731,4.862,4.691,4.761,8582735.7,2025-05-09 19:59:59.999000+00:00
2025-05-09 20:00:00+00:00,4.762,4.818,4.744,4.8,3499742.0,2025-05-09 23:59:59.999000+00:00
2025-05-10 00:00:00+00:00,4.8,5.038,4.796,4.977,12523583.7,2025-05-10 03:59:59.999000+00:00
2025-05-10 04:00:00+00:00,4.977,5.13,4.93,5.061,9184232.4,2025-05-10 07:59:59.999000+00:00
2025-05-10 08:00:00+00:00,5.062,5.208,5.035,5.048,9839595.7,2025-05-10 11:59:59.999000+00:00
2025-05-10 12:00:00+00:00,5.048,5.116,4.978,5.002,6692114.2,2025-05-10 15:59:59.999000+00:00
2025-05-10 16:00:00+00:00,5.002,5.138,4.983,5.072,5658622.6,2025-05-10 19:59:59.999000+00:00
2025-05-10 20:00:00+00:00,5.072,5.32,5.038,5.306,6433633.7,2025-05-10 23:59:59.999000+00:00
2025-05-11 00:00:00+00:00,5.306,5.361,5.045,5.125,11448340.1,2025-05-11 03:59:59.999000+00:00
2025-05-11 04:00:00+00:00,5.124,5.211,4.952,5.003,9447052.6,2025-05-11 07:59:59.999000+00:00
2025-05-11 08:00:00+00:00,5.003,5.113,4.977,5.106,5458368.4,2025-05-11 11:59:59.999000+00:00
2025-05-11 12:00:00+00:00,5.107,5.121,4.993,5.049,4788542.4,2025-05-11 15:59:59.999000+00:00
2025-05-11 16:00:00+00:00,5.048,5.151,4.982,5.103,4937303.2,2025-05-11 19:59:59.999000+00:00
2025-05-11 20:00:00+00:00,5.102,5.145,5.055,5.095,3334541.2,2025-05-11 23:59:59.999000+00:00
2025-05-12 00:00:00+00:00,5.095,5.156,5.015,5.146,4625580.0,2025-05-12 03:59:59.999000+00:00
2025-05-12 04:00:00+00:00,5.146,5.393,5.092,5.267,9073463.1,2025-05-12 07:59:59.999000+00:00
2025-05-12 08:00:00+00:00,5.267,5.308,5.177,5.197,6894173.3,2025-05-12 11:59:59.999000+00:00
2025-05-12 12:00:00+00:00,5.196,5.373,5.057,5.106,13952791.9,2025-05-12 15:59:59.999000+00:00
2025-05-12 16:00:00+00:00,5.106,5.183,4.886,5.048,11541892.1,2025-05-12 19:59:59.999000+00:00
2025-05-12 20:00:00+00:00,5.049,5.114,5.012,5.068,3863271.5,2025-05-12 23:59:59.999000+00:00
2025-05-13 00:00:00+00:00,5.068,5.068,4.82,4.84,8274106.6,2025-05-13 03:59:59.999000+00:00
2025-05-13 04:00:00+00:00,4.839,5.012,4.829,4.969,4241949.1,2025-05-13 07:59:59.999000+00:00
2025-05-13 08:00:00+00:00,4.97,5.061,4.94,5.001,4736637.4,2025-05-13 11:59:59.999000+00:00
2025-05-13 12:00:00+00:00,5.0,5.072,4.95,5.042,7552116.3,2025-05-13 15:59:59.999000+00:00
2025-05-13 16:00:00+00:00,5.043,5.271,5.034,5.211,7271551.1,2025-05-13 19:59:59.999000+00:00
2025-05-13 20:00:00+00:00,5.21,5.232,5.154,5.19,4125217.4,2025-05-13 23:59:59.999000+00:00
2025-05-14 00:00:00+00:00,5.191,5.266,5.121,5.195,4689841.7,2025-05-14 03:59:59.999000+00:00
2025-05-14 04:00:00+00:00,5.195,5.249,5.133,5.148,4078462.3,2025-05-14 07:59:59.999000+00:00
2025-05-14 08:00:00+00:00,5.149,5.165,5.015,5.124,6917394.6,2025-05-14 11:59:59.999000+00:00
2025-05-14 12:00:00+00:00,5.124,5.131,4.97,5.018,7530186.1,2025-05-14 15:59:59.999000+00:00
2025-05-14 16:00:00+00:00,5.019,5.043,4.95,5.014,4023837.2,2025-05-14 19:59:59.999000+00:00
2025-05-14 20:00:00+00:00,5.014,5.026,4.944,4.978,2306431.6,2025-05-14 23:59:59.999000+00:00
2025-05-15 00:00:00+00:00,4.979,5.025,4.88,4.899,4025130.9,2025-05-15 03:59:59.999000+00:00
2025-05-15 04:00:00+00:00,4.899,4.928,4.754,4.76,6256631.0,2025-05-15 07:59:59.999000+00:00
2025-05-15 08:00:00+00:00,4.76,4.853,4.714,4.787,6832001.3,2025-05-15 11:59:59.999000+00:00
2025-05-15 12:00:00+00:00,4.786,4.859,4.676,4.835,12490355.4,2025-05-15 15:59:59.999000+00:00
2025-05-15 16:00:00+00:00,4.835,4.929,4.744,4.804,7324537.9,2025-05-15 19:59:59.999000+00:00
2025-05-15 20:00:00+00:00,4.805,4.84,4.674,4.776,6458113.0,2025-05-15 23:59:59.999000+00:00
2025-05-16 00:00:00+00:00,4.775,4.878,4.746,4.868,4712291.0,2025-05-16 03:59:59.999000+00:00
2025-05-16 04:00:00+00:00,4.869,4.912,4.813,4.877,3498540.5,2025-05-16 07:59:59.999000+00:00
2025-05-16 08:00:00+00:00,4.877,4.954,4.79,4.929,4598452.8,2025-05-16 11:59:59.999000+00:00
2025-05-16 12:00:00+00:00,4.929,4.941,4.846,4.906,4271480.0,2025-05-16 15:59:59.999000+00:00
2025-05-16 16:00:00+00:00,4.905,4.927,4.804,4.84,3207871.9,2025-05-16 19:59:59.999000+00:00
2025-05-16 20:00:00+00:00,4.839,4.841,4.705,4.752,5484532.7,2025-05-16 23:59:59.999000+00:00
2025-05-17 00:00:00+00:00,4.751,4.767,4.602,4.683,7359043.7,2025-05-17 03:59:59.999000+00:00
2025-05-17 04:00:00+00:00,4.682,4.761,4.671,4.727,3454945.1,2025-05-17 07:59:59.999000+00:00
2025-05-17 08:00:00+00:00,4.727,4.747,4.652,4.683,3747717.8,2025-05-17 11:59:59.999000+00:00
2025-05-17 12:00:00+00:00,4.684,4.698,4.603,4.658,3897745.1,2025-05-17 15:59:59.999000+00:00
2025-05-17 16:00:00+00:00,4.659,4.678,4.565,4.591,5837901.8,2025-05-17 19:59:59.999000+00:00
2025-05-17 20:00:00+00:00,4.591,4.679,4.553,4.61,4230709.8,2025-05-17 23:59:59.999000+00:00
2025-05-18 00:00:00+00:00,4.611,4.644,4.579,4.604,2860903.4,2025-05-18 03:59:59.999000+00:00
2025-05-18 04:00:00+00:00,4.605,4.753,4.603,4.746,3120073.2,2025-05-18 07:59:59.999000+00:00
2025-05-18 08:00:00+00:00,4.746,4.8,4.732,4.742,3524389.9,2025-05-18 11:59:59.999000+00:00
2025-05-18 12:00:00+00:00,4.742,4.92,4.716,4.909,5636786.7,2025-05-18 15:59:59.999000+00:00
2025-05-18 16:00:00+00:00,4.909,4.918,4.582,4.583,10272320.0,2025-05-18 19:59:59.999000+00:00
2025-05-18 20:00:00+00:00,4.583,4.812,4.503,4.791,8010893.9,2025-05-18 23:59:59.999000+00:00
2025-05-19 00:00:00+00:00,4.791,4.819,4.539,4.549,6128844.0,2025-05-19 03:59:59.999000+00:00
2025-05-19 04:00:00+00:00,4.55,4.58,4.41,4.497,7610181.8,2025-05-19 07:59:59.999000+00:00
2025-05-19 08:00:00+00:00,4.497,4.532,4.457,4.52,4192355.2,2025-05-19 11:59:59.999000+00:00
2025-05-19 12:00:00+00:00,4.521,4.583,4.434,4.554,5829160.9,2025-05-19 15:59:59.999000+00:00
2025-05-19 16:00:00+00:00,4.555,4.649,4.52,4.597,5625921.7,2025-05-19 19:59:59.999000+00:00
2025-05-19 20:00:00+00:00,4.597,4.612,4.555,4.593,2365035.0,2025-05-19 23:59:59.999000+00:00
2025-05-20 00:00:00+00:00,4.594,4.725,4.571,4.646,5000978.4,2025-05-20 03:59:59.999000+00:00
2025-05-20 04:00:00+00:00,4.647,4.683,4.573,4.59,3466435.9,2025-05-20 07:59:59.999000+00:00
2025-05-20 08:00:00+00:00,4.589,4.608,4.526,4.567,3970633.9,2025-05-20 11:59:59.999000+00:00
2025-05-20 12:00:00+00:00,4.567,4.607,4.516,4.597,4800449.6,2025-05-20 15:59:59.999000+00:00
2025-05-20 16:00:00+00:00,4.598,4.654,4.515,4.632,4797503.0,2025-05-20 19:59:59.999000+00:00
2025-05-20 20:00:00+00:00,4.632,4.702,4.612,4.674,4490072.0,2025-05-20 23:59:59.999000+00:00
2025-05-21 00:00:00+00:00,4.674,4.751,4.618,4.724,4156968.5,2025-05-21 03:59:59.999000+00:00
2025-05-21 04:00:00+00:00,4.724,4.773,4.667,4.682,6505781.1,2025-05-21 07:59:59.999000+00:00
2025-05-21 08:00:00+00:00,4.681,4.716,4.62,4.678,4201815.3,2025-05-21 11:59:59.999000+00:00
2025-05-21 12:00:00+00:00,4.679,4.774,4.647,4.757,6906394.5,2025-05-21 15:59:59.999000+00:00
2025-05-21 16:00:00+00:00,4.758,4.876,4.61,4.751,14121053.3,2025-05-21 19:59:59.999000+00:00
2025-05-21 20:00:00+00:00,4.751,4.8,4.704,4.736,4841705.6,2025-05-21 23:59:59.999000+00:00
2025-05-22 00:00:00+00:00,4.737,4.861,4.728,4.842,4860980.1,2025-05-22 03:59:59.999000+00:00
2025-05-22 04:00:00+00:00,4.842,4.864,4.781,4.855,5069007.4,2025-05-22 07:59:59.999000+00:00
2025-05-22 08:00:00+00:00,4.856,4.95,4.844,4.878,6451453.9,2025-05-22 11:59:59.999000+00:00
2025-05-22 12:00:00+00:00,4.878,4.976,4.841,4.931,6578645.7,2025-05-22 15:59:59.999000+00:00
2025-05-22 16:00:00+00:00,4.932,4.965,4.887,4.901,3681013.9,2025-05-22 19:59:59.999000+00:00
2025-05-22 20:00:00+00:00,4.902,4.957,4.88,4.946,3064404.1,2025-05-22 23:59:59.999000+00:00
2025-05-23 00:00:00+00:00,4.947,5.108,4.927,5.104,7672504.3,2025-05-23 03:59:59.999000+00:00
2025-05-23 04:00:00+00:00,5.103,5.117,4.898,4.92,6606107.1,2025-05-23 07:59:59.999000+00:00
2025-05-23 08:00:00+00:00,4.921,5.013,4.714,4.744,9325758.1,2025-05-23 11:59:59.999000+00:00
2025-05-23 12:00:00+00:00,4.744,4.816,4.588,4.713,16101886.4,2025-05-23 15:59:59.999000+00:00
2025-05-23 16:00:00+00:00,4.713,4.767,4.675,4.69,5257504.6,2025-05-23 19:59:59.999000+00:00
2025-05-23 20:00:00+00:00,4.69,4.69,4.527,4.558,6122515.8,2025-05-23 23:59:59.999000+00:00
2025-05-24 00:00:00+00:00,4.557,4.63,4.536,4.613,3648872.7,2025-05-24 03:59:59.999000+00:00
2025-05-24 04:00:00+00:00,4.612,4.628,4.561,4.589,3388428.1,2025-05-24 07:59:59.999000+00:00
2025-05-24 08:00:00+00:00,4.589,4.63,4.571,4.605,4004511.6,2025-05-24 11:59:59.999000+00:00
2025-05-24 12:00:00+00:00,4.606,4.612,4.554,4.566,3059731.7,2025-05-24 15:59:59.999000+00:00
2025-05-24 16:00:00+00:00,4.567,4.608,4.54,4.588,3677511.9,2025-05-24 19:59:59.999000+00:00
2025-05-24 20:00:00+00:00,4.588,4.604,4.51,4.542,2843266.8,2025-05-24 23:59:59.999000+00:00
2025-05-25 00:00:00+00:00,4.542,4.562,4.451,4.515,4773392.3,2025-05-25 03:59:59.999000+00:00
2025-05-25 04:00:00+00:00,4.515,4.546,4.49,4.509,2092029.6,2025-05-25 07:59:59.999000+00:00
2025-05-25 08:00:00+00:00,4.509,4.509,4.423,4.454,5494620.7,2025-05-25 11:59:59.999000+00:00
2025-05-25 12:00:00+00:00,4.453,4.489,4.346,4.409,6043904.3,2025-05-25 15:59:59.999000+00:00
2025-05-25 16:00:00+00:00,4.409,4.459,4.366,4.441,2560933.0,2025-05-25 19:59:59.999000+00:00
2025-05-25 20:00:00+00:00,4.442,4.527,4.394,4.521,3725080.2,2025-05-25 23:59:59.999000+00:00
2025-05-26 00:00:00+00:00,4.52,4.572,4.491,4.559,3494347.3,2025-05-26 03:59:59.999000+00:00
2025-05-26 04:00:00+00:00,4.56,4.615,4.544,4.604,4169301.6,2025-05-26 07:59:59.999000+00:00
2025-05-26 08:00:00+00:00,4.604,4.606,4.51,4.519,3745883.0,2025-05-26 11:59:59.999000+00:00
2025-05-26 12:00:00+00:00,4.52,4.551,4.461,4.524,5983349.1,2025-05-26 15:59:59.999000+00:00
2025-05-26 16:00:00+00:00,4.524,4.545,4.419,4.445,4944528.6,2025-05-26 19:59:59.999000+00:00
2025-05-26 20:00:00+00:00,4.444,4.497,4.43,4.464,2417593.2,2025-05-26 23:59:59.999000+00:00
2025-05-27 00:00:00+00:00,4.465,4.491,4.368,4.425,4704426.2,2025-05-27 03:59:59.999000+00:00
2025-05-27 04:00:00+00:00,4.424,4.535,4.423,4.518,3835022.4,2025-05-27 07:59:59.999000+00:00
2025-05-27 08:00:00+00:00,4.519,4.572,4.519,4.558,4278275.7,2025-05-27 11:59:59.999000+00:00
2025-05-27 12:00:00+00:00,4.558,4.611,4.493,4.58,6677808.2,2025-05-27 15:59:59.999000+00:00
2025-05-27 16:00:00+00:00,4.581,4.613,4.548,4.552,4220442.0,2025-05-27 19:59:59.999000+00:00
2025-05-27 20:00:00+00:00,4.553,4.586,4.512,4.532,3442155.1,2025-05-27 23:59:59.999000+00:00
2025-05-28 00:00:00+00:00,4.532,4.559,4.482,4.547,4073329.7,2025-05-28 03:59:59.999000+00:00
2025-05-28 04:00:00+00:00,4.546,4.572,4.49,4.533,2750794.6,2025-05-28 07:59:59.999000+00:00
2025-05-28 08:00:00+00:00,4.534,4.613,4.501,4.613,3882392.5,2025-05-28 11:59:59.999000+00:00
2025-05-28 12:00:00+00:00,4.613,4.66,4.47,4.486,11440583.7,2025-05-28 15:59:59.999000+00:00
2025-05-28 16:00:00+00:00,4.486,4.555,4.415,4.421,5178663.9,2025-05-28 19:59:59.999000+00:00
2025-05-28 20:00:00+00:00,4.421,4.596,4.416,4.585,4524970.4,2025-05-28 23:59:59.999000+00:00
2025-05-29 00:00:00+00:00,4.586,4.68,4.561,4.626,7423839.6,2025-05-29 03:59:59.999000+00:00
2025-05-29 04:00:00+00:00,4.626,4.633,4.52,4.551,4796916.5,2025-05-29 07:59:59.999000+00:00
2025-05-29 08:00:00+00:00,4.552,4.596,4.535,4.582,3283963.2,2025-05-29 11:59:59.999000+00:00
2025-05-29 12:00:00+00:00,4.582,4.584,4.452,4.495,8071377.8,2025-05-29 15:59:59.999000+00:00
2025-05-29 16:00:00+00:00,4.496,4.516,4.4,4.432,6796789.7,2025-05-29 19:59:59.999000+00:00
2025-05-29 20:00:00+00:00,4.432,4.465,4.328,4.331,5226076.9,2025-05-29 23:59:59.999000+00:00
2025-05-30 00:00:00+00:00,4.33,4.355,4.095,4.208,16757014.8,2025-05-30 03:59:59.999000+00:00
2025-05-30 04:00:00+00:00,4.208,4.221,4.138,4.184,6397114.2,2025-05-30 07:59:59.999000+00:00
2025-05-30 08:00:00+00:00,4.185,4.223,4.159,4.215,5650903.1,2025-05-30 11:59:59.999000+00:00
2025-05-30 12:00:00+00:00,4.214,4.221,4.154,4.172,7050071.7,2025-05-30 15:59:59.999000+00:00
2025-05-30 16:00:00+00:00,4.173,4.194,4.036,4.181,10123274.9,2025-05-30 19:59:59.999000+00:00
2025-05-30 20:00:00+00:00,4.181,4.184,4.003,4.047,7012492.7,2025-05-30 23:59:59.999000+00:00
2025-05-31 00:00:00+00:00,4.046,4.062,3.893,3.958,12836984.0,2025-05-31 03:59:59.999000+00:00
2025-05-31 04:00:00+00:00,3.958,4.009,3.923,3.983,4351889.6,2025-05-31 07:59:59.999000+00:00
2025-05-31 08:00:00+00:00,3.984,4.014,3.962,3.977,3750884.1,2025-05-31 11:59:59.999000+00:00
2025-05-31 12:00:00+00:00,3.978,4.118,3.971,4.075,4907509.0,2025-05-31 15:59:59.999000+00:00
2025-05-31 16:00:00+00:00,4.076,4.117,4.065,4.093,3417660.8,2025-05-31 19:59:59.999000+00:00
2025-05-31 20:00:00+00:00,4.094,4.116,4.067,4.074,2223475.9,2025-05-31 23:59:59.999000+00:00
2025-06-01 00:00:00+00:00,4.074,4.085,4.025,4.064,2586607.1,2025-06-01 03:59:59.999000+00:00
2025-06-01 04:00:00+00:00,4.064,4.099,4.034,4.045,2163009.6,2025-06-01 07:59:59.999000+00:00
2025-06-01 08:00:00+00:00,4.044,4.047,3.967,4.022,3997031.6,2025-06-01 11:59:59.999000+00:00
2025-06-01 12:00:00+00:00,4.022,4.065,3.988,4.047,3148299.6,2025-06-01 15:59:59.999000+00:00
2025-06-01 16:00:00+00:00,4.046,4.085,3.987,4.037,4081035.0,2025-06-01 19:59:59.999000+00:00
2025-06-01 20:00:00+00:00,4.038,4.079,4.02,4.063,2402522.4,2025-06-01 23:59:59.999000+00:00
2025-06-02 00:00:00+00:00,4.064,4.087,4.0,4.018,2973784.1,2025-06-02 03:59:59.999000+00:00
2025-06-02 04:00:00+00:00,4.017,4.049,4.006,4.012,2690152.3,2025-06-02 07:59:59.999000+00:00
2025-06-02 08:00:00+00:00,4.012,4.023,3.948,3.968,5210239.3,2025-06-02 11:59:59.999000+00:00
2025-06-02 12:00:00+00:00,3.968,4.055,3.962,4.032,5059645.8,2025-06-02 15:59:59.999000+00:00
2025-06-02 16:00:00+00:00,4.033,4.06,4.009,4.034,3434763.6,2025-06-02 19:59:59.999000+00:00
2025-06-02 20:00:00+00:00,4.034,4.17,4.034,4.146,5114858.7,2025-06-02 23:59:59.999000+00:00
2025-06-03 00:00:00+00:00,4.146,4.221,4.139,4.146,5501350.7,2025-06-03 03:59:59.999000+00:00
2025-06-03 04:00:00+00:00,4.147,4.188,4.121,4.163,2874601.9,2025-06-03 07:59:59.999000+00:00
2025-06-03 08:00:00+00:00,4.163,4.18,4.134,4.15,2900993.0,2025-06-03 11:59:59.999000+00:00
2025-06-03 12:00:00+00:00,4.149,4.204,4.129,4.182,6003433.4,2025-06-03 15:59:59.999000+00:00
2025-06-03 16:00:00+00:00,4.181,4.205,4.164,4.192,3102299.1,2025-06-03 19:59:59.999000+00:00
2025-06-03 20:00:00+00:00,4.192,4.194,4.09,4.136,3605331.8,2025-06-03 23:59:59.999000+00:00
2025-06-04 00:00:00+00:00,4.135,4.205,4.121,4.188,3636525.1,2025-06-04 03:59:59.999000+00:00
2025-06-04 04:00:00+00:00,4.189,4.212,4.168,4.182,2331309.9,2025-06-04 07:59:59.999000+00:00
2025-06-04 08:00:00+00:00,4.181,4.203,4.125,4.128,3006647.0,2025-06-04 11:59:59.999000+00:00
2025-06-04 12:00:00+00:00,4.128,4.136,4.035,4.104,8095793.7,2025-06-04 15:59:59.999000+00:00
2025-06-04 16:00:00+00:00,4.105,4.106,4.028,4.038,3438977.5,2025-06-04 19:59:59.999000+00:00
2025-06-04 20:00:00+00:00,4.038,4.044,3.981,4.005,4585966.3,2025-06-04 23:59:59.999000+00:00
2025-06-05 00:00:00+00:00,4.005,4.045,3.994,4.033,2456017.8,2025-06-05 03:59:59.999000+00:00
2025-06-05 04:00:00+00:00,4.033,4.056,4.006,4.027,3018882.3,2025-06-05 07:59:59.999000+00:00
2025-06-05 08:00:00+00:00,4.028,4.038,3.983,4.004,2745445.9,2025-06-05 11:59:59.999000+00:00
2025-06-05 12:00:00+00:00,4.003,4.074,3.957,4.016,6482728.2,2025-06-05 15:59:59.999000+00:00
2025-06-05 16:00:00+00:00,4.017,4.019,3.825,3.893,10799379.9,2025-06-05 19:59:59.999000+00:00
2025-06-05 20:00:00+00:00,3.894,3.911,3.734,3.81,13254780.4,2025-06-05 23:59:59.999000+00:00
2025-06-06 00:00:00+00:00,3.811,3.917,3.799,3.912,3888705.2,2025-06-06 03:59:59.999000+00:00
2025-06-06 04:00:00+00:00,3.913,3.921,3.875,3.878,2446368.8,2025-06-06 07:59:59.999000+00:00
2025-06-06 08:00:00+00:00,3.878,3.917,3.87,3.907,2802917.9,2025-06-06 11:59:59.999000+00:00
2025-06-06 12:00:00+00:00,3.908,3.99,3.905,3.967,4623255.3,2025-06-06 15:59:59.999000+00:00
2025-06-06 16:00:00+00:00,3.966,3.981,3.879,3.888,4238697.5,2025-06-06 19:59:59.999000+00:00
2025-06-06 20:00:00+00:00,3.889,3.912,3.874,3.883,2234711.6,2025-06-06 23:59:59.999000+00:00
2025-06-07 00:00:00+00:00,3.884,3.979,3.865,3.977,2538354.8,2025-06-07 03:59:59.999000+00:00
2025-06-07 04:00:00+00:00,3.976,4.031,3.955,4.026,2862432.6,2025-06-07 07:59:59.999000+00:00
2025-06-07 08:00:00+00:00,4.026,4.035,3.984,4.023,2950235.8,2025-06-07 11:59:59.999000+00:00
2025-06-07 12:00:00+00:00,4.023,4.057,4.022,4.038,3506032.2,2025-06-07 15:59:59.999000+00:00
2025-06-07 16:00:00+00:00,4.038,4.045,4.002,4.015,2187372.4,2025-06-07 19:59:59.999000+00:00
2025-06-07 20:00:00+00:00,4.014,4.051,4.014,4.029,1775687.2,2025-06-07 23:59:59.999000+00:00
2025-06-08 00:00:00+00:00,4.028,4.039,4.009,4.018,1493328.3,2025-06-08 03:59:59.999000+00:00
2025-06-08 04:00:00+00:00,4.018,4.056,4.012,4.02,2223531.3,2025-06-08 07:59:59.999000+00:00
2025-06-08 08:00:00+00:00,4.02,4.044,3.972,4.04,4000597.4,2025-06-08 11:59:59.999000+00:00
2025-06-08 12:00:00+00:00,4.039,4.097,4.027,4.074,4734999.5,2025-06-08 15:59:59.999000+00:00
2025-06-08 16:00:00+00:00,4.073,4.11,4.058,4.076,2847766.8,2025-06-08 19:59:59.999000+00:00
2025-06-08 20:00:00+00:00,4.077,4.082,4.015,4.022,2906575.7,2025-06-08 23:59:59.999000+00:00
2025-06-09 00:00:00+00:00,4.023,4.038,3.983,4.005,3103793.7,2025-06-09 03:59:59.999000+00:00
2025-06-09 04:00:00+00:00,4.004,4.01,3.96,3.985,3498298.4,2025-06-09 07:59:59.999000+00:00
2025-06-09 08:00:00+00:00,3.984,4.075,3.971,4.053,6091513.4,2025-06-09 11:59:59.999000+00:00
2025-06-09 12:00:00+00:00,4.054,4.056,3.979,4.019,8121039.0,2025-06-09 15:59:59.999000+00:00
2025-06-09 16:00:00+00:00,4.019,4.095,4.018,4.062,6486698.6,2025-06-09 19:59:59.999000+00:00
2025-06-09 20:00:00+00:00,4.063,4.16,4.062,4.151,5868258.7,2025-06-09 23:59:59.999000+00:00
2025-06-10 00:00:00+00:00,4.151,4.214,4.141,4.147,6363907.7,2025-06-10 03:59:59.999000+00:00
2025-06-10 04:00:00+00:00,4.148,4.153,4.094,4.125,4215943.7,2025-06-10 07:59:59.999000+00:00
2025-06-10 08:00:00+00:00,4.124,4.238,4.101,4.232,6781344.3,2025-06-10 11:59:59.999000+00:00
2025-06-10 12:00:00+00:00,4.231,4.309,4.187,4.239,12662509.8,2025-06-10 15:59:59.999000+00:00
2025-06-10 16:00:00+00:00,4.239,4.315,4.224,4.273,5810871.4,2025-06-10 19:59:59.999000+00:00
2025-06-10 20:00:00+00:00,4.273,4.317,4.229,4.293,5049290.7,2025-06-10 23:59:59.999000+00:00
2025-06-11 00:00:00+00:00,4.292,4.311,4.237,4.274,3920912.9,2025-06-11 03:59:59.999000+00:00
2025-06-11 04:00:00+00:00,4.274,4.333,4.249,4.312,4114955.4,2025-06-11 07:59:59.999000+00:00
2025-06-11 08:00:00+00:00,4.312,4.324,4.21,4.229,5180024.5,2025-06-11 11:59:59.999000+00:00
2025-06-11 12:00:00+00:00,4.229,4.343,4.213,4.332,8514081.1,2025-06-11 15:59:59.999000+00:00
2025-06-11 16:00:00+00:00,4.332,4.338,4.217,4.242,6376538.2,2025-06-11 19:59:59.999000+00:00
2025-06-11 20:00:00+00:00,4.242,4.266,4.142,4.186,5959207.0,2025-06-11 23:59:59.999000+00:00
2025-06-12 00:00:00+00:00,4.187,4.202,4.122,4.138,5193241.4,2025-06-12 03:59:59.999000+00:00
2025-06-12 04:00:00+00:00,4.137,4.147,4.055,4.055,5357472.5,2025-06-12 07:59:59.999000+00:00
2025-06-12 08:00:00+00:00,4.055,4.08,3.998,4.013,11728964.5,2025-06-12 11:59:59.999000+00:00
2025-06-12 12:00:00+00:00,4.013,4.103,4.002,4.023,6558845.9,2025-06-12 15:59:59.999000+00:00
2025-06-12 16:00:00+00:00,4.024,4.094,3.965,3.977,6327103.7,2025-06-12 19:59:59.999000+00:00
2025-06-12 20:00:00+00:00,3.977,3.993,3.904,3.917,10000844.2,2025-06-12 23:59:59.999000+00:00
2025-06-13 00:00:00+00:00,3.916,3.916,3.659,3.777,30337695.4,2025-06-13 03:59:59.999000+00:00
2025-06-13 04:00:00+00:00,3.776,3.831,3.75,3.821,7636629.0,2025-06-13 07:59:59.999000+00:00
2025-06-13 08:00:00+00:00,3.822,3.854,3.782,3.843,10262837.4,2025-06-13 11:59:59.999000+00:00
2025-06-13 12:00:00+00:00,3.842,3.855,3.779,3.823,6703711.6,2025-06-13 15:59:59.999000+00:00
2025-06-13 16:00:00+00:00,3.823,3.857,3.749,3.764,8055691.4,2025-06-13 19:59:59.999000+00:00
2025-06-13 20:00:00+00:00,3.765,3.843,3.758,3.834,4443905.5,2025-06-13 23:59:59.999000+00:00
2025-06-14 00:00:00+00:00,3.834,3.844,3.794,3.817,3533562.3,2025-06-14 03:59:59.999000+00:00
2025-06-14 04:00:00+00:00,3.816,3.828,3.784,3.808,2463050.5,2025-06-14 07:59:59.999000+00:00
2025-06-14 08:00:00+00:00,3.808,3.81,3.776,3.803,2794551.6,2025-06-14 11:59:59.999000+00:00
2025-06-14 12:00:00+00:00,3.803,3.815,3.746,3.761,4368368.9,2025-06-14 15:59:59.999000+00:00
2025-06-14 16:00:00+00:00,3.761,3.768,3.714,3.74,4711839.4,2025-06-14 19:59:59.999000+00:00
2025-06-14 20:00:00+00:00,3.74,3.792,3.716,3.779,2512706.9,2025-06-14 23:59:59.999000+00:00
2025-06-15 00:00:00+00:00,3.779,3.795,3.766,3.784,1749050.5,2025-06-15 03:59:59.999000+00:00
2025-06-15 04:00:00+00:00,3.784,3.817,3.765,3.773,2344577.8,2025-06-15 07:59:59.999000+00:00
2025-06-15 08:00:00+00:00,3.773,3.789,3.751,3.779,2629514.9,2025-06-15 11:59:59.999000+00:00
2025-06-15 12:00:00+00:00,3.78,3.832,3.77,3.801,3605196.9,2025-06-15 15:59:59.999000+00:00
2025-06-15 16:00:00+00:00,3.802,3.809,3.762,3.782,3277651.8,2025-06-15 19:59:59.999000+00:00
2025-06-15 20:00:00+00:00,3.783,3.827,3.732,3.819,5451843.8,2025-06-15 23:59:59.999000+00:00
2025-06-16 00:00:00+00:00,3.819,3.857,3.784,3.84,4010315.2,2025-06-16 03:59:59.999000+00:00
2025-06-16 04:00:00+00:00,3.84,3.904,3.838,3.902,4476002.8,2025-06-16 07:59:59.999000+00:00
2025-06-16 08:00:00+00:00,3.901,3.916,3.874,3.904,4401994.6,2025-06-16 11:59:59.999000+00:00
2025-06-16 12:00:00+00:00,3.903,3.96,3.886,3.936,6472359.3,2025-06-16 15:59:59.999000+00:00
2025-06-16 16:00:00+00:00,3.936,3.99,3.935,3.972,4095515.8,2025-06-16 19:59:59.999000+00:00
2025-06-16 20:00:00+00:00,3.972,3.99,3.835,3.846,8642408.0,2025-06-16 23:59:59.999000+00:00
2025-06-17 00:00:00+00:00,3.846,3.896,3.77,3.872,8194365.8,2025-06-17 03:59:59.999000+00:00
2025-06-17 04:00:00+00:00,3.872,3.874,3.823,3.831,3522916.7,2025-06-17 07:59:59.999000+00:00
2025-06-17 08:00:00+00:00,3.831,3.834,3.76,3.773,6276268.5,2025-06-17 11:59:59.999000+00:00
2025-06-17 12:00:00+00:00,3.774,3.788,3.695,3.725,8177418.0,2025-06-17 15:59:59.999000+00:00
2025-06-17 16:00:00+00:00,3.725,3.766,3.66,3.744,10200577.3,2025-06-17 19:59:59.999000+00:00
2025-06-17 20:00:00+00:00,3.744,3.753,3.693,3.715,3198542.9,2025-06-17 23:59:59.999000+00:00
2025-06-18 00:00:00+00:00,3.716,3.759,3.713,3.749,3532504.9,2025-06-18 03:59:59.999000+00:00
2025-06-18 04:00:00+00:00,3.749,3.784,3.738,3.749,2499889.2,2025-06-18 07:59:59.999000+00:00
2025-06-18 08:00:00+00:00,3.748,3.758,3.63,3.688,6528747.6,2025-06-18 11:59:59.999000+00:00
2025-06-18 12:00:00+00:00,3.687,3.696,3.583,3.635,12109720.7,2025-06-18 15:59:59.999000+00:00
2025-06-18 16:00:00+00:00,3.634,3.644,3.571,3.597,9545385.9,2025-06-18 19:59:59.999000+00:00
2025-06-18 20:00:00+00:00,3.596,3.673,3.587,3.621,5860778.4,2025-06-18 23:59:59.999000+00:00
2025-06-19 00:00:00+00:00,3.621,3.656,3.58,3.604,6811236.5,2025-06-19 03:59:59.999000+00:00
2025-06-19 04:00:00+00:00,3.604,3.616,3.558,3.568,4623988.7,2025-06-19 07:59:59.999000+00:00
2025-06-19 08:00:00+00:00,3.568,3.588,3.552,3.578,4873674.7,2025-06-19 11:59:59.999000+00:00
2025-06-19 12:00:00+00:00,3.578,3.594,3.522,3.524,7026180.7,2025-06-19 15:59:59.999000+00:00
2025-06-19 16:00:00+00:00,3.525,3.578,3.493,3.553,7746968.3,2025-06-19 19:59:59.999000+00:00
2025-06-19 20:00:00+00:00,3.554,3.572,3.534,3.546,4167876.2,2025-06-19 23:59:59.999000+00:00
2025-06-20 00:00:00+00:00,3.546,3.562,3.503,3.508,3516042.4,2025-06-20 03:59:59.999000+00:00
2025-06-20 04:00:00+00:00,3.508,3.54,3.456,3.539,10006109.3,2025-06-20 07:59:59.999000+00:00
2025-06-20 08:00:00+00:00,3.538,3.563,3.495,3.543,8314899.0,2025-06-20 11:59:59.999000+00:00
2025-06-20 12:00:00+00:00,3.543,3.575,3.46,3.472,10999139.5,2025-06-20 15:59:59.999000+00:00
2025-06-20 16:00:00+00:00,3.472,3.475,3.328,3.422,19820854.6,2025-06-20 19:59:59.999000+00:00
2025-06-20 20:00:00+00:00,3.421,3.455,3.395,3.437,5020439.2,2025-06-20 23:59:59.999000+00:00
2025-06-21 00:00:00+00:00,3.436,3.463,3.432,3.457,3307707.3,2025-06-21 03:59:59.999000+00:00
2025-06-21 04:00:00+00:00,3.457,3.494,3.442,3.48,3389383.9,2025-06-21 07:59:59.999000+00:00
2025-06-21 08:00:00+00:00,3.48,3.506,3.457,3.461,3104605.2,2025-06-21 11:59:59.999000+00:00
2025-06-21 12:00:00+00:00,3.46,3.466,3.386,3.409,6254548.8,2025-06-21 15:59:59.999000+00:00
2025-06-21 16:00:00+00:00,3.408,3.422,3.343,3.345,7694758.0,2025-06-21 19:59:59.999000+00:00
2025-06-21 20:00:00+00:00,3.345,3.38,3.2,3.322,16225869.3,2025-06-21 23:59:59.999000+00:00
2025-06-22 00:00:00+00:00,3.322,3.361,3.232,3.256,9279854.2,2025-06-22 03:59:59.999000+00:00
2025-06-22 04:00:00+00:00,3.257,3.324,3.244,3.283,5424478.6,2025-06-22 07:59:59.999000+00:00
2025-06-22 08:00:00+00:00,3.283,3.303,3.243,3.281,7020986.6,2025-06-22 11:59:59.999000+00:00
2025-06-22 12:00:00+00:00,3.282,3.296,3.121,3.172,30441653.7,2025-06-22 15:59:59.999000+00:00
2025-06-22 16:00:00+00:00,3.171,3.204,3.13,3.144,10693847.1,2025-06-22 19:59:59.999000+00:00
2025-06-22 20:00:00+00:00,3.144,3.159,3.014,3.151,23174610.8,2025-06-22 23:59:59.999000+00:00
2025-06-23 00:00:00+00:00,3.152,3.181,3.12,3.176,7585455.7,2025-06-23 03:59:59.999000+00:00
2025-06-23 04:00:00+00:00,3.176,3.245,3.163,3.212,6678740.5,2025-06-23 07:59:59.999000+00:00
2025-06-23 08:00:00+00:00,3.211,3.226,3.168,3.191,5351291.9,2025-06-23 11:59:59.999000+00:00
2025-06-23 12:00:00+00:00,3.192,3.296,3.177,3.205,11759943.1,2025-06-23 15:59:59.999000+00:00
2025-06-23 16:00:00+00:00,3.205,3.296,3.11,3.282,19455788.3,2025-06-23 19:59:59.999000+00:00
2025-06-23 20:00:00+00:00,3.282,3.42,3.275,3.414,16549920.5,2025-06-23 23:59:59.999000+00:00
2025-06-24 00:00:00+00:00,3.413,3.429,3.385,3.4,6895321.2,2025-06-24 03:59:59.999000+00:00
2025-06-24 04:00:00+00:00,3.399,3.483,3.384,3.412,8867431.4,2025-06-24 07:59:59.999000+00:00
2025-06-24 08:00:00+00:00,3.411,3.45,3.383,3.425,5855631.8,2025-06-24 11:59:59.999000+00:00
2025-06-24 12:00:00+00:00,3.426,3.477,3.412,3.448,7294292.6,2025-06-24 15:59:59.999000+00:00
2025-06-24 16:00:00+00:00,3.447,3.521,3.413,3.431,7801807.4,2025-06-24 19:59:59.999000+00:00
2025-06-24 20:00:00+00:00,3.431,3.462,3.418,3.438,4164459.3,2025-06-24 23:59:59.999000+00:00
2025-06-25 00:00:00+00:00,3.437,3.458,3.405,3.425,5790022.9,2025-06-25 03:59:59.999000+00:00
2025-06-25 04:00:00+00:00,3.425,3.44,3.395,3.428,3870614.5,2025-06-25 07:59:59.999000+00:00
2025-06-25 08:00:00+00:00,3.428,3.44,3.372,3.421,5604947.0,2025-06-25 11:59:59.999000+00:00
2025-06-25 12:00:00+00:00,3.422,3.454,3.348,3.359,8760235.6,2025-06-25 15:59:59.999000+00:00
2025-06-25 16:00:00+00:00,3.36,3.412,3.343,3.394,5482687.0,2025-06-25 19:59:59.999000+00:00
2025-06-25 20:00:00+00:00,3.394,3.417,3.338,3.351,3870738.3,2025-06-25 23:59:59.999000+00:00
2025-06-26 00:00:00+00:00,3.351,3.432,3.331,3.378,7106147.5,2025-06-26 03:59:59.999000+00:00
2025-06-26 04:00:00+00:00,3.379,3.395,3.331,3.373,5688175.4,2025-06-26 07:59:59.999000+00:00
2025-06-26 08:00:00+00:00,3.372,3.381,3.313,3.326,5781969.5,2025-06-26 11:59:59.999000+00:00
2025-06-26 12:00:00+00:00,3.326,3.33,3.268,3.31,8826808.3,2025-06-26 15:59:59.999000+00:00
2025-06-26 16:00:00+00:00,3.311,3.33,3.283,3.32,4797663.6,2025-06-26 19:59:59.999000+00:00
2025-06-26 20:00:00+00:00,3.32,3.355,3.289,3.297,4654288.4,2025-06-26 23:59:59.999000+00:00
2025-06-27 00:00:00+00:00,3.296,3.354,3.271,3.343,5397811.2,2025-06-27 03:59:59.999000+00:00
2025-06-27 04:00:00+00:00,3.343,3.376,3.284,3.293,5898966.6,2025-06-27 07:59:59.999000+00:00
2025-06-27 08:00:00+00:00,3.294,3.33,3.292,3.308,3718804.7,2025-06-27 11:59:59.999000+00:00
2025-06-27 12:00:00+00:00,3.309,3.362,3.29,3.356,6646342.2,2025-06-27 15:59:59.999000+00:00
2025-06-27 16:00:00+00:00,3.355,3.397,3.29,3.324,8237004.7,2025-06-27 19:59:59.999000+00:00
2025-06-27 20:00:00+00:00,3.324,3.376,3.316,3.358,3186671.9,2025-06-27 23:59:59.999000+00:00
2025-06-28 00:00:00+00:00,3.358,3.386,3.345,3.358,2636412.4,2025-06-28 03:59:59.999000+00:00
2025-06-28 04:00:00+00:00,3.357,3.359,3.337,3.352,2177508.3,2025-06-28 07:59:59.999000+00:00
2025-06-28 08:00:00+00:00,3.352,3.361,3.328,3.354,2506091.7,2025-06-28 11:59:59.999000+00:00
2025-06-28 12:00:00+00:00,3.354,3.375,3.337,3.372,2397874.0,2025-06-28 15:59:59.999000+00:00
2025-06-28 16:00:00+00:00,3.372,3.416,3.363,3.4,4435283.0,2025-06-28 19:59:59.999000+00:00
2025-06-28 20:00:00+00:00,3.401,3.424,3.389,3.405,2689244.9,2025-06-28 23:59:59.999000+00:00
2025-06-29 00:00:00+00:00,3.405,3.424,3.379,3.38,2586589.7,2025-06-29 03:59:59.999000+00:00
2025-06-29 04:00:00+00:00,3.381,3.41,3.377,3.409,1803274.5,2025-06-29 07:59:59.999000+00:00
2025-06-29 08:00:00+00:00,3.409,3.435,3.406,3.432,3130110.3,2025-06-29 11:59:59.999000+00:00
2025-06-29 12:00:00+00:00,3.431,3.439,3.391,3.398,3192537.7,2025-06-29 15:59:59.999000+00:00
2025-06-29 16:00:00+00:00,3.398,3.437,3.394,3.431,2446477.6,2025-06-29 19:59:59.999000+00:00
2025-06-29 20:00:00+00:00,3.43,3.582,3.4,3.541,10088279.6,2025-06-29 23:59:59.999000+00:00
2025-06-30 00:00:00+00:00,3.541,3.559,3.469,3.477,6031028.4,2025-06-30 03:59:59.999000+00:00
2025-06-30 04:00:00+00:00,3.477,3.48,3.411,3.457,5562671.0,2025-06-30 07:59:59.999000+00:00
2025-06-30 08:00:00+00:00,3.457,3.464,3.408,3.417,4207475.0,2025-06-30 11:59:59.999000+00:00
2025-06-30 12:00:00+00:00,3.417,3.43,3.35,3.393,10088855.8,2025-06-30 15:59:59.999000+00:00
2025-06-30 16:00:00+00:00,3.394,3.459,3.38,3.455,6614224.6,2025-06-30 19:59:59.999000+00:00
2025-06-30 20:00:00+00:00,3.455,3.463,3.392,3.395,4542836.4,2025-06-30 23:59:59.999000+00:00
2025-07-01 00:00:00+00:00,3.396,3.418,3.37,3.383,4116822.6,2025-07-01 03:59:59.999000+00:00
2025-07-01 04:00:00+00:00,3.383,3.383,3.31,3.352,6996493.5,2025-07-01 07:59:59.999000+00:00
2025-07-01 08:00:00+00:00,3.353,3.353,3.319,3.332,4292110.1,2025-07-01 11:59:59.999000+00:00
2025-07-01 12:00:00+00:00,3.332,3.36,3.305,3.329,6837545.8,2025-07-01 15:59:59.999000+00:00
2025-07-01 16:00:00+00:00,3.329,3.348,3.277,3.279,5473347.3,2025-07-01 19:59:59.999000+00:00
2025-07-01 20:00:00+00:00,3.279,3.3,3.255,3.279,5547162.1,2025-07-01 23:59:59.999000+00:00
2025-07-02 00:00:00+00:00,3.278,3.313,3.24,3.299,4768423.3,2025-07-02 03:59:59.999000+00:00
2025-07-02 04:00:00+00:00,3.299,3.338,3.293,3.311,4059803.2,2025-07-02 07:59:59.999000+00:00
2025-07-02 08:00:00+00:00,3.312,3.334,3.292,3.323,4192255.1,2025-07-02 11:59:59.999000+00:00
2025-07-02 12:00:00+00:00,3.323,3.432,3.315,3.43,7142341.7,2025-07-02 15:59:59.999000+00:00
2025-07-02 16:00:00+00:00,3.431,3.589,3.43,3.578,22684879.9,2025-07-02 19:59:59.999000+00:00
2025-07-02 20:00:00+00:00,3.579,3.625,3.537,3.545,7701418.3,2025-07-02 23:59:59.999000+00:00
2025-07-03 00:00:00+00:00,3.544,3.572,3.531,3.534,4560432.6,2025-07-03 03:59:59.999000+00:00
2025-07-03 04:00:00+00:00,3.535,3.665,3.532,3.654,7606979.0,2025-07-03 07:59:59.999000+00:00
2025-07-03 08:00:00+00:00,3.654,3.66,3.577,3.589,6688498.4,2025-07-03 11:59:59.999000+00:00
2025-07-03 12:00:00+00:00,3.588,3.625,3.496,3.505,13077181.6,2025-07-03 15:59:59.999000+00:00
2025-07-03 16:00:00+00:00,3.506,3.551,3.503,3.545,4227141.4,2025-07-03 19:59:59.999000+00:00
2025-07-03 20:00:00+00:00,3.544,3.566,3.529,3.538,2608392.2,2025-07-03 23:59:59.999000+00:00
2025-07-04 00:00:00+00:00,3.538,3.561,3.501,3.515,4089247.4,2025-07-04 03:59:59.999000+00:00
2025-07-04 04:00:00+00:00,3.515,3.524,3.441,3.445,5662821.4,2025-07-04 07:59:59.999000+00:00
2025-07-04 08:00:00+00:00,3.444,3.46,3.408,3.435,7326235.8,2025-07-04 11:59:59.999000+00:00
2025-07-04 12:00:00+00:00,3.436,3.442,3.347,3.35,10419034.8,2025-07-04 15:59:59.999000+00:00
2025-07-04 16:00:00+00:00,3.35,3.355,3.31,3.328,8859106.6,2025-07-04 19:59:59.999000+00:00
2025-07-04 20:00:00+00:00,3.328,3.393,3.321,3.355,12622532.6,2025-07-04 23:59:59.999000+00:00
2025-07-05 00:00:00+00:00,3.356,3.381,3.331,3.366,3113906.5,2025-07-05 03:59:59.999000+00:00
2025-07-05 04:00:00+00:00,3.366,3.388,3.341,3.371,2900710.6,2025-07-05 07:59:59.999000+00:00
2025-07-05 08:00:00+00:00,3.371,3.381,3.342,3.362,3359783.9,2025-07-05 11:59:59.999000+00:00
2025-07-05 12:00:00+00:00,3.362,3.364,3.335,3.343,3277758.5,2025-07-05 15:59:59.999000+00:00
2025-07-05 16:00:00+00:00,3.344,3.349,3.305,3.336,5237940.2,2025-07-05 19:59:59.999000+00:00
2025-07-05 20:00:00+00:00,3.336,3.362,3.328,3.352,2816799.8,2025-07-05 23:59:59.999000+00:00
2025-07-06 00:00:00+00:00,3.352,3.357,3.333,3.343,1646427.4,2025-07-06 03:59:59.999000+00:00
2025-07-06 04:00:00+00:00,3.343,3.354,3.326,3.344,2271524.2,2025-07-06 07:59:59.999000+00:00
2025-07-06 08:00:00+00:00,3.344,3.368,3.333,3.368,2903820.5,2025-07-06 11:59:59.999000+00:00
2025-07-06 12:00:00+00:00,3.367,3.421,3.345,3.388,6848140.3,2025-07-06 15:59:59.999000+00:00
2025-07-06 16:00:00+00:00,3.388,3.406,3.366,3.39,4055220.0,2025-07-06 19:59:59.999000+00:00
2025-07-06 20:00:00+00:00,3.39,3.446,3.356,3.393,12710919.7,2025-07-06 23:59:59.999000+00:00
2025-07-07 00:00:00+00:00,3.393,3.437,3.376,3.412,3456064.9,2025-07-07 03:59:59.999000+00:00
2025-07-07 04:00:00+00:00,3.412,3.426,3.379,3.409,2740099.7,2025-07-07 07:59:59.999000+00:00
2025-07-07 08:00:00+00:00,3.408,3.414,3.37,3.38,3045852.2,2025-07-07 11:59:59.999000+00:00
2025-07-07 12:00:00+00:00,3.381,3.426,3.363,3.391,7611047.2,2025-07-07 15:59:59.999000+00:00
2025-07-07 16:00:00+00:00,3.392,3.404,3.345,3.381,6830491.7,2025-07-07 19:59:59.999000+00:00
2025-07-07 20:00:00+00:00,3.38,3.38,3.321,3.367,3721016.4,2025-07-07 23:59:59.999000+00:00
2025-07-08 00:00:00+00:00,3.368,3.386,3.331,3.345,4231913.5,2025-07-08 03:59:59.999000+00:00
2025-07-08 04:00:00+00:00,3.346,3.355,3.33,3.353,2918062.2,2025-07-08 07:59:59.999000+00:00
2025-07-08 08:00:00+00:00,3.353,3.398,3.324,3.382,5636615.4,2025-07-08 11:59:59.999000+00:00
2025-07-08 12:00:00+00:00,3.382,3.414,3.362,3.371,5223199.0,2025-07-08 15:59:59.999000+00:00
2025-07-08 16:00:00+00:00,3.371,3.467,3.358,3.437,7945067.1,2025-07-08 19:59:59.999000+00:00
2025-07-08 20:00:00+00:00,3.437,3.475,3.428,3.447,2937398.9,2025-07-08 23:59:59.999000+00:00
2025-07-09 00:00:00+00:00,3.446,3.453,3.415,3.417,2980434.1,2025-07-09 03:59:59.999000+00:00
2025-07-09 04:00:00+00:00,3.417,3.486,3.415,3.482,4448890.2,2025-07-09 07:59:59.999000+00:00
2025-07-09 08:00:00+00:00,3.482,3.528,3.47,3.521,5942376.2,2025-07-09 11:59:59.999000+00:00
2025-07-09 12:00:00+00:00,3.521,3.565,3.49,3.521,9869083.6,2025-07-09 15:59:59.999000+00:00
2025-07-09 16:00:00+00:00,3.522,3.635,3.499,3.623,9892201.1,2025-07-09 19:59:59.999000+00:00
2025-07-09 20:00:00+00:00,3.623,3.658,3.585,3.619,8399687.6,2025-07-09 23:59:59.999000+00:00
2025-07-10 00:00:00+00:00,3.619,3.649,3.588,3.64,4279847.7,2025-07-10 03:59:59.999000+00:00
2025-07-10 04:00:00+00:00,3.639,3.682,3.623,3.658,6107561.6,2025-07-10 07:59:59.999000+00:00
2025-07-10 08:00:00+00:00,3.658,3.698,3.645,3.668,6321948.5,2025-07-10 11:59:59.999000+00:00
2025-07-10 12:00:00+00:00,3.669,3.685,3.614,3.628,8486563.6,2025-07-10 15:59:59.999000+00:00
2025-07-10 16:00:00+00:00,3.628,3.757,3.622,3.712,12562441.4,2025-07-10 19:59:59.999000+00:00
2025-07-10 20:00:00+00:00,3.713,3.894,3.71,3.88,14269906.2,2025-07-10 23:59:59.999000+00:00
2025-07-11 00:00:00+00:00,3.88,3.933,3.811,3.916,8500160.8,2025-07-11 03:59:59.999000+00:00
2025-07-11 04:00:00+00:00,3.916,4.015,3.889,3.909,14369888.3,2025-07-11 07:59:59.999000+00:00
2025-07-11 08:00:00+00:00,3.909,3.999,3.909,3.937,10103403.4,2025-07-11 11:59:59.999000+00:00
2025-07-11 12:00:00+00:00,3.938,4.111,3.931,3.978,24324367.5,2025-07-11 15:59:59.999000+00:00
2025-07-11 16:00:00+00:00,3.977,4.086,3.959,4.077,11124592.7,2025-07-11 19:59:59.999000+00:00
2025-07-11 20:00:00+00:00,4.078,4.078,3.829,3.906,13205291.2,2025-07-11 23:59:59.999000+00:00
2025-07-12 00:00:00+00:00,3.906,4.015,3.849,4.014,9285972.5,2025-07-12 03:59:59.999000+00:00
2025-07-12 04:00:00+00:00,4.014,4.066,3.907,3.987,15767195.0,2025-07-12 07:59:59.999000+00:00
2025-07-12 08:00:00+00:00,3.987,4.025,3.958,3.989,5042389.3,2025-07-12 11:59:59.999000+00:00
2025-07-12 12:00:00+00:00,3.988,4.004,3.793,3.824,13266408.6,2025-07-12 15:59:59.999000+00:00
2025-07-12 16:00:00+00:00,3.824,3.91,3.806,3.899,5690352.2,2025-07-12 19:59:59.999000+00:00
2025-07-12 20:00:00+00:00,3.9,3.904,3.831,3.89,3524195.9,2025-07-12 23:59:59.999000+00:00
2025-07-13 00:00:00+00:00,3.891,3.928,3.875,3.919,5497415.9,2025-07-13 03:59:59.999000+00:00
2025-07-13 04:00:00+00:00,3.918,4.001,3.893,3.999,6567479.4,2025-07-13 07:59:59.999000+00:00
2025-07-13 08:00:00+00:00,3.999,4.011,3.935,3.967,6406653.2,2025-07-13 11:59:59.999000+00:00
2025-07-13 12:00:00+00:00,3.967,4.075,3.954,4.007,11402112.4,2025-07-13 15:59:59.999000+00:00
2025-07-13 16:00:00+00:00,4.008,4.058,3.971,4.017,5264939.6,2025-07-13 19:59:59.999000+00:00
2025-07-13 20:00:00+00:00,4.017,4.041,3.93,3.983,6773029.0,2025-07-13 23:59:59.999000+00:00
2025-07-14 00:00:00+00:00,3.983,4.161,3.969,4.138,9174425.9,2025-07-14 03:59:59.999000+00:00
2025-07-14 04:00:00+00:00,4.138,4.195,4.072,4.15,11933707.2,2025-07-14 07:59:59.999000+00:00
2025-07-14 08:00:00+00:00,4.151,4.154,4.079,4.086,8240098.9,2025-07-14 11:59:59.999000+00:00
2025-07-14 12:00:00+00:00,4.086,4.131,3.968,4.003,12403108.3,2025-07-14 15:59:59.999000+00:00
2025-07-14 16:00:00+00:00,4.003,4.038,3.931,3.944,8450418.1,2025-07-14 19:59:59.999000+00:00
2025-07-14 20:00:00+00:00,3.945,3.976,3.9,3.949,5266133.3,2025-07-14 23:59:59.999000+00:00
2025-07-15 00:00:00+00:00,3.949,3.984,3.805,3.832,9946921.3,2025-07-15 03:59:59.999000+00:00
2025-07-15 04:00:00+00:00,3.833,3.897,3.8,3.863,4739394.8,2025-07-15 07:59:59.999000+00:00
2025-07-15 08:00:00+00:00,3.864,3.9,3.833,3.883,4530474.6,2025-07-15 11:59:59.999000+00:00
2025-07-15 12:00:00+00:00,3.883,3.963,3.836,3.946,13215979.6,2025-07-15 15:59:59.999000+00:00
2025-07-15 16:00:00+00:00,3.946,4.098,3.943,3.95,14408523.3,2025-07-15 19:59:59.999000+00:00
2025-07-15 20:00:00+00:00,3.949,4.099,3.934,4.082,6398632.0,2025-07-15 23:59:59.999000+00:00
2025-07-16 00:00:00+00:00,4.083,4.125,4.011,4.043,5926919.6,2025-07-16 03:59:59.999000+00:00
2025-07-16 04:00:00+00:00,4.043,4.144,4.012,4.125,4749213.9,2025-07-16 07:59:59.999000+00:00
2025-07-16 08:00:00+00:00,4.126,4.14,4.092,4.117,6213152.2,2025-07-16 11:59:59.999000+00:00
2025-07-16 12:00:00+00:00,4.117,4.186,4.08,4.133,11581991.5,2025-07-16 15:59:59.999000+00:00
2025-07-16 16:00:00+00:00,4.134,4.234,4.111,4.171,8839830.3,2025-07-16 19:59:59.999000+00:00
2025-07-16 20:00:00+00:00,4.171,4.269,4.136,4.156,9524848.9,2025-07-16 23:59:59.999000+00:00
2025-07-17 00:00:00+00:00,4.156,4.218,4.065,4.096,9346028.6,2025-07-17 03:59:59.999000+00:00
2025-07-17 04:00:00+00:00,4.095,4.225,4.081,4.188,8776834.1,2025-07-17 07:59:59.999000+00:00
2025-07-17 08:00:00+00:00,4.188,4.277,4.18,4.224,10832736.2,2025-07-17 11:59:59.999000+00:00
2025-07-17 12:00:00+00:00,4.224,4.269,4.138,4.19,10221395.2,2025-07-17 15:59:59.999000+00:00
2025-07-17 16:00:00+00:00,4.189,4.209,4.1,4.122,8421913.3,2025-07-17 19:59:59.999000+00:00
2025-07-17 20:00:00+00:00,4.122,4.305,4.073,4.26,11744065.9,2025-07-17 23:59:59.999000+00:00
2025-07-18 00:00:00+00:00,4.259,4.439,4.234,4.437,13918913.8,2025-07-18 03:59:59.999000+00:00
2025-07-18 04:00:00+00:00,4.436,4.627,4.409,4.487,18638163.7,2025-07-18 07:59:59.999000+00:00
2025-07-18 08:00:00+00:00,4.486,4.543,4.381,4.429,12758981.2,2025-07-18 11:59:59.999000+00:00
2025-07-18 12:00:00+00:00,4.429,4.497,4.25,4.295,15997611.8,2025-07-18 15:59:59.999000+00:00
2025-07-18 16:00:00+00:00,4.294,4.361,4.225,4.257,10316544.9,2025-07-18 19:59:59.999000+00:00
2025-07-18 20:00:00+00:00,4.258,4.271,4.137,4.229,11734144.2,2025-07-18 23:59:59.999000+00:00
2025-07-19 00:00:00+00:00,4.228,4.3,4.132,4.298,7212264.7,2025-07-19 03:59:59.999000+00:00
2025-07-19 04:00:00+00:00,4.297,4.335,4.27,4.284,4654507.8,2025-07-19 07:59:59.999000+00:00
2025-07-19 08:00:00+00:00,4.285,4.304,4.223,4.229,5071459.1,2025-07-19 11:59:59.999000+00:00
2025-07-19 12:00:00+00:00,4.23,4.253,4.164,4.22,6230382.2,2025-07-19 15:59:59.999000+00:00
2025-07-19 16:00:00+00:00,4.221,4.406,4.203,4.388,7457977.6,2025-07-19 19:59:59.999000+00:00
2025-07-19 20:00:00+00:00,4.388,4.453,4.309,4.408,8747632.0,2025-07-19 23:59:59.999000+00:00
2025-07-20 00:00:00+00:00,4.408,4.435,4.357,4.389,5122256.8,2025-07-20 03:59:59.999000+00:00
2025-07-20 04:00:00+00:00,4.389,4.443,4.349,4.414,5058867.5,2025-07-20 07:59:59.999000+00:00
2025-07-20 08:00:00+00:00,4.414,4.509,4.414,4.49,8419149.6,2025-07-20 11:59:59.999000+00:00
2025-07-20 12:00:00+00:00,4.491,4.555,4.46,4.541,8241165.3,2025-07-20 15:59:59.999000+00:00
2025-07-20 16:00:00+00:00,4.541,4.588,4.472,4.526,11055847.6,2025-07-20 19:59:59.999000+00:00
2025-07-20 20:00:00+00:00,4.527,4.539,4.378,4.481,11319161.5,2025-07-20 23:59:59.999000+00:00
2025-07-21 00:00:00+00:00,4.482,4.551,4.394,4.541,8255767.7,2025-07-21 03:59:59.999000+00:00
2025-07-21 04:00:00+00:00,4.54,4.606,4.505,4.583,7759716.5,2025-07-21 07:59:59.999000+00:00
2025-07-21 08:00:00+00:00,4.584,4.625,4.515,4.586,8655962.9,2025-07-21 11:59:59.999000+00:00
2025-07-21 12:00:00+00:00,4.586,4.677,4.552,4.597,13296260.9,2025-07-21 15:59:59.999000+00:00
2025-07-21 16:00:00+00:00,4.597,4.602,4.43,4.447,16746626.9,2025-07-21 19:59:59.999000+00:00
2025-07-21 20:00:00+00:00,4.447,4.522,4.427,4.5,5945097.4,2025-07-21 23:59:59.999000+00:00
2025-07-22 00:00:00+00:00,4.501,4.543,4.361,4.42,13186053.6,2025-07-22 03:59:59.999000+00:00
2025-07-22 04:00:00+00:00,4.419,4.442,4.308,4.389,15194937.6,2025-07-22 07:59:59.999000+00:00
2025-07-22 08:00:00+00:00,4.389,4.417,4.279,4.409,11325761.7,2025-07-22 11:59:59.999000+00:00
2025-07-22 12:00:00+00:00,4.409,4.501,4.332,4.422,16884768.4,2025-07-22 15:59:59.999000+00:00
2025-07-22 16:00:00+00:00,4.422,4.476,4.357,4.371,12303037.6,2025-07-22 19:59:59.999000+00:00
2025-07-22 20:00:00+00:00,4.37,4.556,4.356,4.552,9040895.5,2025-07-22 23:59:59.999000+00:00
2025-07-23 00:00:00+00:00,4.553,4.554,4.447,4.476,8379454.7,2025-07-23 03:59:59.999000+00:00
2025-07-23 04:00:00+00:00,4.476,4.541,4.43,4.45,6132060.7,2025-07-23 07:59:59.999000+00:00
2025-07-23 08:00:00+00:00,4.449,4.466,4.327,4.367,8924048.1,2025-07-23 11:59:59.999000+00:00
2025-07-23 12:00:00+00:00,4.367,4.379,4.121,4.241,29685334.4,2025-07-23 15:59:59.999000+00:00
2025-07-23 16:00:00+00:00,4.241,4.241,4.075,4.138,15109301.5,2025-07-23 19:59:59.999000+00:00
2025-07-23 20:00:00+00:00,4.138,4.166,3.992,4.113,16900198.9,2025-07-23 23:59:59.999000+00:00
2025-07-24 00:00:00+00:00,4.114,4.2,4.085,4.141,9010133.4,2025-07-24 03:59:59.999000+00:00
2025-07-24 04:00:00+00:00,4.141,4.156,3.891,4.007,25410340.9,2025-07-24 07:59:59.999000+00:00
2025-07-24 08:00:00+00:00,4.006,4.04,3.913,4.019,13354996.9,2025-07-24 11:59:59.999000+00:00
2025-07-24 12:00:00+00:00,4.018,4.134,3.938,4.08,17357479.3,2025-07-24 15:59:59.999000+00:00
2025-07-24 16:00:00+00:00,4.081,4.109,3.98,4.057,11337671.9,2025-07-24 19:59:59.999000+00:00
2025-07-24 20:00:00+00:00,4.057,4.095,3.979,3.999,7254677.5,2025-07-24 23:59:59.999000+00:00
2025-07-25 00:00:00+00:00,3.999,4.014,3.86,3.923,13311266.0,2025-07-25 03:59:59.999000+00:00
2025-07-25 04:00:00+00:00,3.923,3.981,3.879,3.935,9856183.3,2025-07-25 07:59:59.999000+00:00
2025-07-25 08:00:00+00:00,3.935,4.058,3.922,4.046,10381978.1,2025-07-25 11:59:59.999000+00:00
2025-07-25 12:00:00+00:00,4.046,4.075,3.897,3.952,12613262.2,2025-07-25 15:59:59.999000+00:00
2025-07-25 16:00:00+00:00,3.952,4.02,3.927,3.993,6729416.2,2025-07-25 19:59:59.999000+00:00
2025-07-25 20:00:00+00:00,3.993,4.1,3.992,4.086,5775424.6,2025-07-25 23:59:59.999000+00:00
2025-07-26 00:00:00+00:00,4.087,4.13,4.067,4.119,4839116.3,2025-07-26 03:59:59.999000+00:00
2025-07-26 04:00:00+00:00,4.119,4.126,4.087,4.094,2279444.5,2025-07-26 07:59:59.999000+00:00
2025-07-26 08:00:00+00:00,4.093,4.116,4.082,4.103,4000305.4,2025-07-26 11:59:59.999000+00:00
2025-07-26 12:00:00+00:00,4.104,4.145,4.086,4.142,5274551.4,2025-07-26 15:59:59.999000+00:00
2025-07-26 16:00:00+00:00,4.143,4.194,4.102,4.191,5143381.3,2025-07-26 19:59:59.999000+00:00
2025-07-26 20:00:00+00:00,4.191,4.195,4.119,4.123,4147122.8,2025-07-26 23:59:59.999000+00:00
2025-07-27 00:00:00+00:00,4.123,4.192,4.111,4.162,3921795.2,2025-07-27 03:59:59.999000+00:00
2025-07-27 04:00:00+00:00,4.162,4.205,4.151,4.161,3998833.2,2025-07-27 07:59:59.999000+00:00
2025-07-27 08:00:00+00:00,4.161,4.189,4.114,4.15,5055471.6,2025-07-27 11:59:59.999000+00:00
2025-07-27 12:00:00+00:00,4.149,4.185,4.134,4.169,4623123.9,2025-07-27 15:59:59.999000+00:00
2025-07-27 16:00:00+00:00,4.168,4.217,4.16,4.18,6327480.8,2025-07-27 19:59:59.999000+00:00
2025-07-27 20:00:00+00:00,4.18,4.252,4.161,4.239,4870732.9,2025-07-27 23:59:59.999000+00:00
2025-07-28 00:00:00+00:00,4.239,4.268,4.18,4.247,7188530.4,2025-07-28 03:59:59.999000+00:00
2025-07-28 04:00:00+00:00,4.246,4.31,4.224,4.272,6113748.1,2025-07-28 07:59:59.999000+00:00
2025-07-28 08:00:00+00:00,4.271,4.285,4.206,4.223,5027779.9,2025-07-28 11:59:59.999000+00:00
2025-07-28 12:00:00+00:00,4.224,4.237,4.047,4.071,15012481.0,2025-07-28 15:59:59.999000+00:00
2025-07-28 16:00:00+00:00,4.07,4.094,3.974,4.005,12896920.0,2025-07-28 19:59:59.999000+00:00
2025-07-28 20:00:00+00:00,4.006,4.012,3.927,3.963,7401064.3,2025-07-28 23:59:59.999000+00:00
2025-07-29 00:00:00+00:00,3.963,4.001,3.901,3.989,9241492.4,2025-07-29 03:59:59.999000+00:00
2025-07-29 04:00:00+00:00,3.989,4.079,3.963,4.072,6122473.5,2025-07-29 07:59:59.999000+00:00
2025-07-29 08:00:00+00:00,4.072,4.073,3.959,3.992,5978517.5,2025-07-29 11:59:59.999000+00:00
2025-07-29 12:00:00+00:00,3.992,4.039,3.888,3.913,13446447.4,2025-07-29 15:59:59.999000+00:00
2025-07-29 16:00:00+00:00,3.914,3.921,3.836,3.855,13116846.7,2025-07-29 19:59:59.999000+00:00
2025-07-29 20:00:00+00:00,3.855,3.914,3.817,3.902,7145472.1,2025-07-29 23:59:59.999000+00:00
2025-07-30 00:00:00+00:00,3.902,3.919,3.834,3.893,5130702.5,2025-07-30 03:59:59.999000+00:00
2025-07-30 04:00:00+00:00,3.893,3.907,3.851,3.868,3732094.6,2025-07-30 07:59:59.999000+00:00
2025-07-30 08:00:00+00:00,3.868,3.886,3.733,3.756,11430160.2,2025-07-30 11:59:59.999000+00:00
2025-07-30 12:00:00+00:00,3.757,3.855,3.73,3.818,12255015.3,2025-07-30 15:59:59.999000+00:00
2025-07-30 16:00:00+00:00,3.818,3.857,3.618,3.777,18279972.9,2025-07-30 19:59:59.999000+00:00
2025-07-30 20:00:00+00:00,3.777,3.811,3.734,3.804,6439587.2,2025-07-30 23:59:59.999000+00:00
2025-07-31 00:00:00+00:00,3.803,3.879,3.796,3.872,4120402.0,2025-07-31 03:59:59.999000+00:00
2025-07-31 04:00:00+00:00,3.873,3.9,3.861,3.885,3657079.1,2025-07-31 07:59:59.999000+00:00
2025-07-31 08:00:00+00:00,3.884,3.918,3.877,3.886,4369598.0,2025-07-31 11:59:59.999000+00:00
2025-07-31 12:00:00+00:00,3.886,3.889,3.742,3.788,11477643.8,2025-07-31 15:59:59.999000+00:00
2025-07-31 16:00:00+00:00,3.788,3.871,3.732,3.746,9281307.7,2025-07-31 19:59:59.999000+00:00
2025-07-31 20:00:00+00:00,3.746,3.762,3.663,3.679,8884451.6,2025-07-31 23:59:59.999000+00:00
2025-08-01 00:00:00+00:00,3.679,3.722,3.584,3.692,14771463.7,2025-08-01 03:59:59.999000+00:00
2025-08-01 04:00:00+00:00,3.691,3.691,3.615,3.655,7322466.0,2025-08-01 07:59:59.999000+00:00
2025-08-01 08:00:00+00:00,3.655,3.657,3.565,3.65,12329956.6,2025-08-01 11:59:59.999000+00:00
2025-08-01 12:00:00+00:00,3.649,3.691,3.536,3.641,15335504.6,2025-08-01 15:59:59.999000+00:00
2025-08-01 16:00:00+00:00,3.641,3.67,3.529,3.623,10932931.0,2025-08-01 19:59:59.999000+00:00
2025-08-01 20:00:00+00:00,3.622,3.631,3.442,3.545,15429593.5,2025-08-01 23:59:59.999000+00:00
2025-08-02 00:00:00+00:00,3.545,3.598,3.535,3.594,4029745.2,2025-08-02 03:59:59.999000+00:00
2025-08-02 04:00:00+00:00,3.595,3.628,3.506,3.585,7359069.3,2025-08-02 07:59:59.999000+00:00
2025-08-02 08:00:00+00:00,3.585,3.59,3.512,3.55,5825642.8,2025-08-02 11:59:59.999000+00:00
2025-08-02 12:00:00+00:00,3.55,3.572,3.482,3.493,7474099.8,2025-08-02 15:59:59.999000+00:00
2025-08-02 16:00:00+00:00,3.494,3.534,3.425,3.478,12666150.7,2025-08-02 19:59:59.999000+00:00
2025-08-02 20:00:00+00:00,3.478,3.527,3.472,3.506,5013802.0,2025-08-02 23:59:59.999000+00:00
2025-08-03 00:00:00+00:00,3.506,3.554,3.456,3.538,5397915.9,2025-08-03 03:59:59.999000+00:00
2025-08-03 04:00:00+00:00,3.539,3.579,3.526,3.573,3434135.8,2025-08-03 07:59:59.999000+00:00
2025-08-03 08:00:00+00:00,3.573,3.614,3.568,3.601,4013154.4,2025-08-03 11:59:59.999000+00:00
2025-08-03 12:00:00+00:00,3.601,3.614,3.564,3.588,4908337.2,2025-08-03 15:59:59.999000+00:00
2025-08-03 16:00:00+00:00,3.587,3.613,3.569,3.595,3029028.0,2025-08-03 19:59:59.999000+00:00
2025-08-03 20:00:00+00:00,3.595,3.625,3.585,3.6,3086898.0,2025-08-03 23:59:59.999000+00:00
2025-08-04 00:00:00+00:00,3.6,3.665,3.595,3.621,4700030.4,2025-08-04 03:59:59.999000+00:00
2025-08-04 04:00:00+00:00,3.62,3.651,3.603,3.634,2961260.8,2025-08-04 07:59:59.999000+00:00
2025-08-04 08:00:00+00:00,3.634,3.643,3.608,3.618,3345426.3,2025-08-04 11:59:59.999000+00:00
2025-08-04 12:00:00+00:00,3.618,3.708,3.612,3.69,8065421.0,2025-08-04 15:59:59.999000+00:00
2025-08-04 16:00:00+00:00,3.689,3.755,3.667,3.678,6574592.4,2025-08-04 19:59:59.999000+00:00
2025-08-04 20:00:00+00:00,3.679,3.733,3.671,3.718,3870677.4,2025-08-04 23:59:59.999000+00:00
2025-08-05 00:00:00+00:00,3.718,3.724,3.658,3.66,3627965.7,2025-08-05 03:59:59.999000+00:00
2025-08-05 04:00:00+00:00,3.66,3.677,3.584,3.596,6754042.0,2025-08-05 07:59:59.999000+00:00
2025-08-05 08:00:00+00:00,3.596,3.702,3.589,3.697,5368992.3,2025-08-05 11:59:59.999000+00:00
2025-08-05 12:00:00+00:00,3.698,3.703,3.558,3.577,12986274.2,2025-08-05 15:59:59.999000+00:00
2025-08-05 16:00:00+00:00,3.576,3.617,3.568,3.581,4939630.1,2025-08-05 19:59:59.999000+00:00
2025-08-05 20:00:00+00:00,3.582,3.623,3.535,3.619,4676478.8,2025-08-05 23:59:59.999000+00:00
2025-08-06 00:00:00+00:00,3.619,3.619,3.558,3.57,3895903.8,2025-08-06 03:59:59.999000+00:00
2025-08-06 04:00:00+00:00,3.57,3.646,3.55,3.632,4675495.9,2025-08-06 07:59:59.999000+00:00
2025-08-06 08:00:00+00:00,3.632,3.642,3.592,3.606,4336278.3,2025-08-06 11:59:59.999000+00:00
2025-08-06 12:00:00+00:00,3.606,3.68,3.57,3.677,7761031.7,2025-08-06 15:59:59.999000+00:00
2025-08-06 16:00:00+00:00,3.676,3.696,3.64,3.673,4336204.6,2025-08-06 19:59:59.999000+00:00
2025-08-06 20:00:00+00:00,3.673,3.685,3.657,3.673,2144518.2,2025-08-06 23:59:59.999000+00:00
2025-08-07 00:00:00+00:00,3.672,3.695,3.642,3.646,2709856.5,2025-08-07 03:59:59.999000+00:00
2025-08-07 04:00:00+00:00,3.645,3.691,3.643,3.682,2974946.6,2025-08-07 07:59:59.999000+00:00
2025-08-07 08:00:00+00:00,3.682,3.789,3.67,3.787,8361373.1,2025-08-07 11:59:59.999000+00:00
2025-08-07 12:00:00+00:00,3.786,3.805,3.74,3.766,7363419.4,2025-08-07 15:59:59.999000+00:00
2025-08-07 16:00:00+00:00,3.766,3.787,3.69,3.786,5637425.3,2025-08-07 19:59:59.999000+00:00
2025-08-07 20:00:00+00:00,3.786,3.872,3.782,3.864,6448738.3,2025-08-07 23:59:59.999000+00:00
2025-08-08 00:00:00+00:00,3.864,3.926,3.805,3.875,19779070.0,2025-08-08 03:59:59.999000+00:00
2025-08-08 04:00:00+00:00,3.875,3.947,3.837,3.917,5379347.1,2025-08-08 07:59:59.999000+00:00
2025-08-08 08:00:00+00:00,3.918,3.943,3.885,3.915,5197076.1,2025-08-08 11:59:59.999000+00:00
2025-08-08 12:00:00+00:00,3.914,3.965,3.857,3.884,9982171.4,2025-08-08 15:59:59.999000+00:00
2025-08-08 16:00:00+00:00,3.884,3.988,3.879,3.988,8666512.7,2025-08-08 19:59:59.999000+00:00
2025-08-08 20:00:00+00:00,3.988,3.997,3.955,3.977,3328141.0,2025-08-08 23:59:59.999000+00:00
2025-08-09 00:00:00+00:00,3.978,4.022,3.968,3.999,4483355.9,2025-08-09 03:59:59.999000+00:00
2025-08-09 04:00:00+00:00,3.999,4.091,3.987,4.072,8285317.0,2025-08-09 07:59:59.999000+00:00
2025-08-09 08:00:00+00:00,4.072,4.109,4.066,4.098,6072321.1,2025-08-09 11:59:59.999000+00:00
2025-08-09 12:00:00+00:00,4.099,4.14,4.048,4.074,7591332.7,2025-08-09 15:59:59.999000+00:00
2025-08-09 16:00:00+00:00,4.073,4.138,4.073,4.127,4752733.4,2025-08-09 19:59:59.999000+00:00
2025-08-09 20:00:00+00:00,4.128,4.164,4.106,4.134,5363438.2,2025-08-09 23:59:59.999000+00:00
2025-08-10 00:00:00+00:00,4.135,4.18,4.085,4.135,6096828.5,2025-08-10 03:59:59.999000+00:00
2025-08-10 04:00:00+00:00,4.135,4.168,4.004,4.01,8827160.8,2025-08-10 07:59:59.999000+00:00
2025-08-10 08:00:00+00:00,4.01,4.056,3.964,3.992,8306796.9,2025-08-10 11:59:59.999000+00:00
2025-08-10 12:00:00+00:00,3.992,4.083,3.974,4.055,6616884.6,2025-08-10 15:59:59.999000+00:00
2025-08-10 16:00:00+00:00,4.055,4.091,4.032,4.072,4701699.5,2025-08-10 19:59:59.999000+00:00
2025-08-10 20:00:00+00:00,4.073,4.081,4.011,4.047,4755058.9,2025-08-10 23:59:59.999000+00:00
2025-08-11 00:00:00+00:00,4.046,4.156,4.03,4.128,7052655.6,2025-08-11 03:59:59.999000+00:00
2025-08-11 04:00:00+00:00,4.129,4.158,4.037,4.044,5558565.4,2025-08-11 07:59:59.999000+00:00
2025-08-11 08:00:00+00:00,4.045,4.072,3.907,3.929,10497634.7,2025-08-11 11:59:59.999000+00:00
2025-08-11 12:00:00+00:00,3.93,3.983,3.879,3.962,13686987.4,2025-08-11 15:59:59.999000+00:00
2025-08-11 16:00:00+00:00,3.962,4.02,3.876,3.907,8967279.7,2025-08-11 19:59:59.999000+00:00
2025-08-11 20:00:00+00:00,3.908,3.921,3.815,3.852,7154955.9,2025-08-11 23:59:59.999000+00:00
2025-08-12 00:00:00+00:00,3.852,3.933,3.842,3.894,3815317.3,2025-08-12 03:59:59.999000+00:00
2025-08-12 04:00:00+00:00,3.894,3.933,3.849,3.92,7116957.8,2025-08-12 07:59:59.999000+00:00
2025-08-12 08:00:00+00:00,3.921,3.921,3.833,3.882,4377491.7,2025-08-12 11:59:59.999000+00:00
2025-08-12 12:00:00+00:00,3.883,4.094,3.868,4.092,14061884.3,2025-08-12 15:59:59.999000+00:00
2025-08-12 16:00:00+00:00,4.092,4.233,4.071,4.173,19148360.9,2025-08-12 19:59:59.999000+00:00
2025-08-12 20:00:00+00:00,4.173,4.209,4.123,4.155,7501618.5,2025-08-12 23:59:59.999000+00:00
2025-08-13 00:00:00+00:00,4.156,4.199,4.097,4.188,7996902.4,2025-08-13 03:59:59.999000+00:00
2025-08-13 04:00:00+00:00,4.187,4.225,4.131,4.2,6999871.1,2025-08-13 07:59:59.999000+00:00
2025-08-13 08:00:00+00:00,4.2,4.289,4.196,4.259,10975204.3,2025-08-13 11:59:59.999000+00:00
2025-08-13 12:00:00+00:00,4.258,4.316,4.185,4.221,17858654.5,2025-08-13 15:59:59.999000+00:00
2025-08-13 16:00:00+00:00,4.221,4.254,4.175,4.249,8313773.2,2025-08-13 19:59:59.999000+00:00
2025-08-13 20:00:00+00:00,4.25,4.318,4.22,4.278,6419988.9,2025-08-13 23:59:59.999000+00:00
2025-08-14 00:00:00+00:00,4.277,4.37,4.246,4.336,10183864.9,2025-08-14 03:59:59.999000+00:00
2025-08-14 04:00:00+00:00,4.336,4.352,4.218,4.257,9456910.1,2025-08-14 07:59:59.999000+00:00
2025-08-14 08:00:00+00:00,4.258,4.258,4.166,4.198,10937823.0,2025-08-14 11:59:59.999000+00:00
2025-08-14 12:00:00+00:00,4.198,4.228,3.909,4.024,44790941.2,2025-08-14 15:59:59.999000+00:00
2025-08-14 16:00:00+00:00,4.024,4.025,3.936,3.992,11212221.7,2025-08-14 19:59:59.999000+00:00
2025-08-14 20:00:00+00:00,3.991,3.999,3.901,3.983,6983973.7,2025-08-14 23:59:59.999000+00:00
2025-08-15 00:00:00+00:00,3.983,4.047,3.964,4.034,5809224.2,2025-08-15 03:59:59.999000+00:00
2025-08-15 04:00:00+00:00,4.033,4.1,3.992,4.031,7888021.1,2025-08-15 07:59:59.999000+00:00
2025-08-15 08:00:00+00:00,4.031,4.041,3.973,3.987,6858669.5,2025-08-15 11:59:59.999000+00:00
2025-08-15 12:00:00+00:00,3.988,4.034,3.829,3.858,20970119.1,2025-08-15 15:59:59.999000+00:00
2025-08-15 16:00:00+00:00,3.858,3.91,3.816,3.83,11419934.9,2025-08-15 19:59:59.999000+00:00
2025-08-15 20:00:00+00:00,3.829,3.935,3.818,3.892,6355348.9,2025-08-15 23:59:59.999000+00:00
2025-08-16 00:00:00+00:00,3.892,3.951,3.886,3.908,4175526.7,2025-08-16 03:59:59.999000+00:00
2025-08-16 04:00:00+00:00,3.907,3.938,3.887,3.933,3593037.0,2025-08-16 07:59:59.999000+00:00
2025-08-16 08:00:00+00:00,3.933,3.964,3.893,3.896,5765140.6,2025-08-16 11:59:59.999000+00:00
2025-08-16 12:00:00+00:00,3.897,3.995,3.89,3.979,5230901.9,2025-08-16 15:59:59.999000+00:00
2025-08-16 16:00:00+00:00,3.979,3.989,3.934,3.945,3829159.1,2025-08-16 19:59:59.999000+00:00
2025-08-16 20:00:00+00:00,3.945,3.98,3.938,3.963,2500335.2,2025-08-16 23:59:59.999000+00:00
2025-08-17 00:00:00+00:00,3.963,3.987,3.923,3.978,3344630.2,2025-08-17 03:59:59.999000+00:00
2025-08-17 04:00:00+00:00,3.978,4.035,3.976,4.021,4362316.7,2025-08-17 07:59:59.999000+00:00
2025-08-17 08:00:00+00:00,4.021,4.095,4.016,4.088,6213184.8,2025-08-17 11:59:59.999000+00:00
2025-08-17 12:00:00+00:00,4.087,4.17,4.047,4.17,7662046.3,2025-08-17 15:59:59.999000+00:00
2025-08-17 16:00:00+00:00,4.17,4.192,4.043,4.061,10326478.0,2025-08-17 19:59:59.999000+00:00
2025-08-17 20:00:00+00:00,4.061,4.101,4.047,4.05,5801229.1,2025-08-17 23:59:59.999000+00:00
2025-08-18 00:00:00+00:00,4.05,4.06,3.846,3.895,14517951.3,2025-08-18 03:59:59.999000+00:00
2025-08-18 04:00:00+00:00,3.896,3.929,3.833,3.863,8819266.9,2025-08-18 07:59:59.999000+00:00
2025-08-18 08:00:00+00:00,3.862,3.925,3.831,3.917,9414043.6,2025-08-18 11:59:59.999000+00:00
2025-08-18 12:00:00+00:00,3.917,3.978,3.864,3.917,9840624.3,2025-08-18 15:59:59.999000+00:00
2025-08-18 16:00:00+00:00,3.916,3.956,3.873,3.928,6378730.3,2025-08-18 19:59:59.999000+00:00
2025-08-18 20:00:00+00:00,3.928,3.973,3.897,3.912,4539768.2,2025-08-18 23:59:59.999000+00:00
2025-08-19 00:00:00+00:00,3.912,3.959,3.81,3.822,9218120.5,2025-08-19 03:59:59.999000+00:00
2025-08-19 04:00:00+00:00,3.821,3.85,3.78,3.834,8253277.3,2025-08-19 07:59:59.999000+00:00
2025-08-19 08:00:00+00:00,3.835,3.897,3.807,3.886,5654622.8,2025-08-19 11:59:59.999000+00:00
2025-08-19 12:00:00+00:00,3.886,3.907,3.768,3.772,11440940.0,2025-08-19 15:59:59.999000+00:00
2025-08-19 16:00:00+00:00,3.773,3.802,3.718,3.738,12387767.1,2025-08-19 19:59:59.999000+00:00
2025-08-19 20:00:00+00:00,3.738,3.782,3.709,3.717,5675697.9,2025-08-19 23:59:59.999000+00:00
2025-08-20 00:00:00+00:00,3.717,3.775,3.693,3.751,7984885.3,2025-08-20 03:59:59.999000+00:00
2025-08-20 04:00:00+00:00,3.751,3.787,3.749,3.768,4629597.1,2025-08-20 07:59:59.999000+00:00
2025-08-20 08:00:00+00:00,3.768,3.814,3.731,3.776,6932024.3,2025-08-20 11:59:59.999000+00:00
2025-08-20 12:00:00+00:00,3.777,3.864,3.706,3.819,14078104.8,2025-08-20 15:59:59.999000+00:00
2025-08-20 16:00:00+00:00,3.82,3.903,3.815,3.901,7799818.1,2025-08-20 19:59:59.999000+00:00
2025-08-20 20:00:00+00:00,3.901,3.904,3.875,3.883,3569739.5,2025-08-20 23:59:59.999000+00:00
2025-08-21 00:00:00+00:00,3.883,3.923,3.855,3.88,6058380.0,2025-08-21 03:59:59.999000+00:00
2025-08-21 04:00:00+00:00,3.879,3.897,3.84,3.869,3284531.0,2025-08-21 07:59:59.999000+00:00
2025-08-21 08:00:00+00:00,3.87,3.874,3.818,3.829,4945859.6,2025-08-21 11:59:59.999000+00:00
2025-08-21 12:00:00+00:00,3.828,3.871,3.781,3.792,9428563.2,2025-08-21 15:59:59.999000+00:00
2025-08-21 16:00:00+00:00,3.793,3.847,3.771,3.797,5378691.4,2025-08-21 19:59:59.999000+00:00
2025-08-21 20:00:00+00:00,3.797,3.838,3.779,3.796,3155605.0,2025-08-21 23:59:59.999000+00:00
2025-08-22 00:00:00+00:00,3.795,3.852,3.767,3.795,4573948.4,2025-08-22 03:59:59.999000+00:00
2025-08-22 04:00:00+00:00,3.796,3.849,3.794,3.839,4259640.8,2025-08-22 07:59:59.999000+00:00
2025-08-22 08:00:00+00:00,3.838,3.851,3.748,3.75,5049878.8,2025-08-22 11:59:59.999000+00:00
2025-08-22 12:00:00+00:00,3.749,4.003,3.685,3.958,38526819.4,2025-08-22 15:59:59.999000+00:00
2025-08-22 16:00:00+00:00,3.959,4.116,3.959,4.098,18564424.1,2025-08-22 19:59:59.999000+00:00
2025-08-22 20:00:00+00:00,4.099,4.204,4.099,4.181,10028226.8,2025-08-22 23:59:59.999000+00:00
2025-08-23 00:00:00+00:00,4.181,4.193,4.026,4.049,9462613.7,2025-08-23 03:59:59.999000+00:00
2025-08-23 04:00:00+00:00,4.049,4.186,4.047,4.146,7608382.8,2025-08-23 07:59:59.999000+00:00
2025-08-23 08:00:00+00:00,4.147,4.165,4.122,4.142,5487324.7,2025-08-23 11:59:59.999000+00:00
2025-08-23 12:00:00+00:00,4.142,4.174,4.121,4.156,6799019.8,2025-08-23 15:59:59.999000+00:00
2025-08-23 16:00:00+00:00,4.156,4.24,4.134,4.235,6224293.7,2025-08-23 19:59:59.999000+00:00
2025-08-23 20:00:00+00:00,4.236,4.267,4.179,4.228,8234927.2,2025-08-23 23:59:59.999000+00:00
2025-08-24 00:00:00+00:00,4.227,4.24,4.138,4.163,5092353.2,2025-08-24 03:59:59.999000+00:00
2025-08-24 04:00:00+00:00,4.162,4.174,4.076,4.088,5260639.5,2025-08-24 07:59:59.999000+00:00
2025-08-24 08:00:00+00:00,4.088,4.113,4.013,4.035,7522180.2,2025-08-24 11:59:59.999000+00:00
2025-08-24 12:00:00+00:00,4.035,4.106,4.02,4.06,6751364.7,2025-08-24 15:59:59.999000+00:00
2025-08-24 16:00:00+00:00,4.061,4.284,4.041,4.135,28572641.1,2025-08-24 19:59:59.999000+00:00
2025-08-24 20:00:00+00:00,4.134,4.161,4.04,4.11,13260054.0,2025-08-24 23:59:59.999000+00:00
2025-08-25 00:00:00+00:00,4.11,4.147,4.033,4.101,11443926.6,2025-08-25 03:59:59.999000+00:00
2025-08-25 04:00:00+00:00,4.1,4.11,3.893,3.912,13276409.3,2025-08-25 07:59:59.999000+00:00
2025-08-25 08:00:00+00:00,3.911,3.937,3.85,3.899,11587528.2,2025-08-25 11:59:59.999000+00:00
2025-08-25 12:00:00+00:00,3.898,3.929,3.859,3.867,7817651.3,2025-08-25 15:59:59.999000+00:00
2025-08-25 16:00:00+00:00,3.868,3.894,3.768,3.776,10617759.0,2025-08-25 19:59:59.999000+00:00
2025-08-25 20:00:00+00:00,3.776,3.795,3.686,3.73,19582753.3,2025-08-25 23:59:59.999000+00:00
2025-08-26 00:00:00+00:00,3.731,3.809,3.704,3.787,8660305.9,2025-08-26 03:59:59.999000+00:00
2025-08-26 04:00:00+00:00,3.787,3.813,3.754,3.793,6640314.0,2025-08-26 07:59:59.999000+00:00
2025-08-26 08:00:00+00:00,3.793,3.812,3.758,3.78,5917148.5,2025-08-26 11:59:59.999000+00:00
2025-08-26 12:00:00+00:00,3.779,3.853,3.757,3.811,15148038.9,2025-08-26 15:59:59.999000+00:00
2025-08-26 16:00:00+00:00,3.811,3.913,3.802,3.906,6154092.1,2025-08-26 19:59:59.999000+00:00
2025-08-26 20:00:00+00:00,3.905,3.922,3.878,3.886,5799138.7,2025-08-26 23:59:59.999000+00:00
2025-08-27 00:00:00+00:00,3.886,3.91,3.846,3.891,4519021.5,2025-08-27 03:59:59.999000+00:00
2025-08-27 04:00:00+00:00,3.89,3.924,3.846,3.85,5618357.4,2025-08-27 07:59:59.999000+00:00
2025-08-27 08:00:00+00:00,3.851,3.888,3.836,3.882,3804153.1,2025-08-27 11:59:59.999000+00:00
2025-08-27 12:00:00+00:00,3.882,3.933,3.854,3.911,7929279.6,2025-08-27 15:59:59.999000+00:00
2025-08-27 16:00:00+00:00,3.911,3.916,3.841,3.865,5439648.0,2025-08-27 19:59:59.999000+00:00
2025-08-27 20:00:00+00:00,3.865,3.913,3.822,3.837,13297711.5,2025-08-27 23:59:59.999000+00:00
2025-08-28 00:00:00+00:00,3.836,3.877,3.806,3.873,4280646.0,2025-08-28 03:59:59.999000+00:00
2025-08-28 04:00:00+00:00,3.874,3.941,3.865,3.933,6647133.4,2025-08-28 07:59:59.999000+00:00
2025-08-28 08:00:00+00:00,3.933,3.989,3.929,3.963,8601279.0,2025-08-28 11:59:59.999000+00:00
2025-08-28 12:00:00+00:00,3.963,4.021,3.945,3.956,10097669.9,2025-08-28 15:59:59.999000+00:00
2025-08-28 16:00:00+00:00,3.956,3.984,3.88,3.881,7589242.8,2025-08-28 19:59:59.999000+00:00
2025-08-28 20:00:00+00:00,3.881,4.004,3.871,3.979,5206833.2,2025-08-28 23:59:59.999000+00:00
2025-08-29 00:00:00+00:00,3.979,4.002,3.921,3.951,5857164.4,2025-08-29 03:59:59.999000+00:00
2025-08-29 04:00:00+00:00,3.95,3.959,3.806,3.812,13555243.7,2025-08-29 07:59:59.999000+00:00
2025-08-29 08:00:00+00:00,3.812,3.832,3.746,3.826,10169848.9,2025-08-29 11:59:59.999000+00:00
2025-08-29 12:00:00+00:00,3.825,3.914,3.753,3.769,16352458.9,2025-08-29 15:59:59.999000+00:00
2025-08-29 16:00:00+00:00,3.769,3.788,3.72,3.76,7900645.7,2025-08-29 19:59:59.999000+00:00
2025-08-29 20:00:00+00:00,3.76,3.786,3.722,3.771,6413329.1,2025-08-29 23:59:59.999000+00:00
2025-08-30 00:00:00+00:00,3.772,3.823,3.709,3.815,5304794.2,2025-08-30 03:59:59.999000+00:00
2025-08-30 04:00:00+00:00,3.816,3.819,3.788,3.811,3622377.9,2025-08-30 07:59:59.999000+00:00
2025-08-30 08:00:00+00:00,3.811,3.812,3.773,3.795,3574077.1,2025-08-30 11:59:59.999000+00:00
2025-08-30 12:00:00+00:00,3.794,3.796,3.73,3.786,5857754.9,2025-08-30 15:59:59.999000+00:00
2025-08-30 16:00:00+00:00,3.785,3.792,3.756,3.79,3699004.0,2025-08-30 19:59:59.999000+00:00
2025-08-30 20:00:00+00:00,3.789,3.81,3.772,3.808,2669520.0,2025-08-30 23:59:59.999000+00:00
2025-08-31 00:00:00+00:00,3.807,3.875,3.806,3.86,6421237.6,2025-08-31 03:59:59.999000+00:00
2025-08-31 04:00:00+00:00,3.86,3.862,3.798,3.802,5084894.6,2025-08-31 07:59:59.999000+00:00
2025-08-31 08:00:00+00:00,3.803,3.844,3.783,3.816,5144420.3,2025-08-31 11:59:59.999000+00:00
2025-08-31 12:00:00+00:00,3.815,3.828,3.777,3.815,3575722.2,2025-08-31 15:59:59.999000+00:00
2025-08-31 16:00:00+00:00,3.815,3.827,3.786,3.796,4689485.1,2025-08-31 19:59:59.999000+00:00
2025-08-31 20:00:00+00:00,3.797,3.815,3.732,3.74,8098224.4,2025-08-31 23:59:59.999000+00:00
2025-09-01 00:00:00+00:00,3.739,3.75,3.67,3.683,10320586.5,2025-09-01 03:59:59.999000+00:00
2025-09-01 04:00:00+00:00,3.683,3.821,3.652,3.82,11796193.1,2025-09-01 07:59:59.999000+00:00
2025-09-01 08:00:00+00:00,3.82,3.889,3.759,3.769,15717388.6,2025-09-01 11:59:59.999000+00:00
2025-09-01 12:00:00+00:00,3.769,3.797,3.717,3.731,7404940.9,2025-09-01 15:59:59.999000+00:00
2025-09-01 16:00:00+00:00,3.731,3.742,3.691,3.738,5933461.0,2025-09-01 19:59:59.999000+00:00
2025-09-01 20:00:00+00:00,3.739,3.74,3.608,3.691,13757327.9,2025-09-01 23:59:59.999000+00:00
2025-09-02 00:00:00+00:00,3.691,3.786,3.674,3.77,7171765.9,2025-09-02 03:59:59.999000+00:00
2025-09-02 04:00:00+00:00,3.77,3.788,3.745,3.754,5796662.6,2025-09-02 07:59:59.999000+00:00
2025-09-02 08:00:00+00:00,3.753,3.784,3.749,3.755,4006261.7,2025-09-02 11:59:59.999000+00:00
2025-09-02 12:00:00+00:00,3.754,3.816,3.688,3.732,14984651.3,2025-09-02 15:59:59.999000+00:00
2025-09-02 16:00:00+00:00,3.732,3.787,3.731,3.749,4942849.3,2025-09-02 19:59:59.999000+00:00
2025-09-02 20:00:00+00:00,3.749,3.825,3.744,3.818,5259351.7,2025-09-02 23:59:59.999000+00:00
2025-09-03 00:00:00+00:00,3.819,3.842,3.791,3.82,4194434.5,2025-09-03 03:59:59.999000+00:00
2025-09-03 04:00:00+00:00,3.819,3.828,3.783,3.809,2990423.0,2025-09-03 07:59:59.999000+00:00
2025-09-03 08:00:00+00:00,3.808,3.851,3.805,3.826,4135682.8,2025-09-03 11:59:59.999000+00:00
2025-09-03 12:00:00+00:00,3.826,3.905,3.811,3.891,8270508.8,2025-09-03 15:59:59.999000+00:00
2025-09-03 16:00:00+00:00,3.891,3.903,3.862,3.892,3288918.3,2025-09-03 19:59:59.999000+00:00
2025-09-03 20:00:00+00:00,3.892,3.899,3.858,3.866,2682449.1,2025-09-03 23:59:59.999000+00:00
2025-09-04 00:00:00+00:00,3.866,3.876,3.805,3.81,3145759.7,2025-09-04 03:59:59.999000+00:00
2025-09-04 04:00:00+00:00,3.81,3.82,3.759,3.783,5478780.0,2025-09-04 07:59:59.999000+00:00
2025-09-04 08:00:00+00:00,3.783,3.804,3.764,3.779,3855407.4,2025-09-04 11:59:59.999000+00:00
2025-09-04 12:00:00+00:00,3.779,3.799,3.738,3.755,7037869.8,2025-09-04 15:59:59.999000+00:00
2025-09-04 16:00:00+00:00,3.755,3.775,3.722,3.736,5215185.5,2025-09-04 19:59:59.999000+00:00
2025-09-04 20:00:00+00:00,3.737,3.804,3.733,3.762,3440170.9,2025-09-04 23:59:59.999000+00:00
2025-09-05 00:00:00+00:00,3.761,3.789,3.754,3.784,2614575.8,2025-09-05 03:59:59.999000+00:00
2025-09-05 04:00:00+00:00,3.783,3.842,3.773,3.838,3945703.9,2025-09-05 07:59:59.999000+00:00
2025-09-05 08:00:00+00:00,3.839,3.842,3.808,3.828,3697990.6,2025-09-05 11:59:59.999000+00:00
2025-09-05 12:00:00+00:00,3.829,3.894,3.769,3.809,21685555.3,2025-09-05 15:59:59.999000+00:00
2025-09-05 16:00:00+00:00,3.808,3.828,3.785,3.826,5150366.4,2025-09-05 19:59:59.999000+00:00
2025-09-05 20:00:00+00:00,3.827,3.847,3.806,3.827,3750982.7,2025-09-05 23:59:59.999000+00:00
2025-09-06 00:00:00+00:00,3.827,3.884,3.824,3.881,3637973.8,2025-09-06 03:59:59.999000+00:00
2025-09-06 04:00:00+00:00,3.881,3.881,3.818,3.826,4666223.6,2025-09-06 07:59:59.999000+00:00
2025-09-06 08:00:00+00:00,3.825,3.828,3.794,3.812,3110375.5,2025-09-06 11:59:59.999000+00:00
2025-09-06 12:00:00+00:00,3.812,3.824,3.788,3.791,3049455.7,2025-09-06 15:59:59.999000+00:00
2025-09-06 16:00:00+00:00,3.791,3.821,3.779,3.79,3475716.6,2025-09-06 19:59:59.999000+00:00
2025-09-06 20:00:00+00:00,3.791,3.834,3.788,3.822,2163383.4,2025-09-06 23:59:59.999000+00:00
2025-09-07 00:00:00+00:00,3.822,3.861,3.819,3.85,2810595.9,2025-09-07 03:59:59.999000+00:00
2025-09-07 04:00:00+00:00,3.85,3.868,3.844,3.851,2525104.0,2025-09-07 07:59:59.999000+00:00
2025-09-07 08:00:00+00:00,3.852,3.867,3.844,3.866,1934260.1,2025-09-07 11:59:59.999000+00:00
2025-09-07 12:00:00+00:00,3.866,4.087,3.864,3.967,26238060.1,2025-09-07 15:59:59.999000+00:00
2025-09-07 16:00:00+00:00,3.967,4.012,3.951,3.988,7158638.5,2025-09-07 19:59:59.999000+00:00
2025-09-07 20:00:00+00:00,3.988,4.015,3.974,3.993,4651052.3,2025-09-07 23:59:59.999000+00:00
2025-09-08 00:00:00+00:00,3.993,4.073,3.978,4.047,9745223.7,2025-09-08 03:59:59.999000+00:00
2025-09-08 04:00:00+00:00,4.047,4.055,3.984,3.996,6445705.4,2025-09-08 07:59:59.999000+00:00
2025-09-08 08:00:00+00:00,3.996,4.053,3.993,4.023,7678957.7,2025-09-08 11:59:59.999000+00:00
2025-09-08 12:00:00+00:00,4.022,4.076,4.004,4.069,9272985.5,2025-09-08 15:59:59.999000+00:00
2025-09-08 16:00:00+00:00,4.068,4.082,4.013,4.022,7044285.2,2025-09-08 19:59:59.999000+00:00
2025-09-08 20:00:00+00:00,4.023,4.071,4.002,4.044,5452301.4,2025-09-08 23:59:59.999000+00:00
2025-09-09 00:00:00+00:00,4.045,4.1,4.001,4.044,8038568.6,2025-09-09 03:59:59.999000+00:00
2025-09-09 04:00:00+00:00,4.045,4.175,4.029,4.126,10341918.2,2025-09-09 07:59:59.999000+00:00
2025-09-09 08:00:00+00:00,4.126,4.182,4.119,4.148,6177166.1,2025-09-09 11:59:59.999000+00:00
2025-09-09 12:00:00+00:00,4.148,4.183,4.046,4.068,17448119.6,2025-09-09 15:59:59.999000+00:00
2025-09-09 16:00:00+00:00,4.069,4.114,4.027,4.104,7857411.9,2025-09-09 19:59:59.999000+00:00
2025-09-09 20:00:00+00:00,4.104,4.143,4.087,4.137,4842521.4,2025-09-09 23:59:59.999000+00:00
2025-09-10 00:00:00+00:00,4.138,4.153,4.096,4.133,5114176.5,2025-09-10 03:59:59.999000+00:00
2025-09-10 04:00:00+00:00,4.134,4.134,4.073,4.114,4269616.6,2025-09-10 07:59:59.999000+00:00
2025-09-10 08:00:00+00:00,4.114,4.126,4.054,4.082,5492200.0,2025-09-10 11:59:59.999000+00:00
2025-09-10 12:00:00+00:00,4.082,4.21,4.077,4.173,14007683.7,2025-09-10 15:59:59.999000+00:00
2025-09-10 16:00:00+00:00,4.174,4.199,4.142,4.161,6672692.6,2025-09-10 19:59:59.999000+00:00
2025-09-10 20:00:00+00:00,4.162,4.226,4.159,4.217,4797882.5,2025-09-10 23:59:59.999000+00:00
2025-09-11 00:00:00+00:00,4.216,4.258,4.196,4.242,5187788.3,2025-09-11 03:59:59.999000+00:00
2025-09-11 04:00:00+00:00,4.242,4.245,4.195,4.226,4220362.6,2025-09-11 07:59:59.999000+00:00
2025-09-11 08:00:00+00:00,4.225,4.226,4.172,4.193,5255276.8,2025-09-11 11:59:59.999000+00:00
2025-09-11 12:00:00+00:00,4.193,4.245,4.126,4.161,12102905.2,2025-09-11 15:59:59.999000+00:00
2025-09-11 16:00:00+00:00,4.161,4.231,4.159,4.212,4145945.6,2025-09-11 19:59:59.999000+00:00
2025-09-11 20:00:00+00:00,4.211,4.256,4.202,4.242,3481682.0,2025-09-11 23:59:59.999000+00:00
2025-09-12 00:00:00+00:00,4.242,4.28,4.198,4.218,5868233.4,2025-09-12 03:59:59.999000+00:00
2025-09-12 04:00:00+00:00,4.217,4.27,4.204,4.231,4554160.7,2025-09-12 07:59:59.999000+00:00
2025-09-12 08:00:00+00:00,4.231,4.232,4.167,4.173,4307813.7,2025-09-12 11:59:59.999000+00:00
2025-09-12 12:00:00+00:00,4.173,4.245,4.151,4.194,7068506.6,2025-09-12 15:59:59.999000+00:00
2025-09-12 16:00:00+00:00,4.195,4.296,4.193,4.292,7855228.9,2025-09-12 19:59:59.999000+00:00
2025-09-12 20:00:00+00:00,4.291,4.322,4.25,4.318,6264286.6,2025-09-12 23:59:59.999000+00:00
2025-09-13 00:00:00+00:00,4.318,4.382,4.302,4.377,5507363.3,2025-09-13 03:59:59.999000+00:00
2025-09-13 04:00:00+00:00,4.377,4.503,4.359,4.456,10896900.7,2025-09-13 07:59:59.999000+00:00
2025-09-13 08:00:00+00:00,4.456,4.594,4.451,4.585,14244384.4,2025-09-13 11:59:59.999000+00:00
2025-09-13 12:00:00+00:00,4.585,4.625,4.482,4.511,14057249.3,2025-09-13 15:59:59.999000+00:00
2025-09-13 16:00:00+00:00,4.512,4.542,4.416,4.464,9390327.9,2025-09-13 19:59:59.999000+00:00
2025-09-13 20:00:00+00:00,4.465,4.517,4.46,4.492,3954860.5,2025-09-13 23:59:59.999000+00:00
2025-09-14 00:00:00+00:00,4.491,4.498,4.393,4.399,7230429.0,2025-09-14 03:59:59.999000+00:00
2025-09-14 04:00:00+00:00,4.399,4.446,4.362,4.418,4566905.6,2025-09-14 07:59:59.999000+00:00
2025-09-14 08:00:00+00:00,4.419,4.466,4.364,4.371,6905959.1,2025-09-14 11:59:59.999000+00:00
2025-09-14 12:00:00+00:00,4.372,4.394,4.275,4.324,11140134.7,2025-09-14 15:59:59.999000+00:00
2025-09-14 16:00:00+00:00,4.324,4.375,4.314,4.328,4035491.4,2025-09-14 19:59:59.999000+00:00
2025-09-14 20:00:00+00:00,4.328,4.371,4.306,4.314,3786597.7,2025-09-14 23:59:59.999000+00:00
2025-09-15 00:00:00+00:00,4.314,4.375,4.285,4.367,5485009.1,2025-09-15 03:59:59.999000+00:00
2025-09-15 04:00:00+00:00,4.366,4.401,4.236,4.248,10582073.7,2025-09-15 07:59:59.999000+00:00
2025-09-15 08:00:00+00:00,4.248,4.249,4.134,4.188,16084835.2,2025-09-15 11:59:59.999000+00:00
2025-09-15 12:00:00+00:00,4.187,4.204,4.113,4.14,8027110.5,2025-09-15 15:59:59.999000+00:00
2025-09-15 16:00:00+00:00,4.14,4.159,4.101,4.141,5616234.8,2025-09-15 19:59:59.999000+00:00
2025-09-15 20:00:00+00:00,4.142,4.176,4.134,4.148,3110322.4,2025-09-15 23:59:59.999000+00:00
2025-09-16 00:00:00+00:00,4.147,4.161,4.118,4.151,3786849.3,2025-09-16 03:59:59.999000+00:00
2025-09-16 04:00:00+00:00,4.151,4.207,4.106,4.168,7271871.9,2025-09-16 07:59:59.999000+00:00
2025-09-16 08:00:00+00:00,4.168,4.251,4.167,4.208,9799116.6,2025-09-16 11:59:59.999000+00:00
2025-09-16 12:00:00+00:00,4.208,4.245,4.148,4.226,10278761.1,2025-09-16 15:59:59.999000+00:00
2025-09-16 16:00:00+00:00,4.226,4.284,4.191,4.273,6727748.9,2025-09-16 19:59:59.999000+00:00
2025-09-16 20:00:00+00:00,4.273,4.294,4.242,4.251,4102917.6,2025-09-16 23:59:59.999000+00:00
2025-09-17 00:00:00+00:00,4.251,4.263,4.208,4.21,3253445.3,2025-09-17 03:59:59.999000+00:00
2025-09-17 04:00:00+00:00,4.21,4.239,4.171,4.228,5183648.6,2025-09-17 07:59:59.999000+00:00
2025-09-17 08:00:00+00:00,4.227,4.228,4.157,4.179,4842760.1,2025-09-17 11:59:59.999000+00:00
2025-09-17 12:00:00+00:00,4.179,4.199,4.151,4.164,4992183.8,2025-09-17 15:59:59.999000+00:00
2025-09-17 16:00:00+00:00,4.164,4.282,4.13,4.282,16165922.7,2025-09-17 19:59:59.999000+00:00
2025-09-17 20:00:00+00:00,4.281,4.431,4.221,4.402,12734060.9,2025-09-17 23:59:59.999000+00:00
2025-09-18 00:00:00+00:00,4.402,4.489,4.371,4.474,9325075.0,2025-09-18 03:59:59.999000+00:00
2025-09-18 04:00:00+00:00,4.474,4.517,4.416,4.487,9075036.3,2025-09-18 07:59:59.999000+00:00
2025-09-18 08:00:00+00:00,4.488,4.57,4.474,4.526,10320127.6,2025-09-18 11:59:59.999000+00:00
2025-09-18 12:00:00+00:00,4.526,4.58,4.512,4.547,10193804.4,2025-09-18 15:59:59.999000+00:00
2025-09-18 16:00:00+00:00,4.546,4.594,4.527,4.562,9368255.8,2025-09-18 19:59:59.999000+00:00
2025-09-18 20:00:00+00:00,4.562,4.574,4.51,4.532,5984450.1,2025-09-18 23:59:59.999000+00:00
2025-09-19 00:00:00+00:00,4.531,4.88,4.531,4.631,30678567.0,2025-09-19 03:59:59.999000+00:00
2025-09-19 04:00:00+00:00,4.63,4.674,4.566,4.601,12549424.4,2025-09-19 07:59:59.999000+00:00
2025-09-19 08:00:00+00:00,4.601,4.638,4.46,4.494,14455076.4,2025-09-19 11:59:59.999000+00:00
2025-09-19 12:00:00+00:00,4.495,4.539,4.411,4.441,14149360.2,2025-09-19 15:59:59.999000+00:00
2025-09-19 16:00:00+00:00,4.441,4.457,4.35,4.387,10765326.5,2025-09-19 19:59:59.999000+00:00
2025-09-19 20:00:00+00:00,4.387,4.415,4.315,4.355,6093149.3,2025-09-19 23:59:59.999000+00:00
2025-09-20 00:00:00+00:00,4.355,4.385,4.287,4.332,7605966.4,2025-09-20 03:59:59.999000+00:00
2025-09-20 04:00:00+00:00,4.333,4.413,4.319,4.413,4172386.8,2025-09-20 07:59:59.999000+00:00
2025-09-20 08:00:00+00:00,4.413,4.413,4.331,4.357,4660871.8,2025-09-20 11:59:59.999000+00:00
2025-09-20 12:00:00+00:00,4.357,4.459,4.312,4.401,9513133.1,2025-09-20 15:59:59.999000+00:00
2025-09-20 16:00:00+00:00,4.4,4.418,4.341,4.355,4516675.8,2025-09-20 19:59:59.999000+00:00
2025-09-20 20:00:00+00:00,4.354,4.393,4.338,4.353,3007140.2,2025-09-20 23:59:59.999000+00:00
2025-09-21 00:00:00+00:00,4.353,4.372,4.315,4.355,3427664.3,2025-09-21 03:59:59.999000+00:00
2025-09-21 04:00:00+00:00,4.354,4.385,4.328,4.366,3400209.4,2025-09-21 07:59:59.999000+00:00
2025-09-21 08:00:00+00:00,4.367,4.377,4.281,4.303,5844009.2,2025-09-21 11:59:59.999000+00:00
2025-09-21 12:00:00+00:00,4.303,4.338,4.272,4.28,3580782.4,2025-09-21 15:59:59.999000+00:00
2025-09-21 16:00:00+00:00,4.28,4.299,4.233,4.286,5550577.3,2025-09-21 19:59:59.999000+00:00
2025-09-21 20:00:00+00:00,4.285,4.29,4.25,4.259,2798438.6,2025-09-21 23:59:59.999000+00:00
2025-09-22 00:00:00+00:00,4.259,4.277,4.08,4.134,17334450.8,2025-09-22 03:59:59.999000+00:00
2025-09-22 04:00:00+00:00,4.134,4.147,3.787,3.977,23894642.6,2025-09-22 07:59:59.999000+00:00
2025-09-22 08:00:00+00:00,3.978,3.999,3.935,3.974,10955621.0,2025-09-22 11:59:59.999000+00:00
2025-09-22 12:00:00+00:00,3.974,4.025,3.962,3.974,7865011.9,2025-09-22 15:59:59.999000+00:00
2025-09-22 16:00:00+00:00,3.974,3.996,3.927,3.944,7833694.9,2025-09-22 19:59:59.999000+00:00
2025-09-22 20:00:00+00:00,3.945,4.037,3.939,4.035,4274313.5,2025-09-22 23:59:59.999000+00:00
2025-09-23 00:00:00+00:00,4.034,4.057,3.924,4.017,7784184.2,2025-09-23 03:59:59.999000+00:00
2025-09-23 04:00:00+00:00,4.017,4.046,3.984,4.012,6097857.7,2025-09-23 07:59:59.999000+00:00
2025-09-23 08:00:00+00:00,4.013,4.042,3.997,4.018,5888859.7,2025-09-23 11:59:59.999000+00:00
2025-09-23 12:00:00+00:00,4.018,4.05,3.993,4.032,5790544.1,2025-09-23 15:59:59.999000+00:00
2025-09-23 16:00:00+00:00,4.032,4.054,3.957,3.965,7340698.4,2025-09-23 19:59:59.999000+00:00
2025-09-23 20:00:00+00:00,3.965,4.014,3.958,3.964,3734977.6,2025-09-23 23:59:59.999000+00:00
2025-09-24 00:00:00+00:00,3.964,4.021,3.924,3.94,6040925.5,2025-09-24 03:59:59.999000+00:00
2025-09-24 04:00:00+00:00,3.94,4.042,3.883,4.031,10702874.4,2025-09-24 07:59:59.999000+00:00
2025-09-24 08:00:00+00:00,4.032,4.082,4.023,4.066,4911688.7,2025-09-24 11:59:59.999000+00:00
2025-09-24 12:00:00+00:00,4.065,4.114,4.049,4.062,7199181.7,2025-09-24 15:59:59.999000+00:00
2025-09-24 16:00:00+00:00,4.062,4.07,4.02,4.037,4381830.9,2025-09-24 19:59:59.999000+00:00
2025-09-24 20:00:00+00:00,4.038,4.05,3.974,3.989,4058311.1,2025-09-24 23:59:59.999000+00:00
2025-09-25 00:00:00+00:00,3.989,4.003,3.925,3.952,8862215.7,2025-09-25 03:59:59.999000+00:00
2025-09-25 04:00:00+00:00,3.952,3.963,3.871,3.905,8713097.4,2025-09-25 07:59:59.999000+00:00
2025-09-25 08:00:00+00:00,3.905,3.956,3.888,3.902,6280236.6,2025-09-25 11:59:59.999000+00:00
2025-09-25 12:00:00+00:00,3.901,3.989,3.83,3.931,15957241.4,2025-09-25 15:59:59.999000+00:00
2025-09-25 16:00:00+00:00,3.931,3.937,3.773,3.858,18409766.7,2025-09-25 19:59:59.999000+00:00
2025-09-25 20:00:00+00:00,3.859,3.869,3.768,3.801,6530770.0,2025-09-25 23:59:59.999000+00:00
2025-09-26 00:00:00+00:00,3.801,3.86,3.79,3.834,5811717.1,2025-09-26 03:59:59.999000+00:00
2025-09-26 04:00:00+00:00,3.834,3.858,3.8,3.832,5780256.5,2025-09-26 07:59:59.999000+00:00
2025-09-26 08:00:00+00:00,3.833,3.852,3.773,3.819,5829163.6,2025-09-26 11:59:59.999000+00:00
2025-09-26 12:00:00+00:00,3.819,3.907,3.782,3.898,10632507.7,2025-09-26 15:59:59.999000+00:00
2025-09-26 16:00:00+00:00,3.898,3.969,3.895,3.918,8483146.1,2025-09-26 19:59:59.999000+00:00
2025-09-26 20:00:00+00:00,3.919,3.94,3.904,3.922,3141165.9,2025-09-26 23:59:59.999000+00:00
2025-09-27 00:00:00+00:00,3.923,3.925,3.897,3.907,2513658.5,2025-09-27 03:59:59.999000+00:00
2025-09-27 04:00:00+00:00,3.906,3.919,3.873,3.884,4260977.7,2025-09-27 07:59:59.999000+00:00
2025-09-27 08:00:00+00:00,3.885,3.892,3.848,3.877,3226785.8,2025-09-27 11:59:59.999000+00:00
2025-09-27 12:00:00+00:00,3.877,3.9,3.858,3.894,3007400.7,2025-09-27 15:59:59.999000+00:00
2025-09-27 16:00:00+00:00,3.895,3.897,3.851,3.874,3730934.3,2025-09-27 19:59:59.999000+00:00
2025-09-27 20:00:00+00:00,3.875,3.915,3.866,3.887,2117015.0,2025-09-27 23:59:59.999000+00:00
2025-09-28 00:00:00+00:00,3.887,3.889,3.818,3.833,4027568.4,2025-09-28 03:59:59.999000+00:00
2025-09-28 04:00:00+00:00,3.833,3.837,3.801,3.826,3238659.3,2025-09-28 07:59:59.999000+00:00
2025-09-28 08:00:00+00:00,3.827,3.833,3.79,3.811,4217417.2,2025-09-28 11:59:59.999000+00:00
2025-09-28 12:00:00+00:00,3.81,3.871,3.793,3.863,6881116.7,2025-09-28 15:59:59.999000+00:00
2025-09-28 16:00:00+00:00,3.863,3.91,3.863,3.899,4928087.2,2025-09-28 19:59:59.999000+00:00
2025-09-28 20:00:00+00:00,3.899,4.028,3.894,3.994,7593877.1,2025-09-28 23:59:59.999000+00:00
2025-09-29 00:00:00+00:00,3.995,4.007,3.958,3.986,5293235.7,2025-09-29 03:59:59.999000+00:00
2025-09-29 04:00:00+00:00,3.987,3.988,3.923,3.94,4821116.2,2025-09-29 07:59:59.999000+00:00
2025-09-29 08:00:00+00:00,3.941,4.002,3.913,3.932,8820704.3,2025-09-29 11:59:59.999000+00:00
2025-09-29 12:00:00+00:00,3.931,4.002,3.855,3.956,13286901.9,2025-09-29 15:59:59.999000+00:00
2025-09-29 16:00:00+00:00,3.956,3.98,3.914,3.974,4897676.6,2025-09-29 19:59:59.999000+00:00
2025-09-29 20:00:00+00:00,3.974,4.022,3.972,3.977,5072215.5,2025-09-29 23:59:59.999000+00:00
2025-09-30 00:00:00+00:00,3.977,3.991,3.924,3.932,5195860.7,2025-09-30 03:59:59.999000+00:00
2025-09-30 04:00:00+00:00,3.932,3.94,3.893,3.901,3612134.7,2025-09-30 07:59:59.999000+00:00
2025-09-30 08:00:00+00:00,3.901,3.905,3.857,3.902,5253723.6,2025-09-30 11:59:59.999000+00:00
2025-09-30 12:00:00+00:00,3.901,3.907,3.806,3.835,7031525.3,2025-09-30 15:59:59.999000+00:00
2025-09-30 16:00:00+00:00,3.835,3.905,3.805,3.898,6648120.7,2025-09-30 19:59:59.999000+00:00
2025-09-30 20:00:00+00:00,3.897,3.934,3.878,3.906,5282707.9,2025-09-30 23:59:59.999000+00:00
2025-10-01 00:00:00+00:00,3.906,3.938,3.882,3.89,4136841.8,2025-10-01 03:59:59.999000+00:00
2025-10-01 04:00:00+00:00,3.891,3.936,3.886,3.913,3124566.9,2025-10-01 07:59:59.999000+00:00
2025-10-01 08:00:00+00:00,3.912,4.11,3.909,4.08,15711454.5,2025-10-01 11:59:59.999000+00:00
2025-10-01 12:00:00+00:00,4.079,4.088,4.04,4.072,6324723.5,2025-10-01 15:59:59.999000+00:00
2025-10-01 16:00:00+00:00,4.072,4.121,4.046,4.109,5429683.5,2025-10-01 19:59:59.999000+00:00
2025-10-01 20:00:00+00:00,4.109,4.123,4.082,4.122,3826649.0,2025-10-01 23:59:59.999000+00:00
2025-10-02 00:00:00+00:00,4.122,4.184,4.097,4.171,7435748.3,2025-10-02 03:59:59.999000+00:00
2025-10-02 04:00:00+00:00,4.171,4.249,4.156,4.193,6751842.0,2025-10-02 07:59:59.999000+00:00
2025-10-02 08:00:00+00:00,4.193,4.267,4.176,4.252,6074861.7,2025-10-02 11:59:59.999000+00:00
2025-10-02 12:00:00+00:00,4.252,4.316,4.171,4.24,14281001.9,2025-10-02 15:59:59.999000+00:00
2025-10-02 16:00:00+00:00,4.241,4.339,4.227,4.316,8957075.9,2025-10-02 19:59:59.999000+00:00
2025-10-02 20:00:00+00:00,4.317,4.329,4.281,4.306,4504972.0,2025-10-02 23:59:59.999000+00:00
2025-10-03 00:00:00+00:00,4.306,4.311,4.222,4.239,5951197.7,2025-10-03 03:59:59.999000+00:00
2025-10-03 04:00:00+00:00,4.24,4.281,4.186,4.203,4936665.3,2025-10-03 07:59:59.999000+00:00
2025-10-03 08:00:00+00:00,4.203,4.247,4.177,4.225,5217031.0,2025-10-03 11:59:59.999000+00:00
2025-10-03 12:00:00+00:00,4.226,4.322,4.193,4.317,9074880.8,2025-10-03 15:59:59.999000+00:00
2025-10-03 16:00:00+00:00,4.318,4.382,4.236,4.317,15764536.7,2025-10-03 19:59:59.999000+00:00
2025-10-03 20:00:00+00:00,4.317,4.345,4.294,4.319,3725610.5,2025-10-03 23:59:59.999000+00:00
2025-10-04 00:00:00+00:00,4.32,4.328,4.25,4.269,4159900.6,2025-10-04 03:59:59.999000+00:00
2025-10-04 04:00:00+00:00,4.269,4.31,4.247,4.277,3867791.0,2025-10-04 07:59:59.999000+00:00
2025-10-04 08:00:00+00:00,4.277,4.283,4.188,4.205,6548026.0,2025-10-04 11:59:59.999000+00:00
2025-10-04 12:00:00+00:00,4.204,4.247,4.137,4.15,8212848.1,2025-10-04 15:59:59.999000+00:00
2025-10-04 16:00:00+00:00,4.151,4.183,4.133,4.174,4086842.0,2025-10-04 19:59:59.999000+00:00
2025-10-04 20:00:00+00:00,4.175,4.208,4.168,4.188,3297798.5,2025-10-04 23:59:59.999000+00:00
2025-10-05 00:00:00+00:00,4.187,4.277,4.163,4.248,5247245.5,2025-10-05 03:59:59.999000+00:00
2025-10-05 04:00:00+00:00,4.247,4.357,4.238,4.356,8155735.8,2025-10-05 07:59:59.999000+00:00
2025-10-05 08:00:00+00:00,4.357,4.376,4.228,4.264,10260288.3,2025-10-05 11:59:59.999000+00:00
2025-10-05 12:00:00+00:00,4.263,4.266,4.211,4.242,4151745.4,2025-10-05 15:59:59.999000+00:00
2025-10-05 16:00:00+00:00,4.243,4.253,4.074,4.096,13083835.4,2025-10-05 19:59:59.999000+00:00
2025-10-05 20:00:00+00:00,4.097,4.146,4.075,4.131,5415907.5,2025-10-05 23:59:59.999000+00:00
2025-10-06 00:00:00+00:00,4.131,4.187,4.106,4.156,6103297.6,2025-10-06 03:59:59.999000+00:00
2025-10-06 04:00:00+00:00,4.156,4.196,4.132,4.162,4184116.5,2025-10-06 07:59:59.999000+00:00
2025-10-06 08:00:00+00:00,4.162,4.235,4.162,4.214,5701139.2,2025-10-06 11:59:59.999000+00:00
2025-10-06 12:00:00+00:00,4.214,4.439,4.212,4.378,22110036.8,2025-10-06 15:59:59.999000+00:00
2025-10-06 16:00:00+00:00,4.378,4.407,4.348,4.389,6352204.8,2025-10-06 19:59:59.999000+00:00
2025-10-06 20:00:00+00:00,4.388,4.41,4.349,4.398,6373343.2,2025-10-06 23:59:59.999000+00:00
2025-10-07 00:00:00+00:00,4.398,4.436,4.36,4.366,6944284.2,2025-10-07 03:59:59.999000+00:00
2025-10-07 04:00:00+00:00,4.366,4.388,4.279,4.29,7129360.3,2025-10-07 07:59:59.999000+00:00
2025-10-07 08:00:00+00:00,4.29,4.335,4.247,4.327,7376278.5,2025-10-07 11:59:59.999000+00:00
2025-10-07 12:00:00+00:00,4.326,4.362,4.126,4.153,24888322.3,2025-10-07 15:59:59.999000+00:00
2025-10-07 16:00:00+00:00,4.153,4.2,4.107,4.14,9586876.3,2025-10-07 19:59:59.999000+00:00
2025-10-07 20:00:00+00:00,4.14,4.189,4.131,4.136,4242306.8,2025-10-07 23:59:59.999000+00:00
2025-10-08 00:00:00+00:00,4.137,4.185,4.083,4.098,5200301.0,2025-10-08 03:59:59.999000+00:00
2025-10-08 04:00:00+00:00,4.098,4.154,4.06,4.152,6986429.8,2025-10-08 07:59:59.999000+00:00
2025-10-08 08:00:00+00:00,4.152,4.182,4.11,4.151,6304451.1,2025-10-08 11:59:59.999000+00:00
2025-10-08 12:00:00+00:00,4.152,4.198,4.111,4.135,6438767.9,2025-10-08 15:59:59.999000+00:00
2025-10-08 16:00:00+00:00,4.134,4.241,4.125,4.217,7758735.1,2025-10-08 19:59:59.999000+00:00
2025-10-08 20:00:00+00:00,4.218,4.227,4.184,4.192,2570780.5,2025-10-08 23:59:59.999000+00:00
2025-10-09 00:00:00+00:00,4.193,4.197,4.062,4.108,7642811.8,2025-10-09 03:59:59.999000+00:00
2025-10-09 04:00:00+00:00,4.107,4.128,4.051,4.055,4458712.0,2025-10-09 07:59:59.999000+00:00
2025-10-09 08:00:00+00:00,4.055,4.059,3.981,4.034,10368288.5,2025-10-09 11:59:59.999000+00:00
2025-10-09 12:00:00+00:00,4.034,4.078,3.978,4.001,9150871.8,2025-10-09 15:59:59.999000+00:00
2025-10-09 16:00:00+00:00,4.001,4.041,3.961,4.033,6166620.3,2025-10-09 19:59:59.999000+00:00
2025-10-09 20:00:00+00:00,4.034,4.101,4.023,4.072,4712008.3,2025-10-09 23:59:59.999000+00:00
2025-10-10 00:00:00+00:00,4.072,4.149,4.048,4.112,5035816.4,2025-10-10 03:59:59.999000+00:00
2025-10-10 04:00:00+00:00,4.111,4.15,4.072,4.08,5673179.2,2025-10-10 07:59:59.999000+00:00
2025-10-10 08:00:00+00:00,4.08,4.187,4.062,4.175,7588296.3,2025-10-10 11:59:59.999000+00:00
2025-10-10 12:00:00+00:00,4.175,4.289,4.009,4.056,28756383.0,2025-10-10 15:59:59.999000+00:00
2025-10-10 16:00:00+00:00,4.056,4.087,3.873,3.926,18983089.3,2025-10-10 19:59:59.999000+00:00
2025-10-10 20:00:00+00:00,3.927,3.966,0.942,2.937,161064220.6,2025-10-10 23:59:59.999000+00:00
2025-10-11 00:00:00+00:00,2.937,3.186,2.849,3.12,41380166.3,2025-10-11 03:59:59.999000+00:00
2025-10-11 04:00:00+00:00,3.12,3.211,3.085,3.19,20222579.8,2025-10-11 07:59:59.999000+00:00
2025-10-11 08:00:00+00:00,3.19,3.314,3.16,3.22,19482815.9,2025-10-11 11:59:59.999000+00:00
2025-10-11 12:00:00+00:00,3.219,3.219,3.065,3.14,17475262.6,2025-10-11 15:59:59.999000+00:00
2025-10-11 16:00:00+00:00,3.14,3.162,2.982,3.014,14800017.8,2025-10-11 19:59:59.999000+00:00
2025-10-11 20:00:00+00:00,3.014,3.024,2.89,2.994,19313696.4,2025-10-11 23:59:59.999000+00:00
2025-10-12 00:00:00+00:00,2.995,3.001,2.906,2.975,12823520.0,2025-10-12 03:59:59.999000+00:00
2025-10-12 04:00:00+00:00,2.974,3.057,2.973,3.018,8067805.1,2025-10-12 07:59:59.999000+00:00
2025-10-12 08:00:00+00:00,3.017,3.035,2.966,3.02,7588341.8,2025-10-12 11:59:59.999000+00:00
2025-10-12 12:00:00+00:00,3.021,3.207,2.981,3.197,24023640.5,2025-10-12 15:59:59.999000+00:00
2025-10-12 16:00:00+00:00,3.197,3.286,3.196,3.276,15219816.7,2025-10-12 19:59:59.999000+00:00
2025-10-12 20:00:00+00:00,3.276,3.306,3.185,3.238,10581864.3,2025-10-12 23:59:59.999000+00:00
2025-10-13 00:00:00+00:00,3.238,3.264,3.19,3.22,9445035.1,2025-10-13 03:59:59.999000+00:00
2025-10-13 04:00:00+00:00,3.22,3.324,3.197,3.291,10232781.0,2025-10-13 07:59:59.999000+00:00
2025-10-13 08:00:00+00:00,3.291,3.363,3.214,3.268,21895756.1,2025-10-13 11:59:59.999000+00:00
2025-10-13 12:00:00+00:00,3.269,3.348,3.236,3.318,26520706.1,2025-10-13 15:59:59.999000+00:00
2025-10-13 16:00:00+00:00,3.317,3.408,3.283,3.395,15040686.2,2025-10-13 19:59:59.999000+00:00
2025-10-13 20:00:00+00:00,3.395,3.442,3.364,3.373,9710927.2,2025-10-13 23:59:59.999000+00:00
2025-10-14 00:00:00+00:00,3.373,3.396,3.287,3.298,8374342.0,2025-10-14 03:59:59.999000+00:00
2025-10-14 04:00:00+00:00,3.298,3.31,3.067,3.113,28711796.1,2025-10-14 07:59:59.999000+00:00
2025-10-14 08:00:00+00:00,3.113,3.171,3.071,3.136,15914827.4,2025-10-14 11:59:59.999000+00:00
2025-10-14 12:00:00+00:00,3.136,3.237,3.063,3.235,20268854.3,2025-10-14 15:59:59.999000+00:00
2025-10-14 16:00:00+00:00,3.235,3.281,3.181,3.233,17597242.3,2025-10-14 19:59:59.999000+00:00
2025-10-14 20:00:00+00:00,3.232,3.264,3.208,3.246,4316367.0,2025-10-14 23:59:59.999000+00:00
2025-10-15 00:00:00+00:00,3.245,3.263,3.197,3.221,4862609.3,2025-10-15 03:59:59.999000+00:00
2025-10-15 04:00:00+00:00,3.222,3.284,3.204,3.277,5457103.8,2025-10-15 07:59:59.999000+00:00
2025-10-15 08:00:00+00:00,3.277,3.339,3.212,3.222,9664909.1,2025-10-15 11:59:59.999000+00:00
2025-10-15 12:00:00+00:00,3.222,3.236,3.116,3.142,16228468.8,2025-10-15 15:59:59.999000+00:00
2025-10-15 16:00:00+00:00,3.143,3.184,3.119,3.144,8883775.3,2025-10-15 19:59:59.999000+00:00
2025-10-15 20:00:00+00:00,3.145,3.165,3.076,3.134,9836492.4,2025-10-15 23:59:59.999000+00:00
2025-10-16 00:00:00+00:00,3.135,3.174,3.115,3.121,5822214.5,2025-10-16 03:59:59.999000+00:00
2025-10-16 04:00:00+00:00,3.121,3.175,3.111,3.145,5324591.1,2025-10-16 07:59:59.999000+00:00
2025-10-16 08:00:00+00:00,3.146,3.198,3.036,3.18,13819502.8,2025-10-16 11:59:59.999000+00:00
2025-10-16 12:00:00+00:00,3.181,3.204,3.04,3.056,17026412.5,2025-10-16 15:59:59.999000+00:00
2025-10-16 16:00:00+00:00,3.055,3.126,2.99,3.018,16617467.0,2025-10-16 19:59:59.999000+00:00
2025-10-16 20:00:00+00:00,3.018,3.035,2.958,3.014,8605888.3,2025-10-16 23:59:59.999000+00:00
2025-10-17 00:00:00+00:00,3.015,3.058,3.005,3.041,5193825.1,2025-10-17 03:59:59.999000+00:00
2025-10-17 04:00:00+00:00,3.042,3.045,2.809,2.819,20829449.8,2025-10-17 07:59:59.999000+00:00
2025-10-17 08:00:00+00:00,2.819,2.934,2.768,2.908,25527787.2,2025-10-17 11:59:59.999000+00:00
2025-10-17 12:00:00+00:00,2.907,2.929,2.852,2.921,14862026.8,2025-10-17 15:59:59.999000+00:00
2025-10-17 16:00:00+00:00,2.921,2.96,2.887,2.902,10125670.1,2025-10-17 19:59:59.999000+00:00
2025-10-17 20:00:00+00:00,2.902,2.945,2.882,2.889,5230887.6,2025-10-17 23:59:59.999000+00:00
2025-10-18 00:00:00+00:00,2.888,2.944,2.886,2.933,4127181.2,2025-10-18 03:59:59.999000+00:00
2025-10-18 04:00:00+00:00,2.932,2.968,2.895,2.922,5419344.9,2025-10-18 07:59:59.999000+00:00
2025-10-18 08:00:00+00:00,2.922,2.948,2.91,2.942,4281087.1,2025-10-18 11:59:59.999000+00:00
2025-10-18 12:00:00+00:00,2.943,2.954,2.897,2.92,4490368.4,2025-10-18 15:59:59.999000+00:00
2025-10-18 16:00:00+00:00,2.919,2.938,2.89,2.933,4053174.9,2025-10-18 19:59:59.999000+00:00
2025-10-18 20:00:00+00:00,2.933,2.946,2.915,2.929,2723234.9,2025-10-18 23:59:59.999000+00:00
2025-10-19 00:00:00+00:00,2.929,2.941,2.901,2.933,3721854.5,2025-10-19 03:59:59.999000+00:00
2025-10-19 04:00:00+00:00,2.934,2.938,2.896,2.913,3230878.5,2025-10-19 07:59:59.999000+00:00
2025-10-19 08:00:00+00:00,2.914,3.017,2.882,2.981,14228300.3,2025-10-19 11:59:59.999000+00:00
2025-10-19 12:00:00+00:00,2.981,3.042,2.961,3.029,8222041.3,2025-10-19 15:59:59.999000+00:00
2025-10-19 16:00:00+00:00,3.029,3.056,3.01,3.024,6500699.6,2025-10-19 19:59:59.999000+00:00
2025-10-19 20:00:00+00:00,3.023,3.037,3.001,3.007,3694770.5,2025-10-19 23:59:59.999000+00:00
2025-10-20 00:00:00+00:00,3.006,3.069,2.945,3.059,8054859.4,2025-10-20 03:59:59.999000+00:00
2025-10-20 04:00:00+00:00,3.059,3.12,3.048,3.091,7931614.2,2025-10-20 07:59:59.999000+00:00
2025-10-20 08:00:00+00:00,3.091,3.111,3.069,3.09,6186951.4,2025-10-20 11:59:59.999000+00:00
2025-10-20 12:00:00+00:00,3.091,3.129,3.076,3.085,6087387.3,2025-10-20 15:59:59.999000+00:00
2025-10-20 16:00:00+00:00,3.084,3.108,3.029,3.096,9928255.2,2025-10-20 19:59:59.999000+00:00
2025-10-20 20:00:00+00:00,3.097,3.112,3.071,3.083,2973394.6,2025-10-20 23:59:59.999000+00:00
2025-10-21 00:00:00+00:00,3.083,3.088,3.017,3.022,4232788.8,2025-10-21 03:59:59.999000+00:00
2025-10-21 04:00:00+00:00,3.022,3.024,2.946,2.991,8441757.3,2025-10-21 07:59:59.999000+00:00
2025-10-21 08:00:00+00:00,2.991,3.011,2.958,3.002,5190550.2,2025-10-21 11:59:59.999000+00:00
2025-10-21 12:00:00+00:00,3.001,3.182,2.986,3.171,15224539.0,2025-10-21 15:59:59.999000+00:00
2025-10-21 16:00:00+00:00,3.17,3.188,3.106,3.129,17139393.3,2025-10-21 19:59:59.999000+00:00
2025-10-21 20:00:00+00:00,3.129,3.134,2.995,3.004,10064401.3,2025-10-21 23:59:59.999000+00:00
2025-10-22 00:00:00+00:00,3.003,3.026,2.979,3.007,6996883.6,2025-10-22 03:59:59.999000+00:00
2025-10-22 04:00:00+00:00,3.006,3.025,2.961,2.985,7431587.4,2025-10-22 07:59:59.999000+00:00
2025-10-22 08:00:00+00:00,2.984,2.991,2.918,2.974,8564512.6,2025-10-22 11:59:59.999000+00:00
2025-10-22 12:00:00+00:00,2.973,3.027,2.95,2.988,13555249.5,2025-10-22 15:59:59.999000+00:00
2025-10-22 16:00:00+00:00,2.989,2.997,2.914,2.942,8289077.5,2025-10-22 19:59:59.999000+00:00
2025-10-22 20:00:00+00:00,2.943,2.95,2.826,2.916,12748397.6,2025-10-22 23:59:59.999000+00:00
2025-10-23 00:00:00+00:00,2.917,2.943,2.909,2.918,4373246.8,2025-10-23 03:59:59.999000+00:00
2025-10-23 04:00:00+00:00,2.919,2.977,2.912,2.965,4563031.2,2025-10-23 07:59:59.999000+00:00
2025-10-23 08:00:00+00:00,2.965,2.984,2.954,2.96,3876313.5,2025-10-23 11:59:59.999000+00:00
2025-10-23 12:00:00+00:00,2.959,3.007,2.931,2.994,6603325.4,2025-10-23 15:59:59.999000+00:00
2025-10-23 16:00:00+00:00,2.994,3.035,2.982,2.993,5518161.1,2025-10-23 19:59:59.999000+00:00
2025-10-23 20:00:00+00:00,2.994,3.003,2.953,3.001,3856965.2,2025-10-23 23:59:59.999000+00:00
2025-10-24 00:00:00+00:00,3.001,3.01,2.989,3.002,3384901.9,2025-10-24 03:59:59.999000+00:00
2025-10-24 04:00:00+00:00,3.002,3.064,2.997,3.051,5972308.4,2025-10-24 07:59:59.999000+00:00
2025-10-24 08:00:00+00:00,3.05,3.074,3.02,3.057,4137579.5,2025-10-24 11:59:59.999000+00:00
2025-10-24 12:00:00+00:00,3.057,3.134,3.016,3.027,11137954.2,2025-10-24 15:59:59.999000+00:00
2025-10-24 16:00:00+00:00,3.026,3.074,3.009,3.067,3429880.4,2025-10-24 19:59:59.999000+00:00
2025-10-24 20:00:00+00:00,3.067,3.091,3.065,3.076,2431886.7,2025-10-24 23:59:59.999000+00:00
2025-10-25 00:00:00+00:00,3.076,3.079,3.048,3.049,2225537.1,2025-10-25 03:59:59.999000+00:00
2025-10-25 04:00:00+00:00,3.049,3.064,3.037,3.043,2412566.0,2025-10-25 07:59:59.999000+00:00
2025-10-25 08:00:00+00:00,3.044,3.056,3.024,3.045,2267365.4,2025-10-25 11:59:59.999000+00:00
2025-10-25 12:00:00+00:00,3.044,3.076,3.042,3.063,4292802.4,2025-10-25 15:59:59.999000+00:00
2025-10-25 16:00:00+00:00,3.064,3.091,3.055,3.09,2581599.8,2025-10-25 19:59:59.999000+00:00
2025-10-25 20:00:00+00:00,3.091,3.105,3.076,3.088,2382446.4,2025-10-25 23:59:59.999000+00:00
2025-10-26 00:00:00+00:00,3.089,3.097,3.055,3.063,3358117.8,2025-10-26 03:59:59.999000+00:00
2025-10-26 04:00:00+00:00,3.063,3.098,3.058,3.098,1705666.6,2025-10-26 07:59:59.999000+00:00
2025-10-26 08:00:00+00:00,3.098,3.147,3.094,3.142,6335394.2,2025-10-26 11:59:59.999000+00:00
2025-10-26 12:00:00+00:00,3.141,3.185,3.135,3.178,7514386.9,2025-10-26 15:59:59.999000+00:00
2025-10-26 16:00:00+00:00,3.178,3.18,3.154,3.173,3120144.6,2025-10-26 19:59:59.999000+00:00
2025-10-26 20:00:00+00:00,3.174,3.238,3.143,3.193,6258367.7,2025-10-26 23:59:59.999000+00:00
2025-10-27 00:00:00+00:00,3.193,3.23,3.184,3.205,5235458.4,2025-10-27 03:59:59.999000+00:00
2025-10-27 04:00:00+00:00,3.205,3.245,3.182,3.2,5525669.4,2025-10-27 07:59:59.999000+00:00
2025-10-27 08:00:00+00:00,3.2,3.21,3.14,3.172,8208558.4,2025-10-27 11:59:59.999000+00:00
2025-10-27 12:00:00+00:00,3.172,3.175,3.116,3.15,6608668.8,2025-10-27 15:59:59.999000+00:00
2025-10-27 16:00:00+00:00,3.15,3.214,3.15,3.171,5972121.7,2025-10-27 19:59:59.999000+00:00
2025-10-27 20:00:00+00:00,3.172,3.173,3.117,3.138,3925995.6,2025-10-27 23:59:59.999000+00:00
2025-10-28 00:00:00+00:00,3.137,3.163,3.108,3.123,4859746.1,2025-10-28 03:59:59.999000+00:00
2025-10-28 04:00:00+00:00,3.123,3.177,3.096,3.138,5933720.7,2025-10-28 07:59:59.999000+00:00
2025-10-28 08:00:00+00:00,3.139,3.154,3.122,3.13,2781140.9,2025-10-28 11:59:59.999000+00:00
2025-10-28 12:00:00+00:00,3.129,3.193,3.088,3.133,9188118.3,2025-10-28 15:59:59.999000+00:00
2025-10-28 16:00:00+00:00,3.134,3.167,3.068,3.082,6561742.5,2025-10-28 19:59:59.999000+00:00
2025-10-28 20:00:00+00:00,3.083,3.085,2.985,3.047,12211377.4,2025-10-28 23:59:59.999000+00:00
2025-10-29 00:00:00+00:00,3.047,3.068,3.034,3.048,3281911.1,2025-10-29 03:59:59.999000+00:00
2025-10-29 04:00:00+00:00,3.048,3.085,3.045,3.076,3405734.4,2025-10-29 07:59:59.999000+00:00
2025-10-29 08:00:00+00:00,3.076,3.108,3.043,3.102,3849494.3,2025-10-29 11:59:59.999000+00:00
2025-10-29 12:00:00+00:00,3.103,3.131,3.042,3.059,7554841.4,2025-10-29 15:59:59.999000+00:00
2025-10-29 16:00:00+00:00,3.06,3.174,3.021,3.142,22794001.1,2025-10-29 19:59:59.999000+00:00
2025-10-29 20:00:00+00:00,3.142,3.175,3.064,3.077,6248842.0,2025-10-29 23:59:59.999000+00:00
2025-10-30 00:00:00+00:00,3.077,3.117,3.058,3.085,5086444.3,2025-10-30 03:59:59.999000+00:00
2025-10-30 04:00:00+00:00,3.085,3.098,2.962,3.088,13948842.9,2025-10-30 07:59:59.999000+00:00
2025-10-30 08:00:00+00:00,3.088,3.089,2.992,2.992,8461247.9,2025-10-30 11:59:59.999000+00:00
2025-10-30 12:00:00+00:00,2.992,2.999,2.848,2.859,29799834.9,2025-10-30 15:59:59.999000+00:00
2025-10-30 16:00:00+00:00,2.859,2.877,2.778,2.794,14732478.1,2025-10-30 19:59:59.999000+00:00
2025-10-30 20:00:00+00:00,2.794,2.874,2.785,2.869,8800267.0,2025-10-30 23:59:59.999000+00:00
2025-10-31 00:00:00+00:00,2.868,2.913,2.863,2.895,6747785.0,2025-10-31 03:59:59.999000+00:00
2025-10-31 04:00:00+00:00,2.895,2.923,2.883,2.893,4532175.6,2025-10-31 07:59:59.999000+00:00
2025-10-31 08:00:00+00:00,2.893,2.913,2.867,2.909,6115213.9,2025-10-31 11:59:59.999000+00:00
2025-10-31 12:00:00+00:00,2.909,2.923,2.878,2.899,9756939.8,2025-10-31 15:59:59.999000+00:00
2025-10-31 16:00:00+00:00,2.898,2.908,2.823,2.894,9056100.0,2025-10-31 19:59:59.999000+00:00
2025-10-31 20:00:00+00:00,2.894,2.898,2.858,2.881,3542236.6,2025-10-31 23:59:59.999000+00:00
2025-11-01 00:00:00+00:00,2.88,2.912,2.862,2.908,3635726.7,2025-11-01 03:59:59.999000+00:00
2025-11-01 04:00:00+00:00,2.908,2.915,2.874,2.901,4679697.2,2025-11-01 07:59:59.999000+00:00
2025-11-01 08:00:00+00:00,2.902,2.944,2.901,2.94,5372874.2,2025-11-01 11:59:59.999000+00:00
2025-11-01 12:00:00+00:00,2.94,2.954,2.903,2.948,7473317.0,2025-11-01 15:59:59.999000+00:00
2025-11-01 16:00:00+00:00,2.948,2.967,2.939,2.948,3756364.0,2025-11-01 19:59:59.999000+00:00
2025-11-01 20:00:00+00:00,2.948,2.972,2.926,2.97,3374767.0,2025-11-01 23:59:59.999000+00:00
2025-11-02 00:00:00+00:00,2.969,2.97,2.944,2.95,2512536.8,2025-11-02 03:59:59.999000+00:00
2025-11-02 04:00:00+00:00,2.949,3.013,2.946,3.007,4262256.4,2025-11-02 07:59:59.999000+00:00
2025-11-02 08:00:00+00:00,3.007,3.011,2.958,2.998,5919527.4,2025-11-02 11:59:59.999000+00:00
2025-11-02 12:00:00+00:00,2.999,3.0,2.898,2.905,9890145.1,2025-11-02 15:59:59.999000+00:00
2025-11-02 16:00:00+00:00,2.905,2.923,2.861,2.902,7286279.4,2025-11-02 19:59:59.999000+00:00
2025-11-02 20:00:00+00:00,2.901,2.991,2.893,2.984,4465364.2,2025-11-02 23:59:59.999000+00:00
2025-11-03 00:00:00+00:00,2.983,2.992,2.777,2.785,12794550.2,2025-11-03 03:59:59.999000+00:00
2025-11-03 04:00:00+00:00,2.785,2.821,2.72,2.766,12490922.0,2025-11-03 07:59:59.999000+00:00
2025-11-03 08:00:00+00:00,2.766,2.803,2.719,2.758,9383309.4,2025-11-03 11:59:59.999000+00:00
2025-11-03 12:00:00+00:00,2.758,2.792,2.45,2.58,37684993.6,2025-11-03 15:59:59.999000+00:00
2025-11-03 16:00:00+00:00,2.581,2.667,2.558,2.576,16430433.2,2025-11-03 19:59:59.999000+00:00
2025-11-03 20:00:00+00:00,2.577,2.583,2.517,2.582,11897824.7,2025-11-03 23:59:59.999000+00:00
2025-11-04 00:00:00+00:00,2.582,2.652,2.562,2.648,8249676.2,2025-11-04 03:59:59.999000+00:00
2025-11-04 04:00:00+00:00,2.649,2.661,2.503,2.531,19834757.9,2025-11-04 07:59:59.999000+00:00
2025-11-04 08:00:00+00:00,2.53,2.637,2.516,2.608,10891084.8,2025-11-04 11:59:59.999000+00:00
2025-11-04 12:00:00+00:00,2.608,2.651,2.554,2.599,13167249.5,2025-11-04 15:59:59.999000+00:00
2025-11-04 16:00:00+00:00,2.598,2.618,2.417,2.456,25723661.1,2025-11-04 19:59:59.999000+00:00
2025-11-04 20:00:00+00:00,2.456,2.527,2.341,2.506,34969362.4,2025-11-04 23:59:59.999000+00:00
2025-11-05 00:00:00+00:00,2.507,2.575,2.382,2.566,17625300.7,2025-11-05 03:59:59.999000+00:00
2025-11-05 04:00:00+00:00,2.566,2.586,2.544,2.584,6255387.8,2025-11-05 07:59:59.999000+00:00
2025-11-05 08:00:00+00:00,2.584,2.608,2.533,2.604,8659691.4,2025-11-05 11:59:59.999000+00:00
2025-11-05 12:00:00+00:00,2.604,2.633,2.573,2.632,9540999.5,2025-11-05 15:59:59.999000+00:00
2025-11-05 16:00:00+00:00,2.632,2.654,2.596,2.639,7339354.8,2025-11-05 19:59:59.999000+00:00
2025-11-05 20:00:00+00:00,2.638,2.675,2.634,2.667,6332625.9,2025-11-05 23:59:59.999000+00:00
2025-11-06 00:00:00+00:00,2.667,2.681,2.613,2.656,6528600.8,2025-11-06 03:59:59.999000+00:00
2025-11-06 04:00:00+00:00,2.656,2.665,2.592,2.601,4557972.9,2025-11-06 07:59:59.999000+00:00
2025-11-06 08:00:00+00:00,2.6,2.618,2.579,2.611,6787872.5,2025-11-06 11:59:59.999000+00:00
2025-11-06 12:00:00+00:00,2.612,2.648,2.556,2.573,14985165.4,2025-11-06 15:59:59.999000+00:00
2025-11-06 16:00:00+00:00,2.574,2.661,2.526,2.656,11143450.2,2025-11-06 19:59:59.999000+00:00
2025-11-06 20:00:00+00:00,2.657,2.67,2.621,2.664,7581026.0,2025-11-06 23:59:59.999000+00:00
2025-11-07 00:00:00+00:00,2.664,2.816,2.661,2.793,20527469.5,2025-11-07 03:59:59.999000+00:00
2025-11-07 04:00:00+00:00,2.793,2.86,2.738,2.852,11032628.6,2025-11-07 07:59:59.999000+00:00
2025-11-07 08:00:00+00:00,2.852,2.857,2.743,2.782,12713825.1,2025-11-07 11:59:59.999000+00:00
2025-11-07 12:00:00+00:00,2.783,2.908,2.703,2.888,19149314.8,2025-11-07 15:59:59.999000+00:00
2025-11-07 16:00:00+00:00,2.889,3.339,2.876,3.262,45743814.6,2025-11-07 19:59:59.999000+00:00
2025-11-07 20:00:00+00:00,3.262,3.294,3.191,3.251,11678710.2,2025-11-07 23:59:59.999000+00:00
2025-11-08 00:00:00+00:00,3.25,3.526,3.187,3.368,23754717.5,2025-11-08 03:59:59.999000+00:00
2025-11-08 04:00:00+00:00,3.369,3.438,3.217,3.254,20308949.1,2025-11-08 07:59:59.999000+00:00
2025-11-08 08:00:00+00:00,3.254,3.311,3.199,3.275,10319038.1,2025-11-08 11:59:59.999000+00:00
2025-11-08 12:00:00+00:00,3.275,3.288,3.116,3.125,15914929.5,2025-11-08 15:59:59.999000+00:00
2025-11-08 16:00:00+00:00,3.125,3.23,3.077,3.16,14132952.7,2025-11-08 19:59:59.999000+00:00
2025-11-08 20:00:00+00:00,3.16,3.252,3.144,3.248,6730222.1,2025-11-08 23:59:59.999000+00:00
2025-11-09 00:00:00+00:00,3.248,3.305,3.124,3.131,12009564.7,2025-11-09 03:59:59.999000+00:00
2025-11-09 04:00:00+00:00,3.132,3.168,3.083,3.145,8023461.0,2025-11-09 07:59:59.999000+00:00
2025-11-09 08:00:00+00:00,3.144,3.172,3.029,3.144,11019493.2,2025-11-09 11:59:59.999000+00:00
2025-11-09 12:00:00+00:00,3.144,3.263,3.127,3.237,11665540.2,2025-11-09 15:59:59.999000+00:00
2025-11-09 16:00:00+00:00,3.237,3.251,3.155,3.224,9459563.8,2025-11-09 19:59:59.999000+00:00
2025-11-09 20:00:00+00:00,3.224,3.246,3.176,3.229,5398234.8,2025-11-09 23:59:59.999000+00:00
2025-11-10 00:00:00+00:00,3.229,3.27,3.197,3.253,7995755.0,2025-11-10 03:59:59.999000+00:00
2025-11-10 04:00:00+00:00,3.254,3.278,3.211,3.256,6904273.5,2025-11-10 07:59:59.999000+00:00
2025-11-10 08:00:00+00:00,3.255,3.277,3.194,3.252,7044583.8,2025-11-10 11:59:59.999000+00:00
2025-11-10 12:00:00+00:00,3.252,3.315,3.156,3.17,14015576.9,2025-11-10 15:59:59.999000+00:00
2025-11-10 16:00:00+00:00,3.17,3.253,3.124,3.223,10174312.5,2025-11-10 19:59:59.999000+00:00
2025-11-10 20:00:00+00:00,3.223,3.306,3.193,3.264,6370714.5,2025-11-10 23:59:59.999000+00:00
2025-11-11 00:00:00+00:00,3.265,3.384,3.215,3.311,11368404.4,2025-11-11 03:59:59.999000+00:00
2025-11-11 04:00:00+00:00,3.311,3.323,3.144,3.147,10309673.1,2025-11-11 07:59:59.999000+00:00
2025-11-11 08:00:00+00:00,3.146,3.202,3.131,3.166,10530215.9,2025-11-11 11:59:59.999000+00:00
2025-11-11 12:00:00+00:00,3.166,3.217,3.15,3.186,7251078.2,2025-11-11 15:59:59.999000+00:00
2025-11-11 16:00:00+00:00,3.186,3.221,3.118,3.124,6196244.9,2025-11-11 19:59:59.999000+00:00
2025-11-11 20:00:00+00:00,3.124,3.134,3.039,3.053,7804735.5,2025-11-11 23:59:59.999000+00:00
2025-11-12 00:00:00+00:00,3.053,3.091,3.034,3.085,4934358.7,2025-11-12 03:59:59.999000+00:00
2025-11-12 04:00:00+00:00,3.086,3.103,3.053,3.056,3318473.2,2025-11-12 07:59:59.999000+00:00
2025-11-12 08:00:00+00:00,3.057,3.144,3.057,3.091,6677796.4,2025-11-12 11:59:59.999000+00:00
2025-11-12 12:00:00+00:00,3.09,3.121,2.945,2.961,16337843.7,2025-11-12 15:59:59.999000+00:00
2025-11-12 16:00:00+00:00,2.962,2.971,2.873,2.899,12119709.8,2025-11-12 19:59:59.999000+00:00
2025-11-12 20:00:00+00:00,2.899,2.94,2.891,2.925,4385205.1,2025-11-12 23:59:59.999000+00:00
2025-11-13 00:00:00+00:00,2.925,3.008,2.906,2.986,5846692.3,2025-11-13 03:59:59.999000+00:00
2025-11-13 04:00:00+00:00,2.987,3.044,2.967,2.977,7639063.1,2025-11-13 07:59:59.999000+00:00
2025-11-13 08:00:00+00:00,2.977,3.005,2.953,2.997,5981334.1,2025-11-13 11:59:59.999000+00:00
2025-11-13 12:00:00+00:00,2.998,3.046,2.931,2.97,10100633.0,2025-11-13 15:59:59.999000+00:00
2025-11-13 16:00:00+00:00,2.969,2.982,2.774,2.791,16568021.2,2025-11-13 19:59:59.999000+00:00
2025-11-13 20:00:00+00:00,2.791,2.876,2.76,2.851,7761409.3,2025-11-13 23:59:59.999000+00:00
2025-11-14 00:00:00+00:00,2.851,2.881,2.827,2.852,6118876.4,2025-11-14 03:59:59.999000+00:00
2025-11-14 04:00:00+00:00,2.852,2.92,2.748,2.89,13572419.6,2025-11-14 07:59:59.999000+00:00
2025-11-14 08:00:00+00:00,2.889,2.895,2.817,2.832,7666761.1,2025-11-14 11:59:59.999000+00:00
2025-11-14 12:00:00+00:00,2.833,2.895,2.761,2.857,13885714.7,2025-11-14 15:59:59.999000+00:00
2025-11-14 16:00:00+00:00,2.856,2.894,2.837,2.882,7798519.3,2025-11-14 19:59:59.999000+00:00
2025-11-14 20:00:00+00:00,2.882,2.886,2.769,2.811,9360206.9,2025-11-14 23:59:59.999000+00:00
2025-11-15 00:00:00+00:00,2.812,2.905,2.81,2.882,5563389.2,2025-11-15 03:59:59.999000+00:00
2025-11-15 04:00:00+00:00,2.883,2.949,2.87,2.913,5140812.5,2025-11-15 07:59:59.999000+00:00
2025-11-15 08:00:00+00:00,2.913,2.916,2.847,2.856,5762890.7,2025-11-15 11:59:59.999000+00:00
2025-11-15 12:00:00+00:00,2.856,2.929,2.847,2.867,5029599.4,2025-11-15 15:59:59.999000+00:00
2025-11-15 16:00:00+00:00,2.866,2.891,2.838,2.861,3485239.8,2025-11-15 19:59:59.999000+00:00
2025-11-15 20:00:00+00:00,2.861,2.866,2.817,2.83,2922139.2,2025-11-15 23:59:59.999000+00:00
2025-11-16 00:00:00+00:00,2.83,2.877,2.781,2.868,5016510.7,2025-11-16 03:59:59.999000+00:00
2025-11-16 04:00:00+00:00,2.868,2.882,2.849,2.876,2442078.1,2025-11-16 07:59:59.999000+00:00
2025-11-16 08:00:00+00:00,2.876,2.897,2.816,2.825,4143359.6,2025-11-16 11:59:59.999000+00:00
2025-11-16 12:00:00+00:00,2.824,2.841,2.767,2.774,6442029.5,2025-11-16 15:59:59.999000+00:00
2025-11-16 16:00:00+00:00,2.774,2.795,2.691,2.738,12718940.0,2025-11-16 19:59:59.999000+00:00
2025-11-16 20:00:00+00:00,2.739,2.803,2.712,2.783,6313038.1,2025-11-16 23:59:59.999000+00:00
2025-11-17 00:00:00+00:00,2.783,2.841,2.77,2.822,5674910.5,2025-11-17 03:59:59.999000+00:00
2025-11-17 04:00:00+00:00,2.822,2.843,2.804,2.831,3764722.9,2025-11-17 07:59:59.999000+00:00
2025-11-17 08:00:00+00:00,2.832,2.843,2.807,2.829,4207500.5,2025-11-17 11:59:59.999000+00:00
2025-11-17 12:00:00+00:00,2.83,2.866,2.736,2.772,11279244.8,2025-11-17 15:59:59.999000+00:00
2025-11-17 16:00:00+00:00,2.772,2.797,2.638,2.652,12868246.4,2025-11-17 19:59:59.999000+00:00
2025-11-17 20:00:00+00:00,2.651,2.681,2.624,2.663,6958179.4,2025-11-17 23:59:59.999000+00:00
2025-11-18 00:00:00+00:00,2.664,2.747,2.613,2.736,10278590.0,2025-11-18 03:59:59.999000+00:00
2025-11-18 04:00:00+00:00,2.736,2.764,2.698,2.724,7410757.4,2025-11-18 07:59:59.999000+00:00
2025-11-18 08:00:00+00:00,2.724,2.754,2.703,2.711,7426894.1,2025-11-18 11:59:59.999000+00:00
2025-11-18 12:00:00+00:00,2.711,2.77,2.683,2.747,10089688.3,2025-11-18 15:59:59.999000+00:00
2025-11-18 16:00:00+00:00,2.747,2.802,2.738,2.781,6304844.4,2025-11-18 19:59:59.999000+00:00
2025-11-18 20:00:00+00:00,2.781,2.787,2.733,2.754,3492826.9,2025-11-18 23:59:59.999000+00:00
2025-11-19 00:00:00+00:00,2.753,2.766,2.709,2.715,4145477.6,2025-11-19 03:59:59.999000+00:00
2025-11-19 04:00:00+00:00,2.715,2.722,2.638,2.707,7097454.0,2025-11-19 07:59:59.999000+00:00
2025-11-19 08:00:00+00:00,2.708,2.73,2.689,2.704,3770258.9,2025-11-19 11:59:59.999000+00:00
2025-11-19 12:00:00+00:00,2.703,2.738,2.64,2.645,9402614.2,2025-11-19 15:59:59.999000+00:00
2025-11-19 16:00:00+00:00,2.644,2.665,2.566,2.594,9126852.2,2025-11-19 19:59:59.999000+00:00
2025-11-19 20:00:00+00:00,2.593,2.699,2.583,2.69,6753984.5,2025-11-19 23:59:59.999000+00:00
2025-11-20 00:00:00+00:00,2.691,2.713,2.669,2.704,4593451.3,2025-11-20 03:59:59.999000+00:00
2025-11-20 04:00:00+00:00,2.704,2.744,2.697,2.741,4421201.3,2025-11-20 07:59:59.999000+00:00
2025-11-20 08:00:00+00:00,2.741,2.769,2.736,2.756,4580811.0,2025-11-20 11:59:59.999000+00:00
2025-11-20 12:00:00+00:00,2.756,2.82,2.719,2.724,10702535.3,2025-11-20 15:59:59.999000+00:00
2025-11-20 16:00:00+00:00,2.724,2.725,2.503,2.553,23755472.1,2025-11-20 19:59:59.999000+00:00
2025-11-20 20:00:00+00:00,2.553,2.62,2.522,2.541,9008484.4,2025-11-20 23:59:59.999000+00:00
2025-11-21 00:00:00+00:00,2.542,2.592,2.51,2.536,7574863.3,2025-11-21 03:59:59.999000+00:00
2025-11-21 04:00:00+00:00,2.536,2.546,2.246,2.399,21470247.4,2025-11-21 07:59:59.999000+00:00
2025-11-21 08:00:00+00:00,2.399,2.445,2.336,2.343,19458382.5,2025-11-21 11:59:59.999000+00:00
2025-11-21 12:00:00+00:00,2.344,2.431,2.293,2.356,24091340.5,2025-11-21 15:59:59.999000+00:00
2025-11-21 16:00:00+00:00,2.356,2.433,2.325,2.375,15447119.5,2025-11-21 19:59:59.999000+00:00
2025-11-21 20:00:00+00:00,2.374,2.383,2.271,2.345,14294384.7,2025-11-21 23:59:59.999000+00:00
2025-11-22 00:00:00+00:00,2.345,2.355,2.313,2.322,5734820.9,2025-11-22 03:59:59.999000+00:00
2025-11-22 04:00:00+00:00,2.322,2.324,2.263,2.312,9208307.3,2025-11-22 07:59:59.999000+00:00
2025-11-22 08:00:00+00:00,2.311,2.319,2.273,2.313,8362884.8,2025-11-22 11:59:59.999000+00:00
2025-11-22 12:00:00+00:00,2.313,2.313,2.255,2.285,7534568.0,2025-11-22 15:59:59.999000+00:00
2025-11-22 16:00:00+00:00,2.285,2.314,2.275,2.289,4741806.2,2025-11-22 19:59:59.999000+00:00
2025-11-22 20:00:00+00:00,2.29,2.343,2.279,2.308,4985598.5,2025-11-22 23:59:59.999000+00:00
2025-11-23 00:00:00+00:00,2.308,2.356,2.302,2.342,4367606.1,2025-11-23 03:59:59.999000+00:00
2025-11-23 04:00:00+00:00,2.342,2.368,2.32,2.338,4756881.0,2025-11-23 07:59:59.999000+00:00
2025-11-23 08:00:00+00:00,2.339,2.357,2.317,2.335,3135013.3,2025-11-23 11:59:59.999000+00:00
2025-11-23 12:00:00+00:00,2.335,2.358,2.307,2.325,5506612.4,2025-11-23 15:59:59.999000+00:00
2025-11-23 16:00:00+00:00,2.325,2.332,2.273,2.306,6741022.2,2025-11-23 19:59:59.999000+00:00
2025-11-23 20:00:00+00:00,2.306,2.325,2.243,2.257,7336005.6,2025-11-23 23:59:59.999000+00:00
2025-11-24 00:00:00+00:00,2.257,2.338,2.242,2.313,9098013.8,2025-11-24 03:59:59.999000+00:00
2025-11-24 04:00:00+00:00,2.313,2.331,2.27,2.284,8198786.0,2025-11-24 07:59:59.999000+00:00
2025-11-24 08:00:00+00:00,2.283,2.299,2.24,2.276,6567504.5,2025-11-24 11:59:59.999000+00:00
2025-11-24 12:00:00+00:00,2.275,2.31,2.247,2.298,10037559.0,2025-11-24 15:59:59.999000+00:00
2025-11-24 16:00:00+00:00,2.298,2.371,2.298,2.358,8878807.9,2025-11-24 19:59:59.999000+00:00
2025-11-24 20:00:00+00:00,2.358,2.395,2.335,2.338,5937246.2,2025-11-24 23:59:59.999000+00:00
2025-11-25 00:00:00+00:00,2.338,2.348,2.302,2.312,5048938.0,2025-11-25 03:59:59.999000+00:00
2025-11-25 04:00:00+00:00,2.311,2.328,2.262,2.264,5492003.9,2025-11-25 07:59:59.999000+00:00
2025-11-25 08:00:00+00:00,2.264,2.277,2.244,2.254,8100325.6,2025-11-25 11:59:59.999000+00:00
2025-11-25 12:00:00+00:00,2.254,2.278,2.175,2.221,19197847.3,2025-11-25 15:59:59.999000+00:00
2025-11-25 16:00:00+00:00,2.221,2.287,2.215,2.263,11855408.1,2025-11-25 19:59:59.999000+00:00
2025-11-25 20:00:00+00:00,2.263,2.315,2.246,2.294,6336133.9,2025-11-25 23:59:59.999000+00:00
2025-11-26 00:00:00+00:00,2.294,2.308,2.264,2.267,5156172.4,2025-11-26 03:59:59.999000+00:00
2025-11-26 04:00:00+00:00,2.267,2.315,2.261,2.311,4541656.3,2025-11-26 07:59:59.999000+00:00
2025-11-26 08:00:00+00:00,2.31,2.317,2.254,2.261,5322700.2,2025-11-26 11:59:59.999000+00:00
2025-11-26 12:00:00+00:00,2.26,2.291,2.238,2.26,7863815.7,2025-11-26 15:59:59.999000+00:00
2025-11-26 16:00:00+00:00,2.259,2.37,2.259,2.36,13537742.0,2025-11-26 19:59:59.999000+00:00
2025-11-26 20:00:00+00:00,2.36,2.37,2.338,2.343,4588696.3,2025-11-26 23:59:59.999000+00:00
2025-11-27 00:00:00+00:00,2.342,2.359,2.313,2.315,5680834.6,2025-11-27 03:59:59.999000+00:00
2025-11-27 04:00:00+00:00,2.315,2.341,2.313,2.327,3392824.7,2025-11-27 07:59:59.999000+00:00
2025-11-27 08:00:00+00:00,2.327,2.351,2.315,2.328,4390227.4,2025-11-27 11:59:59.999000+00:00
2025-11-27 12:00:00+00:00,2.327,2.35,2.307,2.347,5289817.3,2025-11-27 15:59:59.999000+00:00
2025-11-27 16:00:00+00:00,2.346,2.384,2.341,2.379,5478526.7,2025-11-27 19:59:59.999000+00:00
2025-11-27 20:00:00+00:00,2.378,2.39,2.328,2.335,5519122.4,2025-11-27 23:59:59.999000+00:00
2025-11-28 00:00:00+00:00,2.335,2.344,2.29,2.315,9182932.5,2025-11-28 03:59:59.999000+00:00
2025-11-28 04:00:00+00:00,2.316,2.324,2.299,2.316,3021044.0,2025-11-28 07:59:59.999000+00:00
2025-11-28 08:00:00+00:00,2.317,2.376,2.304,2.319,8350598.8,2025-11-28 11:59:59.999000+00:00
2025-11-28 12:00:00+00:00,2.318,2.364,2.309,2.35,7800743.0,2025-11-28 15:59:59.999000+00:00
2025-11-28 16:00:00+00:00,2.35,2.351,2.258,2.298,13271744.7,2025-11-28 19:59:59.999000+00:00
2025-11-28 20:00:00+00:00,2.297,2.3,2.275,2.282,3330164.1,2025-11-28 23:59:59.999000+00:00
2025-11-29 00:00:00+00:00,2.283,2.297,2.271,2.272,2706010.4,2025-11-29 03:59:59.999000+00:00
2025-11-29 04:00:00+00:00,2.273,2.29,2.257,2.267,3496088.0,2025-11-29 07:59:59.999000+00:00
2025-11-29 08:00:00+00:00,2.267,2.279,2.25,2.275,3806267.4,2025-11-29 11:59:59.999000+00:00
2025-11-29 12:00:00+00:00,2.275,2.279,2.245,2.269,4942008.7,2025-11-29 15:59:59.999000+00:00
2025-11-29 16:00:00+00:00,2.269,2.27,2.224,2.24,4931672.1,2025-11-29 19:59:59.999000+00:00
2025-11-29 20:00:00+00:00,2.241,2.262,2.235,2.257,2755133.7,2025-11-29 23:59:59.999000+00:00
2025-11-30 00:00:00+00:00,2.257,2.271,2.242,2.271,3187569.5,2025-11-30 03:59:59.999000+00:00
2025-11-30 04:00:00+00:00,2.271,2.273,2.246,2.265,1976762.8,2025-11-30 07:59:59.999000+00:00
2025-11-30 08:00:00+00:00,2.265,2.274,2.252,2.255,2978017.6,2025-11-30 11:59:59.999000+00:00
2025-11-30 12:00:00+00:00,2.255,2.292,2.246,2.26,5795492.5,2025-11-30 15:59:59.999000+00:00
2025-11-30 16:00:00+00:00,2.26,2.286,2.257,2.267,2901497.0,2025-11-30 19:59:59.999000+00:00
2025-11-30 20:00:00+00:00,2.268,2.278,2.201,2.206,6055083.6,2025-11-30 23:59:59.999000+00:00
2025-12-01 00:00:00+00:00,2.206,2.208,2.041,2.046,32264932.2,2025-12-01 03:59:59.999000+00:00
2025-12-01 04:00:00+00:00,2.046,2.052,2.005,2.036,11676113.9,2025-12-01 07:59:59.999000+00:00
2025-12-01 08:00:00+00:00,2.036,2.055,2.029,2.034,5564725.8,2025-12-01 11:59:59.999000+00:00
2025-12-01 12:00:00+00:00,2.034,2.049,1.96,1.995,18875834.7,2025-12-01 15:59:59.999000+00:00
2025-12-01 16:00:00+00:00,1.996,2.009,1.976,1.993,9860458.1,2025-12-01 19:59:59.999000+00:00
2025-12-01 20:00:00+00:00,1.994,2.047,1.994,2.039,8114243.0,2025-12-01 23:59:59.999000+00:00
2025-12-02 00:00:00+00:00,2.039,2.063,2.03,2.054,5637590.2,2025-12-02 03:59:59.999000+00:00
2025-12-02 04:00:00+00:00,2.054,2.073,2.045,2.066,4813041.1,2025-12-02 07:59:59.999000+00:00
2025-12-02 08:00:00+00:00,2.066,2.122,2.042,2.094,9332319.7,2025-12-02 11:59:59.999000+00:00
2025-12-02 12:00:00+00:00,2.093,2.252,2.077,2.245,17180294.2,2025-12-02 15:59:59.999000+00:00
2025-12-02 16:00:00+00:00,2.245,2.286,2.23,2.231,16475197.8,2025-12-02 19:59:59.999000+00:00
2025-12-02 20:00:00+00:00,2.231,2.265,2.222,2.248,8583699.1,2025-12-02 23:59:59.999000+00:00
2025-12-03 00:00:00+00:00,2.247,2.303,2.244,2.29,5948324.2,2025-12-03 03:59:59.999000+00:00
2025-12-03 04:00:00+00:00,2.289,2.329,2.287,2.292,7377363.6,2025-12-03 07:59:59.999000+00:00
2025-12-03 08:00:00+00:00,2.292,2.311,2.285,2.295,4375101.4,2025-12-03 11:59:59.999000+00:00
2025-12-03 12:00:00+00:00,2.294,2.312,2.239,2.3,12111125.1,2025-12-03 15:59:59.999000+00:00
2025-12-03 16:00:00+00:00,2.3,2.334,2.282,2.325,6105500.6,2025-12-03 19:59:59.999000+00:00
2025-12-03 20:00:00+00:00,2.324,2.398,2.316,2.364,10921186.0,2025-12-03 23:59:59.999000+00:00
2025-12-04 00:00:00+00:00,2.364,2.373,2.338,2.338,5652816.4,2025-12-04 03:59:59.999000+00:00
2025-12-04 04:00:00+00:00,2.339,2.352,2.323,2.338,4072643.8,2025-12-04 07:59:59.999000+00:00
2025-12-04 08:00:00+00:00,2.338,2.351,2.316,2.325,3176007.7,2025-12-04 11:59:59.999000+00:00
2025-12-04 12:00:00+00:00,2.324,2.336,2.301,2.327,7977237.3,2025-12-04 15:59:59.999000+00:00
2025-12-04 16:00:00+00:00,2.327,2.341,2.243,2.289,9892424.6,2025-12-04 19:59:59.999000+00:00
2025-12-04 20:00:00+00:00,2.289,2.302,2.269,2.27,2943078.6,2025-12-04 23:59:59.999000+00:00
2025-12-05 00:00:00+00:00,2.271,2.306,2.269,2.285,2986239.6,2025-12-05 03:59:59.999000+00:00
2025-12-05 04:00:00+00:00,2.285,2.291,2.25,2.279,5134453.7,2025-12-05 07:59:59.999000+00:00
2025-12-05 08:00:00+00:00,2.279,2.282,2.222,2.234,4749894.1,2025-12-05 11:59:59.999000+00:00
2025-12-05 12:00:00+00:00,2.234,2.243,2.179,2.206,14843078.5,2025-12-05 15:59:59.999000+00:00
2025-12-05 16:00:00+00:00,2.206,2.207,2.08,2.122,20472567.8,2025-12-05 19:59:59.999000+00:00
2025-12-05 20:00:00+00:00,2.121,2.129,2.102,2.123,5053203.5,2025-12-05 23:59:59.999000+00:00
2025-12-06 00:00:00+00:00,2.124,2.126,2.103,2.12,3974802.9,2025-12-06 03:59:59.999000+00:00
2025-12-06 04:00:00+00:00,2.12,2.12,2.097,2.102,2478865.4,2025-12-06 07:59:59.999000+00:00
2025-12-06 08:00:00+00:00,2.103,2.109,2.085,2.106,3381425.5,2025-12-06 11:59:59.999000+00:00
2025-12-06 12:00:00+00:00,2.105,2.139,2.099,2.117,5655790.9,2025-12-06 15:59:59.999000+00:00
2025-12-06 16:00:00+00:00,2.118,2.163,2.117,2.129,5697749.7,2025-12-06 19:59:59.999000+00:00
2025-12-06 20:00:00+00:00,2.129,2.15,2.117,2.126,3973418.1,2025-12-06 23:59:59.999000+00:00
2025-12-07 00:00:00+00:00,2.126,2.143,2.124,2.139,2399417.0,2025-12-07 03:59:59.999000+00:00
2025-12-07 04:00:00+00:00,2.139,2.155,2.124,2.129,2836700.3,2025-12-07 07:59:59.999000+00:00
2025-12-07 08:00:00+00:00,2.128,2.131,2.084,2.092,7435634.7,2025-12-07 11:59:59.999000+00:00
2025-12-07 12:00:00+00:00,2.091,2.118,2.037,2.116,12528515.1,2025-12-07 15:59:59.999000+00:00
2025-12-07 16:00:00+00:00,2.116,2.159,2.094,2.141,11019351.7,2025-12-07 19:59:59.999000+00:00
2025-12-07 20:00:00+00:00,2.14,2.148,2.051,2.091,9270528.4,2025-12-07 23:59:59.999000+00:00
2025-12-08 00:00:00+00:00,2.092,2.138,2.08,2.118,4509817.6,2025-12-08 03:59:59.999000+00:00
2025-12-08 04:00:00+00:00,2.119,2.147,2.115,2.137,6697442.1,2025-12-08 07:59:59.999000+00:00
2025-12-08 08:00:00+00:00,2.136,2.178,2.125,2.129,6598252.9,2025-12-08 11:59:59.999000+00:00
2025-12-08 12:00:00+00:00,2.13,2.168,2.116,2.13,11554924.4,2025-12-08 15:59:59.999000+00:00
2025-12-08 16:00:00+00:00,2.131,2.154,2.108,2.122,10280704.8,2025-12-08 19:59:59.999000+00:00
2025-12-08 20:00:00+00:00,2.123,2.155,2.121,2.129,6290847.2,2025-12-08 23:59:59.999000+00:00
2025-12-09 00:00:00+00:00,2.128,2.139,2.092,2.126,5412556.3,2025-12-09 03:59:59.999000+00:00
2025-12-09 04:00:00+00:00,2.127,2.13,2.087,2.115,4519567.4,2025-12-09 07:59:59.999000+00:00
2025-12-09 08:00:00+00:00,2.115,2.118,2.088,2.108,3489477.8,2025-12-09 11:59:59.999000+00:00
2025-12-09 12:00:00+00:00,2.108,2.22,2.103,2.218,11880454.8,2025-12-09 15:59:59.999000+00:00
2025-12-09 16:00:00+00:00,2.217,2.39,2.217,2.311,31663733.7,2025-12-09 19:59:59.999000+00:00
2025-12-09 20:00:00+00:00,2.311,2.321,2.257,2.291,7443895.4,2025-12-09 23:59:59.999000+00:00
2025-12-10 00:00:00+00:00,2.292,2.297,2.233,2.243,5122666.0,2025-12-10 03:59:59.999000+00:00
2025-12-10 04:00:00+00:00,2.244,2.248,2.202,2.22,4582109.6,2025-12-10 07:59:59.999000+00:00
2025-12-10 08:00:00+00:00,2.22,2.247,2.188,2.2,10204980.3,2025-12-10 11:59:59.999000+00:00
2025-12-10 12:00:00+00:00,2.2,2.215,2.188,2.201,6786073.4,2025-12-10 15:59:59.999000+00:00
2025-12-10 16:00:00+00:00,2.202,2.28,2.197,2.266,13893866.9,2025-12-10 19:59:59.999000+00:00
2025-12-10 20:00:00+00:00,2.267,2.316,2.18,2.189,12027719.8,2025-12-10 23:59:59.999000+00:00
2025-12-11 00:00:00+00:00,2.189,2.191,2.053,2.059,14515349.3,2025-12-11 03:59:59.999000+00:00
2025-12-11 04:00:00+00:00,2.059,2.086,2.048,2.066,7665346.9,2025-12-11 07:59:59.999000+00:00
2025-12-11 08:00:00+00:00,2.066,2.066,2.034,2.042,7647734.6,2025-12-11 11:59:59.999000+00:00
2025-12-11 12:00:00+00:00,2.041,2.056,2.014,2.026,13461716.9,2025-12-11 15:59:59.999000+00:00
2025-12-11 16:00:00+00:00,2.025,2.058,2.006,2.03,12634621.9,2025-12-11 19:59:59.999000+00:00
2025-12-11 20:00:00+00:00,2.03,2.092,2.025,2.065,10788045.4,2025-12-11 23:59:59.999000+00:00
2025-12-12 00:00:00+00:00,2.064,2.081,2.025,2.064,6308417.5,2025-12-12 03:59:59.999000+00:00
2025-12-12 04:00:00+00:00,2.064,2.095,2.048,2.056,5560351.3,2025-12-12 07:59:59.999000+00:00
2025-12-12 08:00:00+00:00,2.056,2.059,2.024,2.046,7229384.0,2025-12-12 11:59:59.999000+00:00
2025-12-12 12:00:00+00:00,2.045,2.069,1.951,1.966,18285011.7,2025-12-12 15:59:59.999000+00:00
2025-12-12 16:00:00+00:00,1.966,2.007,1.943,1.983,15676066.7,2025-12-12 19:59:59.999000+00:00
2025-12-12 20:00:00+00:00,1.984,2.016,1.976,2.01,4468130.1,2025-12-12 23:59:59.999000+00:00
2025-12-13 00:00:00+00:00,2.01,2.039,2.007,2.03,3364146.8,2025-12-13 03:59:59.999000+00:00
2025-12-13 04:00:00+00:00,2.029,2.04,2.022,2.037,3184206.1,2025-12-13 07:59:59.999000+00:00
2025-12-13 08:00:00+00:00,2.037,2.054,2.033,2.037,3658238.0,2025-12-13 11:59:59.999000+00:00
2025-12-13 12:00:00+00:00,2.036,2.047,2.026,2.044,3968348.7,2025-12-13 15:59:59.999000+00:00
2025-12-13 16:00:00+00:00,2.043,2.056,2.026,2.039,4166379.2,2025-12-13 19:59:59.999000+00:00
2025-12-13 20:00:00+00:00,2.038,2.043,2.02,2.037,3355271.1,2025-12-13 23:59:59.999000+00:00
2025-12-14 00:00:00+00:00,2.037,2.044,2.023,2.025,2841398.0,2025-12-14 03:59:59.999000+00:00
2025-12-14 04:00:00+00:00,2.025,2.03,1.998,2.008,4809971.7,2025-12-14 07:59:59.999000+00:00
2025-12-14 08:00:00+00:00,2.007,2.014,1.959,1.983,9809776.1,2025-12-14 11:59:59.999000+00:00
2025-12-14 12:00:00+00:00,1.982,1.989,1.96,1.972,6468846.3,2025-12-14 15:59:59.999000+00:00
2025-12-14 16:00:00+00:00,1.972,1.989,1.944,1.961,10723394.4,2025-12-14 19:59:59.999000+00:00
2025-12-14 20:00:00+00:00,1.96,1.971,1.93,1.951,7836973.3,2025-12-14 23:59:59.999000+00:00
2025-12-15 00:00:00+00:00,1.951,2.008,1.95,1.987,7526837.9,2025-12-15 03:59:59.999000+00:00
2025-12-15 04:00:00+00:00,1.987,2.008,1.984,1.993,3883143.0,2025-12-15 07:59:59.999000+00:00
2025-12-15 08:00:00+00:00,1.993,2.007,1.987,1.993,4939595.5,2025-12-15 11:59:59.999000+00:00
2025-12-15 12:00:00+00:00,1.993,2.007,1.869,1.883,28864631.5,2025-12-15 15:59:59.999000+00:00
2025-12-15 16:00:00+00:00,1.883,1.889,1.827,1.872,18390835.0,2025-12-15 19:59:59.999000+00:00
2025-12-15 20:00:00+00:00,1.872,1.903,1.854,1.899,7036441.5,2025-12-15 23:59:59.999000+00:00
2025-12-16 00:00:00+00:00,1.9,1.904,1.872,1.891,6071524.8,2025-12-16 03:59:59.999000+00:00
2025-12-16 04:00:00+00:00,1.891,1.902,1.86,1.876,6038392.2,2025-12-16 07:59:59.999000+00:00
2025-12-16 08:00:00+00:00,1.877,1.943,1.876,1.924,9944463.4,2025-12-16 11:59:59.999000+00:00
2025-12-16 12:00:00+00:00,1.924,1.935,1.872,1.92,13489102.3,2025-12-16 15:59:59.999000+00:00
2025-12-16 16:00:00+00:00,1.919,1.923,1.887,1.904,5680875.5,2025-12-16 19:59:59.999000+00:00
2025-12-16 20:00:00+00:00,1.905,1.91,1.888,1.897,3410996.6,2025-12-16 23:59:59.999000+00:00
2025-12-17 00:00:00+00:00,1.897,1.909,1.88,1.886,4091548.6,2025-12-17 03:59:59.999000+00:00
2025-12-17 04:00:00+00:00,1.887,1.891,1.858,1.875,5474496.6,2025-12-17 07:59:59.999000+00:00
2025-12-17 08:00:00+00:00,1.875,1.876,1.854,1.867,5784106.8,2025-12-17 11:59:59.999000+00:00
2025-12-17 12:00:00+00:00,1.867,1.953,1.858,1.868,22457071.5,2025-12-17 15:59:59.999000+00:00
2025-12-17 16:00:00+00:00,1.868,1.886,1.789,1.816,23992104.7,2025-12-17 19:59:59.999000+00:00
2025-12-17 20:00:00+00:00,1.816,1.83,1.79,1.814,6286537.4,2025-12-17 23:59:59.999000+00:00
2025-12-18 00:00:00+00:00,1.814,1.817,1.779,1.792,7649114.5,2025-12-18 03:59:59.999000+00:00
2025-12-18 04:00:00+00:00,1.792,1.799,1.769,1.788,7924484.3,2025-12-18 07:59:59.999000+00:00
2025-12-18 08:00:00+00:00,1.788,1.809,1.785,1.805,5741455.4,2025-12-18 11:59:59.999000+00:00
2025-12-18 12:00:00+00:00,1.806,1.888,1.799,1.861,18973900.8,2025-12-18 15:59:59.999000+00:00
2025-12-18 16:00:00+00:00,1.861,1.863,1.719,1.725,23872216.4,2025-12-18 19:59:59.999000+00:00
2025-12-18 20:00:00+00:00,1.724,1.78,1.722,1.758,8847378.3,2025-12-18 23:59:59.999000+00:00
2025-12-19 00:00:00+00:00,1.759,1.803,1.737,1.783,11619482.6,2025-12-19 03:59:59.999000+00:00
2025-12-19 04:00:00+00:00,1.784,1.809,1.767,1.796,9064093.3,2025-12-19 07:59:59.999000+00:00
2025-12-19 08:00:00+00:00,1.796,1.809,1.787,1.806,5986056.3,2025-12-19 11:59:59.999000+00:00
2025-12-19 12:00:00+00:00,1.807,1.866,1.797,1.834,11963314.9,2025-12-19 15:59:59.999000+00:00
2025-12-19 16:00:00+00:00,1.833,1.878,1.816,1.868,12885394.7,2025-12-19 19:59:59.999000+00:00
2025-12-19 20:00:00+00:00,1.867,1.88,1.847,1.849,5575746.0,2025-12-19 23:59:59.999000+00:00
2025-12-20 00:00:00+00:00,1.849,1.85,1.829,1.84,3651064.0,2025-12-20 03:59:59.999000+00:00
2025-12-20 04:00:00+00:00,1.839,1.856,1.826,1.855,3872682.1,2025-12-20 07:59:59.999000+00:00
2025-12-20 08:00:00+00:00,1.854,1.868,1.845,1.86,3948359.5,2025-12-20 11:59:59.999000+00:00
2025-12-20 12:00:00+00:00,1.861,1.861,1.826,1.831,4917680.1,2025-12-20 15:59:59.999000+00:00
2025-12-20 16:00:00+00:00,1.831,1.837,1.825,1.832,3260225.4,2025-12-20 19:59:59.999000+00:00
2025-12-20 20:00:00+00:00,1.832,1.839,1.826,1.83,2633205.9,2025-12-20 23:59:59.999000+00:00
2025-12-21 00:00:00+00:00,1.83,1.836,1.797,1.808,4323760.0,2025-12-21 03:59:59.999000+00:00
2025-12-21 04:00:00+00:00,1.808,1.83,1.802,1.828,3217070.4,2025-12-21 07:59:59.999000+00:00
2025-12-21 08:00:00+00:00,1.829,1.851,1.822,1.823,4019425.7,2025-12-21 11:59:59.999000+00:00
2025-12-21 12:00:00+00:00,1.824,1.83,1.748,1.769,12099550.3,2025-12-21 15:59:59.999000+00:00
2025-12-21 16:00:00+00:00,1.769,1.795,1.758,1.791,5244625.0,2025-12-21 19:59:59.999000+00:00
2025-12-21 20:00:00+00:00,1.792,1.812,1.764,1.801,4956574.4,2025-12-21 23:59:59.999000+00:00
2025-12-22 00:00:00+00:00,1.802,1.844,1.776,1.811,9661787.0,2025-12-22 03:59:59.999000+00:00
2025-12-22 04:00:00+00:00,1.812,1.821,1.804,1.812,3630965.1,2025-12-22 07:59:59.999000+00:00
2025-12-22 08:00:00+00:00,1.811,1.835,1.808,1.821,5231327.1,2025-12-22 11:59:59.999000+00:00
2025-12-22 12:00:00+00:00,1.822,1.853,1.812,1.835,10282842.1,2025-12-22 15:59:59.999000+00:00
2025-12-22 16:00:00+00:00,1.834,1.848,1.763,1.768,9710149.4,2025-12-22 19:59:59.999000+00:00
2025-12-22 20:00:00+00:00,1.768,1.791,1.755,1.783,6097355.8,2025-12-22 23:59:59.999000+00:00
2025-12-23 00:00:00+00:00,1.783,1.801,1.76,1.773,4540578.2,2025-12-23 03:59:59.999000+00:00
2025-12-23 04:00:00+00:00,1.773,1.778,1.751,1.759,4703787.5,2025-12-23 07:59:59.999000+00:00
2025-12-23 08:00:00+00:00,1.758,1.778,1.753,1.773,3694069.0,2025-12-23 11:59:59.999000+00:00
2025-12-23 12:00:00+00:00,1.773,1.774,1.722,1.746,13211900.4,2025-12-23 15:59:59.999000+00:00
2025-12-23 16:00:00+00:00,1.746,1.776,1.736,1.76,8414067.9,2025-12-23 19:59:59.999000+00:00
2025-12-23 20:00:00+00:00,1.759,1.786,1.753,1.764,4629404.3,2025-12-23 23:59:59.999000+00:00
2025-12-24 00:00:00+00:00,1.764,1.775,1.727,1.747,5604490.4,2025-12-24 03:59:59.999000+00:00
2025-12-24 04:00:00+00:00,1.748,1.757,1.715,1.722,6830229.1,2025-12-24 07:59:59.999000+00:00
2025-12-24 08:00:00+00:00,1.721,1.734,1.714,1.726,5002807.6,2025-12-24 11:59:59.999000+00:00
2025-12-24 12:00:00+00:00,1.726,1.738,1.704,1.731,9247213.6,2025-12-24 15:59:59.999000+00:00
2025-12-24 16:00:00+00:00,1.73,1.744,1.715,1.728,6873698.6,2025-12-24 19:59:59.999000+00:00
2025-12-24 20:00:00+00:00,1.728,1.745,1.725,1.736,4625120.5,2025-12-24 23:59:59.999000+00:00
2025-12-25 00:00:00+00:00,1.737,1.751,1.73,1.744,4404861.4,2025-12-25 03:59:59.999000+00:00
2025-12-25 04:00:00+00:00,1.745,1.747,1.734,1.736,3848228.3,2025-12-25 07:59:59.999000+00:00
2025-12-25 08:00:00+00:00,1.735,1.741,1.701,1.711,10503454.9,2025-12-25 11:59:59.999000+00:00
2025-12-25 12:00:00+00:00,1.71,1.737,1.703,1.732,8996701.5,2025-12-25 15:59:59.999000+00:00
2025-12-25 16:00:00+00:00,1.732,1.739,1.725,1.733,8186181.0,2025-12-25 19:59:59.999000+00:00
2025-12-25 20:00:00+00:00,1.733,1.734,1.676,1.682,13839518.0,2025-12-25 23:59:59.999000+00:00
2025-12-26 00:00:00+00:00,1.682,1.753,1.651,1.737,20951393.3,2025-12-26 03:59:59.999000+00:00
2025-12-26 04:00:00+00:00,1.738,1.744,1.711,1.717,7013451.0,2025-12-26 07:59:59.999000+00:00
2025-12-26 08:00:00+00:00,1.716,1.725,1.702,1.713,9402909.2,2025-12-26 11:59:59.999000+00:00
2025-12-26 12:00:00+00:00,1.712,1.732,1.682,1.706,12431078.8,2025-12-26 15:59:59.999000+00:00
2025-12-26 16:00:00+00:00,1.705,1.723,1.69,1.719,5351340.9,2025-12-26 19:59:59.999000+00:00
2025-12-26 20:00:00+00:00,1.719,1.732,1.716,1.723,4209342.2,2025-12-26 23:59:59.999000+00:00
2025-12-27 00:00:00+00:00,1.722,1.773,1.721,1.763,6099619.7,2025-12-27 03:59:59.999000+00:00
2025-12-27 04:00:00+00:00,1.763,1.765,1.745,1.751,4018879.8,2025-12-27 07:59:59.999000+00:00
2025-12-27 08:00:00+00:00,1.751,1.766,1.733,1.764,5538356.0,2025-12-27 11:59:59.999000+00:00
2025-12-27 12:00:00+00:00,1.765,1.823,1.76,1.801,10435271.2,2025-12-27 15:59:59.999000+00:00
2025-12-27 16:00:00+00:00,1.801,1.846,1.796,1.833,13128393.3,2025-12-27 19:59:59.999000+00:00
2025-12-27 20:00:00+00:00,1.833,1.927,1.832,1.909,18527112.9,2025-12-27 23:59:59.999000+00:00
2025-12-28 00:00:00+00:00,1.909,1.915,1.868,1.871,6137917.2,2025-12-28 03:59:59.999000+00:00
2025-12-28 04:00:00+00:00,1.871,1.895,1.866,1.89,4255071.3,2025-12-28 07:59:59.999000+00:00
2025-12-28 08:00:00+00:00,1.891,1.899,1.874,1.881,4515578.8,2025-12-28 11:59:59.999000+00:00
2025-12-28 12:00:00+00:00,1.881,1.888,1.868,1.878,4086467.1,2025-12-28 15:59:59.999000+00:00
2025-12-28 16:00:00+00:00,1.877,1.881,1.831,1.841,7996305.1,2025-12-28 19:59:59.999000+00:00
2025-12-28 20:00:00+00:00,1.84,1.851,1.827,1.85,4348625.3,2025-12-28 23:59:59.999000+00:00
2025-12-29 00:00:00+00:00,1.85,1.898,1.841,1.896,9249246.0,2025-12-29 03:59:59.999000+00:00
2025-12-29 04:00:00+00:00,1.895,1.904,1.869,1.888,6641385.8,2025-12-29 07:59:59.999000+00:00
2025-12-29 08:00:00+00:00,1.888,1.891,1.841,1.846,9007614.0,2025-12-29 11:59:59.999000+00:00
2025-12-29 12:00:00+00:00,1.845,1.872,1.815,1.855,11078989.3,2025-12-29 15:59:59.999000+00:00
2025-12-29 16:00:00+00:00,1.855,1.859,1.83,1.839,5463114.2,2025-12-29 19:59:59.999000+00:00
2025-12-29 20:00:00+00:00,1.838,1.847,1.82,1.823,3760755.1,2025-12-29 23:59:59.999000+00:00
2025-12-30 00:00:00+00:00,1.823,1.828,1.791,1.809,5459254.5,2025-12-30 03:59:59.999000+00:00
2025-12-30 04:00:00+00:00,1.808,1.818,1.793,1.81,3302040.7,2025-12-30 07:59:59.999000+00:00
2025-12-30 08:00:00+00:00,1.811,1.841,1.809,1.824,5118286.8,2025-12-30 11:59:59.999000+00:00
2025-12-30 12:00:00+00:00,1.823,1.846,1.797,1.842,8370549.8,2025-12-30 15:59:59.999000+00:00
2025-12-30 16:00:00+00:00,1.842,1.846,1.806,1.828,5730795.9,2025-12-30 19:59:59.999000+00:00
2025-12-30 20:00:00+00:00,1.828,1.829,1.806,1.809,1933233.6,2025-12-30 23:59:59.999000+00:00
2025-12-31 00:00:00+00:00,1.809,1.835,1.798,1.812,3834945.8,2025-12-31 03:59:59.999000+00:00
2025-12-31 04:00:00+00:00,1.812,1.819,1.805,1.808,2245406.8,2025-12-31 07:59:59.999000+00:00
2025-12-31 08:00:00+00:00,1.808,1.823,1.802,1.823,3351153.5,2025-12-31 11:59:59.999000+00:00
2025-12-31 12:00:00+00:00,1.823,1.844,1.802,1.812,9658447.5,2025-12-31 15:59:59.999000+00:00
2025-12-31 16:00:00+00:00,1.813,1.813,1.759,1.776,9678516.0,2025-12-31 19:59:59.999000+00:00
2025-12-31 20:00:00+00:00,1.775,1.797,1.763,1.789,4447230.0,2025-12-31 23:59:59.999000+00:00
2026-01-01 00:00:00+00:00,1.789,1.792,1.773,1.776,3246059.9,2026-01-01 03:59:59.999000+00:00
2026-01-01 04:00:00+00:00,1.775,1.79,1.764,1.784,2228955.0,2026-01-01 07:59:59.999000+00:00
2026-01-01 08:00:00+00:00,1.784,1.808,1.783,1.807,2308746.1,2026-01-01 11:59:59.999000+00:00
2026-01-01 12:00:00+00:00,1.808,1.903,1.803,1.893,85156566.3,2026-01-01 15:59:59.999000+00:00
2026-01-01 16:00:00+00:00,1.893,2.005,1.893,2.002,23012025.5,2026-01-01 19:59:59.999000+00:00
2026-01-01 20:00:00+00:00,2.002,2.033,1.978,1.997,13407843.4,2026-01-01 23:59:59.999000+00:00
2026-01-02 00:00:00+00:00,1.998,2.013,1.982,2.008,9278061.9,2026-01-02 03:59:59.999000+00:00
2026-01-02 04:00:00+00:00,2.008,2.011,1.98,1.983,5678287.7,2026-01-02 07:59:59.999000+00:00
2026-01-02 08:00:00+00:00,1.983,2.01,1.967,1.988,10834663.7,2026-01-02 11:59:59.999000+00:00
2026-01-02 12:00:00+00:00,1.988,2.025,1.977,2.007,14086104.2,2026-01-02 15:59:59.999000+00:00
2026-01-02 16:00:00+00:00,2.007,2.124,2.003,2.112,24322132.7,2026-01-02 19:59:59.999000+00:00
2026-01-02 20:00:00+00:00,2.111,2.169,2.077,2.164,13543683.3,2026-01-02 23:59:59.999000+00:00
2026-01-03 00:00:00+00:00,2.163,2.218,2.147,2.161,12896930.5,2026-01-03 03:59:59.999000+00:00
2026-01-03 04:00:00+00:00,2.162,2.162,2.107,2.113,6072258.7,2026-01-03 07:59:59.999000+00:00
2026-01-03 08:00:00+00:00,2.112,2.142,2.107,2.113,5525927.8,2026-01-03 11:59:59.999000+00:00
2026-01-03 12:00:00+00:00,2.113,2.139,2.11,2.128,5636518.6,2026-01-03 15:59:59.999000+00:00
2026-01-03 16:00:00+00:00,2.127,2.148,2.12,2.134,3604500.6,2026-01-03 19:59:59.999000+00:00
2026-01-03 20:00:00+00:00,2.135,2.146,2.12,2.124,3909145.8,2026-01-03 23:59:59.999000+00:00
2026-01-04 00:00:00+00:00,2.124,2.146,2.114,2.129,5568957.0,2026-01-04 03:59:59.999000+00:00
2026-01-04 04:00:00+00:00,2.129,2.157,2.118,2.136,4652145.6,2026-01-04 07:59:59.999000+00:00
2026-01-04 08:00:00+00:00,2.135,2.158,2.121,2.154,5962771.6,2026-01-04 11:59:59.999000+00:00
2026-01-04 12:00:00+00:00,2.154,2.178,2.145,2.165,6357054.7,2026-01-04 15:59:59.999000+00:00
2026-01-04 16:00:00+00:00,2.165,2.179,2.117,2.136,8976662.4,2026-01-04 19:59:59.999000+00:00
2026-01-04 20:00:00+00:00,2.136,2.16,2.129,2.141,4540018.3,2026-01-04 23:59:59.999000+00:00
2026-01-05 00:00:00+00:00,2.141,2.173,2.12,2.153,10365358.0,2026-01-05 03:59:59.999000+00:00
2026-01-05 04:00:00+00:00,2.152,2.155,2.106,2.145,6182209.9,2026-01-05 07:59:59.999000+00:00
2026-01-05 08:00:00+00:00,2.145,2.153,2.094,2.114,8922144.1,2026-01-05 11:59:59.999000+00:00
2026-01-05 12:00:00+00:00,2.114,2.203,2.107,2.194,9558144.5,2026-01-05 15:59:59.999000+00:00
2026-01-05 16:00:00+00:00,2.193,2.22,2.152,2.19,13428134.4,2026-01-05 19:59:59.999000+00:00
2026-01-05 20:00:00+00:00,2.191,2.236,2.188,2.206,8088406.6,2026-01-05 23:59:59.999000+00:00
2026-01-06 00:00:00+00:00,2.207,2.239,2.18,2.219,5841257.3,2026-01-06 03:59:59.999000+00:00
2026-01-06 04:00:00+00:00,2.218,2.245,2.177,2.186,7319855.2,2026-01-06 07:59:59.999000+00:00
2026-01-06 08:00:00+00:00,2.185,2.224,2.181,2.218,6071758.5,2026-01-06 11:59:59.999000+00:00
2026-01-06 12:00:00+00:00,2.219,2.261,2.181,2.196,16002491.2,2026-01-06 15:59:59.999000+00:00
2026-01-06 16:00:00+00:00,2.197,2.204,2.113,2.148,14292897.6,2026-01-06 19:59:59.999000+00:00
2026-01-06 20:00:00+00:00,2.148,2.242,2.148,2.234,9620408.0,2026-01-06 23:59:59.999000+00:00
2026-01-07 00:00:00+00:00,2.234,2.237,2.172,2.189,4987851.7,2026-01-07 03:59:59.999000+00:00
2026-01-07 04:00:00+00:00,2.189,2.238,2.186,2.237,4751864.1,2026-01-07 07:59:59.999000+00:00
2026-01-07 08:00:00+00:00,2.238,2.248,2.176,2.196,9535071.1,2026-01-07 11:59:59.999000+00:00
2026-01-07 12:00:00+00:00,2.197,2.197,2.124,2.134,12765555.8,2026-01-07 15:59:59.999000+00:00
2026-01-07 16:00:00+00:00,2.135,2.172,2.127,2.144,6154394.2,2026-01-07 19:59:59.999000+00:00
2026-01-07 20:00:00+00:00,2.145,2.159,2.118,2.144,4590769.1,2026-01-07 23:59:59.999000+00:00
2026-01-08 00:00:00+00:00,2.143,2.156,2.115,2.119,3635495.8,2026-01-08 03:59:59.999000+00:00
2026-01-08 04:00:00+00:00,2.118,2.15,2.082,2.127,8176075.4,2026-01-08 07:59:59.999000+00:00
2026-01-08 08:00:00+00:00,2.128,2.141,2.081,2.122,8420651.7,2026-01-08 11:59:59.999000+00:00
2026-01-08 12:00:00+00:00,2.123,2.156,2.087,2.155,10861490.2,2026-01-08 15:59:59.999000+00:00
2026-01-08 16:00:00+00:00,2.155,2.158,2.109,2.113,6070849.2,2026-01-08 19:59:59.999000+00:00
2026-01-08 20:00:00+00:00,2.114,2.131,2.092,2.11,3935813.6,2026-01-08 23:59:59.999000+00:00
2026-01-09 00:00:00+00:00,2.11,2.125,2.082,2.11,7782852.7,2026-01-09 03:59:59.999000+00:00
2026-01-09 04:00:00+00:00,2.111,2.117,2.094,2.103,3254181.0,2026-01-09 07:59:59.999000+00:00
2026-01-09 08:00:00+00:00,2.103,2.107,2.059,2.079,7442355.7,2026-01-09 11:59:59.999000+00:00
2026-01-09 12:00:00+00:00,2.079,2.138,2.047,2.105,16293015.9,2026-01-09 15:59:59.999000+00:00
2026-01-09 16:00:00+00:00,2.105,2.143,2.056,2.062,8548443.2,2026-01-09 19:59:59.999000+00:00
2026-01-09 20:00:00+00:00,2.062,2.094,2.06,2.083,4679290.9,2026-01-09 23:59:59.999000+00:00
2026-01-10 00:00:00+00:00,2.083,2.091,2.067,2.088,2291527.6,2026-01-10 03:59:59.999000+00:00
2026-01-10 04:00:00+00:00,2.088,2.115,2.074,2.1,3032971.5,2026-01-10 07:59:59.999000+00:00
2026-01-10 08:00:00+00:00,2.1,2.108,2.079,2.107,2683868.5,2026-01-10 11:59:59.999000+00:00
2026-01-10 12:00:00+00:00,2.107,2.129,2.103,2.116,3634316.3,2026-01-10 15:59:59.999000+00:00
2026-01-10 16:00:00+00:00,2.117,2.128,2.094,2.128,2867764.6,2026-01-10 19:59:59.999000+00:00
2026-01-10 20:00:00+00:00,2.128,2.129,2.082,2.091,2544458.1,2026-01-10 23:59:59.999000+00:00
2026-01-11 00:00:00+00:00,2.091,2.102,2.083,2.1,2000969.6,2026-01-11 03:59:59.999000+00:00
2026-01-11 04:00:00+00:00,2.099,2.116,2.092,2.115,2043868.2,2026-01-11 07:59:59.999000+00:00
2026-01-11 08:00:00+00:00,2.115,2.118,2.103,2.109,2228218.8,2026-01-11 11:59:59.999000+00:00
2026-01-11 12:00:00+00:00,2.11,2.125,2.068,2.077,5095665.5,2026-01-11 15:59:59.999000+00:00
2026-01-11 16:00:00+00:00,2.077,2.112,2.07,2.087,4544528.5,2026-01-11 19:59:59.999000+00:00
2026-01-11 20:00:00+00:00,2.087,2.087,2.032,2.07,6939830.4,2026-01-11 23:59:59.999000+00:00
2026-01-12 00:00:00+00:00,2.069,2.152,2.045,2.114,10236269.3,2026-01-12 03:59:59.999000+00:00
2026-01-12 04:00:00+00:00,2.114,2.135,2.061,2.063,5381092.5,2026-01-12 07:59:59.999000+00:00
2026-01-12 08:00:00+00:00,2.063,2.08,2.031,2.057,7892038.7,2026-01-12 11:59:59.999000+00:00
2026-01-12 12:00:00+00:00,2.056,2.089,2.02,2.085,8975455.4,2026-01-12 15:59:59.999000+00:00
2026-01-12 16:00:00+00:00,2.085,2.115,2.052,2.072,7980945.2,2026-01-12 19:59:59.999000+00:00
2026-01-12 20:00:00+00:00,2.073,2.084,2.036,2.052,4381984.2,2026-01-12 23:59:59.999000+00:00
2026-01-13 00:00:00+00:00,2.053,2.096,2.05,2.062,6051729.8,2026-01-13 03:59:59.999000+00:00
2026-01-13 04:00:00+00:00,2.062,2.107,2.062,2.077,5700639.2,2026-01-13 07:59:59.999000+00:00
2026-01-13 08:00:00+00:00,2.078,2.099,2.07,2.087,6975962.4,2026-01-13 11:59:59.999000+00:00
2026-01-13 12:00:00+00:00,2.087,2.247,2.079,2.241,27250608.0,2026-01-13 15:59:59.999000+00:00
2026-01-13 16:00:00+00:00,2.241,2.343,2.226,2.249,26282009.4,2026-01-13 19:59:59.999000+00:00
2026-01-13 20:00:00+00:00,2.25,2.334,2.214,2.282,13443212.9,2026-01-13 23:59:59.999000+00:00
2026-01-14 00:00:00+00:00,2.283,2.299,2.258,2.279,6169149.3,2026-01-14 03:59:59.999000+00:00
2026-01-14 04:00:00+00:00,2.278,2.298,2.257,2.278,5942741.3,2026-01-14 07:59:59.999000+00:00
2026-01-14 08:00:00+00:00,2.278,2.296,2.249,2.253,10569721.6,2026-01-14 11:59:59.999000+00:00
2026-01-14 12:00:00+00:00,2.252,2.297,2.234,2.265,11487788.8,2026-01-14 15:59:59.999000+00:00
2026-01-14 16:00:00+00:00,2.265,2.282,2.193,2.237,10599337.1,2026-01-14 19:59:59.999000+00:00
2026-01-14 20:00:00+00:00,2.238,2.256,2.21,2.223,4012092.2,2026-01-14 23:59:59.999000+00:00
2026-01-15 00:00:00+00:00,2.223,2.237,2.156,2.166,8224322.4,2026-01-15 03:59:59.999000+00:00
2026-01-15 04:00:00+00:00,2.166,2.202,2.163,2.195,5292445.9,2026-01-15 07:59:59.999000+00:00
2026-01-15 08:00:00+00:00,2.195,2.211,2.18,2.199,6299791.1,2026-01-15 11:59:59.999000+00:00
2026-01-15 12:00:00+00:00,2.198,2.237,2.127,2.162,13003699.2,2026-01-15 15:59:59.999000+00:00
2026-01-15 16:00:00+00:00,2.163,2.172,2.096,2.119,10127446.2,2026-01-15 19:59:59.999000+00:00
2026-01-15 20:00:00+00:00,2.118,2.129,2.095,2.116,6330769.9,2026-01-15 23:59:59.999000+00:00
2026-01-16 00:00:00+00:00,2.116,2.133,2.101,2.111,5070964.7,2026-01-16 03:59:59.999000+00:00
2026-01-16 04:00:00+00:00,2.111,2.15,2.096,2.137,5615863.0,2026-01-16 07:59:59.999000+00:00
2026-01-16 08:00:00+00:00,2.137,2.154,2.117,2.129,4801398.1,2026-01-16 11:59:59.999000+00:00
2026-01-16 12:00:00+00:00,2.129,2.129,2.059,2.073,9088939.5,2026-01-16 15:59:59.999000+00:00
2026-01-16 16:00:00+00:00,2.073,2.098,2.053,2.091,9669039.1,2026-01-16 19:59:59.999000+00:00
2026-01-16 20:00:00+00:00,2.092,2.137,2.082,2.118,5997387.1,2026-01-16 23:59:59.999000+00:00
2026-01-17 00:00:00+00:00,2.119,2.135,2.112,2.126,3270875.8,2026-01-17 03:59:59.999000+00:00
2026-01-17 04:00:00+00:00,2.126,2.16,2.119,2.156,2848348.0,2026-01-17 07:59:59.999000+00:00
2026-01-17 08:00:00+00:00,2.157,2.235,2.155,2.181,11951427.4,2026-01-17 11:59:59.999000+00:00
2026-01-17 12:00:00+00:00,2.181,2.227,2.176,2.208,7237649.4,2026-01-17 15:59:59.999000+00:00
2026-01-17 16:00:00+00:00,2.207,2.216,2.181,2.198,5951128.7,2026-01-17 19:59:59.999000+00:00
2026-01-17 20:00:00+00:00,2.198,2.203,2.17,2.177,3551942.5,2026-01-17 23:59:59.999000+00:00
2026-01-18 00:00:00+00:00,2.176,2.202,2.158,2.162,4655473.4,2026-01-18 03:59:59.999000+00:00
2026-01-18 04:00:00+00:00,2.162,2.163,2.138,2.151,3280078.8,2026-01-18 07:59:59.999000+00:00
2026-01-18 08:00:00+00:00,2.15,2.162,2.141,2.148,6614165.8,2026-01-18 11:59:59.999000+00:00
2026-01-18 12:00:00+00:00,2.147,2.169,2.127,2.161,6307340.0,2026-01-18 15:59:59.999000+00:00
2026-01-18 16:00:00+00:00,2.161,2.189,2.148,2.169,5224683.8,2026-01-18 19:59:59.999000+00:00
2026-01-18 20:00:00+00:00,2.17,2.197,2.059,2.064,12088846.1,2026-01-18 23:59:59.999000+00:00
2026-01-19 00:00:00+00:00,2.063,2.063,1.83,1.977,34102255.4,2026-01-19 03:59:59.999000+00:00
2026-01-19 04:00:00+00:00,1.976,1.982,1.953,1.968,8214434.8,2026-01-19 07:59:59.999000+00:00
2026-01-19 08:00:00+00:00,1.968,1.998,1.963,1.972,6353166.0,2026-01-19 11:59:59.999000+00:00
2026-01-19 12:00:00+00:00,1.971,1.989,1.962,1.975,4182478.4,2026-01-19 15:59:59.999000+00:00
2026-01-19 16:00:00+00:00,1.975,2.064,1.973,2.045,10011608.0,2026-01-19 19:59:59.999000+00:00
2026-01-19 20:00:00+00:00,2.046,2.049,2.004,2.028,5097932.3,2026-01-19 23:59:59.999000+00:00
2026-01-20 00:00:00+00:00,2.028,2.05,2.012,2.032,5806489.6,2026-01-20 03:59:59.999000+00:00
2026-01-20 04:00:00+00:00,2.031,2.05,1.984,1.989,10905411.1,2026-01-20 07:59:59.999000+00:00
2026-01-20 08:00:00+00:00,1.988,1.995,1.956,1.959,7561256.0,2026-01-20 11:59:59.999000+00:00
2026-01-20 12:00:00+00:00,1.959,1.982,1.928,1.938,12203359.7,2026-01-20 15:59:59.999000+00:00
2026-01-20 16:00:00+00:00,1.939,1.95,1.894,1.913,9683535.6,2026-01-20 19:59:59.999000+00:00
2026-01-20 20:00:00+00:00,1.913,1.933,1.88,1.897,6226377.4,2026-01-20 23:59:59.999000+00:00
2026-01-21 00:00:00+00:00,1.897,1.96,1.893,1.946,6222848.5,2026-01-21 03:59:59.999000+00:00
2026-01-21 04:00:00+00:00,1.947,1.959,1.937,1.943,3891994.5,2026-01-21 07:59:59.999000+00:00
2026-01-21 08:00:00+00:00,1.944,1.948,1.914,1.916,4433265.0,2026-01-21 11:59:59.999000+00:00
2026-01-21 12:00:00+00:00,1.916,1.979,1.894,1.967,12676914.0,2026-01-21 15:59:59.999000+00:00
2026-01-21 16:00:00+00:00,1.966,1.993,1.871,1.992,18808455.6,2026-01-21 19:59:59.999000+00:00
2026-01-21 20:00:00+00:00,1.992,1.999,1.94,1.953,6604701.7,2026-01-21 23:59:59.999000+00:00
2026-01-22 00:00:00+00:00,1.953,1.981,1.947,1.954,3900181.4,2026-01-22 03:59:59.999000+00:00
2026-01-22 04:00:00+00:00,1.954,1.959,1.928,1.943,4298117.0,2026-01-22 07:59:59.999000+00:00
2026-01-22 08:00:00+00:00,1.944,1.96,1.937,1.947,4474089.9,2026-01-22 11:59:59.999000+00:00
2026-01-22 12:00:00+00:00,1.948,1.961,1.902,1.924,8438262.5,2026-01-22 15:59:59.999000+00:00
2026-01-22 16:00:00+00:00,1.925,1.943,1.916,1.936,4958324.6,2026-01-22 19:59:59.999000+00:00
2026-01-22 20:00:00+00:00,1.936,1.94,1.911,1.925,3479062.7,2026-01-22 23:59:59.999000+00:00
2026-01-23 00:00:00+00:00,1.925,1.966,1.922,1.956,3122842.9,2026-01-23 03:59:59.999000+00:00
2026-01-23 04:00:00+00:00,1.957,1.983,1.933,1.938,4657103.6,2026-01-23 07:59:59.999000+00:00
2026-01-23 08:00:00+00:00,1.939,1.947,1.917,1.943,7568282.4,2026-01-23 11:59:59.999000+00:00
2026-01-23 12:00:00+00:00,1.944,1.95,1.895,1.943,8429199.6,2026-01-23 15:59:59.999000+00:00
2026-01-23 16:00:00+00:00,1.943,1.981,1.918,1.925,11187793.0,2026-01-23 19:59:59.999000+00:00
2026-01-23 20:00:00+00:00,1.925,1.931,1.9,1.924,4413919.6,2026-01-23 23:59:59.999000+00:00
2026-01-24 00:00:00+00:00,1.924,1.939,1.919,1.929,3084550.3,2026-01-24 03:59:59.999000+00:00
2026-01-24 04:00:00+00:00,1.93,1.939,1.923,1.923,3010386.0,2026-01-24 07:59:59.999000+00:00
2026-01-24 08:00:00+00:00,1.923,1.933,1.913,1.918,2462021.5,2026-01-24 11:59:59.999000+00:00
2026-01-24 12:00:00+00:00,1.919,1.922,1.902,1.903,3433460.4,2026-01-24 15:59:59.999000+00:00
2026-01-24 16:00:00+00:00,1.903,1.922,1.897,1.909,2968774.3,2026-01-24 19:59:59.999000+00:00
2026-01-24 20:00:00+00:00,1.909,1.932,1.909,1.929,3085739.9,2026-01-24 23:59:59.999000+00:00
2026-01-25 00:00:00+00:00,1.929,1.943,1.899,1.903,3940929.1,2026-01-25 03:59:59.999000+00:00
2026-01-25 04:00:00+00:00,1.903,1.911,1.892,1.898,2576034.0,2026-01-25 07:59:59.999000+00:00
2026-01-25 08:00:00+00:00,1.899,1.919,1.88,1.897,4462736.0,2026-01-25 11:59:59.999000+00:00
2026-01-25 12:00:00+00:00,1.897,1.902,1.876,1.885,4165188.3,2026-01-25 15:59:59.999000+00:00
2026-01-25 16:00:00+00:00,1.886,1.886,1.779,1.79,19157844.7,2026-01-25 19:59:59.999000+00:00
2026-01-25 20:00:00+00:00,1.79,1.828,1.787,1.822,7271052.5,2026-01-25 23:59:59.999000+00:00
2026-01-26 00:00:00+00:00,1.823,1.861,1.816,1.829,6368695.1,2026-01-26 03:59:59.999000+00:00
2026-01-26 04:00:00+00:00,1.83,1.865,1.83,1.854,4465627.2,2026-01-26 07:59:59.999000+00:00
2026-01-26 08:00:00+00:00,1.854,1.873,1.84,1.844,4350689.1,2026-01-26 11:59:59.999000+00:00
2026-01-26 12:00:00+00:00,1.844,1.898,1.841,1.869,10958053.9,2026-01-26 15:59:59.999000+00:00
2026-01-26 16:00:00+00:00,1.869,1.888,1.85,1.867,9029147.3,2026-01-26 19:59:59.999000+00:00
2026-01-26 20:00:00+00:00,1.868,1.889,1.855,1.875,4359358.4,2026-01-26 23:59:59.999000+00:00
2026-01-27 00:00:00+00:00,1.874,1.884,1.864,1.873,3537241.1,2026-01-27 03:59:59.999000+00:00
2026-01-27 04:00:00+00:00,1.873,1.886,1.861,1.865,2241999.3,2026-01-27 07:59:59.999000+00:00
2026-01-27 08:00:00+00:00,1.866,1.872,1.846,1.849,3554026.5,2026-01-27 11:59:59.999000+00:00
2026-01-27 12:00:00+00:00,1.849,1.855,1.827,1.852,6609064.7,2026-01-27 15:59:59.999000+00:00
2026-01-27 16:00:00+00:00,1.853,1.881,1.826,1.87,10703079.2,2026-01-27 19:59:59.999000+00:00
2026-01-27 20:00:00+00:00,1.869,1.899,1.867,1.875,6272358.2,2026-01-27 23:59:59.999000+00:00
2026-01-28 00:00:00+00:00,1.876,1.879,1.857,1.862,3469908.4,2026-01-28 03:59:59.999000+00:00
2026-01-28 04:00:00+00:00,1.861,1.867,1.845,1.86,5461641.4,2026-01-28 07:59:59.999000+00:00
2026-01-28 08:00:00+00:00,1.86,1.895,1.85,1.893,4848935.7,2026-01-28 11:59:59.999000+00:00
2026-01-28 12:00:00+00:00,1.892,1.893,1.832,1.845,6770613.4,2026-01-28 15:59:59.999000+00:00
2026-01-28 16:00:00+00:00,1.845,1.862,1.828,1.857,6579451.5,2026-01-28 19:59:59.999000+00:00
2026-01-28 20:00:00+00:00,1.857,1.89,1.839,1.87,6446756.4,2026-01-28 23:59:59.999000+00:00
2026-01-29 00:00:00+00:00,1.87,1.875,1.805,1.814,8256688.8,2026-01-29 03:59:59.999000+00:00
2026-01-29 04:00:00+00:00,1.814,1.817,1.8,1.808,3953452.6,2026-01-29 07:59:59.999000+00:00
2026-01-29 08:00:00+00:00,1.809,1.814,1.784,1.786,5627384.7,2026-01-29 11:59:59.999000+00:00
2026-01-29 12:00:00+00:00,1.786,1.795,1.71,1.731,19872166.7,2026-01-29 15:59:59.999000+00:00
2026-01-29 16:00:00+00:00,1.73,1.764,1.695,1.722,17486196.4,2026-01-29 19:59:59.999000+00:00
2026-01-29 20:00:00+00:00,1.723,1.745,1.718,1.735,5895122.1,2026-01-29 23:59:59.999000+00:00
2026-01-30 00:00:00+00:00,1.735,1.747,1.669,1.701,16913674.6,2026-01-30 03:59:59.999000+00:00
2026-01-30 04:00:00+00:00,1.701,1.726,1.67,1.708,9942001.3,2026-01-30 07:59:59.999000+00:00
2026-01-30 08:00:00+00:00,1.708,1.726,1.691,1.718,8536443.5,2026-01-30 11:59:59.999000+00:00
2026-01-30 12:00:00+00:00,1.719,1.722,1.66,1.683,17283429.4,2026-01-30 15:59:59.999000+00:00
2026-01-30 16:00:00+00:00,1.683,1.721,1.65,1.712,17618283.7,2026-01-30 19:59:59.999000+00:00
2026-01-30 20:00:00+00:00,1.713,1.713,1.678,1.689,9535252.6,2026-01-30 23:59:59.999000+00:00
2026-01-31 00:00:00+00:00,1.688,1.69,1.673,1.68,4307130.8,2026-01-31 03:59:59.999000+00:00
2026-01-31 04:00:00+00:00,1.68,1.687,1.643,1.657,6112718.8,2026-01-31 07:59:59.999000+00:00
2026-01-31 08:00:00+00:00,1.657,1.659,1.614,1.635,13974494.0,2026-01-31 11:59:59.999000+00:00
2026-01-31 12:00:00+00:00,1.634,1.638,1.532,1.568,29628587.0,2026-01-31 15:59:59.999000+00:00
2026-01-31 16:00:00+00:00,1.569,1.592,1.395,1.495,61335610.5,2026-01-31 19:59:59.999000+00:00
2026-01-31 20:00:00+00:00,1.495,1.556,1.477,1.546,14780097.3,2026-01-31 23:59:59.999000+00:00
2026-02-01 00:00:00+00:00,1.546,1.557,1.532,1.552,7831516.1,2026-02-01 03:59:59.999000+00:00
2026-02-01 04:00:00+00:00,1.552,1.559,1.536,1.547,5940464.5,2026-02-01 07:59:59.999000+00:00
2026-02-01 08:00:00+00:00,1.547,1.559,1.526,1.546,7602023.4,2026-02-01 11:59:59.999000+00:00
2026-02-01 12:00:00+00:00,1.546,1.547,1.479,1.499,14389620.1,2026-02-01 15:59:59.999000+00:00
2026-02-01 16:00:00+00:00,1.498,1.53,1.486,1.502,12250329.5,2026-02-01 19:59:59.999000+00:00
2026-02-01 20:00:00+00:00,1.503,1.522,1.457,1.494,14610807.3,2026-02-01 23:59:59.999000+00:00
2026-02-02 00:00:00+00:00,1.495,1.535,1.449,1.509,18416696.8,2026-02-02 03:59:59.999000+00:00
2026-02-02 04:00:00+00:00,1.51,1.52,1.453,1.496,20051564.7,2026-02-02 07:59:59.999000+00:00
2026-02-02 08:00:00+00:00,1.496,1.531,1.495,1.512,10155669.9,2026-02-02 11:59:59.999000+00:00
2026-02-02 12:00:00+00:00,1.513,1.574,1.513,1.57,14400789.4,2026-02-02 15:59:59.999000+00:00
2026-02-02 16:00:00+00:00,1.57,1.575,1.545,1.545,8360210.9,2026-02-02 19:59:59.999000+00:00
2026-02-02 20:00:00+00:00,1.545,1.554,1.535,1.541,5481247.2,2026-02-02 23:59:59.999000+00:00
2026-02-03 00:00:00+00:00,1.542,1.546,1.507,1.538,9676381.5,2026-02-03 03:59:59.999000+00:00
2026-02-03 04:00:00+00:00,1.538,1.549,1.519,1.536,7735280.0,2026-02-03 07:59:59.999000+00:00
2026-02-03 08:00:00+00:00,1.537,1.543,1.508,1.517,13178256.8,2026-02-03 11:59:59.999000+00:00
2026-02-03 12:00:00+00:00,1.518,1.533,1.489,1.525,18648097.6,2026-02-03 15:59:59.999000+00:00
2026-02-03 16:00:00+00:00,1.526,1.526,1.43,1.504,32446218.0,2026-02-03 19:59:59.999000+00:00
2026-02-03 20:00:00+00:00,1.503,1.567,1.486,1.499,18869474.2,2026-02-03 23:59:59.999000+00:00
2026-02-04 00:00:00+00:00,1.498,1.533,1.492,1.527,7690226.7,2026-02-04 03:59:59.999000+00:00
2026-02-04 04:00:00+00:00,1.527,1.53,1.501,1.516,5224286.3,2026-02-04 07:59:59.999000+00:00
2026-02-04 08:00:00+00:00,1.517,1.525,1.487,1.501,7114140.9,2026-02-04 11:59:59.999000+00:00
2026-02-04 12:00:00+00:00,1.5,1.503,1.434,1.45,18254199.3,2026-02-04 15:59:59.999000+00:00
2026-02-04 16:00:00+00:00,1.45,1.49,1.424,1.486,21809526.6,2026-02-04 19:59:59.999000+00:00
2026-02-04 20:00:00+00:00,1.485,1.49,1.431,1.461,9558779.9,2026-02-04 23:59:59.999000+00:00
2026-02-05 00:00:00+00:00,1.461,1.478,1.438,1.442,10404742.7,2026-02-05 03:59:59.999000+00:00
2026-02-05 04:00:00+00:00,1.442,1.46,1.419,1.423,12293708.9,2026-02-05 07:59:59.999000+00:00
2026-02-05 08:00:00+00:00,1.423,1.446,1.373,1.392,14943220.8,2026-02-05 11:59:59.999000+00:00
2026-02-05 12:00:00+00:00,1.391,1.41,1.293,1.328,39843922.7,2026-02-05 15:59:59.999000+00:00
2026-02-05 16:00:00+00:00,1.328,1.368,1.291,1.3,32765650.6,2026-02-05 19:59:59.999000+00:00
2026-02-05 20:00:00+00:00,1.299,1.309,1.231,1.245,41477563.8,2026-02-05 23:59:59.999000+00:00
2026-02-06 00:00:00+00:00,1.245,1.276,1.099,1.24,77245188.2,2026-02-06 03:59:59.999000+00:00
2026-02-06 04:00:00+00:00,1.24,1.302,1.231,1.27,22096334.0,2026-02-06 07:59:59.999000+00:00
2026-02-06 08:00:00+00:00,1.27,1.33,1.261,1.324,19281293.7,2026-02-06 11:59:59.999000+00:00
2026-02-06 12:00:00+00:00,1.323,1.353,1.311,1.347,17638667.1,2026-02-06 15:59:59.999000+00:00
2026-02-06 16:00:00+00:00,1.346,1.407,1.342,1.364,19352220.9,2026-02-06 19:59:59.999000+00:00
2026-02-06 20:00:00+00:00,1.363,1.387,1.347,1.367,9735753.2,2026-02-06 23:59:59.999000+00:00
2026-02-07 00:00:00+00:00,1.366,1.38,1.341,1.376,10934704.2,2026-02-07 03:59:59.999000+00:00
2026-02-07 04:00:00+00:00,1.375,1.389,1.316,1.33,14586072.6,2026-02-07 07:59:59.999000+00:00
2026-02-07 08:00:00+00:00,1.329,1.343,1.321,1.329,6068821.8,2026-02-07 11:59:59.999000+00:00
2026-02-07 12:00:00+00:00,1.329,1.369,1.327,1.354,9384152.8,2026-02-07 15:59:59.999000+00:00
2026-02-07 16:00:00+00:00,1.355,1.401,1.351,1.376,32223276.8,2026-02-07 19:59:59.999000+00:00
2026-02-07 20:00:00+00:00,1.375,1.386,1.363,1.371,4279962.1,2026-02-07 23:59:59.999000+00:00
2026-02-08 00:00:00+00:00,1.372,1.373,1.35,1.352,4202715.7,2026-02-08 03:59:59.999000+00:00
2026-02-08 04:00:00+00:00,1.352,1.355,1.338,1.347,4321022.6,2026-02-08 07:59:59.999000+00:00
2026-02-08 08:00:00+00:00,1.347,1.375,1.345,1.37,7776329.9,2026-02-08 11:59:59.999000+00:00
2026-02-08 12:00:00+00:00,1.369,1.371,1.349,1.356,6800514.4,2026-02-08 15:59:59.999000+00:00
2026-02-08 16:00:00+00:00,1.356,1.36,1.325,1.357,5873712.0,2026-02-08 19:59:59.999000+00:00
2026-02-08 20:00:00+00:00,1.357,1.367,1.323,1.337,5692128.6,2026-02-08 23:59:59.999000+00:00
2026-02-09 00:00:00+00:00,1.337,1.35,1.326,1.346,4995106.8,2026-02-09 03:59:59.999000+00:00
2026-02-09 04:00:00+00:00,1.346,1.347,1.312,1.315,4239203.2,2026-02-09 07:59:59.999000+00:00
2026-02-09 08:00:00+00:00,1.315,1.319,1.275,1.29,8445938.9,2026-02-09 11:59:59.999000+00:00
2026-02-09 12:00:00+00:00,1.291,1.329,1.287,1.31,10315084.3,2026-02-09 15:59:59.999000+00:00
2026-02-09 16:00:00+00:00,1.309,1.343,1.299,1.331,9619876.7,2026-02-09 19:59:59.999000+00:00
2026-02-09 20:00:00+00:00,1.331,1.334,1.309,1.319,5261702.0,2026-02-09 23:59:59.999000+00:00
2026-02-10 00:00:00+00:00,1.319,1.327,1.288,1.297,5302108.6,2026-02-10 03:59:59.999000+00:00
2026-02-10 04:00:00+00:00,1.297,1.309,1.272,1.282,6330907.3,2026-02-10 07:59:59.999000+00:00
2026-02-10 08:00:00+00:00,1.282,1.293,1.269,1.273,6057486.5,2026-02-10 11:59:59.999000+00:00
2026-02-10 12:00:00+00:00,1.272,1.29,1.263,1.283,8202903.5,2026-02-10 15:59:59.999000+00:00
2026-02-10 16:00:00+00:00,1.282,1.286,1.264,1.273,8179844.4,2026-02-10 19:59:59.999000+00:00
2026-02-10 20:00:00+00:00,1.272,1.284,1.268,1.282,4087200.5,2026-02-10 23:59:59.999000+00:00
2026-02-11 00:00:00+00:00,1.283,1.292,1.266,1.275,3881694.4,2026-02-11 03:59:59.999000+00:00
2026-02-11 04:00:00+00:00,1.275,1.278,1.236,1.239,9378520.1,2026-02-11 07:59:59.999000+00:00
2026-02-11 08:00:00+00:00,1.238,1.242,1.227,1.24,5851682.3,2026-02-11 11:59:59.999000+00:00
2026-02-11 12:00:00+00:00,1.24,1.296,1.223,1.237,15278498.5,2026-02-11 15:59:59.999000+00:00
2026-02-11 16:00:00+00:00,1.237,1.269,1.233,1.258,10258402.9,2026-02-11 19:59:59.999000+00:00
2026-02-11 20:00:00+00:00,1.258,1.28,1.246,1.255,7746531.1,2026-02-11 23:59:59.999000+00:00
2026-02-12 00:00:00+00:00,1.254,1.281,1.254,1.28,6705886.8,2026-02-12 03:59:59.999000+00:00
2026-02-12 04:00:00+00:00,1.28,1.293,1.269,1.29,5436745.3,2026-02-12 07:59:59.999000+00:00
2026-02-12 08:00:00+00:00,1.29,1.303,1.281,1.296,7427152.0,2026-02-12 11:59:59.999000+00:00
2026-02-12 12:00:00+00:00,1.295,1.298,1.272,1.273,10251726.1,2026-02-12 15:59:59.999000+00:00
2026-02-12 16:00:00+00:00,1.273,1.289,1.247,1.27,13150024.1,2026-02-12 19:59:59.999000+00:00
2026-02-12 20:00:00+00:00,1.271,1.284,1.254,1.282,6182253.3,2026-02-12 23:59:59.999000+00:00
2026-02-13 00:00:00+00:00,1.282,1.288,1.266,1.27,5940627.1,2026-02-13 03:59:59.999000+00:00
2026-02-13 04:00:00+00:00,1.271,1.273,1.25,1.268,4292198.8,2026-02-13 07:59:59.999000+00:00
2026-02-13 08:00:00+00:00,1.268,1.284,1.264,1.278,4182717.9,2026-02-13 11:59:59.999000+00:00
2026-02-13 12:00:00+00:00,1.277,1.326,1.269,1.306,12298862.1,2026-02-13 15:59:59.999000+00:00
2026-02-13 16:00:00+00:00,1.305,1.335,1.301,1.322,7638821.4,2026-02-13 19:59:59.999000+00:00
2026-02-13 20:00:00+00:00,1.321,1.341,1.317,1.329,7419761.9,2026-02-13 23:59:59.999000+00:00
2026-02-14 00:00:00+00:00,1.329,1.351,1.328,1.346,5941871.7,2026-02-14 03:59:59.999000+00:00
2026-02-14 04:00:00+00:00,1.346,1.352,1.338,1.345,5116369.1,2026-02-14 07:59:59.999000+00:00
2026-02-14 08:00:00+00:00,1.345,1.375,1.344,1.37,7079184.4,2026-02-14 11:59:59.999000+00:00
2026-02-14 12:00:00+00:00,1.369,1.399,1.358,1.398,7775006.9,2026-02-14 15:59:59.999000+00:00
2026-02-14 16:00:00+00:00,1.397,1.43,1.387,1.425,8799032.1,2026-02-14 19:59:59.999000+00:00
2026-02-14 20:00:00+00:00,1.425,1.438,1.41,1.42,8032470.0,2026-02-14 23:59:59.999000+00:00
2026-02-15 00:00:00+00:00,1.42,1.424,1.392,1.416,8308131.8,2026-02-15 03:59:59.999000+00:00
2026-02-15 04:00:00+00:00,1.415,1.436,1.412,1.433,6279058.4,2026-02-15 07:59:59.999000+00:00
2026-02-15 08:00:00+00:00,1.433,1.437,1.396,1.402,6486920.7,2026-02-15 11:59:59.999000+00:00
2026-02-15 12:00:00+00:00,1.402,1.403,1.349,1.367,13577306.9,2026-02-15 15:59:59.999000+00:00
2026-02-15 16:00:00+00:00,1.366,1.367,1.329,1.338,12242967.1,2026-02-15 19:59:59.999000+00:00
2026-02-15 20:00:00+00:00,1.338,1.358,1.334,1.356,5523761.7,2026-02-15 23:59:59.999000+00:00
2026-02-16 00:00:00+00:00,1.357,1.365,1.346,1.353,5095145.1,2026-02-16 03:59:59.999000+00:00
2026-02-16 04:00:00+00:00,1.352,1.371,1.339,1.349,5846512.5,2026-02-16 07:59:59.999000+00:00
2026-02-16 08:00:00+00:00,1.35,1.366,1.338,1.353,6233868.8,2026-02-16 11:59:59.999000+00:00
2026-02-16 12:00:00+00:00,1.354,1.389,1.331,1.339,14521117.2,2026-02-16 15:59:59.999000+00:00
2026-02-16 16:00:00+00:00,1.34,1.361,1.338,1.355,8068959.7,2026-02-16 19:59:59.999000+00:00
2026-02-16 20:00:00+00:00,1.356,1.382,1.352,1.375,6881818.6,2026-02-16 23:59:59.999000+00:00
2026-02-17 00:00:00+00:00,1.376,1.379,1.357,1.373,5163803.1,2026-02-17 03:59:59.999000+00:00
2026-02-17 04:00:00+00:00,1.373,1.38,1.36,1.373,4487221.5,2026-02-17 07:59:59.999000+00:00
2026-02-17 08:00:00+00:00,1.372,1.374,1.351,1.362,5296320.4,2026-02-17 11:59:59.999000+00:00
2026-02-17 12:00:00+00:00,1.362,1.377,1.338,1.356,10249125.6,2026-02-17 15:59:59.999000+00:00
2026-02-17 16:00:00+00:00,1.357,1.38,1.342,1.357,10004339.2,2026-02-17 19:59:59.999000+00:00
2026-02-17 20:00:00+00:00,1.358,1.36,1.342,1.347,5762661.6,2026-02-17 23:59:59.999000+00:00
2026-02-18 00:00:00+00:00,1.346,1.359,1.337,1.355,4981168.6,2026-02-18 03:59:59.999000+00:00
2026-02-18 04:00:00+00:00,1.356,1.362,1.348,1.358,3318602.3,2026-02-18 07:59:59.999000+00:00
2026-02-18 08:00:00+00:00,1.359,1.366,1.336,1.344,5081367.7,2026-02-18 11:59:59.999000+00:00
2026-02-18 12:00:00+00:00,1.344,1.372,1.329,1.355,9888511.8,2026-02-18 15:59:59.999000+00:00
2026-02-18 16:00:00+00:00,1.356,1.357,1.301,1.309,13278439.9,2026-02-18 19:59:59.999000+00:00
2026-02-18 20:00:00+00:00,1.309,1.318,1.298,1.31,7511961.7,2026-02-18 23:59:59.999000+00:00
2026-02-19 00:00:00+00:00,1.31,1.321,1.303,1.316,6697088.6,2026-02-19 03:59:59.999000+00:00
2026-02-19 04:00:00+00:00,1.316,1.32,1.303,1.309,5128527.7,2026-02-19 07:59:59.999000+00:00
2026-02-19 08:00:00+00:00,1.309,1.31,1.287,1.292,7726131.4,2026-02-19 11:59:59.999000+00:00
2026-02-19 12:00:00+00:00,1.292,1.296,1.268,1.273,12421567.8,2026-02-19 15:59:59.999000+00:00
2026-02-19 16:00:00+00:00,1.272,1.289,1.258,1.28,11590450.8,2026-02-19 19:59:59.999000+00:00
2026-02-19 20:00:00+00:00,1.28,1.288,1.274,1.285,6420786.5,2026-02-19 23:59:59.999000+00:00
2026-02-20 00:00:00+00:00,1.286,1.296,1.283,1.286,5639203.7,2026-02-20 03:59:59.999000+00:00
2026-02-20 04:00:00+00:00,1.287,1.301,1.272,1.296,6698679.2,2026-02-20 07:59:59.999000+00:00
2026-02-20 08:00:00+00:00,1.297,1.315,1.29,1.296,6902561.4,2026-02-20 11:59:59.999000+00:00
2026-02-20 12:00:00+00:00,1.297,1.354,1.273,1.35,21787561.1,2026-02-20 15:59:59.999000+00:00
2026-02-20 16:00:00+00:00,1.35,1.364,1.315,1.336,19380257.2,2026-02-20 19:59:59.999000+00:00
2026-02-20 20:00:00+00:00,1.336,1.344,1.325,1.34,5947798.4,2026-02-20 23:59:59.999000+00:00
2026-02-21 00:00:00+00:00,1.34,1.345,1.327,1.34,5482126.0,2026-02-21 03:59:59.999000+00:00
2026-02-21 04:00:00+00:00,1.339,1.362,1.336,1.354,6582142.9,2026-02-21 07:59:59.999000+00:00
2026-02-21 08:00:00+00:00,1.355,1.397,1.349,1.384,13960262.7,2026-02-21 11:59:59.999000+00:00
2026-02-21 12:00:00+00:00,1.384,1.393,1.369,1.372,10604391.9,2026-02-21 15:59:59.999000+00:00
2026-02-21 16:00:00+00:00,1.372,1.373,1.355,1.362,7582883.3,2026-02-21 19:59:59.999000+00:00
2026-02-21 20:00:00+00:00,1.361,1.363,1.35,1.357,5139649.5,2026-02-21 23:59:59.999000+00:00
2026-02-22 00:00:00+00:00,1.358,1.364,1.343,1.353,7287652.7,2026-02-22 03:59:59.999000+00:00
2026-02-22 04:00:00+00:00,1.353,1.355,1.333,1.341,5532788.8,2026-02-22 07:59:59.999000+00:00
2026-02-22 08:00:00+00:00,1.342,1.342,1.322,1.332,5800607.4,2026-02-22 11:59:59.999000+00:00
2026-02-22 12:00:00+00:00,1.333,1.333,1.307,1.319,8487704.2,2026-02-22 15:59:59.999000+00:00
2026-02-22 16:00:00+00:00,1.319,1.32,1.303,1.309,6954168.5,2026-02-22 19:59:59.999000+00:00
2026-02-22 20:00:00+00:00,1.31,1.316,1.3,1.311,5749683.2,2026-02-22 23:59:59.999000+00:00
2026-02-23 00:00:00+00:00,1.31,1.312,1.235,1.255,27546404.7,2026-02-23 03:59:59.999000+00:00
2026-02-23 04:00:00+00:00,1.255,1.277,1.246,1.27,9506512.2,2026-02-23 07:59:59.999000+00:00
2026-02-23 08:00:00+00:00,1.269,1.299,1.266,1.293,9088271.3,2026-02-23 11:59:59.999000+00:00
2026-02-23 12:00:00+00:00,1.294,1.312,1.277,1.279,15021264.7,2026-02-23 15:59:59.999000+00:00
2026-02-23 16:00:00+00:00,1.278,1.282,1.253,1.257,13255621.5,2026-02-23 19:59:59.999000+00:00
2026-02-23 20:00:00+00:00,1.257,1.277,1.253,1.264,9017186.0,2026-02-23 23:59:59.999000+00:00
2026-02-24 00:00:00+00:00,1.263,1.279,1.247,1.255,11191131.4,2026-02-24 03:59:59.999000+00:00
2026-02-24 04:00:00+00:00,1.255,1.257,1.24,1.25,9923241.5,2026-02-24 07:59:59.999000+00:00
2026-02-24 08:00:00+00:00,1.25,1.26,1.236,1.245,7308829.4,2026-02-24 11:59:59.999000+00:00
2026-02-24 12:00:00+00:00,1.245,1.252,1.222,1.246,14162650.9,2026-02-24 15:59:59.999000+00:00
2026-02-24 16:00:00+00:00,1.246,1.26,1.242,1.245,9782748.5,2026-02-24 19:59:59.999000+00:00
2026-02-24 20:00:00+00:00,1.245,1.248,1.233,1.236,7200574.1,2026-02-24 23:59:59.999000+00:00
2026-02-25 00:00:00+00:00,1.237,1.304,1.233,1.269,18978469.8,2026-02-25 03:59:59.999000+00:00
2026-02-25 04:00:00+00:00,1.269,1.278,1.257,1.267,7929643.2,2026-02-25 07:59:59.999000+00:00
2026-02-25 08:00:00+00:00,1.268,1.391,1.261,1.382,27090655.0,2026-02-25 11:59:59.999000+00:00
2026-02-25 12:00:00+00:00,1.382,1.553,1.369,1.517,79331520.5,2026-02-25 15:59:59.999000+00:00
2026-02-25 16:00:00+00:00,1.518,1.639,1.513,1.631,46631786.2,2026-02-25 19:59:59.999000+00:00
2026-02-25 20:00:00+00:00,1.631,1.752,1.6,1.662,101666509.9,2026-02-25 23:59:59.999000+00:00
2026-02-26 00:00:00+00:00,1.663,1.694,1.598,1.627,71313871.7,2026-02-26 03:59:59.999000+00:00
2026-02-26 04:00:00+00:00,1.627,1.647,1.566,1.579,45962020.1,2026-02-26 07:59:59.999000+00:00
2026-02-26 08:00:00+00:00,1.58,1.633,1.571,1.579,35683512.7,2026-02-26 11:59:59.999000+00:00
2026-02-26 12:00:00+00:00,1.58,1.645,1.57,1.619,47539810.9,2026-02-26 15:59:59.999000+00:00
2026-02-26 16:00:00+00:00,1.618,1.62,1.521,1.569,41291517.9,2026-02-26 19:59:59.999000+00:00
2026-02-26 20:00:00+00:00,1.57,1.627,1.554,1.608,20922501.3,2026-02-26 23:59:59.999000+00:00
2026-02-27 00:00:00+00:00,1.607,1.664,1.596,1.655,26062342.2,2026-02-27 03:59:59.999000+00:00
2026-02-27 04:00:00+00:00,1.654,1.681,1.589,1.603,24838818.9,2026-02-27 07:59:59.999000+00:00
2026-02-27 08:00:00+00:00,1.603,1.628,1.562,1.564,23321384.0,2026-02-27 11:59:59.999000+00:00
2026-02-27 12:00:00+00:00,1.565,1.597,1.548,1.564,27430725.8,2026-02-27 15:59:59.999000+00:00
2026-02-27 16:00:00+00:00,1.565,1.625,1.545,1.603,26694482.4,2026-02-27 19:59:59.999000+00:00
2026-02-27 20:00:00+00:00,1.603,1.649,1.565,1.598,26474119.6,2026-02-27 23:59:59.999000+00:00
2026-02-28 00:00:00+00:00,1.599,1.618,1.569,1.575,19375360.7,2026-02-28 03:59:59.999000+00:00
2026-02-28 04:00:00+00:00,1.575,1.578,1.479,1.502,35234746.1,2026-02-28 07:59:59.999000+00:00
2026-02-28 08:00:00+00:00,1.502,1.506,1.454,1.476,24155123.2,2026-02-28 11:59:59.999000+00:00
2026-02-28 12:00:00+00:00,1.475,1.539,1.46,1.509,30271542.7,2026-02-28 15:59:59.999000+00:00
2026-02-28 16:00:00+00:00,1.509,1.641,1.494,1.595,31185088.4,2026-02-28 19:59:59.999000+00:00
2026-02-28 20:00:00+00:00,1.596,1.674,1.59,1.66,26032228.3,2026-02-28 23:59:59.999000+00:00
2026-03-01 00:00:00+00:00,1.66,1.679,1.61,1.615,27697792.3,2026-03-01 03:59:59.999000+00:00
2026-03-01 04:00:00+00:00,1.615,1.621,1.58,1.603,19957134.1,2026-03-01 07:59:59.999000+00:00
2026-03-01 08:00:00+00:00,1.603,1.604,1.557,1.562,15527795.3,2026-03-01 11:59:59.999000+00:00
2026-03-01 12:00:00+00:00,1.561,1.577,1.537,1.549,18291883.9,2026-03-01 15:59:59.999000+00:00
2026-03-01 16:00:00+00:00,1.549,1.559,1.518,1.521,15777729.1,2026-03-01 19:59:59.999000+00:00
2026-03-01 20:00:00+00:00,1.521,1.541,1.503,1.532,19901076.9,2026-03-01 23:59:59.999000+00:00
2026-03-02 00:00:00+00:00,1.533,1.598,1.529,1.558,17291766.2,2026-03-02 03:59:59.999000+00:00
2026-03-02 04:00:00+00:00,1.558,1.579,1.504,1.51,15064742.9,2026-03-02 07:59:59.999000+00:00
2026-03-02 08:00:00+00:00,1.511,1.524,1.496,1.514,13498708.8,2026-03-02 11:59:59.999000+00:00
2026-03-02 12:00:00+00:00,1.515,1.596,1.498,1.573,26958039.5,2026-03-02 15:59:59.999000+00:00
2026-03-02 16:00:00+00:00,1.573,1.603,1.521,1.532,19939026.4,2026-03-02 19:59:59.999000+00:00
2026-03-02 20:00:00+00:00,1.532,1.545,1.499,1.507,12385898.9,2026-03-02 23:59:59.999000+00:00
2026-03-03 00:00:00+00:00,1.507,1.513,1.487,1.502,14071579.3,2026-03-03 03:59:59.999000+00:00
2026-03-03 04:00:00+00:00,1.502,1.517,1.482,1.515,13290380.2,2026-03-03 07:59:59.999000+00:00
2026-03-03 08:00:00+00:00,1.516,1.521,1.471,1.482,15117983.0,2026-03-03 11:59:59.999000+00:00
2026-03-03 12:00:00+00:00,1.483,1.518,1.48,1.507,14052642.6,2026-03-03 15:59:59.999000+00:00
2026-03-03 16:00:00+00:00,1.507,1.557,1.501,1.53,20842709.7,2026-03-03 19:59:59.999000+00:00
2026-03-03 20:00:00+00:00,1.53,1.538,1.509,1.532,9423172.8,2026-03-03 23:59:59.999000+00:00
2026-03-04 00:00:00+00:00,1.532,1.55,1.518,1.527,11079528.2,2026-03-04 03:59:59.999000+00:00
2026-03-04 04:00:00+00:00,1.526,1.539,1.506,1.532,11727105.7,2026-03-04 07:59:59.999000+00:00
2026-03-04 08:00:00+00:00,1.532,1.573,1.522,1.534,18912636.5,2026-03-04 11:59:59.999000+00:00
2026-03-04 12:00:00+00:00,1.533,1.556,1.507,1.554,19060818.4,2026-03-04 15:59:59.999000+00:00
2026-03-04 16:00:00+00:00,1.555,1.567,1.521,1.558,15451565.9,2026-03-04 19:59:59.999000+00:00
2026-03-04 20:00:00+00:00,1.558,1.562,1.514,1.538,11023506.8,2026-03-04 23:59:59.999000+00:00
2026-03-05 00:00:00+00:00,1.539,1.544,1.512,1.528,8932259.8,2026-03-05 03:59:59.999000+00:00
2026-03-05 04:00:00+00:00,1.528,1.554,1.506,1.517,11528316.1,2026-03-05 07:59:59.999000+00:00
2026-03-05 08:00:00+00:00,1.516,1.549,1.509,1.521,10657133.9,2026-03-05 11:59:59.999000+00:00
2026-03-05 12:00:00+00:00,1.521,1.544,1.503,1.51,13921245.1,2026-03-05 15:59:59.999000+00:00
2026-03-05 16:00:00+00:00,1.51,1.522,1.479,1.508,16261555.4,2026-03-05 19:59:59.999000+00:00
2026-03-05 20:00:00+00:00,1.507,1.555,1.507,1.529,12941890.3,2026-03-05 23:59:59.999000+00:00
2026-03-06 00:00:00+00:00,1.528,1.547,1.521,1.531,7323281.3,2026-03-06 03:59:59.999000+00:00
2026-03-06 04:00:00+00:00,1.53,1.547,1.509,1.541,7996307.2,2026-03-06 07:59:59.999000+00:00
2026-03-06 08:00:00+00:00,1.542,1.542,1.502,1.505,8821240.7,2026-03-06 11:59:59.999000+00:00
2026-03-06 12:00:00+00:00,1.505,1.518,1.452,1.461,20117017.4,2026-03-06 15:59:59.999000+00:00
2026-03-06 16:00:00+00:00,1.462,1.493,1.457,1.484,10408329.9,2026-03-06 19:59:59.999000+00:00
2026-03-06 20:00:00+00:00,1.484,1.498,1.479,1.488,6169351.5,2026-03-06 23:59:59.999000+00:00
2026-03-07 00:00:00+00:00,1.487,1.517,1.485,1.496,6343547.9,2026-03-07 03:59:59.999000+00:00
2026-03-07 04:00:00+00:00,1.497,1.516,1.485,1.498,8099630.9,2026-03-07 07:59:59.999000+00:00
2026-03-07 08:00:00+00:00,1.499,1.513,1.48,1.486,7807019.5,2026-03-07 11:59:59.999000+00:00
2026-03-07 12:00:00+00:00,1.486,1.499,1.46,1.467,7920204.4,2026-03-07 15:59:59.999000+00:00
2026-03-07 16:00:00+00:00,1.467,1.48,1.43,1.437,12144603.5,2026-03-07 19:59:59.999000+00:00
2026-03-07 20:00:00+00:00,1.436,1.448,1.429,1.446,8806965.1,2026-03-07 23:59:59.999000+00:00
2026-03-08 00:00:00+00:00,1.446,1.447,1.423,1.433,7473332.3,2026-03-08 03:59:59.999000+00:00
2026-03-08 04:00:00+00:00,1.434,1.455,1.425,1.443,6953723.4,2026-03-08 07:59:59.999000+00:00
2026-03-08 08:00:00+00:00,1.444,1.477,1.436,1.467,7312711.9,2026-03-08 11:59:59.999000+00:00
2026-03-08 12:00:00+00:00,1.467,1.484,1.443,1.452,9795925.4,2026-03-08 15:59:59.999000+00:00
2026-03-08 16:00:00+00:00,1.451,1.479,1.442,1.467,8790750.0,2026-03-08 19:59:59.999000+00:00
2026-03-08 20:00:00+00:00,1.467,1.474,1.428,1.451,13718134.8,2026-03-08 23:59:59.999000+00:00
2026-03-09 00:00:00+00:00,1.451,1.491,1.449,1.47,12723486.2,2026-03-09 03:59:59.999000+00:00
2026-03-09 04:00:00+00:00,1.469,1.52,1.469,1.487,16689439.1,2026-03-09 07:59:59.999000+00:00
2026-03-09 08:00:00+00:00,1.486,1.496,1.461,1.473,11212169.2,2026-03-09 11:59:59.999000+00:00
2026-03-09 12:00:00+00:00,1.474,1.513,1.469,1.5,15596411.8,2026-03-09 15:59:59.999000+00:00
2026-03-09 16:00:00+00:00,1.5,1.532,1.492,1.506,12703581.6,2026-03-09 19:59:59.999000+00:00
2026-03-09 20:00:00+00:00,1.506,1.513,1.483,1.492,8890437.6,2026-03-09 23:59:59.999000+00:00
2026-03-10 00:00:00+00:00,1.492,1.531,1.489,1.506,9642426.4,2026-03-10 03:59:59.999000+00:00
2026-03-10 04:00:00+00:00,1.506,1.533,1.506,1.518,8344621.6,2026-03-10 07:59:59.999000+00:00
2026-03-10 08:00:00+00:00,1.519,1.539,1.514,1.517,9612475.6,2026-03-10 11:59:59.999000+00:00
2026-03-10 12:00:00+00:00,1.516,1.546,1.495,1.529,14810912.9,2026-03-10 15:59:59.999000+00:00
2026-03-10 16:00:00+00:00,1.528,1.538,1.488,1.497,13037831.3,2026-03-10 19:59:59.999000+00:00
2026-03-10 20:00:00+00:00,1.497,1.504,1.477,1.484,7699923.3,2026-03-10 23:59:59.999000+00:00
2026-03-11 00:00:00+00:00,1.485,1.492,1.473,1.483,6962389.7,2026-03-11 03:59:59.999000+00:00
2026-03-11 04:00:00+00:00,1.482,1.496,1.471,1.484,7611119.3,2026-03-11 07:59:59.999000+00:00
2026-03-11 08:00:00+00:00,1.484,1.509,1.483,1.507,8244623.8,2026-03-11 11:59:59.999000+00:00
2026-03-11 12:00:00+00:00,1.508,1.554,1.5,1.516,22616820.8,2026-03-11 15:59:59.999000+00:00
2026-03-11 16:00:00+00:00,1.517,1.549,1.511,1.537,12961081.3,2026-03-11 19:59:59.999000+00:00
2026-03-11 20:00:00+00:00,1.537,1.543,1.517,1.522,6491293.0,2026-03-11 23:59:59.999000+00:00
2026-03-12 00:00:00+00:00,1.522,1.526,1.493,1.497,8178623.6,2026-03-12 03:59:59.999000+00:00
2026-03-12 04:00:00+00:00,1.497,1.509,1.491,1.508,6810178.7,2026-03-12 07:59:59.999000+00:00
2026-03-12 08:00:00+00:00,1.507,1.526,1.503,1.506,7055512.5,2026-03-12 11:59:59.999000+00:00
2026-03-12 12:00:00+00:00,1.506,1.51,1.483,1.501,13806578.9,2026-03-12 15:59:59.999000+00:00
2026-03-12 16:00:00+00:00,1.502,1.513,1.487,1.507,9098360.3,2026-03-12 19:59:59.999000+00:00
2026-03-12 20:00:00+00:00,1.506,1.525,1.5,1.515,6699847.8,2026-03-12 23:59:59.999000+00:00
2026-03-13 00:00:00+00:00,1.515,1.549,1.511,1.531,12296736.3,2026-03-13 03:59:59.999000+00:00
2026-03-13 04:00:00+00:00,1.532,1.533,1.498,1.505,10533956.4,2026-03-13 07:59:59.999000+00:00
2026-03-13 08:00:00+00:00,1.505,1.527,1.499,1.515,10005570.0,2026-03-13 11:59:59.999000+00:00
2026-03-13 12:00:00+00:00,1.516,1.548,1.498,1.505,19248083.0,2026-03-13 15:59:59.999000+00:00
2026-03-13 16:00:00+00:00,1.506,1.514,1.464,1.467,16240771.1,2026-03-13 19:59:59.999000+00:00
2026-03-13 20:00:00+00:00,1.467,1.479,1.444,1.461,12051417.3,2026-03-13 23:59:59.999000+00:00
2026-03-14 00:00:00+00:00,1.461,1.461,1.436,1.446,8514727.6,2026-03-14 03:59:59.999000+00:00
2026-03-14 04:00:00+00:00,1.446,1.454,1.428,1.435,8758642.7,2026-03-14 07:59:59.999000+00:00
2026-03-14 08:00:00+00:00,1.434,1.439,1.423,1.432,7712913.4,2026-03-14 11:59:59.999000+00:00
2026-03-14 12:00:00+00:00,1.432,1.439,1.417,1.43,8316032.1,2026-03-14 15:59:59.999000+00:00
2026-03-14 16:00:00+00:00,1.43,1.431,1.409,1.41,6778083.3,2026-03-14 19:59:59.999000+00:00
2026-03-14 20:00:00+00:00,1.411,1.417,1.402,1.411,9265492.1,2026-03-14 23:59:59.999000+00:00
2026-03-15 00:00:00+00:00,1.411,1.429,1.388,1.415,12514579.6,2026-03-15 03:59:59.999000+00:00
2026-03-15 04:00:00+00:00,1.415,1.423,1.407,1.416,7217728.4,2026-03-15 07:59:59.999000+00:00
2026-03-15 08:00:00+00:00,1.416,1.437,1.413,1.428,8473430.9,2026-03-15 11:59:59.999000+00:00
2026-03-15 12:00:00+00:00,1.428,1.441,1.413,1.416,9935423.8,2026-03-15 15:59:59.999000+00:00
2026-03-15 16:00:00+00:00,1.415,1.427,1.407,1.42,8696461.4,2026-03-15 19:59:59.999000+00:00
2026-03-15 20:00:00+00:00,1.419,1.444,1.414,1.438,13839147.3,2026-03-15 23:59:59.999000+00:00
2026-03-16 00:00:00+00:00,1.438,1.49,1.429,1.477,18330769.5,2026-03-16 03:59:59.999000+00:00
2026-03-16 04:00:00+00:00,1.478,1.602,1.477,1.583,51525078.3,2026-03-16 07:59:59.999000+00:00
2026-03-16 08:00:00+00:00,1.584,1.632,1.57,1.593,36141350.6,2026-03-16 11:59:59.999000+00:00
2026-03-16 12:00:00+00:00,1.593,1.607,1.558,1.569,23684270.5,2026-03-16 15:59:59.999000+00:00
2026-03-16 16:00:00+00:00,1.569,1.626,1.566,1.612,13295647.5,2026-03-16 19:59:59.999000+00:00
2026-03-16 20:00:00+00:00,1.611,1.662,1.607,1.64,23233648.8,2026-03-16 23:59:59.999000+00:00
2026-03-17 00:00:00+00:00,1.64,1.643,1.594,1.605,17105933.1,2026-03-17 03:59:59.999000+00:00
2026-03-17 04:00:00+00:00,1.604,1.621,1.588,1.613,13622160.6,2026-03-17 07:59:59.999000+00:00
2026-03-17 08:00:00+00:00,1.612,1.64,1.601,1.602,14157569.1,2026-03-17 11:59:59.999000+00:00
2026-03-17 12:00:00+00:00,1.602,1.605,1.583,1.592,13686193.5,2026-03-17 15:59:59.999000+00:00
2026-03-17 16:00:00+00:00,1.592,1.605,1.581,1.594,10559960.8,2026-03-17 19:59:59.999000+00:00
2026-03-17 20:00:00+00:00,1.594,1.634,1.592,1.62,9335431.0,2026-03-17 23:59:59.999000+00:00
2026-03-18 00:00:00+00:00,1.62,1.653,1.616,1.637,13975501.3,2026-03-18 03:59:59.999000+00:00
2026-03-18 04:00:00+00:00,1.637,1.648,1.619,1.623,9279601.5,2026-03-18 07:59:59.999000+00:00
2026-03-18 08:00:00+00:00,1.623,1.639,1.592,1.603,12168620.6,2026-03-18 11:59:59.999000+00:00
2026-03-18 12:00:00+00:00,1.602,1.602,1.537,1.56,18634455.4,2026-03-18 15:59:59.999000+00:00
2026-03-18 16:00:00+00:00,1.56,1.576,1.544,1.551,13026389.3,2026-03-18 19:59:59.999000+00:00
2026-03-18 20:00:00+00:00,1.551,1.577,1.539,1.577,9271436.0,2026-03-18 23:59:59.999000+00:00
2026-03-19 00:00:00+00:00,1.577,1.577,1.545,1.553,9953799.7,2026-03-19 03:59:59.999000+00:00
2026-03-19 04:00:00+00:00,1.554,1.558,1.524,1.532,10685361.6,2026-03-19 07:59:59.999000+00:00
2026-03-19 08:00:00+00:00,1.531,1.546,1.526,1.539,10064798.9,2026-03-19 11:59:59.999000+00:00
2026-03-19 12:00:00+00:00,1.539,1.542,1.499,1.521,16022185.1,2026-03-19 15:59:59.999000+00:00
2026-03-19 16:00:00+00:00,1.52,1.535,1.493,1.53,13597165.6,2026-03-19 19:59:59.999000+00:00
2026-03-19 20:00:00+00:00,1.529,1.534,1.504,1.52,7458651.4,2026-03-19 23:59:59.999000+00:00
2026-03-20 00:00:00+00:00,1.521,1.543,1.518,1.532,8973210.8,2026-03-20 03:59:59.999000+00:00
2026-03-20 04:00:00+00:00,1.531,1.552,1.528,1.536,10902654.4,2026-03-20 07:59:59.999000+00:00
2026-03-20 08:00:00+00:00,1.535,1.549,1.518,1.527,5118376.2,2026-03-20 11:59:59.999000+00:00
2026-03-20 12:00:00+00:00,1.528,1.537,1.512,1.524,11956732.3,2026-03-20 15:59:59.999000+00:00
2026-03-20 16:00:00+00:00,1.525,1.526,1.493,1.509,11707497.1,2026-03-20 19:59:59.999000+00:00
2026-03-20 20:00:00+00:00,1.509,1.523,1.495,1.498,8441773.3,2026-03-20 23:59:59.999000+00:00
2026-03-21 00:00:00+00:00,1.498,1.514,1.498,1.511,5561684.4,2026-03-21 03:59:59.999000+00:00
2026-03-21 04:00:00+00:00,1.511,1.515,1.5,1.501,5672391.7,2026-03-21 07:59:59.999000+00:00
2026-03-21 08:00:00+00:00,1.501,1.507,1.484,1.489,7121293.0,2026-03-21 11:59:59.999000+00:00
2026-03-21 12:00:00+00:00,1.49,1.508,1.484,1.507,7886424.7,2026-03-21 15:59:59.999000+00:00
2026-03-21 16:00:00+00:00,1.507,1.508,1.49,1.493,6838501.7,2026-03-21 19:59:59.999000+00:00
2026-03-21 20:00:00+00:00,1.492,1.502,1.454,1.465,12068538.2,2026-03-21 23:59:59.999000+00:00
2026-03-22 00:00:00+00:00,1.465,1.483,1.441,1.47,15615801.1,2026-03-22 03:59:59.999000+00:00
2026-03-22 04:00:00+00:00,1.471,1.479,1.455,1.455,8128420.2,2026-03-22 07:59:59.999000+00:00
2026-03-22 08:00:00+00:00,1.455,1.458,1.43,1.432,10118156.0,2026-03-22 11:59:59.999000+00:00
2026-03-22 12:00:00+00:00,1.432,1.449,1.43,1.433,8731823.7,2026-03-22 15:59:59.999000+00:00
2026-03-22 16:00:00+00:00,1.434,1.437,1.412,1.415,10682445.5,2026-03-22 19:59:59.999000+00:00
2026-03-22 20:00:00+00:00,1.415,1.424,1.392,1.41,12388807.3,2026-03-22 23:59:59.999000+00:00
2026-03-23 00:00:00+00:00,1.41,1.438,1.408,1.429,10285188.1,2026-03-23 03:59:59.999000+00:00
2026-03-23 04:00:00+00:00,1.429,1.442,1.402,1.414,10481360.9,2026-03-23 07:59:59.999000+00:00
2026-03-23 08:00:00+00:00,1.415,1.492,1.402,1.465,41429768.2,2026-03-23 11:59:59.999000+00:00
2026-03-23 12:00:00+00:00,1.465,1.486,1.429,1.432,21025618.2,2026-03-23 15:59:59.999000+00:00
2026-03-23 16:00:00+00:00,1.432,1.441,1.418,1.421,16881849.3,2026-03-23 19:59:59.999000+00:00
2026-03-23 20:00:00+00:00,1.421,1.432,1.402,1.418,14610514.7,2026-03-23 23:59:59.999000+00:00
2026-03-24 00:00:00+00:00,1.418,1.425,1.406,1.421,15871947.0,2026-03-24 03:59:59.999000+00:00
2026-03-24 04:00:00+00:00,1.42,1.428,1.406,1.426,13445081.4,2026-03-24 07:59:59.999000+00:00
2026-03-24 08:00:00+00:00,1.425,1.426,1.383,1.395,19822598.6,2026-03-24 11:59:59.999000+00:00
2026-03-24 12:00:00+00:00,1.395,1.404,1.377,1.381,20098996.7,2026-03-24 15:59:59.999000+00:00
2026-03-24 16:00:00+00:00,1.38,1.384,1.357,1.378,19497320.4,2026-03-24 19:59:59.999000+00:00
2026-03-24 20:00:00+00:00,1.378,1.404,1.376,1.4,13311999.0,2026-03-24 23:59:59.999000+00:00
2026-03-25 00:00:00+00:00,1.4,1.411,1.389,1.401,12988040.5,2026-03-25 03:59:59.999000+00:00
2026-03-25 04:00:00+00:00,1.401,1.403,1.377,1.383,10849584.0,2026-03-25 07:59:59.999000+00:00
2026-03-25 08:00:00+00:00,1.384,1.4,1.375,1.392,14336341.3,2026-03-25 11:59:59.999000+00:00
2026-03-25 12:00:00+00:00,1.391,1.393,1.36,1.366,20319367.5,2026-03-25 15:59:59.999000+00:00
2026-03-25 16:00:00+00:00,1.366,1.382,1.361,1.367,14245070.5,2026-03-25 19:59:59.999000+00:00
2026-03-25 20:00:00+00:00,1.366,1.366,1.342,1.359,15009066.9,2026-03-25 23:59:59.999000+00:00
2026-03-26 00:00:00+00:00,1.36,1.366,1.337,1.342,11745769.8,2026-03-26 03:59:59.999000+00:00
2026-03-26 04:00:00+00:00,1.342,1.342,1.317,1.327,15449061.8,2026-03-26 07:59:59.999000+00:00
2026-03-26 08:00:00+00:00,1.327,1.328,1.304,1.312,14931756.0,2026-03-26 11:59:59.999000+00:00
2026-03-26 12:00:00+00:00,1.312,1.336,1.311,1.322,16763621.0,2026-03-26 15:59:59.999000+00:00
2026-03-26 16:00:00+00:00,1.322,1.332,1.299,1.305,18479322.5,2026-03-26 19:59:59.999000+00:00
2026-03-26 20:00:00+00:00,1.305,1.328,1.3,1.321,16758699.5,2026-03-26 23:59:59.999000+00:00
2026-03-27 00:00:00+00:00,1.321,1.339,1.315,1.32,10493881.1,2026-03-27 03:59:59.999000+00:00
2026-03-27 04:00:00+00:00,1.32,1.326,1.312,1.323,10320910.4,2026-03-27 07:59:59.999000+00:00
2026-03-27 08:00:00+00:00,1.324,1.326,1.271,1.281,23992061.7,2026-03-27 11:59:59.999000+00:00
2026-03-27 12:00:00+00:00,1.281,1.294,1.272,1.277,17581718.8,2026-03-27 15:59:59.999000+00:00
2026-03-27 16:00:00+00:00,1.277,1.289,1.269,1.28,12536901.5,2026-03-27 19:59:59.999000+00:00
2026-03-27 20:00:00+00:00,1.281,1.294,1.271,1.289,7375283.5,2026-03-27 23:59:59.999000+00:00
2026-03-28 00:00:00+00:00,1.29,1.292,1.27,1.283,11361024.9,2026-03-28 03:59:59.999000+00:00
2026-03-28 04:00:00+00:00,1.283,1.3,1.278,1.3,7155439.2,2026-03-28 07:59:59.999000+00:00
2026-03-28 08:00:00+00:00,1.3,1.305,1.284,1.287,8522867.6,2026-03-28 11:59:59.999000+00:00
2026-03-28 12:00:00+00:00,1.286,1.305,1.273,1.286,17081893.4,2026-03-28 15:59:59.999000+00:00
2026-03-28 16:00:00+00:00,1.286,1.29,1.274,1.282,9342754.7,2026-03-28 19:59:59.999000+00:00
2026-03-28 20:00:00+00:00,1.282,1.285,1.252,1.257,13763052.9,2026-03-28 23:59:59.999000+00:00
2026-03-29 00:00:00+00:00,1.258,1.271,1.246,1.268,9386319.1,2026-03-29 03:59:59.999000+00:00
2026-03-29 04:00:00+00:00,1.269,1.273,1.262,1.268,7094029.3,2026-03-29 07:59:59.999000+00:00
2026-03-29 08:00:00+00:00,1.268,1.275,1.261,1.266,7048454.8,2026-03-29 11:59:59.999000+00:00
2026-03-29 12:00:00+00:00,1.266,1.268,1.253,1.255,13415102.4,2026-03-29 15:59:59.999000+00:00
2026-03-29 16:00:00+00:00,1.255,1.259,1.247,1.252,8156295.8,2026-03-29 19:59:59.999000+00:00
2026-03-29 20:00:00+00:00,1.252,1.267,1.218,1.26,19056835.0,2026-03-29 23:59:59.999000+00:00
2026-03-30 00:00:00+00:00,1.26,1.286,1.259,1.271,21170363.1,2026-03-30 03:59:59.999000+00:00
2026-03-30 04:00:00+00:00,1.271,1.277,1.258,1.277,14354649.6,2026-03-30 07:59:59.999000+00:00
2026-03-30 08:00:00+00:00,1.277,1.286,1.264,1.28,13885280.4,2026-03-30 11:59:59.999000+00:00
2026-03-30 12:00:00+00:00,1.28,1.284,1.258,1.262,16849996.9,2026-03-30 15:59:59.999000+00:00
2026-03-30 16:00:00+00:00,1.262,1.267,1.231,1.238,18004232.7,2026-03-30 19:59:59.999000+00:00
2026-03-30 20:00:00+00:00,1.238,1.25,1.232,1.243,9398326.6,2026-03-30 23:59:59.999000+00:00
2026-03-31 00:00:00+00:00,1.242,1.264,1.235,1.252,13767507.5,2026-03-31 03:59:59.999000+00:00
2026-03-31 04:00:00+00:00,1.252,1.256,1.237,1.255,11351442.4,2026-03-31 07:59:59.999000+00:00
2026-03-31 08:00:00+00:00,1.255,1.257,1.225,1.238,17578591.2,2026-03-31 11:59:59.999000+00:00
2026-03-31 12:00:00+00:00,1.238,1.277,1.232,1.251,23493090.3,2026-03-31 15:59:59.999000+00:00
2026-03-31 16:00:00+00:00,1.251,1.276,1.251,1.268,14944983.7,2026-03-31 19:59:59.999000+00:00
2026-03-31 20:00:00+00:00,1.268,1.27,1.249,1.251,10222742.8,2026-03-31 23:59:59.999000+00:00
2026-04-01 00:00:00+00:00,1.251,1.264,1.246,1.26,10888547.0,2026-04-01 03:59:59.999000+00:00
2026-04-01 04:00:00+00:00,1.26,1.301,1.259,1.287,18437822.6,2026-04-01 07:59:59.999000+00:00
2026-04-01 08:00:00+00:00,1.287,1.291,1.268,1.275,11160676.4,2026-04-01 11:59:59.999000+00:00
2026-04-01 12:00:00+00:00,1.274,1.293,1.262,1.275,16268549.1,2026-04-01 15:59:59.999000+00:00
2026-04-01 16:00:00+00:00,1.274,1.283,1.255,1.263,12284955.9,2026-04-01 19:59:59.999000+00:00
2026-04-01 20:00:00+00:00,1.263,1.269,1.249,1.254,10370648.5,2026-04-01 23:59:59.999000+00:00
2026-04-02 00:00:00+00:00,1.255,1.269,1.208,1.216,25267094.7,2026-04-02 03:59:59.999000+00:00
2026-04-02 04:00:00+00:00,1.216,1.226,1.211,1.224,11237919.9,2026-04-02 07:59:59.999000+00:00
2026-04-02 08:00:00+00:00,1.224,1.224,1.205,1.216,10320567.0,2026-04-02 11:59:59.999000+00:00
2026-04-02 12:00:00+00:00,1.216,1.233,1.202,1.22,18315118.6,2026-04-02 15:59:59.999000+00:00
2026-04-02 16:00:00+00:00,1.22,1.232,1.215,1.226,9564394.8,2026-04-02 19:59:59.999000+00:00
2026-04-02 20:00:00+00:00,1.226,1.237,1.223,1.236,7147058.6,2026-04-02 23:59:59.999000+00:00
2026-04-03 00:00:00+00:00,1.236,1.243,1.228,1.236,10344383.0,2026-04-03 03:59:59.999000+00:00
2026-04-03 04:00:00+00:00,1.235,1.26,1.233,1.25,9588701.5,2026-04-03 07:59:59.999000+00:00
2026-04-03 08:00:00+00:00,1.25,1.259,1.242,1.254,8441860.1,2026-04-03 11:59:59.999000+00:00
2026-04-03 12:00:00+00:00,1.255,1.266,1.245,1.248,9196104.5,2026-04-03 15:59:59.999000+00:00
2026-04-03 16:00:00+00:00,1.248,1.256,1.236,1.241,6988198.5,2026-04-03 19:59:59.999000+00:00
2026-04-03 20:00:00+00:00,1.242,1.25,1.232,1.237,6135615.0,2026-04-03 23:59:59.999000+00:00
2026-04-04 00:00:00+00:00,1.237,1.246,1.232,1.244,5123275.9,2026-04-04 03:59:59.999000+00:00
2026-04-04 04:00:00+00:00,1.244,1.249,1.239,1.246,4124353.0,2026-04-04 07:59:59.999000+00:00
2026-04-04 08:00:00+00:00,1.246,1.256,1.239,1.254,4390077.6,2026-04-04 11:59:59.999000+00:00
2026-04-04 12:00:00+00:00,1.254,1.259,1.243,1.249,6636226.3,2026-04-04 15:59:59.999000+00:00
2026-04-04 16:00:00+00:00,1.249,1.265,1.247,1.255,7670627.6,2026-04-04 19:59:59.999000+00:00
2026-04-04 20:00:00+00:00,1.255,1.256,1.246,1.253,5009861.3,2026-04-04 23:59:59.999000+00:00
2026-04-05 00:00:00+00:00,1.253,1.254,1.245,1.249,4861568.6,2026-04-05 03:59:59.999000+00:00
2026-04-05 04:00:00+00:00,1.249,1.249,1.224,1.227,7680423.2,2026-04-05 07:59:59.999000+00:00
2026-04-05 08:00:00+00:00,1.226,1.231,1.222,1.225,4755265.4,2026-04-05 11:59:59.999000+00:00
2026-04-05 12:00:00+00:00,1.225,1.241,1.214,1.229,15671877.9,2026-04-05 15:59:59.999000+00:00
2026-04-05 16:00:00+00:00,1.229,1.237,1.221,1.226,6828587.8,2026-04-05 19:59:59.999000+00:00
2026-04-05 20:00:00+00:00,1.225,1.247,1.219,1.244,11632919.1,2026-04-05 23:59:59.999000+00:00
2026-04-06 00:00:00+00:00,1.243,1.268,1.243,1.259,12303273.9,2026-04-06 03:59:59.999000+00:00
2026-04-06 04:00:00+00:00,1.259,1.274,1.254,1.271,10977235.9,2026-04-06 07:59:59.999000+00:00
2026-04-06 08:00:00+00:00,1.271,1.309,1.267,1.304,18117961.2,2026-04-06 11:59:59.999000+00:00
2026-04-06 12:00:00+00:00,1.303,1.316,1.274,1.282,14794100.8,2026-04-06 15:59:59.999000+00:00
2026-04-06 16:00:00+00:00,1.283,1.284,1.266,1.269,9806713.1,2026-04-06 19:59:59.999000+00:00
2026-04-06 20:00:00+00:00,1.269,1.276,1.23,1.24,11365289.4,2026-04-06 23:59:59.999000+00:00
2026-04-07 00:00:00+00:00,1.24,1.247,1.23,1.241,9197545.7,2026-04-07 03:59:59.999000+00:00
2026-04-07 04:00:00+00:00,1.241,1.243,1.225,1.233,7886768.8,2026-04-07 07:59:59.999000+00:00
2026-04-07 08:00:00+00:00,1.234,1.24,1.229,1.234,11920414.8,2026-04-07 11:59:59.999000+00:00
2026-04-07 12:00:00+00:00,1.233,1.234,1.203,1.218,17942362.6,2026-04-07 15:59:59.999000+00:00
2026-04-07 16:00:00+00:00,1.218,1.234,1.214,1.233,10185394.5,2026-04-07 19:59:59.999000+00:00
2026-04-07 20:00:00+00:00,1.233,1.331,1.228,1.314,35889274.7,2026-04-07 23:59:59.999000+00:00
2026-04-08 00:00:00+00:00,1.314,1.322,1.292,1.307,15383525.7,2026-04-08 03:59:59.999000+00:00
2026-04-08 04:00:00+00:00,1.306,1.335,1.306,1.326,12132636.9,2026-04-08 07:59:59.999000+00:00
2026-04-08 08:00:00+00:00,1.325,1.331,1.301,1.306,8990332.1,2026-04-08 11:59:59.999000+00:00
2026-04-08 12:00:00+00:00,1.305,1.315,1.28,1.292,12568943.9,2026-04-08 15:59:59.999000+00:00
2026-04-08 16:00:00+00:00,1.291,1.301,1.271,1.28,8784106.8,2026-04-08 19:59:59.999000+00:00
2026-04-08 20:00:00+00:00,1.281,1.289,1.263,1.267,8912233.0,2026-04-08 23:59:59.999000+00:00
2026-04-09 00:00:00+00:00,1.268,1.268,1.248,1.252,11153873.7,2026-04-09 03:59:59.999000+00:00
2026-04-09 04:00:00+00:00,1.252,1.259,1.247,1.254,7350319.1,2026-04-09 07:59:59.999000+00:00
2026-04-09 08:00:00+00:00,1.255,1.258,1.243,1.247,9026022.1,2026-04-09 11:59:59.999000+00:00
2026-04-09 12:00:00+00:00,1.247,1.289,1.233,1.282,16187235.7,2026-04-09 15:59:59.999000+00:00
2026-04-09 16:00:00+00:00,1.282,1.309,1.271,1.306,17970765.2,2026-04-09 19:59:59.999000+00:00
2026-04-09 20:00:00+00:00,1.306,1.36,1.294,1.299,20880181.0,2026-04-09 23:59:59.999000+00:00
2026-04-10 00:00:00+00:00,1.299,1.309,1.284,1.287,10768904.6,2026-04-10 03:59:59.999000+00:00
2026-04-10 04:00:00+00:00,1.286,1.309,1.281,1.288,9292296.6,2026-04-10 07:59:59.999000+00:00
2026-04-10 08:00:00+00:00,1.287,1.3,1.284,1.289,7129679.4,2026-04-10 11:59:59.999000+00:00
2026-04-10 12:00:00+00:00,1.289,1.326,1.288,1.309,14073755.4,2026-04-10 15:59:59.999000+00:00
2026-04-10 16:00:00+00:00,1.308,1.32,1.302,1.317,7107180.0,2026-04-10 19:59:59.999000+00:00
2026-04-10 20:00:00+00:00,1.317,1.32,1.3,1.305,6652208.7,2026-04-10 23:59:59.999000+00:00
2026-04-11 00:00:00+00:00,1.305,1.308,1.287,1.294,7028131.1,2026-04-11 03:59:59.999000+00:00
2026-04-11 04:00:00+00:00,1.293,1.295,1.274,1.28,6681669.9,2026-04-11 07:59:59.999000+00:00
2026-04-11 08:00:00+00:00,1.281,1.284,1.273,1.281,6484444.1,2026-04-11 11:59:59.999000+00:00
2026-04-11 12:00:00+00:00,1.281,1.286,1.263,1.276,7993501.8,2026-04-11 15:59:59.999000+00:00
2026-04-11 16:00:00+00:00,1.276,1.315,1.276,1.308,11853867.4,2026-04-11 19:59:59.999000+00:00
2026-04-11 20:00:00+00:00,1.308,1.309,1.278,1.286,9126850.0,2026-04-11 23:59:59.999000+00:00
2026-04-12 00:00:00+00:00,1.285,1.287,1.239,1.241,14897643.9,2026-04-12 03:59:59.999000+00:00
2026-04-12 04:00:00+00:00,1.241,1.243,1.221,1.225,16199110.1,2026-04-12 07:59:59.999000+00:00
2026-04-12 08:00:00+00:00,1.226,1.229,1.212,1.225,10179100.0,2026-04-12 11:59:59.999000+00:00
2026-04-12 12:00:00+00:00,1.224,1.232,1.215,1.224,9141945.1,2026-04-12 15:59:59.999000+00:00
2026-04-12 16:00:00+00:00,1.224,1.246,1.219,1.234,7910336.4,2026-04-12 19:59:59.999000+00:00
2026-04-12 20:00:00+00:00,1.235,1.244,1.219,1.223,9001788.6,2026-04-12 23:59:59.999000+00:00
2026-04-13 00:00:00+00:00,1.223,1.239,1.222,1.227,6039137.2,2026-04-13 03:59:59.999000+00:00
2026-04-13 04:00:00+00:00,1.227,1.228,1.141,1.183,96944046.5,2026-04-13 07:59:59.999000+00:00
2026-04-13 08:00:00+00:00,1.183,1.199,1.151,1.164,26126705.6,2026-04-13 11:59:59.999000+00:00
2026-04-13 12:00:00+00:00,1.163,1.181,1.155,1.168,20062548.6,2026-04-13 15:59:59.999000+00:00
2026-04-13 16:00:00+00:00,1.167,1.202,1.157,1.198,23852672.7,2026-04-13 19:59:59.999000+00:00
2026-04-13 20:00:00+00:00,1.198,1.238,1.166,1.226,27820315.1,2026-04-13 23:59:59.999000+00:00
2026-04-14 00:00:00+00:00,1.226,1.227,1.2,1.203,13806395.3,2026-04-14 03:59:59.999000+00:00
2026-04-14 04:00:00+00:00,1.202,1.215,1.176,1.189,17807298.8,2026-04-14 07:59:59.999000+00:00
2026-04-14 08:00:00+00:00,1.189,1.196,1.177,1.177,13228625.0,2026-04-14 11:59:59.999000+00:00
2026-04-14 12:00:00+00:00,1.177,1.184,1.156,1.167,26524111.1,2026-04-14 15:59:59.999000+00:00
2026-04-14 16:00:00+00:00,1.168,1.174,1.139,1.152,21436980.5,2026-04-14 19:59:59.999000+00:00
2026-04-14 20:00:00+00:00,1.152,1.165,1.15,1.161,12402017.5,2026-04-14 23:59:59.999000+00:00
2026-04-15 00:00:00+00:00,1.162,1.171,1.158,1.162,11026659.1,2026-04-15 03:59:59.999000+00:00
2026-04-15 04:00:00+00:00,1.163,1.173,1.145,1.146,12040281.3,2026-04-15 07:59:59.999000+00:00
2026-04-15 08:00:00+00:00,1.147,1.171,1.145,1.168,10636798.1,2026-04-15 11:59:59.999000+00:00
2026-04-15 12:00:00+00:00,1.169,1.176,1.157,1.169,13544052.4,2026-04-15 15:59:59.999000+00:00
2026-04-15 16:00:00+00:00,1.168,1.196,1.166,1.191,15455935.1,2026-04-15 19:59:59.999000+00:00
2026-04-15 20:00:00+00:00,1.191,1.195,1.173,1.18,11632947.2,2026-04-15 23:59:59.999000+00:00
2026-04-16 00:00:00+00:00,1.18,1.202,1.169,1.201,14249865.4,2026-04-16 03:59:59.999000+00:00
2026-04-16 04:00:00+00:00,1.201,1.276,1.198,1.271,35063454.5,2026-04-16 07:59:59.999000+00:00
2026-04-16 08:00:00+00:00,1.27,1.28,1.244,1.269,26501153.4,2026-04-16 11:59:59.999000+00:00
2026-04-16 12:00:00+00:00,1.269,1.328,1.266,1.326,34737953.5,2026-04-16 15:59:59.999000+00:00
2026-04-16 16:00:00+00:00,1.326,1.353,1.283,1.351,27992435.0,2026-04-16 19:59:59.999000+00:00
2026-04-16 20:00:00+00:00,1.35,1.352,1.319,1.328,17905466.8,2026-04-16 23:59:59.999000+00:00
2026-04-17 00:00:00+00:00,1.328,1.33,1.29,1.296,13591219.1,2026-04-17 03:59:59.999000+00:00
2026-04-17 04:00:00+00:00,1.296,1.33,1.284,1.329,16658661.4,2026-04-17 07:59:59.999000+00:00
2026-04-17 08:00:00+00:00,1.329,1.334,1.295,1.306,15802658.6,2026-04-17 11:59:59.999000+00:00
2026-04-17 12:00:00+00:00,1.306,1.35,1.298,1.332,23738071.6,2026-04-17 15:59:59.999000+00:00
2026-04-17 16:00:00+00:00,1.333,1.355,1.325,1.332,16618144.5,2026-04-17 19:59:59.999000+00:00
2026-04-17 20:00:00+00:00,1.332,1.344,1.324,1.332,11083986.6,2026-04-17 23:59:59.999000+00:00
2026-04-18 00:00:00+00:00,1.332,1.34,1.318,1.327,10858204.5,2026-04-18 03:59:59.999000+00:00
2026-04-18 04:00:00+00:00,1.328,1.34,1.316,1.334,10194540.1,2026-04-18 07:59:59.999000+00:00
2026-04-18 08:00:00+00:00,1.334,1.334,1.281,1.288,19143591.8,2026-04-18 11:59:59.999000+00:00
2026-04-18 12:00:00+00:00,1.288,1.3,1.278,1.295,11441842.9,2026-04-18 15:59:59.999000+00:00
2026-04-18 16:00:00+00:00,1.295,1.307,1.269,1.275,13345541.4,2026-04-18 19:59:59.999000+00:00
2026-04-18 20:00:00+00:00,1.275,1.288,1.27,1.271,7916638.6,2026-04-18 23:59:59.999000+00:00
2026-04-19 00:00:00+00:00,1.271,1.28,1.262,1.269,12706315.5,2026-04-19 03:59:59.999000+00:00
2026-04-19 04:00:00+00:00,1.269,1.279,1.245,1.259,12716392.3,2026-04-19 07:59:59.999000+00:00
2026-04-19 08:00:00+00:00,1.258,1.276,1.252,1.274,9762201.2,2026-04-19 11:59:59.999000+00:00
2026-04-19 12:00:00+00:00,1.275,1.291,1.261,1.275,10809269.6,2026-04-19 15:59:59.999000+00:00
2026-04-19 16:00:00+00:00,1.275,1.277,1.259,1.268,10263242.2,2026-04-19 19:59:59.999000+00:00
2026-04-19 20:00:00+00:00,1.268,1.269,1.233,1.239,14905120.3,2026-04-19 23:59:59.999000+00:00
2026-04-20 00:00:00+00:00,1.238,1.265,1.236,1.262,8486652.6,2026-04-20 03:59:59.999000+00:00
2026-04-20 04:00:00+00:00,1.262,1.279,1.248,1.263,10995832.3,2026-04-20 07:59:59.999000+00:00
2026-04-20 08:00:00+00:00,1.263,1.266,1.25,1.253,10307990.9,2026-04-20 11:59:59.999000+00:00
2026-04-20 12:00:00+00:00,1.254,1.273,1.249,1.27,13164772.2,2026-04-20 15:59:59.999000+00:00
2026-04-20 16:00:00+00:00,1.271,1.288,1.265,1.279,12509564.2,2026-04-20 19:59:59.999000+00:00
2026-04-20 20:00:00+00:00,1.278,1.294,1.272,1.279,8516278.4,2026-04-20 23:59:59.999000+00:00
2026-04-21 00:00:00+00:00,1.28,1.285,1.268,1.274,5676471.4,2026-04-21 03:59:59.999000+00:00
2026-04-21 04:00:00+00:00,1.274,1.286,1.27,1.283,5704448.2,2026-04-21 07:59:59.999000+00:00
2026-04-21 08:00:00+00:00,1.282,1.291,1.275,1.283,5639772.2,2026-04-21 11:59:59.999000+00:00
2026-04-21 12:00:00+00:00,1.283,1.285,1.266,1.276,12603718.4,2026-04-21 15:59:59.999000+00:00
2026-04-21 16:00:00+00:00,1.276,1.278,1.255,1.259,12923069.3,2026-04-21 19:59:59.999000+00:00
2026-04-21 20:00:00+00:00,1.259,1.281,1.258,1.278,8067650.4,2026-04-21 23:59:59.999000+00:00
2026-04-22 00:00:00+00:00,1.277,1.297,1.269,1.29,9506996.4,2026-04-22 03:59:59.999000+00:00
2026-04-22 04:00:00+00:00,1.291,1.326,1.288,1.305,14236773.1,2026-04-22 07:59:59.999000+00:00
2026-04-22 08:00:00+00:00,1.305,1.314,1.296,1.305,8230862.6,2026-04-22 11:59:59.999000+00:00
2026-04-22 12:00:00+00:00,1.305,1.306,1.294,1.298,8795171.8,2026-04-22 15:59:59.999000+00:00
2026-04-22 16:00:00+00:00,1.298,1.302,1.27,1.277,7429172.1,2026-04-22 19:59:59.999000+00:00
2026-04-22 20:00:00+00:00,1.276,1.279,1.267,1.27,6475440.1,2026-04-22 23:59:59.999000+00:00
2026-04-23 00:00:00+00:00,1.271,1.277,1.25,1.254,11508269.5,2026-04-23 03:59:59.999000+00:00
2026-04-23 04:00:00+00:00,1.254,1.263,1.25,1.254,6584040.1,2026-04-23 07:59:59.999000+00:00
2026-04-23 08:00:00+00:00,1.255,1.255,1.236,1.247,8303952.1,2026-04-23 11:59:59.999000+00:00
2026-04-23 12:00:00+00:00,1.247,1.254,1.237,1.248,10451143.2,2026-04-23 15:59:59.999000+00:00
2026-04-23 16:00:00+00:00,1.249,1.251,1.211,1.224,19226964.2,2026-04-23 19:59:59.999000+00:00
2026-04-23 20:00:00+00:00,1.224,1.243,1.222,1.24,8039250.6,2026-04-23 23:59:59.999000+00:00
2026-04-24 00:00:00+00:00,1.24,1.249,1.231,1.237,7357483.3,2026-04-24 03:59:59.999000+00:00
2026-04-24 04:00:00+00:00,1.237,1.245,1.224,1.23,10984550.6,2026-04-24 07:59:59.999000+00:00
2026-04-24 08:00:00+00:00,1.23,1.256,1.229,1.254,9306304.5,2026-04-24 11:59:59.999000+00:00
2026-04-24 12:00:00+00:00,1.255,1.262,1.241,1.259,10300477.6,2026-04-24 15:59:59.999000+00:00
2026-04-24 16:00:00+00:00,1.259,1.261,1.248,1.256,7804484.5,2026-04-24 19:59:59.999000+00:00
2026-04-24 20:00:00+00:00,1.257,1.269,1.245,1.253,6318215.6,2026-04-24 23:59:59.999000+00:00
2026-04-25 00:00:00+00:00,1.253,1.269,1.25,1.264,6192511.8,2026-04-25 03:59:59.999000+00:00
2026-04-25 04:00:00+00:00,1.264,1.271,1.255,1.264,5942462.5,2026-04-25 07:59:59.999000+00:00
2026-04-25 08:00:00+00:00,1.263,1.274,1.254,1.257,6317844.5,2026-04-25 11:59:59.999000+00:00
2026-04-25 12:00:00+00:00,1.256,1.264,1.251,1.256,6030806.6,2026-04-25 15:59:59.999000+00:00
2026-04-25 16:00:00+00:00,1.256,1.261,1.236,1.24,6486174.9,2026-04-25 19:59:59.999000+00:00
2026-04-25 20:00:00+00:00,1.239,1.247,1.238,1.246,4064883.1,2026-04-25 23:59:59.999000+00:00
2026-04-26 00:00:00+00:00,1.245,1.245,1.235,1.243,4377243.7,2026-04-26 03:59:59.999000+00:00
2026-04-26 04:00:00+00:00,1.242,1.263,1.238,1.26,6894503.4,2026-04-26 07:59:59.999000+00:00
2026-04-26 08:00:00+00:00,1.261,1.274,1.256,1.269,6466324.3,2026-04-26 11:59:59.999000+00:00
2026-04-26 12:00:00+00:00,1.268,1.271,1.254,1.266,5921817.5,2026-04-26 15:59:59.999000+00:00
2026-04-26 16:00:00+00:00,1.266,1.273,1.253,1.268,6029889.4,2026-04-26 19:59:59.999000+00:00
2026-04-26 20:00:00+00:00,1.269,1.27,1.25,1.259,5046203.6,2026-04-26 23:59:59.999000+00:00
2026-04-27 00:00:00+00:00,1.26,1.274,1.257,1.268,8175557.5,2026-04-27 03:59:59.999000+00:00
2026-04-27 04:00:00+00:00,1.268,1.269,1.225,1.232,12377052.6,2026-04-27 07:59:59.999000+00:00
2026-04-27 08:00:00+00:00,1.231,1.239,1.226,1.236,6629765.9,2026-04-27 11:59:59.999000+00:00
2026-04-27 12:00:00+00:00,1.236,1.238,1.209,1.217,12321964.6,2026-04-27 15:59:59.999000+00:00
2026-04-27 16:00:00+00:00,1.217,1.225,1.212,1.218,7094533.5,2026-04-27 19:59:59.999000+00:00
2026-04-27 20:00:00+00:00,1.218,1.235,1.213,1.231,5411637.9,2026-04-27 23:59:59.999000+00:00
2026-04-28 00:00:00+00:00,1.231,1.238,1.226,1.235,4870708.5,2026-04-28 03:59:59.999000+00:00
2026-04-28 04:00:00+00:00,1.234,1.24,1.218,1.223,5523352.0,2026-04-28 07:59:59.999000+00:00
2026-04-28 08:00:00+00:00,1.223,1.226,1.215,1.219,5214175.1,2026-04-28 11:59:59.999000+00:00
2026-04-28 12:00:00+00:00,1.22,1.236,1.217,1.232,8332323.9,2026-04-28 15:59:59.999000+00:00
2026-04-28 16:00:00+00:00,1.232,1.236,1.223,1.235,4281201.3,2026-04-28 19:59:59.999000+00:00
2026-04-28 20:00:00+00:00,1.235,1.237,1.224,1.228,3287066.8,2026-04-28 23:59:59.999000+00:00
2026-04-29 00:00:00+00:00,1.228,1.237,1.224,1.237,5595558.4,2026-04-29 03:59:59.999000+00:00
2026-04-29 04:00:00+00:00,1.237,1.247,1.234,1.241,5847071.8,2026-04-29 07:59:59.999000+00:00
2026-04-29 08:00:00+00:00,1.241,1.26,1.232,1.244,11330224.6,2026-04-29 11:59:59.999000+00:00
2026-04-29 12:00:00+00:00,1.244,1.245,1.2,1.205,15624140.7,2026-04-29 15:59:59.999000+00:00
2026-04-29 16:00:00+00:00,1.204,1.218,1.176,1.196,19123700.0,2026-04-29 19:59:59.999000+00:00
2026-04-29 20:00:00+00:00,1.196,1.212,1.194,1.211,5792005.8,2026-04-29 23:59:59.999000+00:00
2026-04-30 00:00:00+00:00,1.21,1.225,1.203,1.213,6976459.8,2026-04-30 03:59:59.999000+00:00
2026-04-30 04:00:00+00:00,1.213,1.215,1.195,1.207,4987327.4,2026-04-30 07:59:59.999000+00:00
2026-04-30 08:00:00+00:00,1.207,1.219,1.207,1.214,9411375.3,2026-04-30 11:59:59.999000+00:00
2026-04-30 12:00:00+00:00,1.215,1.222,1.203,1.214,7089796.5,2026-04-30 15:59:59.999000+00:00
2026-04-30 16:00:00+00:00,1.213,1.215,1.206,1.207,4000855.6,2026-04-30 19:59:59.999000+00:00
2026-04-30 20:00:00+00:00,1.208,1.21,1.199,1.203,3323215.2,2026-04-30 23:59:59.999000+00:00
2026-05-01 00:00:00+00:00,1.204,1.219,1.201,1.213,5978123.6,2026-05-01 03:59:59.999000+00:00
2026-05-01 04:00:00+00:00,1.212,1.217,1.198,1.204,5534455.9,2026-05-01 07:59:59.999000+00:00
2026-05-01 08:00:00+00:00,1.204,1.208,1.191,1.198,6427783.9,2026-05-01 11:59:59.999000+00:00
2026-05-01 12:00:00+00:00,1.198,1.228,1.198,1.213,21447007.8,2026-05-01 15:59:59.999000+00:00
2026-05-01 16:00:00+00:00,1.213,1.217,1.203,1.21,7435691.5,2026-05-01 19:59:59.999000+00:00
2026-05-01 20:00:00+00:00,1.21,1.213,1.197,1.204,5192912.5,2026-05-01 23:59:59.999000+00:00
2026-05-02 00:00:00+00:00,1.203,1.211,1.202,1.207,4054865.5,2026-05-02 03:59:59.999000+00:00
2026-05-02 04:00:00+00:00,1.206,1.207,1.193,1.199,4153445.2,2026-05-02 07:59:59.999000+00:00
2026-05-02 08:00:00+00:00,1.198,1.212,1.197,1.204,6670425.2,2026-05-02 11:59:59.999000+00:00
2026-05-02 12:00:00+00:00,1.204,1.214,1.201,1.213,5135874.0,2026-05-02 15:59:59.999000+00:00
2026-05-02 16:00:00+00:00,1.214,1.223,1.207,1.222,5744424.2,2026-05-02 19:59:59.999000+00:00
2026-05-02 20:00:00+00:00,1.223,1.24,1.221,1.227,8048496.0,2026-05-02 23:59:59.999000+00:00
2026-05-03 00:00:00+00:00,1.227,1.228,1.203,1.207,6149141.9,2026-05-03 03:59:59.999000+00:00
2026-05-03 04:00:00+00:00,1.206,1.216,1.202,1.214,3657485.5,2026-05-03 07:59:59.999000+00:00
2026-05-03 08:00:00+00:00,1.213,1.22,1.206,1.211,5289960.5,2026-05-03 11:59:59.999000+00:00
2026-05-03 12:00:00+00:00,1.212,1.218,1.204,1.209,3532837.0,2026-05-03 15:59:59.999000+00:00
2026-05-03 16:00:00+00:00,1.209,1.218,1.205,1.214,5004711.9,2026-05-03 19:59:59.999000+00:00
2026-05-03 20:00:00+00:00,1.215,1.224,1.206,1.209,7969678.3,2026-05-03 23:59:59.999000+00:00
2026-05-04 00:00:00+00:00,1.208,1.25,1.196,1.25,16938208.8,2026-05-04 03:59:59.999000+00:00
2026-05-04 04:00:00+00:00,1.25,1.263,1.235,1.239,10405140.7,2026-05-04 07:59:59.999000+00:00
2026-05-04 08:00:00+00:00,1.239,1.249,1.204,1.219,14366929.8,2026-05-04 11:59:59.999000+00:00
2026-05-04 12:00:00+00:00,1.219,1.242,1.21,1.225,10814244.2,2026-05-04 15:59:59.999000+00:00
2026-05-04 16:00:00+00:00,1.225,1.244,1.216,1.23,9668431.4,2026-05-04 19:59:59.999000+00:00
2026-05-04 20:00:00+00:00,1.231,1.243,1.221,1.228,4384375.7,2026-05-04 23:59:59.999000+00:00
2026-05-05 00:00:00+00:00,1.228,1.247,1.224,1.243,5536119.3,2026-05-05 03:59:59.999000+00:00
2026-05-05 04:00:00+00:00,1.243,1.258,1.239,1.254,5423957.6,2026-05-05 07:59:59.999000+00:00
2026-05-05 08:00:00+00:00,1.253,1.266,1.251,1.26,6532462.5,2026-05-05 11:59:59.999000+00:00
2026-05-05 12:00:00+00:00,1.26,1.296,1.257,1.273,16682879.4,2026-05-05 15:59:59.999000+00:00
2026-05-05 16:00:00+00:00,1.273,1.276,1.256,1.273,6306100.9,2026-05-05 19:59:59.999000+00:00
2026-05-05 20:00:00+00:00,1.272,1.293,1.271,1.278,8627443.0,2026-05-05 23:59:59.999000+00:00
2026-05-06 00:00:00+00:00,1.277,1.309,1.268,1.306,9153662.7,2026-05-06 03:59:59.999000+00:00
2026-05-06 04:00:00+00:00,1.305,1.314,1.297,1.311,8475928.7,2026-05-06 07:59:59.999000+00:00
2026-05-06 08:00:00+00:00,1.311,1.333,1.308,1.323,11445404.1,2026-05-06 11:59:59.999000+00:00
2026-05-06 12:00:00+00:00,1.323,1.326,1.284,1.307,12948965.2,2026-05-06 15:59:59.999000+00:00
2026-05-06 16:00:00+00:00,1.307,1.316,1.3,1.307,6314610.2,2026-05-06 19:59:59.999000+00:00
2026-05-06 20:00:00+00:00,1.307,1.324,1.299,1.317,6038606.1,2026-05-06 23:59:59.999000+00:00
2026-05-07 00:00:00+00:00,1.318,1.322,1.288,1.291,9191287.7,2026-05-07 03:59:59.999000+00:00
2026-05-07 04:00:00+00:00,1.292,1.33,1.289,1.325,8920932.5,2026-05-07 07:59:59.999000+00:00
2026-05-07 08:00:00+00:00,1.325,1.327,1.307,1.319,5249890.2,2026-05-07 11:59:59.999000+00:00
2026-05-07 12:00:00+00:00,1.318,1.338,1.291,1.302,13412112.7,2026-05-07 15:59:59.999000+00:00
2026-05-07 16:00:00+00:00,1.302,1.318,1.296,1.305,7432491.4,2026-05-07 19:59:59.999000+00:00
2026-05-07 20:00:00+00:00,1.306,1.316,1.295,1.31,5333227.9,2026-05-07 23:59:59.999000+00:00
2026-05-08 00:00:00+00:00,1.31,1.314,1.292,1.307,5924936.3,2026-05-08 03:59:59.999000+00:00
2026-05-08 04:00:00+00:00,1.307,1.324,1.305,1.319,6051098.3,2026-05-08 07:59:59.999000+00:00
2026-05-08 08:00:00+00:00,1.319,1.327,1.312,1.322,5219985.3,2026-05-08 11:59:59.999000+00:00
2026-05-08 12:00:00+00:00,1.321,1.362,1.303,1.357,12559623.0,2026-05-08 15:59:59.999000+00:00
2026-05-08 16:00:00+00:00,1.358,1.382,1.345,1.373,13757958.4,2026-05-08 19:59:59.999000+00:00
2026-05-08 20:00:00+00:00,1.373,1.39,1.366,1.374,7129062.5,2026-05-08 23:59:59.999000+00:00
2026-05-09 00:00:00+00:00,1.374,1.392,1.368,1.374,6793055.3,2026-05-09 03:59:59.999000+00:00
2026-05-09 04:00:00+00:00,1.374,1.381,1.363,1.365,6030556.8,2026-05-09 07:59:59.999000+00:00
2026-05-09 08:00:00+00:00,1.365,1.37,1.351,1.357,4776815.1,2026-05-09 11:59:59.999000+00:00
2026-05-09 12:00:00+00:00,1.358,1.36,1.337,1.342,5950543.7,2026-05-09 15:59:59.999000+00:00
2026-05-09 16:00:00+00:00,1.342,1.356,1.339,1.352,4201054.9,2026-05-09 19:59:59.999000+00:00
2026-05-09 20:00:00+00:00,1.352,1.352,1.342,1.345,2198785.6,2026-05-09 23:59:59.999000+00:00
2026-05-10 00:00:00+00:00,1.345,1.345,1.327,1.335,4393400.9,2026-05-10 03:59:59.999000+00:00
2026-05-10 04:00:00+00:00,1.335,1.348,1.333,1.344,3543875.7,2026-05-10 07:59:59.999000+00:00
2026-05-10 08:00:00+00:00,1.344,1.36,1.342,1.356,5066536.5,2026-05-10 11:59:59.999000+00:00
2026-05-10 12:00:00+00:00,1.355,1.373,1.351,1.372,5837287.8,2026-05-10 15:59:59.999000+00:00
2026-05-10 16:00:00+00:00,1.373,1.418,1.371,1.413,15803838.8,2026-05-10 19:59:59.999000+00:00
2026-05-10 20:00:00+00:00,1.412,1.419,1.344,1.381,17429185.8,2026-05-10 23:59:59.999000+00:00
2026-05-11 00:00:00+00:00,1.382,1.385,1.333,1.345,8909159.6,2026-05-11 03:59:59.999000+00:00
2026-05-11 04:00:00+00:00,1.345,1.365,1.337,1.363,6438221.4,2026-05-11 07:59:59.999000+00:00
2026-05-11 08:00:00+00:00,1.362,1.374,1.354,1.36,6362906.8,2026-05-11 11:59:59.999000+00:00
2026-05-11 12:00:00+00:00,1.361,1.374,1.339,1.367,9149544.1,2026-05-11 15:59:59.999000+00:00
2026-05-11 16:00:00+00:00,1.367,1.381,1.359,1.372,6858526.0,2026-05-11 19:59:59.999000+00:00
2026-05-11 20:00:00+00:00,1.371,1.377,1.357,1.362,4129768.0,2026-05-11 23:59:59.999000+00:00
2026-05-12 00:00:00+00:00,1.361,1.368,1.342,1.348,6462211.7,2026-05-12 03:59:59.999000+00:00
2026-05-12 04:00:00+00:00,1.347,1.363,1.344,1.356,4392299.5,2026-05-12 07:59:59.999000+00:00
2026-05-12 08:00:00+00:00,1.356,1.358,1.325,1.33,8771598.2,2026-05-12 11:59:59.999000+00:00
2026-05-12 12:00:00+00:00,1.33,1.337,1.305,1.31,11493499.5,2026-05-12 15:59:59.999000+00:00
2026-05-12 16:00:00+00:00,1.31,1.337,1.302,1.333,6962499.9,2026-05-12 19:59:59.999000+00:00
2026-05-12 20:00:00+00:00,1.333,1.344,1.331,1.334,4091593.7,2026-05-12 23:59:59.999000+00:00
2026-05-13 00:00:00+00:00,1.334,1.399,1.332,1.395,9982863.5,2026-05-13 03:59:59.999000+00:00
2026-05-13 04:00:00+00:00,1.396,1.41,1.379,1.394,11601894.4,2026-05-13 07:59:59.999000+00:00
2026-05-13 08:00:00+00:00,1.394,1.438,1.381,1.386,15960146.4,2026-05-13 11:59:59.999000+00:00
2026-05-13 12:00:00+00:00,1.385,1.39,1.314,1.317,20734672.2,2026-05-13 15:59:59.999000+00:00
2026-05-13 16:00:00+00:00,1.316,1.344,1.316,1.32,9911531.9,2026-05-13 19:59:59.999000+00:00
2026-05-13 20:00:00+00:00,1.32,1.335,1.319,1.328,5050817.3,2026-05-13 23:59:59.999000+00:00
2026-05-14 00:00:00+00:00,1.328,1.338,1.312,1.315,6585759.1,2026-05-14 03:59:59.999000+00:00
2026-05-14 04:00:00+00:00,1.315,1.337,1.313,1.324,5760905.7,2026-05-14 07:59:59.999000+00:00
2026-05-14 08:00:00+00:00,1.324,1.332,1.319,1.321,5359283.0,2026-05-14 11:59:59.999000+00:00
2026-05-14 12:00:00+00:00,1.32,1.373,1.319,1.37,11325976.5,2026-05-14 15:59:59.999000+00:00
2026-05-14 16:00:00+00:00,1.37,1.422,1.369,1.405,16945029.1,2026-05-14 19:59:59.999000+00:00
2026-05-14 20:00:00+00:00,1.405,1.409,1.36,1.363,7749613.9,2026-05-14 23:59:59.999000+00:00
2026-05-15 00:00:00+00:00,1.364,1.375,1.345,1.358,7583699.6,2026-05-15 03:59:59.999000+00:00
2026-05-15 04:00:00+00:00,1.357,1.359,1.321,1.341,7880278.4,2026-05-15 07:59:59.999000+00:00
2026-05-15 08:00:00+00:00,1.341,1.343,1.325,1.337,6576067.8,2026-05-15 11:59:59.999000+00:00
2026-05-15 12:00:00+00:00,1.337,1.338,1.287,1.306,16650650.0,2026-05-15 15:59:59.999000+00:00
2026-05-15 16:00:00+00:00,1.307,1.327,1.303,1.315,6683818.2,2026-05-15 19:59:59.999000+00:00
2026-05-15 20:00:00+00:00,1.316,1.318,1.306,1.314,3346527.4,2026-05-15 23:59:59.999000+00:00
2026-05-16 00:00:00+00:00,1.314,1.319,1.305,1.307,3105784.6,2026-05-16 03:59:59.999000+00:00
2026-05-16 04:00:00+00:00,1.307,1.309,1.252,1.263,11319280.0,2026-05-16 07:59:59.999000+00:00
2026-05-16 08:00:00+00:00,1.263,1.27,1.246,1.26,7770313.1,2026-05-16 11:59:59.999000+00:00
2026-05-16 12:00:00+00:00,1.26,1.273,1.258,1.272,3591457.3,2026-05-16 15:59:59.999000+00:00
2026-05-16 16:00:00+00:00,1.271,1.281,1.27,1.271,3104354.1,2026-05-16 19:59:59.999000+00:00
2026-05-16 20:00:00+00:00,1.271,1.275,1.266,1.266,2192971.0,2026-05-16 23:59:59.999000+00:00
2026-05-17 00:00:00+00:00,1.267,1.269,1.253,1.266,4853413.7,2026-05-17 03:59:59.999000+00:00
2026-05-17 04:00:00+00:00,1.267,1.288,1.265,1.286,3970612.7,2026-05-17 07:59:59.999000+00:00
2026-05-17 08:00:00+00:00,1.286,1.292,1.275,1.282,4699782.1,2026-05-17 11:59:59.999000+00:00
2026-05-17 12:00:00+00:00,1.282,1.286,1.264,1.272,4731182.7,2026-05-17 15:59:59.999000+00:00
2026-05-17 16:00:00+00:00,1.272,1.276,1.261,1.274,3330096.8,2026-05-17 19:59:59.999000+00:00
2026-05-17 20:00:00+00:00,1.275,1.282,1.212,1.25,13495524.6,2026-05-17 23:59:59.999000+00:00
2026-05-18 00:00:00+00:00,1.249,1.25,1.235,1.239,8280509.8,2026-05-18 03:59:59.999000+00:00
2026-05-18 04:00:00+00:00,1.239,1.243,1.214,1.222,9667934.3,2026-05-18 07:59:59.999000+00:00
2026-05-18 08:00:00+00:00,1.222,1.246,1.221,1.236,7436058.8,2026-05-18 11:59:59.999000+00:00
2026-05-18 12:00:00+00:00,1.236,1.252,1.216,1.225,10408899.0,2026-05-18 15:59:59.999000+00:00
2026-05-18 16:00:00+00:00,1.226,1.242,1.214,1.238,6491838.2,2026-05-18 19:59:59.999000+00:00
2026-05-18 20:00:00+00:00,1.238,1.254,1.23,1.252,4392337.5,2026-05-18 23:59:59.999000+00:00
2026-05-19 00:00:00+00:00,1.252,1.26,1.239,1.246,5132724.6,2026-05-19 03:59:59.999000+00:00
2026-05-19 04:00:00+00:00,1.246,1.255,1.24,1.252,3260995.9,2026-05-19 07:59:59.999000+00:00
2026-05-19 08:00:00+00:00,1.252,1.252,1.225,1.227,4386571.9,2026-05-19 11:59:59.999000+00:00
2026-05-19 12:00:00+00:00,1.227,1.241,1.217,1.226,5863849.2,2026-05-19 15:59:59.999000+00:00
2026-05-19 16:00:00+00:00,1.225,1.237,1.222,1.226,4099450.1,2026-05-19 19:59:59.999000+00:00
2026-05-19 20:00:00+00:00,1.226,1.236,1.22,1.224,3303872.0,2026-05-19 23:59:59.999000+00:00
2026-05-20 00:00:00+00:00,1.224,1.231,1.218,1.228,3459217.0,2026-05-20 03:59:59.999000+00:00
2026-05-20 04:00:00+00:00,1.228,1.245,1.225,1.238,4223312.9,2026-05-20 07:59:59.999000+00:00
2026-05-20 08:00:00+00:00,1.239,1.247,1.229,1.23,3888862.8,2026-05-20 11:59:59.999000+00:00
2026-05-20 12:00:00+00:00,1.23,1.254,1.223,1.249,8134937.5,2026-05-20 15:59:59.999000+00:00
2026-05-20 16:00:00+00:00,1.249,1.257,1.24,1.255,6346425.4,2026-05-20 19:59:59.999000+00:00
2026-05-20 20:00:00+00:00,1.255,1.257,1.24,1.248,4738690.3,2026-05-20 23:59:59.999000+00:00
2026-05-21 00:00:00+00:00,1.247,1.276,1.246,1.274,7097285.6,2026-05-21 03:59:59.999000+00:00
2026-05-21 04:00:00+00:00,1.274,1.291,1.265,1.275,9376980.8,2026-05-21 07:59:59.999000+00:00
2026-05-21 08:00:00+00:00,1.276,1.282,1.246,1.247,8896158.4,2026-05-21 11:59:59.999000+00:00
2026-05-21 12:00:00+00:00,1.247,1.264,1.243,1.259,8909505.2,2026-05-21 15:59:59.999000+00:00
2026-05-21 16:00:00+00:00,1.259,1.303,1.25,1.3,13136015.7,2026-05-21 19:59:59.999000+00:00
2026-05-21 20:00:00+00:00,1.3,1.309,1.286,1.292,9367231.9,2026-05-21 23:59:59.999000+00:00
2026-05-22 00:00:00+00:00,1.291,1.32,1.283,1.318,11118437.6,2026-05-22 03:59:59.999000+00:00
2026-05-22 04:00:00+00:00,1.318,1.333,1.305,1.316,15009237.5,2026-05-22 07:59:59.999000+00:00
2026-05-22 08:00:00+00:00,1.316,1.337,1.314,1.331,9879001.8,2026-05-22 11:59:59.999000+00:00
2026-05-22 12:00:00+00:00,1.331,1.346,1.304,1.316,11945091.1,2026-05-22 15:59:59.999000+00:00
2026-05-22 16:00:00+00:00,1.315,1.324,1.265,1.279,17033139.9,2026-05-22 19:59:59.999000+00:00
2026-05-22 20:00:00+00:00,1.279,1.292,1.248,1.257,11907063.8,2026-05-22 23:59:59.999000+00:00
2026-05-23 00:00:00+00:00,1.257,1.265,1.247,1.261,8145248.0,2026-05-23 03:59:59.999000+00:00
2026-05-23 04:00:00+00:00,1.261,1.261,1.197,1.21,14546050.9,2026-05-23 07:59:59.999000+00:00
2026-05-23 08:00:00+00:00,1.21,1.22,1.202,1.214,10051720.8,2026-05-23 11:59:59.999000+00:00
2026-05-23 12:00:00+00:00,1.214,1.247,1.211,1.242,11156048.3,2026-05-23 15:59:59.999000+00:00
2026-05-23 16:00:00+00:00,1.243,1.285,1.237,1.271,14295493.9,2026-05-23 19:59:59.999000+00:00
2026-05-23 20:00:00+00:00,1.27,1.337,1.267,1.294,23839645.8,2026-05-23 23:59:59.999000+00:00
2026-05-24 00:00:00+00:00,1.295,1.297,1.28,1.283,5540276.9,2026-05-24 03:59:59.999000+00:00
2026-05-24 04:00:00+00:00,1.284,1.289,1.269,1.275,6302686.3,2026-05-24 07:59:59.999000+00:00
2026-05-24 08:00:00+00:00,1.275,1.287,1.274,1.278,4731839.6,2026-05-24 11:59:59.999000+00:00
2026-05-24 12:00:00+00:00,1.278,1.279,1.245,1.261,8269430.8,2026-05-24 15:59:59.999000+00:00
2026-05-24 16:00:00+00:00,1.261,1.266,1.252,1.256,3753692.5,2026-05-24 19:59:59.999000+00:00
2026-05-24 20:00:00+00:00,1.256,1.258,1.226,1.244,9836105.5,2026-05-24 23:59:59.999000+00:00
2026-05-25 00:00:00+00:00,1.244,1.257,1.238,1.242,5754468.3,2026-05-25 03:59:59.999000+00:00
2026-05-25 04:00:00+00:00,1.242,1.271,1.24,1.263,6012514.7,2026-05-25 07:59:59.999000+00:00
2026-05-25 08:00:00+00:00,1.263,1.272,1.255,1.255,4955178.0,2026-05-25 11:59:59.999000+00:00
2026-05-25 12:00:00+00:00,1.256,1.285,1.25,1.282,8311471.4,2026-05-25 15:59:59.999000+00:00
2026-05-25 16:00:00+00:00,1.283,1.295,1.269,1.277,7708024.4,2026-05-25 19:59:59.999000+00:00
2026-05-25 20:00:00+00:00,1.276,1.285,1.254,1.26,6164055.5,2026-05-25 23:59:59.999000+00:00
2026-05-26 00:00:00+00:00,1.26,1.262,1.233,1.24,8136109.3,2026-05-26 03:59:59.999000+00:00
2026-05-26 04:00:00+00:00,1.241,1.262,1.237,1.251,6250943.9,2026-05-26 07:59:59.999000+00:00
2026-05-26 08:00:00+00:00,1.251,1.292,1.249,1.278,10110725.8,2026-05-26 11:59:59.999000+00:00
2026-05-26 12:00:00+00:00,1.277,1.309,1.259,1.27,16939080.7,2026-05-26 15:59:59.999000+00:00
2026-05-26 16:00:00+00:00,1.271,1.272,1.237,1.247,10024951.6,2026-05-26 19:59:59.999000+00:00
2026-05-26 20:00:00+00:00,1.248,1.255,1.24,1.249,4448992.3,2026-05-26 23:59:59.999000+00:00
2026-05-27 00:00:00+00:00,1.249,1.263,1.245,1.253,5529692.9,2026-05-27 03:59:59.999000+00:00
2026-05-27 04:00:00+00:00,1.252,1.274,1.232,1.269,9533849.1,2026-05-27 07:59:59.999000+00:00
2026-05-27 08:00:00+00:00,1.269,1.277,1.253,1.256,7472227.7,2026-05-27 11:59:59.999000+00:00
2026-05-27 12:00:00+00:00,1.256,1.278,1.24,1.27,14385592.1,2026-05-27 15:59:59.999000+00:00
2026-05-27 16:00:00+00:00,1.27,1.275,1.236,1.257,9068793.4,2026-05-27 19:59:59.999000+00:00
2026-05-27 20:00:00+00:00,1.257,1.262,1.222,1.228,10055330.7,2026-05-27 23:59:59.999000+00:00
2026-05-28 00:00:00+00:00,1.228,1.234,1.193,1.196,12130300.3,2026-05-28 03:59:59.999000+00:00
2026-05-28 04:00:00+00:00,1.196,1.197,1.175,1.194,13205976.5,2026-05-28 07:59:59.999000+00:00
2026-05-28 08:00:00+00:00,1.194,1.203,1.183,1.188,6497134.7,2026-05-28 11:59:59.999000+00:00
2026-05-28 12:00:00+00:00,1.188,1.21,1.181,1.194,12821581.6,2026-05-28 15:59:59.999000+00:00
2026-05-28 16:00:00+00:00,1.194,1.228,1.186,1.218,8576961.9,2026-05-28 19:59:59.999000+00:00
2026-05-28 20:00:00+00:00,1.218,1.227,1.207,1.211,5080948.7,2026-05-28 23:59:59.999000+00:00
2026-05-29 00:00:00+00:00,1.211,1.226,1.2,1.203,7435565.6,2026-05-29 03:59:59.999000+00:00
2026-05-29 04:00:00+00:00,1.203,1.221,1.194,1.209,5873469.6,2026-05-29 07:59:59.999000+00:00
2026-05-29 08:00:00+00:00,1.208,1.22,1.194,1.201,5614766.2,2026-05-29 11:59:59.999000+00:00
2026-05-29 12:00:00+00:00,1.201,1.234,1.176,1.22,16849968.5,2026-05-29 15:59:59.999000+00:00
2026-05-29 16:00:00+00:00,1.22,1.232,1.186,1.191,12040216.2,2026-05-29 19:59:59.999000+00:00
2026-05-29 20:00:00+00:00,1.192,1.2,1.181,1.192,7468478.7,2026-05-29 23:59:59.999000+00:00
2026-05-30 00:00:00+00:00,1.193,1.22,1.19,1.209,8016495.3,2026-05-30 03:59:59.999000+00:00
2026-05-30 04:00:00+00:00,1.208,1.213,1.185,1.195,7721504.9,2026-05-30 07:59:59.999000+00:00
2026-05-30 08:00:00+00:00,1.196,1.199,1.189,1.196,4050529.9,2026-05-30 11:59:59.999000+00:00
2026-05-30 12:00:00+00:00,1.196,1.2,1.189,1.193,6290592.2,2026-05-30 15:59:59.999000+00:00
2026-05-30 16:00:00+00:00,1.193,1.2,1.189,1.196,5506482.6,2026-05-30 19:59:59.999000+00:00
2026-05-30 20:00:00+00:00,1.195,1.203,1.182,1.189,5926641.1,2026-05-30 23:59:59.999000+00:00
2026-05-31 00:00:00+00:00,1.189,1.2,1.185,1.196,5772723.3,2026-05-31 03:59:59.999000+00:00
2026-05-31 04:00:00+00:00,1.197,1.202,1.183,1.188,3936446.4,2026-05-31 07:59:59.999000+00:00
2026-05-31 08:00:00+00:00,1.188,1.199,1.181,1.191,4654993.9,2026-05-31 11:59:59.999000+00:00
2026-05-31 12:00:00+00:00,1.192,1.198,1.166,1.173,14539834.5,2026-05-31 15:59:59.999000+00:00
2026-05-31 16:00:00+00:00,1.173,1.175,1.156,1.165,8894543.9,2026-05-31 19:59:59.999000+00:00
2026-05-31 20:00:00+00:00,1.164,1.196,1.164,1.188,7883677.1,2026-05-31 23:59:59.999000+00:00
2026-06-01 00:00:00+00:00,1.188,1.206,1.171,1.198,11027886.3,2026-06-01 03:59:59.999000+00:00
2026-06-01 04:00:00+00:00,1.199,1.204,1.161,1.163,13867117.7,2026-06-01 07:59:59.999000+00:00
2026-06-01 08:00:00+00:00,1.164,1.175,1.152,1.157,10223745.4,2026-06-01 11:59:59.999000+00:00
2026-06-01 12:00:00+00:00,1.157,1.162,1.126,1.13,26467732.4,2026-06-01 15:59:59.999000+00:00
2026-06-01 16:00:00+00:00,1.13,1.169,1.123,1.167,11790238.4,2026-06-01 19:59:59.999000+00:00
2026-06-01 20:00:00+00:00,1.168,1.169,1.144,1.158,8220481.1,2026-06-01 23:59:59.999000+00:00
2026-06-02 00:00:00+00:00,1.159,1.161,1.127,1.152,10090843.2,2026-06-02 03:59:59.999000+00:00
2026-06-02 04:00:00+00:00,1.153,1.156,1.119,1.129,12661225.5,2026-06-02 07:59:59.999000+00:00
2026-06-02 08:00:00+00:00,1.129,1.146,1.126,1.135,9013471.7,2026-06-02 11:59:59.999000+00:00
2026-06-02 12:00:00+00:00,1.134,1.142,1.081,1.095,29655183.6,2026-06-02 15:59:59.999000+00:00
2026-06-02 16:00:00+00:00,1.095,1.122,1.077,1.102,18683387.7,2026-06-02 19:59:59.999000+00:00
2026-06-02 20:00:00+00:00,1.102,1.111,1.055,1.079,20208518.6,2026-06-02 23:59:59.999000+00:00
2026-06-03 00:00:00+00:00,1.078,1.09,1.055,1.063,15394578.0,2026-06-03 03:59:59.999000+00:00
2026-06-03 04:00:00+00:00,1.063,1.117,1.063,1.113,14288382.8,2026-06-03 07:59:59.999000+00:00
2026-06-03 08:00:00+00:00,1.112,1.132,1.104,1.118,10826193.5,2026-06-03 11:59:59.999000+00:00
2026-06-03 12:00:00+00:00,1.118,1.129,1.107,1.114,10415010.4,2026-06-03 15:59:59.999000+00:00
2026-06-03 16:00:00+00:00,1.113,1.116,1.087,1.096,15604884.3,2026-06-03 19:59:59.999000+00:00
2026-06-03 20:00:00+00:00,1.095,1.123,1.079,1.103,15925290.5,2026-06-03 23:59:59.999000+00:00
2026-06-04 00:00:00+00:00,1.103,1.116,1.006,1.08,37567441.6,2026-06-04 03:59:59.999000+00:00
2026-06-04 04:00:00+00:00,1.08,1.086,1.046,1.047,13933967.2,2026-06-04 07:59:59.999000+00:00
2026-06-04 08:00:00+00:00,1.047,1.054,1.008,1.027,22961504.2,2026-06-04 11:59:59.999000+00:00
2026-06-04 12:00:00+00:00,1.028,1.066,1.02,1.064,16212592.5,2026-06-04 15:59:59.999000+00:00
2026-06-04 16:00:00+00:00,1.064,1.072,1.045,1.059,9574577.3,2026-06-04 19:59:59.999000+00:00
2026-06-04 20:00:00+00:00,1.058,1.059,1.021,1.037,10162312.9,2026-06-04 23:59:59.999000+00:00
2026-06-05 00:00:00+00:00,1.037,1.042,1.002,1.005,12522570.0,2026-06-05 03:59:59.999000+00:00
2026-06-05 04:00:00+00:00,1.005,1.029,0.942,0.994,37135193.2,2026-06-05 07:59:59.999000+00:00
2026-06-05 08:00:00+00:00,0.994,1.005,0.976,0.993,12539144.9,2026-06-05 11:59:59.999000+00:00
2026-06-05 12:00:00+00:00,0.993,1.003,0.944,0.953,22753730.7,2026-06-05 15:59:59.999000+00:00
2026-06-05 16:00:00+00:00,0.953,0.974,0.909,0.934,28423880.9,2026-06-05 19:59:59.999000+00:00
2026-06-05 20:00:00+00:00,0.933,0.966,0.921,0.944,14850849.6,2026-06-05 23:59:59.999000+00:00
2026-06-06 00:00:00+00:00,0.944,0.961,0.931,0.933,11480547.7,2026-06-06 03:59:59.999000+00:00
2026-06-06 04:00:00+00:00,0.932,0.946,0.883,0.944,31477962.5,2026-06-06 07:59:59.999000+00:00
2026-06-06 08:00:00+00:00,0.943,0.96,0.925,0.944,14219939.6,2026-06-06 11:59:59.999000+00:00
2026-06-06 12:00:00+00:00,0.944,0.959,0.931,0.937,12150021.2,2026-06-06 15:59:59.999000+00:00
2026-06-06 16:00:00+00:00,0.937,0.944,0.926,0.93,8075059.2,2026-06-06 19:59:59.999000+00:00
2026-06-06 20:00:00+00:00,0.931,0.945,0.927,0.942,5757485.9,2026-06-06 23:59:59.999000+00:00
2026-06-07 00:00:00+00:00,0.942,0.964,0.939,0.956,8419496.0,2026-06-07 03:59:59.999000+00:00
2026-06-07 04:00:00+00:00,0.956,0.972,0.951,0.968,8686344.6,2026-06-07 07:59:59.999000+00:00
2026-06-07 08:00:00+00:00,0.968,0.98,0.962,0.971,7943122.3,2026-06-07 11:59:59.999000+00:00
2026-06-07 12:00:00+00:00,0.971,0.973,0.949,0.963,12067474.4,2026-06-07 15:59:59.999000+00:00
2026-06-07 16:00:00+00:00,0.963,0.974,0.939,0.943,10314308.0,2026-06-07 19:59:59.999000+00:00
2026-06-07 20:00:00+00:00,0.943,1.0,0.94,0.973,15210310.9,2026-06-07 23:59:59.999000+00:00
2026-06-08 00:00:00+00:00,0.973,0.983,0.956,0.968,8673569.8,2026-06-08 03:59:59.999000+00:00
2026-06-08 04:00:00+00:00,0.969,0.97,0.95,0.965,6815652.7,2026-06-08 07:59:59.999000+00:00
2026-06-08 08:00:00+00:00,0.966,0.984,0.958,0.979,8975755.2,2026-06-08 11:59:59.999000+00:00
2026-06-08 12:00:00+00:00,0.979,0.991,0.969,0.984,9836242.2,2026-06-08 15:59:59.999000+00:00
2026-06-08 16:00:00+00:00,0.984,0.993,0.976,0.987,6761392.9,2026-06-08 19:59:59.999000+00:00
2026-06-08 20:00:00+00:00,0.988,0.995,0.971,0.974,7155385.1,2026-06-08 23:59:59.999000+00:00
2026-06-09 00:00:00+00:00,0.974,0.975,0.947,0.957,11606234.3,2026-06-09 03:59:59.999000+00:00
2026-06-09 04:00:00+00:00,0.957,0.978,0.954,0.971,7991105.1,2026-06-09 07:59:59.999000+00:00
2026-06-09 08:00:00+00:00,0.971,0.972,0.96,0.967,6179705.5,2026-06-09 11:59:59.999000+00:00
2026-06-09 12:00:00+00:00,0.966,0.974,0.94,0.941,14453564.7,2026-06-09 15:59:59.999000+00:00
2026-06-09 16:00:00+00:00,0.941,0.966,0.927,0.964,14157086.7,2026-06-09 19:59:59.999000+00:00
2026-06-09 20:00:00+00:00,0.964,0.969,0.953,0.955,6444274.6,2026-06-09 23:59:59.999000+00:00
2026-06-10 00:00:00+00:00,0.955,0.965,0.943,0.95,7486402.8,2026-06-10 03:59:59.999000+00:00
2026-06-10 04:00:00+00:00,0.95,0.951,0.937,0.946,5802831.7,2026-06-10 07:59:59.999000+00:00
2026-06-10 08:00:00+00:00,0.946,0.947,0.923,0.928,10452669.0,2026-06-10 11:59:59.999000+00:00
2026-06-10 12:00:00+00:00,0.928,0.959,0.926,0.949,21334319.6,2026-06-10 15:59:59.999000+00:00
2026-06-10 16:00:00+00:00,0.95,0.952,0.917,0.922,18025564.7,2026-06-10 19:59:59.999000+00:00
2026-06-10 20:00:00+00:00,0.922,0.924,0.901,0.915,17119256.3,2026-06-10 23:59:59.999000+00:00
2026-06-11 00:00:00+00:00,0.916,0.95,0.915,0.947,11897890.4,2026-06-11 03:59:59.999000+00:00
2026-06-11 04:00:00+00:00,0.946,0.953,0.94,0.948,7784980.6,2026-06-11 07:59:59.999000+00:00
2026-06-11 08:00:00+00:00,0.948,0.959,0.943,0.953,9882081.6,2026-06-11 11:59:59.999000+00:00
2026-06-11 12:00:00+00:00,0.952,0.953,0.933,0.946,16343937.8,2026-06-11 15:59:59.999000+00:00
2026-06-11 16:00:00+00:00,0.945,0.974,0.94,0.963,21812979.0,2026-06-11 19:59:59.999000+00:00
2026-06-11 20:00:00+00:00,0.963,0.966,0.948,0.951,8085605.0,2026-06-11 23:59:59.999000+00:00
2026-06-12 00:00:00+00:00,0.951,0.955,0.944,0.953,8594892.6,2026-06-12 03:59:59.999000+00:00
2026-06-12 04:00:00+00:00,0.954,0.958,0.938,0.945,10606033.6,2026-06-12 07:59:59.999000+00:00
2026-06-12 08:00:00+00:00,0.946,0.969,0.944,0.966,9525225.6,2026-06-12 11:59:59.999000+00:00
2026-06-12 12:00:00+00:00,0.966,0.974,0.947,0.948,20427309.4,2026-06-12 15:59:59.999000+00:00
2026-06-12 16:00:00+00:00,0.948,0.967,0.945,0.957,12565207.6,2026-06-12 19:59:59.999000+00:00
2026-06-12 20:00:00+00:00,0.957,0.961,0.949,0.957,7871230.6,2026-06-12 23:59:59.999000+00:00
2026-06-13 00:00:00+00:00,0.956,0.972,0.955,0.967,8303036.2,2026-06-13 03:59:59.999000+00:00
2026-06-13 04:00:00+00:00,0.966,0.993,0.96,0.992,14182955.4,2026-06-13 07:59:59.999000+00:00
2026-06-13 08:00:00+00:00,0.992,0.994,0.977,0.984,10647047.1,2026-06-13 11:59:59.999000+00:00
2026-06-13 12:00:00+00:00,0.984,0.995,0.981,0.991,10994741.3,2026-06-13 15:59:59.999000+00:00
2026-06-13 16:00:00+00:00,0.991,0.992,0.975,0.978,10025207.2,2026-06-13 19:59:59.999000+00:00
2026-06-13 20:00:00+00:00,0.978,0.986,0.975,0.98,5671397.6,2026-06-13 23:59:59.999000+00:00
2026-06-14 00:00:00+00:00,0.98,0.985,0.974,0.977,6721751.8,2026-06-14 03:59:59.999000+00:00
2026-06-14 04:00:00+00:00,0.978,0.978,0.962,0.965,5878794.8,2026-06-14 07:59:59.999000+00:00
2026-06-14 08:00:00+00:00,0.965,0.973,0.964,0.967,5045890.5,2026-06-14 11:59:59.999000+00:00
2026-06-14 12:00:00+00:00,0.968,0.97,0.95,0.957,6906105.9,2026-06-14 15:59:59.999000+00:00
2026-06-14 16:00:00+00:00,0.956,0.962,0.947,0.951,6828530.9,2026-06-14 19:59:59.999000+00:00
2026-06-14 20:00:00+00:00,0.951,0.998,0.948,0.998,17744912.6,2026-06-14 23:59:59.999000+00:00
2026-06-15 00:00:00+00:00,0.997,1.003,0.985,1.0,11493187.1,2026-06-15 03:59:59.999000+00:00
2026-06-15 04:00:00+00:00,1.0,1.01,0.997,0.997,9146480.5,2026-06-15 07:59:59.999000+00:00
2026-06-15 08:00:00+00:00,0.998,1.027,0.996,1.021,12233857.6,2026-06-15 11:59:59.999000+00:00
2026-06-15 12:00:00+00:00,1.022,1.046,1.016,1.043,16227410.0,2026-06-15 15:59:59.999000+00:00
2026-06-15 16:00:00+00:00,1.044,1.046,1.015,1.019,11805199.3,2026-06-15 19:59:59.999000+00:00
2026-06-15 20:00:00+00:00,1.02,1.025,1.0,1.009,12609638.4,2026-06-15 23:59:59.999000+00:00
2026-06-16 00:00:00+00:00,1.009,1.017,0.994,1.01,8601247.1,2026-06-16 03:59:59.999000+00:00
2026-06-16 04:00:00+00:00,1.009,1.017,1.0,1.016,4621374.9,2026-06-16 07:59:59.999000+00:00
2026-06-16 08:00:00+00:00,1.016,1.032,1.014,1.021,9391222.8,2026-06-16 11:59:59.999000+00:00
2026-06-16 12:00:00+00:00,1.021,1.033,0.986,1.001,18564626.9,2026-06-16 15:59:59.999000+00:00
2026-06-16 16:00:00+00:00,1.0,1.023,0.996,1.01,10067232.2,2026-06-16 19:59:59.999000+00:00
2026-06-16 20:00:00+00:00,1.009,1.023,1.006,1.013,5584844.9,2026-06-16 23:59:59.999000+00:00
2026-06-17 00:00:00+00:00,1.013,1.037,1.012,1.025,7788071.4,2026-06-17 03:59:59.999000+00:00
2026-06-17 04:00:00+00:00,1.025,1.033,1.017,1.022,7815129.5,2026-06-17 07:59:59.999000+00:00
2026-06-17 08:00:00+00:00,1.023,1.024,0.999,1.005,10305772.3,2026-06-17 11:59:59.999000+00:00
2026-06-17 12:00:00+00:00,1.004,1.038,0.999,1.037,12773117.3,2026-06-17 15:59:59.999000+00:00
2026-06-17 16:00:00+00:00,1.037,1.042,0.991,0.996,25761282.2,2026-06-17 19:59:59.999000+00:00
2026-06-17 20:00:00+00:00,0.997,1.009,0.984,1.003,14608458.6,2026-06-17 23:59:59.999000+00:00
2026-06-18 00:00:00+00:00,1.003,1.01,0.981,0.981,8329865.9,2026-06-18 03:59:59.999000+00:00
2026-06-18 04:00:00+00:00,0.981,0.986,0.965,0.983,13241272.7,2026-06-18 07:59:59.999000+00:00
2026-06-18 08:00:00+00:00,0.982,0.987,0.971,0.972,8049984.5,2026-06-18 11:59:59.999000+00:00
2026-06-18 12:00:00+00:00,0.972,0.986,0.938,0.945,22151371.9,2026-06-18 15:59:59.999000+00:00
2026-06-18 16:00:00+00:00,0.944,0.966,0.942,0.963,12517395.6,2026-06-18 19:59:59.999000+00:00
2026-06-18 20:00:00+00:00,0.963,0.975,0.963,0.974,5886878.4,2026-06-18 23:59:59.999000+00:00
2026-06-19 00:00:00+00:00,0.973,0.981,0.957,0.966,7521438.1,2026-06-19 03:59:59.999000+00:00
2026-06-19 04:00:00+00:00,0.966,0.97,0.949,0.953,7343624.2,2026-06-19 07:59:59.999000+00:00
2026-06-19 08:00:00+00:00,0.953,0.959,0.948,0.949,5522064.8,2026-06-19 11:59:59.999000+00:00
2026-06-19 12:00:00+00:00,0.949,0.971,0.945,0.968,7315072.0,2026-06-19 15:59:59.999000+00:00
2026-06-19 16:00:00+00:00,0.968,0.97,0.948,0.951,7410590.3,2026-06-19 19:59:59.999000+00:00
2026-06-19 20:00:00+00:00,0.952,0.963,0.949,0.96,5064852.0,2026-06-19 23:59:59.999000+00:00
2026-06-20 00:00:00+00:00,0.96,0.968,0.953,0.955,4427430.8,2026-06-20 03:59:59.999000+00:00
2026-06-20 04:00:00+00:00,0.955,0.974,0.954,0.963,5188953.0,2026-06-20 07:59:59.999000+00:00
2026-06-20 08:00:00+00:00,0.963,0.97,0.959,0.963,4425031.9,2026-06-20 11:59:59.999000+00:00
2026-06-20 12:00:00+00:00,0.964,0.972,0.948,0.967,9605825.2,2026-06-20 15:59:59.999000+00:00
2026-06-20 16:00:00+00:00,0.968,0.969,0.953,0.957,5000356.1,2026-06-20 19:59:59.999000+00:00
2026-06-20 20:00:00+00:00,0.958,0.976,0.956,0.968,5916429.3,2026-06-20 23:59:59.999000+00:00
2026-06-21 00:00:00+00:00,0.969,0.973,0.965,0.97,4688270.5,2026-06-21 03:59:59.999000+00:00
2026-06-21 04:00:00+00:00,0.97,0.973,0.962,0.966,4285236.9,2026-06-21 07:59:59.999000+00:00
2026-06-21 08:00:00+00:00,0.966,0.975,0.959,0.963,5149238.4,2026-06-21 11:59:59.999000+00:00
2026-06-21 12:00:00+00:00,0.964,0.972,0.96,0.97,3970063.7,2026-06-21 15:59:59.999000+00:00
2026-06-21 16:00:00+00:00,0.969,0.97,0.956,0.963,4522994.4,2026-06-21 19:59:59.999000+00:00
2026-06-21 20:00:00+00:00,0.963,0.964,0.939,0.94,9407689.2,2026-06-21 23:59:59.999000+00:00
2026-06-22 00:00:00+00:00,0.94,0.972,0.94,0.949,8716861.4,2026-06-22 03:59:59.999000+00:00
2026-06-22 04:00:00+00:00,0.95,0.966,0.948,0.963,4528141.5,2026-06-22 07:59:59.999000+00:00
2026-06-22 08:00:00+00:00,0.963,0.972,0.955,0.969,4855850.4,2026-06-22 11:59:59.999000+00:00
2026-06-22 12:00:00+00:00,0.969,0.978,0.954,0.956,10266911.3,2026-06-22 15:59:59.999000+00:00
2026-06-22 16:00:00+00:00,0.957,0.962,0.94,0.944,6788344.0,2026-06-22 19:59:59.999000+00:00
2026-06-22 20:00:00+00:00,0.944,0.949,0.927,0.935,7549582.4,2026-06-22 23:59:59.999000+00:00
2026-06-23 00:00:00+00:00,0.936,0.937,0.926,0.937,5684264.8,2026-06-23 03:59:59.999000+00:00
2026-06-23 04:00:00+00:00,0.937,0.938,0.904,0.905,13339391.6,2026-06-23 07:59:59.999000+00:00
2026-06-23 08:00:00+00:00,0.906,0.907,0.881,0.904,18884900.4,2026-06-23 11:59:59.999000+00:00
2026-06-23 12:00:00+00:00,0.904,0.911,0.893,0.899,12796515.2,2026-06-23 15:59:59.999000+00:00
2026-06-23 16:00:00+00:00,0.899,0.906,0.894,0.903,7036778.7,2026-06-23 19:59:59.999000+00:00
2026-06-23 20:00:00+00:00,0.903,0.914,0.902,0.91,4283243.9,2026-06-23 23:59:59.999000+00:00
2026-06-24 00:00:00+00:00,0.91,0.919,0.902,0.905,6249973.0,2026-06-24 03:59:59.999000+00:00
2026-06-24 04:00:00+00:00,0.906,0.911,0.895,0.905,6635198.1,2026-06-24 07:59:59.999000+00:00
2026-06-24 08:00:00+00:00,0.905,0.913,0.893,0.906,7267435.2,2026-06-24 11:59:59.999000+00:00
2026-06-24 12:00:00+00:00,0.906,0.907,0.867,0.871,29928681.2,2026-06-24 15:59:59.999000+00:00
2026-06-24 16:00:00+00:00,0.871,0.884,0.841,0.867,32866252.9,2026-06-24 19:59:59.999000+00:00
2026-06-24 20:00:00+00:00,0.867,0.892,0.865,0.888,10669699.9,2026-06-24 23:59:59.999000+00:00
2026-06-25 00:00:00+00:00,0.888,0.89,0.879,0.881,5959010.1,2026-06-25 03:59:59.999000+00:00
2026-06-25 04:00:00+00:00,0.882,0.898,0.878,0.891,7896003.0,2026-06-25 07:59:59.999000+00:00
2026-06-25 08:00:00+00:00,0.89,0.891,0.874,0.875,6356474.8,2026-06-25 11:59:59.999000+00:00
2026-06-25 12:00:00+00:00,0.876,0.886,0.816,0.851,45354583.9,2026-06-25 15:59:59.999000+00:00
2026-06-25 16:00:00+00:00,0.851,0.864,0.837,0.841,22008379.6,2026-06-25 19:59:59.999000+00:00
2026-06-25 20:00:00+00:00,0.842,0.853,0.839,0.843,10821598.4,2026-06-25 23:59:59.999000+00:00
2026-06-26 00:00:00+00:00,0.843,0.846,0.802,0.832,24616242.1,2026-06-26 03:59:59.999000+00:00
2026-06-26 04:00:00+00:00,0.833,0.845,0.824,0.844,12282985.7,2026-06-26 07:59:59.999000+00:00
2026-06-26 08:00:00+00:00,0.844,0.846,0.825,0.828,14309184.7,2026-06-26 11:59:59.999000+00:00
2026-06-26 12:00:00+00:00,0.829,0.858,0.821,0.854,21981549.0,2026-06-26 15:59:59.999000+00:00
2026-06-26 16:00:00+00:00,0.854,0.864,0.847,0.854,11941104.8,2026-06-26 19:59:59.999000+00:00
2026-06-26 20:00:00+00:00,0.855,0.865,0.847,0.853,7067768.1,2026-06-26 23:59:59.999000+00:00
2026-06-27 00:00:00+00:00,0.852,0.86,0.845,0.852,6886005.0,2026-06-27 03:59:59.999000+00:00
2026-06-27 04:00:00+00:00,0.852,0.855,0.843,0.845,5390200.7,2026-06-27 07:59:59.999000+00:00
2026-06-27 08:00:00+00:00,0.845,0.846,0.837,0.842,4120315.0,2026-06-27 11:59:59.999000+00:00
2026-06-27 12:00:00+00:00,0.843,0.85,0.839,0.846,5742716.2,2026-06-27 15:59:59.999000+00:00
2026-06-27 16:00:00+00:00,0.847,0.847,0.824,0.828,10838311.8,2026-06-27 19:59:59.999000+00:00
2026-06-27 20:00:00+00:00,0.827,0.831,0.806,0.815,12905300.3,2026-06-27 23:59:59.999000+00:00
2026-06-28 00:00:00+00:00,0.814,0.821,0.803,0.817,10619792.9,2026-06-28 03:59:59.999000+00:00
2026-06-28 04:00:00+00:00,0.817,0.821,0.805,0.816,7614237.4,2026-06-28 07:59:59.999000+00:00
2026-06-28 08:00:00+00:00,0.816,0.821,0.803,0.811,9389170.9,2026-06-28 11:59:59.999000+00:00
2026-06-28 12:00:00+00:00,0.81,0.815,0.797,0.809,13379922.0,2026-06-28 15:59:59.999000+00:00
2026-06-28 16:00:00+00:00,0.809,0.813,0.8,0.808,11339637.9,2026-06-28 19:59:59.999000+00:00
2026-06-28 20:00:00+00:00,0.807,0.814,0.795,0.811,10896179.3,2026-06-28 23:59:59.999000+00:00
2026-06-29 00:00:00+00:00,0.81,0.828,0.805,0.824,13645098.5,2026-06-29 03:59:59.999000+00:00
2026-06-29 04:00:00+00:00,0.823,0.826,0.812,0.815,7677628.9,2026-06-29 07:59:59.999000+00:00
2026-06-29 08:00:00+00:00,0.816,0.823,0.81,0.816,9618477.2,2026-06-29 11:59:59.999000+00:00
2026-06-29 12:00:00+00:00,0.816,0.831,0.808,0.821,17971157.7,2026-06-29 15:59:59.999000+00:00
2026-06-29 16:00:00+00:00,0.822,0.84,0.817,0.831,8207969.1,2026-06-29 19:59:59.999000+00:00
2026-06-29 20:00:00+00:00,0.831,0.832,0.822,0.826,6626839.0,2026-06-29 23:59:59.999000+00:00
2026-06-30 00:00:00+00:00,0.825,0.828,0.813,0.816,8830253.3,2026-06-30 03:59:59.999000+00:00
2026-06-30 04:00:00+00:00,0.815,0.819,0.813,0.816,4613748.9,2026-06-30 07:59:59.999000+00:00
2026-06-30 08:00:00+00:00,0.815,0.817,0.808,0.811,6589161.4,2026-06-30 11:59:59.999000+00:00
2026-06-30 12:00:00+00:00,0.81,0.821,0.8,0.813,14135254.4,2026-06-30 15:59:59.999000+00:00
2026-06-30 16:00:00+00:00,0.814,0.825,0.807,0.823,9129460.3,2026-06-30 19:59:59.999000+00:00
2026-06-30 20:00:00+00:00,0.823,0.825,0.815,0.822,6254812.2,2026-06-30 23:59:59.999000+00:00
2026-07-01 00:00:00+00:00,0.822,0.842,0.805,0.836,15678072.0,2026-07-01 03:59:59.999000+00:00
2026-07-01 04:00:00+00:00,0.836,0.842,0.827,0.834,8251407.9,2026-07-01 07:59:59.999000+00:00
2026-07-01 08:00:00+00:00,0.833,0.841,0.829,0.833,7907074.7,2026-07-01 11:59:59.999000+00:00
2026-07-01 12:00:00+00:00,0.833,0.85,0.825,0.845,14475228.3,2026-07-01 15:59:59.999000+00:00
2026-07-01 16:00:00+00:00,0.846,0.846,0.831,0.833,6685649.9,2026-07-01 19:59:59.999000+00:00
2026-07-01 20:00:00+00:00,0.832,0.85,0.826,0.827,9693180.0,2026-07-01 23:59:59.999000+00:00
2026-07-02 00:00:00+00:00,0.827,0.849,0.823,0.847,8859480.7,2026-07-02 03:59:59.999000+00:00
2026-07-02 04:00:00+00:00,0.847,0.848,0.834,0.839,6426764.9,2026-07-02 07:59:59.999000+00:00
2026-07-02 08:00:00+00:00,0.839,0.852,0.838,0.85,10481802.9,2026-07-02 11:59:59.999000+00:00
2026-07-02 12:00:00+00:00,0.85,0.868,0.848,0.849,21634588.5,2026-07-02 15:59:59.999000+00:00
2026-07-02 16:00:00+00:00,0.85,0.853,0.839,0.843,9876924.3,2026-07-02 19:59:59.999000+00:00
2026-07-02 20:00:00+00:00,0.843,0.845,0.836,0.841,5455839.3,2026-07-02 23:59:59.999000+00:00
2026-07-03 00:00:00+00:00,0.841,0.857,0.836,0.852,9389083.2,2026-07-03 03:59:59.999000+00:00
2026-07-03 04:00:00+00:00,0.852,0.857,0.845,0.855,6131823.2,2026-07-03 07:59:59.999000+00:00
2026-07-03 08:00:00+00:00,0.855,0.872,0.853,0.869,9156708.1,2026-07-03 11:59:59.999000+00:00
2026-07-03 12:00:00+00:00,0.869,0.878,0.862,0.873,11708617.9,2026-07-03 15:59:59.999000+00:00
2026-07-03 16:00:00+00:00,0.873,0.888,0.873,0.883,11511733.6,2026-07-03 19:59:59.999000+00:00
2026-07-03 20:00:00+00:00,0.883,0.892,0.878,0.881,9654386.7,2026-07-03 23:59:59.999000+00:00
2026-07-04 00:00:00+00:00,0.88,0.886,0.868,0.882,8041166.6,2026-07-04 03:59:59.999000+00:00
2026-07-04 04:00:00+00:00,0.882,0.887,0.871,0.873,6081641.0,2026-07-04 07:59:59.999000+00:00
2026-07-04 08:00:00+00:00,0.874,0.875,0.866,0.871,4939986.0,2026-07-04 11:59:59.999000+00:00
2026-07-04 12:00:00+00:00,0.871,0.89,0.868,0.887,8773761.1,2026-07-04 15:59:59.999000+00:00
2026-07-04 16:00:00+00:00,0.888,0.9,0.884,0.891,10643290.3,2026-07-04 19:59:59.999000+00:00
2026-07-04 20:00:00+00:00,0.892,0.897,0.877,0.884,7127398.7,2026-07-04 23:59:59.999000+00:00
2026-07-05 00:00:00+00:00,0.884,0.884,0.867,0.87,7233314.5,2026-07-05 03:59:59.999000+00:00
2026-07-05 04:00:00+00:00,0.869,0.873,0.863,0.872,4458969.3,2026-07-05 07:59:59.999000+00:00
2026-07-05 08:00:00+00:00,0.872,0.873,0.859,0.868,9208593.2,2026-07-05 11:59:59.999000+00:00
2026-07-05 12:00:00+00:00,0.867,0.883,0.864,0.877,6875904.9,2026-07-05 15:59:59.999000+00:00
2026-07-05 16:00:00+00:00,0.878,0.885,0.873,0.882,4990545.1,2026-07-05 19:59:59.999000+00:00
2026-07-05 20:00:00+00:00,0.882,0.891,0.875,0.882,7365339.4,2026-07-05 23:59:59.999000+00:00
2026-07-06 00:00:00+00:00,0.882,0.888,0.87,0.872,6763248.0,2026-07-06 03:59:59.999000+00:00
2026-07-06 04:00:00+00:00,0.873,0.874,0.858,0.868,6946056.4,2026-07-06 07:59:59.999000+00:00
2026-07-06 08:00:00+00:00,0.867,0.871,0.86,0.86,5603143.9,2026-07-06 11:59:59.999000+00:00
2026-07-06 12:00:00+00:00,0.86,0.883,0.847,0.88,16674591.4,2026-07-06 15:59:59.999000+00:00
2026-07-06 16:00:00+00:00,0.88,0.898,0.878,0.889,15306602.7,2026-07-06 19:59:59.999000+00:00
2026-07-06 20:00:00+00:00,0.889,0.908,0.884,0.885,8518290.7,2026-07-06 23:59:59.999000+00:00
2026-07-07 00:00:00+00:00,0.885,0.887,0.856,0.859,9809041.0,2026-07-07 03:59:59.999000+00:00
2026-07-07 04:00:00+00:00,0.859,0.869,0.851,0.86,11088599.5,2026-07-07 07:59:59.999000+00:00
2026-07-07 08:00:00+00:00,0.86,0.866,0.859,0.865,5873711.4,2026-07-07 11:59:59.999000+00:00
2026-07-07 12:00:00+00:00,0.865,0.875,0.85,0.873,13952013.2,2026-07-07 15:59:59.999000+00:00
2026-07-07 16:00:00+00:00,0.873,0.877,0.854,0.865,10041947.7,2026-07-07 19:59:59.999000+00:00
2026-07-07 20:00:00+00:00,0.865,0.865,0.844,0.85,8164420.7,2026-07-07 23:59:59.999000+00:00
2026-07-08 00:00:00+00:00,0.849,0.857,0.829,0.833,12342452.1,2026-07-08 03:59:59.999000+00:00
2026-07-08 04:00:00+00:00,0.832,0.841,0.83,0.841,6796562.7,2026-07-08 07:59:59.999000+00:00
2026-07-08 08:00:00+00:00,0.841,0.842,0.821,0.833,12556282.5,2026-07-08 11:59:59.999000+00:00
2026-07-08 12:00:00+00:00,0.833,0.834,0.815,0.819,12862953.6,2026-07-08 15:59:59.999000+00:00
2026-07-08 16:00:00+00:00,0.82,0.831,0.818,0.825,6038361.6,2026-07-08 19:59:59.999000+00:00
2026-07-08 20:00:00+00:00,0.825,0.827,0.818,0.827,5130133.3,2026-07-08 23:59:59.999000+00:00
2026-07-09 00:00:00+00:00,0.827,0.835,0.819,0.825,6300647.3,2026-07-09 03:59:59.999000+00:00
2026-07-09 04:00:00+00:00,0.825,0.839,0.824,0.834,6916317.7,2026-07-09 07:59:59.999000+00:00
2026-07-09 08:00:00+00:00,0.834,0.835,0.826,0.832,3977964.7,2026-07-09 11:59:59.999000+00:00
2026-07-09 12:00:00+00:00,0.832,0.835,0.825,0.828,9029222.0,2026-07-09 15:59:59.999000+00:00
2026-07-09 16:00:00+00:00,0.829,0.834,0.824,0.825,5221296.2,2026-07-09 19:59:59.999000+00:00
2026-07-09 20:00:00+00:00,0.826,0.828,0.822,0.826,4637134.2,2026-07-09 23:59:59.999000+00:00
2026-07-10 00:00:00+00:00,0.825,0.848,0.82,0.844,12212812.6,2026-07-10 03:59:59.999000+00:00
2026-07-10 04:00:00+00:00,0.845,0.852,0.841,0.847,8794538.5,2026-07-10 07:59:59.999000+00:00
2026-07-10 08:00:00+00:00,0.847,0.895,0.846,0.885,30474602.9,2026-07-10 11:59:59.999000+00:00
2026-07-10 12:00:00+00:00,0.884,0.89,0.866,0.874,17085251.1,2026-07-10 15:59:59.999000+00:00
2026-07-10 16:00:00+00:00,0.874,0.886,0.867,0.874,9446788.0,2026-07-10 19:59:59.999000+00:00
2026-07-10 20:00:00+00:00,0.874,0.883,0.867,0.877,6841741.2,2026-07-10 23:59:59.999000+00:00
2026-07-11 00:00:00+00:00,0.877,0.884,0.87,0.884,6895219.4,2026-07-11 03:59:59.999000+00:00
2026-07-11 04:00:00+00:00,0.884,0.886,0.875,0.876,4149600.3,2026-07-11 07:59:59.999000+00:00
2026-07-11 08:00:00+00:00,0.876,0.887,0.874,0.88,6087888.5,2026-07-11 11:59:59.999000+00:00
2026-07-11 12:00:00+00:00,0.88,0.886,0.875,0.879,8270359.1,2026-07-11 15:59:59.999000+00:00
2026-07-11 16:00:00+00:00,0.88,0.883,0.875,0.88,4412859.2,2026-07-11 19:59:59.999000+00:00
2026-07-11 20:00:00+00:00,0.88,0.884,0.849,0.854,11079651.3,2026-07-11 23:59:59.999000+00:00
2026-07-12 00:00:00+00:00,0.853,0.859,0.845,0.857,9126183.7,2026-07-12 03:59:59.999000+00:00
2026-07-12 04:00:00+00:00,0.857,0.859,0.844,0.847,6929206.3,2026-07-12 07:59:59.999000+00:00
2026-07-12 08:00:00+00:00,0.847,0.851,0.843,0.849,4113899.7,2026-07-12 11:59:59.999000+00:00
2026-07-12 12:00:00+00:00,0.848,0.85,0.838,0.844,5485446.8,2026-07-12 15:59:59.999000+00:00
2026-07-12 16:00:00+00:00,0.845,0.845,0.832,0.844,6019265.1,2026-07-12 19:59:59.999000+00:00
2026-07-12 20:00:00+00:00,0.844,0.853,0.841,0.843,5680469.8,2026-07-12 23:59:59.999000+00:00
2026-07-13 00:00:00+00:00,0.843,0.859,0.824,0.828,13187801.2,2026-07-13 03:59:59.999000+00:00
2026-07-13 04:00:00+00:00,0.829,0.838,0.825,0.837,4502769.6,2026-07-13 07:59:59.999000+00:00
2026-07-13 08:00:00+00:00,0.838,0.838,0.828,0.831,5366840.8,2026-07-13 11:59:59.999000+00:00
2026-07-13 12:00:00+00:00,0.831,0.839,0.824,0.837,9158287.2,2026-07-13 15:59:59.999000+00:00
2026-07-13 16:00:00+00:00,0.837,0.842,0.825,0.84,8929644.4,2026-07-13 19:59:59.999000+00:00
2026-07-13 20:00:00+00:00,0.84,0.841,0.827,0.835,4057527.9,2026-07-13 23:59:59.999000+00:00
2026-07-14 00:00:00+00:00,0.836,0.842,0.827,0.834,5700494.5,2026-07-14 03:59:59.999000+00:00
2026-07-14 04:00:00+00:00,0.835,0.848,0.834,0.845,6019101.5,2026-07-14 07:59:59.999000+00:00
2026-07-14 08:00:00+00:00,0.844,0.85,0.836,0.836,5597696.6,2026-07-14 11:59:59.999000+00:00
2026-07-14 12:00:00+00:00,0.837,0.86,0.833,0.851,16633410.9,2026-07-14 15:59:59.999000+00:00
2026-07-14 16:00:00+00:00,0.851,0.859,0.844,0.85,8170613.7,2026-07-14 19:59:59.999000+00:00
2026-07-14 20:00:00+00:00,0.849,0.853,0.843,0.851,5184252.7,2026-07-14 23:59:59.999000+00:00
2026-07-15 00:00:00+00:00,0.851,0.859,0.849,0.854,5660199.5,2026-07-15 03:59:59.999000+00:00
2026-07-15 04:00:00+00:00,0.854,0.861,0.846,0.852,6004926.6,2026-07-15 07:59:59.999000+00:00
2026-07-15 08:00:00+00:00,0.853,0.856,0.848,0.851,4501326.6,2026-07-15 11:59:59.999000+00:00
2026-07-15 12:00:00+00:00,0.851,0.868,0.849,0.856,13463142.4,2026-07-15 15:59:59.999000+00:00
2026-07-15 16:00:00+00:00,0.855,0.857,0.837,0.84,13450358.6,2026-07-15 19:59:59.999000+00:00
2026-07-15 20:00:00+00:00,0.839,0.85,0.839,0.847,4637270.1,2026-07-15 23:59:59.999000+00:00
2026-07-16 00:00:00+00:00,0.847,0.85,0.836,0.85,6183161.8,2026-07-16 03:59:59.999000+00:00
2026-07-16 04:00:00+00:00,0.85,0.85,0.832,0.835,6866116.7,2026-07-16 07:59:59.999000+00:00
2026-07-16 08:00:00+00:00,0.836,0.841,0.826,0.839,7665959.1,2026-07-16 11:59:59.999000+00:00
2026-07-16 12:00:00+00:00,0.839,0.861,0.833,0.854,11730263.6,2026-07-16 15:59:59.999000+00:00
2026-07-16 16:00:00+00:00,0.854,0.858,0.84,0.857,10557271.5,2026-07-16 19:59:59.999000+00:00
2026-07-16 20:00:00+00:00,0.857,0.873,0.851,0.859,11929508.4,2026-07-16 23:59:59.999000+00:00
2026-07-17 00:00:00+00:00,0.858,0.87,0.852,0.859,10627904.8,2026-07-17 03:59:59.999000+00:00
2026-07-17 04:00:00+00:00,0.858,0.862,0.843,0.85,10318493.1,2026-07-17 07:59:59.999000+00:00
2026-07-17 08:00:00+00:00,0.85,0.861,0.84,0.853,10171205.4,2026-07-17 11:59:59.999000+00:00
2026-07-17 12:00:00+00:00,0.852,0.854,0.833,0.849,15878528.0,2026-07-17 15:59:59.999000+00:00
2026-07-17 16:00:00+00:00,0.85,0.864,0.845,0.852,13416963.6,2026-07-17 19:59:59.999000+00:00
2026-07-17 20:00:00+00:00,0.853,0.856,0.847,0.848,3933421.9,2026-07-17 23:59:59.999000+00:00
2026-07-18 00:00:00+00:00,0.849,0.853,0.846,0.852,3928227.9,2026-07-18 03:59:59.999000+00:00
2026-07-18 04:00:00+00:00,0.852,0.852,0.84,0.842,4110627.4,2026-07-18 07:59:59.999000+00:00
2026-07-18 08:00:00+00:00,0.843,0.844,0.835,0.837,4249860.6,2026-07-18 11:59:59.999000+00:00
2026-07-18 12:00:00+00:00,0.838,0.839,0.829,0.832,7654461.5,2026-07-18 15:59:59.999000+00:00
2026-07-18 16:00:00+00:00,0.832,0.84,0.829,0.834,5486450.7,2026-07-18 19:59:59.999000+00:00
2026-07-18 20:00:00+00:00,0.834,0.838,0.833,0.838,3891780.4,2026-07-18 23:59:59.999000+00:00
2026-07-19 00:00:00+00:00,0.837,0.84,0.831,0.836,4527618.1,2026-07-19 03:59:59.999000+00:00
2026-07-19 04:00:00+00:00,0.836,0.841,0.834,0.837,4058147.5,2026-07-19 07:59:59.999000+00:00
2026-07-19 08:00:00+00:00,0.837,0.838,0.829,0.829,3544656.1,2026-07-19 11:59:59.999000+00:00
2026-07-19 12:00:00+00:00,0.83,0.83,0.819,0.824,10436876.4,2026-07-19 15:59:59.999000+00:00
2026-07-19 16:00:00+00:00,0.823,0.825,0.805,0.816,18095964.8,2026-07-19 19:59:59.999000+00:00
2026-07-19 20:00:00+00:00,0.815,0.82,0.811,0.819,6283989.6,2026-07-19 23:59:59.999000+00:00
2026-07-20 00:00:00+00:00,0.819,0.826,0.806,0.813,10367767.5,2026-07-20 03:59:59.999000+00:00
2026-07-20 04:00:00+00:00,0.813,0.815,0.8,0.807,12842496.1,2026-07-20 07:59:59.999000+00:00
2026-07-20 08:00:00+00:00,0.806,0.816,0.799,0.815,8139989.1,2026-07-20 11:59:59.999000+00:00
2026-07-20 12:00:00+00:00,0.815,0.826,0.807,0.823,14312059.5,2026-07-20 15:59:59.999000+00:00
2026-07-20 16:00:00+00:00,0.822,0.828,0.816,0.824,10077290.0,2026-07-20 19:59:59.999000+00:00
2026-07-20 20:00:00+00:00,0.824,0.832,0.82,0.826,7336448.5,2026-07-20 23:59:59.999000+00:00
2026-07-21 00:00:00+00:00,0.827,0.838,0.824,0.837,6322568.3,2026-07-21 03:59:59.999000+00:00
2026-07-21 04:00:00+00:00,0.838,0.864,0.832,0.8555,13400478.6,2026-07-21 07:59:59.999000+00:00
2026-07-21 08:00:00+00:00,0.8555,0.868,0.8547,0.8568,14700656.6,2026-07-21 11:59:59.999000+00:00
2026-07-21 12:00:00+00:00,0.8568,0.863,0.8508,0.8557,10123338.7,2026-07-21 15:59:59.999000+00:00
2026-07-21 16:00:00+00:00,0.8557,0.8578,0.8487,0.855,7093248.6,2026-07-21 19:59:59.999000+00:00
2026-07-21 20:00:00+00:00,0.8549,0.8559,0.842,0.8466,6797204.9,2026-07-21 23:59:59.999000+00:00
2026-07-22 00:00:00+00:00,0.8466,0.8578,0.8453,0.8482,8304147.0,2026-07-22 03:59:59.999000+00:00
2026-07-22 04:00:00+00:00,0.8482,0.855,0.8367,0.84,7490925.8,2026-07-22 07:59:59.999000+00:00
2026-07-22 08:00:00+00:00,0.8401,0.843,0.8346,0.8379,5024224.5,2026-07-22 11:59:59.999000+00:00
2026-07-22 12:00:00+00:00,0.8378,0.846,0.8325,0.8444,8401101.3,2026-07-22 15:59:59.999000+00:00
2026-07-22 16:00:00+00:00,0.8445,0.8529,0.8351,0.8411,7794933.1,2026-07-22 19:59:59.999000+00:00
2026-07-22 20:00:00+00:00,0.841,0.8434,0.8285,0.835,5689015.7,2026-07-22 23:59:59.999000+00:00
2026-07-23 00:00:00+00:00,0.8351,0.8413,0.82,0.8213,9613579.9,2026-07-23 03:59:59.999000+00:00
2026-07-23 04:00:00+00:00,0.8213,0.8254,0.8171,0.8197,6592522.5,2026-07-23 07:59:59.999000+00:00
2026-07-23 08:00:00+00:00,0.8197,0.8243,0.8161,0.8178,6277992.3,2026-07-23 11:59:59.999000+00:00
2026-07-23 12:00:00+00:00,0.8178,0.8226,0.8097,0.8142,9155111.6,2026-07-23 15:59:59.999000+00:00
2026-07-23 16:00:00+00:00,0.8142,0.8186,0.805,0.8152,6696694.0,2026-07-23 19:59:59.999000+00:00
2026-07-23 20:00:00+00:00,0.8152,0.8195,0.8127,0.8145,3223154.0,2026-07-23 23:59:59.999000+00:00
2026-07-24 00:00:00+00:00,0.8146,0.8193,0.8107,0.8143,4113267.7,2026-07-24 03:59:59.999000+00:00
2026-07-24 04:00:00+00:00,0.8143,0.8165,0.8078,0.8113,5170779.9,2026-07-24 07:59:59.999000+00:00
2026-07-24 08:00:00+00:00,0.8113,0.8115,0.799,0.8032,7733268.7,2026-07-24 11:59:59.999000+00:00
2026-07-24 12:00:00+00:00,0.8031,0.8041,0.7859,0.7982,12548680.6,2026-07-24 15:59:59.999000+00:00
2026-07-24 16:00:00+00:00,0.7982,0.8068,0.7968,0.8066,4958428.9,2026-07-24 19:59:59.999000+00:00
2026-07-24 20:00:00+00:00,0.8066,0.8106,0.8009,0.8084,7933008.4,2026-07-24 23:59:59.999000+00:00
2026-07-25 00:00:00+00:00,0.8085,0.8129,0.8055,0.8113,5789385.5,2026-07-25 03:59:59.999000+00:00
2026-07-25 04:00:00+00:00,0.8113,0.8173,0.8092,0.8105,7157427.6,2026-07-25 07:59:59.999000+00:00
2026-07-25 08:00:00+00:00,0.8106,0.8192,0.8081,0.8138,5778907.7,2026-07-25 11:59:59.999000+00:00
2026-07-25 12:00:00+00:00,0.8138,0.8245,0.8129,0.8216,6753192.8,2026-07-25 15:59:59.999000+00:00
2026-07-25 16:00:00+00:00,0.8217,0.8234,0.8154,0.8159,4319191.3,2026-07-25 19:59:59.999000+00:00
2026-07-25 20:00:00+00:00,0.816,0.819,0.8126,0.8131,6503065.9,2026-07-25 23:59:59.999000+00:00
2026-07-26 00:00:00+00:00,0.8132,0.8215,0.8122,0.8195,5354251.3,2026-07-26 03:59:59.999000+00:00
2026-07-26 04:00:00+00:00,0.8195,0.8282,0.8182,0.8254,5368786.4,2026-07-26 07:59:59.999000+00:00
2026-07-26 08:00:00+00:00,0.8254,0.8308,0.8229,0.824,5148227.2,2026-07-26 11:59:59.999000+00:00
2026-07-26 12:00:00+00:00,0.824,0.828,0.8203,0.824,5953902.1,2026-07-26 15:59:59.999000+00:00
2026-07-26 16:00:00+00:00,0.8241,0.8273,0.8163,0.8187,4059608.7,2026-07-26 19:59:59.999000+00:00
2026-07-26 20:00:00+00:00,0.8187,0.8315,0.8163,0.8275,6801313.6,2026-07-26 23:59:59.999000+00:00
2026-07-27 00:00:00+00:00,0.8275,0.8276,0.8132,0.817,7262458.0,2026-07-27 03:59:59.999000+00:00
2026-07-27 04:00:00+00:00,0.817,0.8209,0.8136,0.8143,5128628.4,2026-07-27 07:59:59.999000+00:00
2026-07-27 08:00:00+00:00,0.8143,0.8145,0.8063,0.8067,8081029.8,2026-07-27 11:59:59.999000+00:00
2026-07-27 12:00:00+00:00,0.8066,0.8124,0.7885,0.7915,18187766.4,2026-07-27 15:59:59.999000+00:00
2026-07-27 16:00:00+00:00,0.7915,0.7979,0.787,0.7926,11127522.6,2026-07-27 19:59:59.999000+00:00
2026-07-27 20:00:00+00:00,0.7926,0.7951,0.7472,0.7584,27804704.6,2026-07-27 23:59:59.999000+00:00
2026-07-28 00:00:00+00:00,0.7584,0.7617,0.7507,0.7609,11056038.3,2026-07-28 03:59:59.999000+00:00
2026-07-28 04:00:00+00:00,0.7608,0.7716,0.7568,0.758,13728477.7,2026-07-28 07:59:59.999000+00:00
2026-07-28 08:00:00+00:00,0.758,0.765,0.7572,0.7587,6339178.3,2026-07-28 11:59:59.999000+00:00
2026-07-28 12:00:00+00:00,0.7586,0.7649,0.7472,0.7626,12696615.1,2026-07-28 15:59:59.999000+00:00
2026-07-28 16:00:00+00:00,0.7625,0.7648,0.7539,0.763,6015688.9,2026-07-28 19:59:59.999000+00:00
2026-07-28 20:00:00+00:00,0.7631,0.7681,0.7582,0.7606,6149727.1,2026-07-28 23:59:59.999000+00:00
2026-07-29 00:00:00+00:00,0.7606,0.7664,0.7521,0.7578,8528622.7,2026-07-29 03:59:59.999000+00:00
2026-07-29 04:00:00+00:00,0.7578,0.7652,0.7538,0.7651,6930976.8,2026-07-29 07:59:59.999000+00:00
2026-07-29 08:00:00+00:00,0.7651,0.7654,0.7579,0.7607,4741848.4,2026-07-29 11:59:59.999000+00:00
2026-07-29 12:00:00+00:00,0.7608,0.7621,0.7546,0.7587,6188541.0,2026-07-29 15:59:59.999000+00:00
2026-07-29 16:00:00+00:00,0.7588,0.776,0.7556,0.7596,14912845.1,2026-07-29 19:59:59.999000+00:00
2026-07-29 20:00:00+00:00,0.7597,0.765,0.75,0.7632,7578865.4,2026-07-29 23:59:59.999000+00:00
2026-07-30 00:00:00+00:00,0.7632,0.7724,0.7606,0.7657,6314519.8,2026-07-30 03:59:59.999000+00:00
2026-07-30 04:00:00+00:00,0.7657,0.7684,0.7602,0.7658,4270149.9,2026-07-30 07:59:59.999000+00:00
2026-07-30 08:00:00+00:00,0.7658,0.7703,0.7651,0.7669,3508495.6,2026-07-30 11:59:59.999000+00:00
2026-07-30 12:00:00+00:00,0.767,0.7725,0.7632,0.7679,7007412.7,2026-07-30 15:59:59.999000+00:00
2026-07-30 16:00:00+00:00,0.7679,0.7775,0.7669,0.7756,4728267.2,2026-07-30 19:59:59.999000+00:00
2026-07-30 20:00:00+00:00,0.7755,0.7789,0.7667,0.7683,4326020.7,2026-07-30 23:59:59.999000+00:00
2026-07-31 00:00:00+00:00,0.7682,0.7742,0.7612,0.7684,5695698.2,2026-07-31 03:59:59.999000+00:00
2026-07-31 04:00:00+00:00,0.7684,0.7718,0.7642,0.7708,3442767.4,2026-07-31 07:59:59.999000+00:00
2026-07-31 08:00:00+00:00,0.7708,0.7709,0.756,0.7584,5505117.1,2026-07-31 11:59:59.999000+00:00
2026-07-31 12:00:00+00:00,0.7584,0.7619,0.7424,0.7568,13541311.9,2026-07-31 15:59:59.999000+00:00
2026-07-31 16:00:00+00:00,0.7568,0.7697,0.7556,0.7612,5030605.4,2026-07-31 19:59:59.999000+00:00
2026-07-31 20:00:00+00:00,0.7611,0.7653,0.7577,0.7585,3134154.8,2026-07-31 23:59:59.999000+00:00
2026-08-01 00:00:00+00:00,0.7585,0.7651,0.7574,0.7642,3839685.3,2026-08-01 03:59:59.999000+00:00
2026-08-01 04:00:00+00:00,0.7641,0.7674,0.7603,0.7606,3706634.6,2026-08-01 07:59:59.999000+00:00
2026-08-01 08:00:00+00:00,0.7606,0.767,0.7604,0.7663,3788235.4,2026-08-01 11:59:59.999000+00:00
2026-08-01 12:00:00+00:00,0.7663,0.7842,0.7663,0.7765,11427776.2,2026-08-01 15:59:59.999000+00:00
2026-08-01 16:00:00+00:00,0.7766,0.7818,0.7628,0.7704,10042521.9,2026-08-01 19:59:59.999000+00:00
2026-08-01 20:00:00+00:00,0.7704,0.7818,0.7689,0.7807,4970361.3,2026-08-01 23:59:59.999000+00:00
2026-08-02 00:00:00+00:00,0.7808,0.7994,0.7794,0.7907,14327477.4,2026-08-02 03:59:59.999000+00:00
2026-08-02 04:00:00+00:00,0.7907,0.7965,0.788,0.7942,6620684.2,2026-08-02 07:59:59.999000+00:00
2026-08-02 08:00:00+00:00,0.7942,0.801,0.7915,0.7937,6348707.5,2026-08-02 11:59:59.999000+00:00
2026-08-02 12:00:00+00:00,0.7937,0.8006,0.7924,0.7933,4626177.1,2026-08-02 15:59:59.999000+00:00
