open_time,open,high,low,close,volume,close_time
2024-09-17 00:00:00+00:00,10.536,10.572,10.432,10.508,1142958.45,2024-09-17 03:59:59.999000+00:00
2024-09-17 04:00:00+00:00,10.508,10.647,10.507,10.606,1016360.21,2024-09-17 07:59:59.999000+00:00
2024-09-17 08:00:00+00:00,10.606,10.689,10.575,10.595,1287650.01,2024-09-17 11:59:59.999000+00:00
2024-09-17 12:00:00+00:00,10.594,10.912,10.506,10.85,3476600.85,2024-09-17 15:59:59.999000+00:00
2024-09-17 16:00:00+00:00,10.85,10.871,10.578,10.665,1771474.25,2024-09-17 19:59:59.999000+00:00
2024-09-17 20:00:00+00:00,10.664,10.729,10.557,10.616,1230964.84,2024-09-17 23:59:59.999000+00:00
2024-09-18 00:00:00+00:00,10.616,10.671,10.504,10.642,1176015.38,2024-09-18 03:59:59.999000+00:00
2024-09-18 04:00:00+00:00,10.642,10.655,10.54,10.592,1067622.04,2024-09-18 07:59:59.999000+00:00
2024-09-18 08:00:00+00:00,10.592,10.594,10.33,10.44,1976410.94,2024-09-18 11:59:59.999000+00:00
2024-09-18 12:00:00+00:00,10.441,10.503,10.279,10.318,1704097.18,2024-09-18 15:59:59.999000+00:00
2024-09-18 16:00:00+00:00,10.318,10.739,10.288,10.558,4016373.22,2024-09-18 19:59:59.999000+00:00
2024-09-18 20:00:00+00:00,10.557,10.894,10.436,10.891,1931154.51,2024-09-18 23:59:59.999000+00:00
2024-09-19 00:00:00+00:00,10.892,11.14,10.892,11.002,2548393.74,2024-09-19 03:59:59.999000+00:00
2024-09-19 04:00:00+00:00,11.003,11.151,10.96,11.15,1513207.44,2024-09-19 07:59:59.999000+00:00
2024-09-19 08:00:00+00:00,11.15,11.27,11.106,11.258,1719172.66,2024-09-19 11:59:59.999000+00:00
2024-09-19 12:00:00+00:00,11.258,11.345,11.173,11.218,2275593.06,2024-09-19 15:59:59.999000+00:00
2024-09-19 16:00:00+00:00,11.218,11.394,11.209,11.222,2153098.65,2024-09-19 19:59:59.999000+00:00
2024-09-19 20:00:00+00:00,11.221,11.265,11.171,11.199,1459009.44,2024-09-19 23:59:59.999000+00:00
2024-09-20 00:00:00+00:00,11.198,11.428,11.117,11.425,1701200.04,2024-09-20 03:59:59.999000+00:00
2024-09-20 04:00:00+00:00,11.424,11.722,11.411,11.692,3149044.72,2024-09-20 07:59:59.999000+00:00
2024-09-20 08:00:00+00:00,11.692,11.734,11.546,11.6,1781550.62,2024-09-20 11:59:59.999000+00:00
2024-09-20 12:00:00+00:00,11.6,11.686,11.437,11.526,2555858.05,2024-09-20 15:59:59.999000+00:00
2024-09-20 16:00:00+00:00,11.527,11.548,11.36,11.428,1567641.14,2024-09-20 19:59:59.999000+00:00
2024-09-20 20:00:00+00:00,11.428,11.495,11.388,11.43,956290.43,2024-09-20 23:59:59.999000+00:00
2024-09-21 00:00:00+00:00,11.429,11.486,11.255,11.271,1411227.32,2024-09-21 03:59:59.999000+00:00
2024-09-21 04:00:00+00:00,11.27,11.361,11.203,11.352,979922.45,2024-09-21 07:59:59.999000+00:00
2024-09-21 08:00:00+00:00,11.353,11.384,11.298,11.34,845151.66,2024-09-21 11:59:59.999000+00:00
2024-09-21 12:00:00+00:00,11.34,11.478,11.319,11.382,1273139.72,2024-09-21 15:59:59.999000+00:00
2024-09-21 16:00:00+00:00,11.382,11.429,11.316,11.353,915638.22,2024-09-21 19:59:59.999000+00:00
2024-09-21 20:00:00+00:00,11.352,11.541,11.322,11.486,973667.38,2024-09-21 23:59:59.999000+00:00
2024-09-22 00:00:00+00:00,11.485,11.542,11.306,11.37,1366770.56,2024-09-22 03:59:59.999000+00:00
2024-09-22 04:00:00+00:00,11.37,11.421,11.271,11.299,907669.81,2024-09-22 07:59:59.999000+00:00
2024-09-22 08:00:00+00:00,11.299,11.323,11.125,11.218,1428444.42,2024-09-22 11:59:59.999000+00:00
2024-09-22 12:00:00+00:00,11.219,11.248,11.014,11.025,1734757.98,2024-09-22 15:59:59.999000+00:00
2024-09-22 16:00:00+00:00,11.025,11.159,10.94,11.06,1787965.74,2024-09-22 19:59:59.999000+00:00
2024-09-22 20:00:00+00:00,11.06,11.2,10.839,11.122,2349602.81,2024-09-22 23:59:59.999000+00:00
2024-09-23 00:00:00+00:00,11.121,11.485,10.901,11.419,2770750.62,2024-09-23 03:59:59.999000+00:00
2024-09-23 04:00:00+00:00,11.421,11.472,11.274,11.309,1860651.65,2024-09-23 07:59:59.999000+00:00
2024-09-23 08:00:00+00:00,11.308,11.469,11.272,11.432,1799369.89,2024-09-23 11:59:59.999000+00:00
2024-09-23 12:00:00+00:00,11.431,11.581,11.326,11.499,2967733.17,2024-09-23 15:59:59.999000+00:00
2024-09-23 16:00:00+00:00,11.498,11.604,11.37,11.425,1680696.18,2024-09-23 19:59:59.999000+00:00
2024-09-23 20:00:00+00:00,11.427,11.472,11.351,11.389,1185626.42,2024-09-23 23:59:59.999000+00:00
2024-09-24 00:00:00+00:00,11.388,11.421,11.194,11.292,2059160.06,2024-09-24 03:59:59.999000+00:00
2024-09-24 04:00:00+00:00,11.293,11.485,11.204,11.467,1297361.53,2024-09-24 07:59:59.999000+00:00
2024-09-24 08:00:00+00:00,11.468,11.549,11.43,11.503,1941217.64,2024-09-24 11:59:59.999000+00:00
2024-09-24 12:00:00+00:00,11.504,11.624,11.317,11.513,3239131.25,2024-09-24 15:59:59.999000+00:00
2024-09-24 16:00:00+00:00,11.512,11.866,11.465,11.847,2554065.35,2024-09-24 19:59:59.999000+00:00
2024-09-24 20:00:00+00:00,11.846,12.227,11.821,12.149,3416774.21,2024-09-24 23:59:59.999000+00:00
2024-09-25 00:00:00+00:00,12.149,12.286,12.096,12.283,1985529.21,2024-09-25 03:59:59.999000+00:00
2024-09-25 04:00:00+00:00,12.283,12.288,12.071,12.187,1751459.06,2024-09-25 07:59:59.999000+00:00
2024-09-25 08:00:00+00:00,12.187,12.37,12.184,12.314,2135302.36,2024-09-25 11:59:59.999000+00:00
2024-09-25 12:00:00+00:00,12.313,12.497,12.263,12.361,2781101.42,2024-09-25 15:59:59.999000+00:00
2024-09-25 16:00:00+00:00,12.362,12.554,12.124,12.134,3176990.03,2024-09-25 19:59:59.999000+00:00
2024-09-25 20:00:00+00:00,12.135,12.252,12.062,12.107,1550878.27,2024-09-25 23:59:59.999000+00:00
2024-09-26 00:00:00+00:00,12.109,12.148,11.874,12.069,2546713.32,2024-09-26 03:59:59.999000+00:00
2024-09-26 04:00:00+00:00,12.068,12.275,11.999,12.251,2096915.63,2024-09-26 07:59:59.999000+00:00
2024-09-26 08:00:00+00:00,12.25,12.344,12.123,12.29,2023091.27,2024-09-26 11:59:59.999000+00:00
2024-09-26 12:00:00+00:00,12.291,12.644,12.201,12.592,4430071.76,2024-09-26 15:59:59.999000+00:00
2024-09-26 16:00:00+00:00,12.592,12.744,12.509,12.614,2243794.44,2024-09-26 19:59:59.999000+00:00
2024-09-26 20:00:00+00:00,12.615,12.664,12.424,12.557,1529324.93,2024-09-26 23:59:59.999000+00:00
2024-09-27 00:00:00+00:00,12.557,12.644,12.447,12.624,1695896.09,2024-09-27 03:59:59.999000+00:00
2024-09-27 04:00:00+00:00,12.624,12.872,12.618,12.741,2690921.16,2024-09-27 07:59:59.999000+00:00
2024-09-27 08:00:00+00:00,12.742,12.841,12.575,12.724,1748840.13,2024-09-27 11:59:59.999000+00:00
2024-09-27 12:00:00+00:00,12.723,12.822,12.612,12.708,2117447.52,2024-09-27 15:59:59.999000+00:00
2024-09-27 16:00:00+00:00,12.708,12.88,12.619,12.683,1815719.65,2024-09-27 19:59:59.999000+00:00
2024-09-27 20:00:00+00:00,12.682,12.755,12.602,12.667,889998.1,2024-09-27 23:59:59.999000+00:00
2024-09-28 00:00:00+00:00,12.668,12.874,12.654,12.754,1823907.13,2024-09-28 03:59:59.999000+00:00
2024-09-28 04:00:00+00:00,12.754,12.803,12.556,12.571,1365640.77,2024-09-28 07:59:59.999000+00:00
2024-09-28 08:00:00+00:00,12.571,12.703,12.358,12.69,2120414.2,2024-09-28 11:59:59.999000+00:00
2024-09-28 12:00:00+00:00,12.691,12.936,12.581,12.834,2136618.91,2024-09-28 15:59:59.999000+00:00
2024-09-28 16:00:00+00:00,12.834,12.972,12.73,12.911,1301408.36,2024-09-28 19:59:59.999000+00:00
2024-09-28 20:00:00+00:00,12.911,12.974,12.72,12.942,1291671.54,2024-09-28 23:59:59.999000+00:00
2024-09-29 00:00:00+00:00,12.942,12.976,12.675,12.744,1415617.19,2024-09-29 03:59:59.999000+00:00
2024-09-29 04:00:00+00:00,12.744,12.761,12.515,12.531,1131724.72,2024-09-29 07:59:59.999000+00:00
2024-09-29 08:00:00+00:00,12.53,12.64,12.488,12.601,946845.97,2024-09-29 11:59:59.999000+00:00
2024-09-29 12:00:00+00:00,12.602,12.626,12.465,12.591,1386577.31,2024-09-29 15:59:59.999000+00:00
2024-09-29 16:00:00+00:00,12.59,12.682,12.502,12.666,1055795.52,2024-09-29 19:59:59.999000+00:00
2024-09-29 20:00:00+00:00,12.665,12.723,12.43,12.458,1517234.45,2024-09-29 23:59:59.999000+00:00
2024-09-30 00:00:00+00:00,12.459,12.474,12.126,12.262,3163075.64,2024-09-30 03:59:59.999000+00:00
2024-09-30 04:00:00+00:00,12.262,12.341,12.179,12.269,1252188.7,2024-09-30 07:59:59.999000+00:00
2024-09-30 08:00:00+00:00,12.268,12.282,11.988,12.079,2210830.36,2024-09-30 11:59:59.999000+00:00
2024-09-30 12:00:00+00:00,12.079,12.188,11.91,11.924,2163128.47,2024-09-30 15:59:59.999000+00:00
2024-09-30 16:00:00+00:00,11.923,12.009,11.874,11.965,1635192.73,2024-09-30 19:59:59.999000+00:00
2024-09-30 20:00:00+00:00,11.966,12.045,11.743,11.843,1894326.57,2024-09-30 23:59:59.999000+00:00
2024-10-01 00:00:00+00:00,11.843,12.129,11.781,12.101,1662145.99,2024-10-01 03:59:59.999000+00:00
2024-10-01 04:00:00+00:00,12.102,12.248,12.083,12.21,1379534.13,2024-10-01 07:59:59.999000+00:00
2024-10-01 08:00:00+00:00,12.21,12.236,12.126,12.151,1081000.79,2024-10-01 11:59:59.999000+00:00
2024-10-01 12:00:00+00:00,12.152,12.17,11.161,11.424,5955592.76,2024-10-01 15:59:59.999000+00:00
2024-10-01 16:00:00+00:00,11.425,11.471,10.833,11.045,6818167.28,2024-10-01 19:59:59.999000+00:00
2024-10-01 20:00:00+00:00,11.047,11.097,10.882,11.008,2751587.12,2024-10-01 23:59:59.999000+00:00
2024-10-02 00:00:00+00:00,11.008,11.245,10.962,11.209,1649597.25,2024-10-02 03:59:59.999000+00:00
2024-10-02 04:00:00+00:00,11.209,11.309,11.127,11.238,1205791.61,2024-10-02 07:59:59.999000+00:00
2024-10-02 08:00:00+00:00,11.237,11.258,10.978,11.06,2198610.85,2024-10-02 11:59:59.999000+00:00
2024-10-02 12:00:00+00:00,11.06,11.077,10.776,10.923,3871268.17,2024-10-02 15:59:59.999000+00:00
2024-10-02 16:00:00+00:00,10.923,11.044,10.446,10.596,4426827.13,2024-10-02 19:59:59.999000+00:00
2024-10-02 20:00:00+00:00,10.595,10.679,10.451,10.647,2103128.66,2024-10-02 23:59:59.999000+00:00
2024-10-03 00:00:00+00:00,10.646,10.837,10.582,10.835,1791947.55,2024-10-03 03:59:59.999000+00:00
2024-10-03 04:00:00+00:00,10.835,10.862,10.605,10.629,1456065.63,2024-10-03 07:59:59.999000+00:00
2024-10-03 08:00:00+00:00,10.629,10.679,10.332,10.527,3140932.78,2024-10-03 11:59:59.999000+00:00
2024-10-03 12:00:00+00:00,10.528,10.64,10.337,10.528,4282944.1,2024-10-03 15:59:59.999000+00:00
2024-10-03 16:00:00+00:00,10.529,10.651,10.375,10.647,2719692.02,2024-10-03 19:59:59.999000+00:00
2024-10-03 20:00:00+00:00,10.646,10.686,10.538,10.651,1341702.89,2024-10-03 23:59:59.999000+00:00
2024-10-04 00:00:00+00:00,10.651,10.798,10.589,10.74,1613504.65,2024-10-04 03:59:59.999000+00:00
2024-10-04 04:00:00+00:00,10.739,10.986,10.73,10.966,1263091.45,2024-10-04 07:59:59.999000+00:00
2024-10-04 08:00:00+00:00,10.966,11.063,10.918,10.981,1301453.56,2024-10-04 11:59:59.999000+00:00
2024-10-04 12:00:00+00:00,10.98,11.161,10.88,11.16,2919977.88,2024-10-04 15:59:59.999000+00:00
2024-10-04 16:00:00+00:00,11.161,11.246,11.066,11.131,1707878.14,2024-10-04 19:59:59.999000+00:00
2024-10-04 20:00:00+00:00,11.133,11.138,11.031,11.069,852144.02,2024-10-04 23:59:59.999000+00:00
2024-10-05 00:00:00+00:00,11.07,11.147,10.979,11.041,955785.09,2024-10-05 03:59:59.999000+00:00
2024-10-05 04:00:00+00:00,11.041,11.24,11.031,11.207,1071951.94,2024-10-05 07:59:59.999000+00:00
2024-10-05 08:00:00+00:00,11.208,11.376,11.208,11.301,1212022.16,2024-10-05 11:59:59.999000+00:00
2024-10-05 12:00:00+00:00,11.302,11.371,11.231,11.349,1147042.7,2024-10-05 15:59:59.999000+00:00
2024-10-05 16:00:00+00:00,11.35,11.358,11.149,11.152,1249586.9,2024-10-05 19:59:59.999000+00:00
2024-10-05 20:00:00+00:00,11.152,11.276,11.073,11.26,1005112.48,2024-10-05 23:59:59.999000+00:00
2024-10-06 00:00:00+00:00,11.261,11.314,11.184,11.256,856297.67,2024-10-06 03:59:59.999000+00:00
2024-10-06 04:00:00+00:00,11.255,11.399,11.224,11.323,1158594.4,2024-10-06 07:59:59.999000+00:00
2024-10-06 08:00:00+00:00,11.322,11.343,11.216,11.253,809862.69,2024-10-06 11:59:59.999000+00:00
2024-10-06 12:00:00+00:00,11.253,11.372,11.183,11.296,1806866.96,2024-10-06 15:59:59.999000+00:00
2024-10-06 16:00:00+00:00,11.296,11.358,11.191,11.198,1389121.91,2024-10-06 19:59:59.999000+00:00
2024-10-06 20:00:00+00:00,11.197,11.312,11.152,11.274,1115576.09,2024-10-06 23:59:59.999000+00:00
2024-10-07 00:00:00+00:00,11.273,11.61,11.214,11.602,2398539.98,2024-10-07 03:59:59.999000+00:00
2024-10-07 04:00:00+00:00,11.601,11.67,11.523,11.544,1296021.81,2024-10-07 07:59:59.999000+00:00
2024-10-07 08:00:00+00:00,11.544,11.6,11.24,11.427,2198812.55,2024-10-07 11:59:59.999000+00:00
2024-10-07 12:00:00+00:00,11.428,11.759,11.328,11.518,2882670.42,2024-10-07 15:59:59.999000+00:00
2024-10-07 16:00:00+00:00,11.518,11.594,11.203,11.348,2297952.75,2024-10-07 19:59:59.999000+00:00
2024-10-07 20:00:00+00:00,11.349,11.375,11.114,11.152,1634931.5,2024-10-07 23:59:59.999000+00:00
2024-10-08 00:00:00+00:00,11.152,11.289,11.143,11.212,1221394.91,2024-10-08 03:59:59.999000+00:00
2024-10-08 04:00:00+00:00,11.212,11.247,10.958,11.019,1704016.12,2024-10-08 07:59:59.999000+00:00
2024-10-08 08:00:00+00:00,11.019,11.173,10.976,11.168,1365820.65,2024-10-08 11:59:59.999000+00:00
2024-10-08 12:00:00+00:00,11.169,11.192,10.859,10.931,2873681.84,2024-10-08 15:59:59.999000+00:00
2024-10-08 16:00:00+00:00,10.932,11.046,10.818,10.897,1646754.59,2024-10-08 19:59:59.999000+00:00
2024-10-08 20:00:00+00:00,10.897,10.978,10.785,10.828,891816.28,2024-10-08 23:59:59.999000+00:00
2024-10-09 00:00:00+00:00,10.828,10.97,10.755,10.862,1472730.7,2024-10-09 03:59:59.999000+00:00
2024-10-09 04:00:00+00:00,10.862,10.915,10.755,10.781,1331800.18,2024-10-09 07:59:59.999000+00:00
2024-10-09 08:00:00+00:00,10.781,10.808,10.659,10.669,1342735.33,2024-10-09 11:59:59.999000+00:00
2024-10-09 12:00:00+00:00,10.669,10.744,10.55,10.707,2614511.66,2024-10-09 15:59:59.999000+00:00
2024-10-09 16:00:00+00:00,10.708,10.718,10.542,10.597,1798052.02,2024-10-09 19:59:59.999000+00:00
2024-10-09 20:00:00+00:00,10.596,10.596,10.406,10.53,1728277.29,2024-10-09 23:59:59.999000+00:00
2024-10-10 00:00:00+00:00,10.53,10.638,10.497,10.622,951668.52,2024-10-10 03:59:59.999000+00:00
2024-10-10 04:00:00+00:00,10.623,10.735,10.619,10.624,1428603.0,2024-10-10 07:59:59.999000+00:00
2024-10-10 08:00:00+00:00,10.625,10.664,10.5,10.651,1354672.72,2024-10-10 11:59:59.999000+00:00
2024-10-10 12:00:00+00:00,10.65,10.666,10.389,10.628,2741919.38,2024-10-10 15:59:59.999000+00:00
2024-10-10 16:00:00+00:00,10.628,10.666,10.243,10.459,3367362.54,2024-10-10 19:59:59.999000+00:00
2024-10-10 20:00:00+00:00,10.459,10.563,10.411,10.553,1211968.96,2024-10-10 23:59:59.999000+00:00
2024-10-11 00:00:00+00:00,10.552,10.653,10.492,10.618,1078222.89,2024-10-11 03:59:59.999000+00:00
2024-10-11 04:00:00+00:00,10.618,10.685,10.585,10.65,1032025.96,2024-10-11 07:59:59.999000+00:00
2024-10-11 08:00:00+00:00,10.65,10.739,10.646,10.68,1042110.38,2024-10-11 11:59:59.999000+00:00
2024-10-11 12:00:00+00:00,10.68,10.896,10.613,10.855,2952253.89,2024-10-11 15:59:59.999000+00:00
2024-10-11 16:00:00+00:00,10.855,10.994,10.833,10.953,1624511.83,2024-10-11 19:59:59.999000+00:00
2024-10-11 20:00:00+00:00,10.952,11.023,10.878,10.901,1023174.09,2024-10-11 23:59:59.999000+00:00
2024-10-12 00:00:00+00:00,10.902,11.013,10.829,10.866,1031005.98,2024-10-12 03:59:59.999000+00:00
2024-10-12 04:00:00+00:00,10.867,10.983,10.866,10.979,813089.24,2024-10-12 07:59:59.999000+00:00
2024-10-12 08:00:00+00:00,10.98,11.129,10.965,11.054,1482921.79,2024-10-12 11:59:59.999000+00:00
2024-10-12 12:00:00+00:00,11.054,11.144,11.025,11.082,1425904.78,2024-10-12 15:59:59.999000+00:00
2024-10-12 16:00:00+00:00,11.082,11.144,10.988,11.019,967375.83,2024-10-12 19:59:59.999000+00:00
2024-10-12 20:00:00+00:00,11.018,11.094,10.994,10.999,779564.25,2024-10-12 23:59:59.999000+00:00
2024-10-13 00:00:00+00:00,10.998,11.042,10.929,10.94,1094917.69,2024-10-13 03:59:59.999000+00:00
2024-10-13 04:00:00+00:00,10.94,11.079,10.935,10.973,706736.96,2024-10-13 07:59:59.999000+00:00
2024-10-13 08:00:00+00:00,10.974,11.038,10.876,10.882,1119723.62,2024-10-13 11:59:59.999000+00:00
2024-10-13 12:00:00+00:00,10.881,10.959,10.632,10.682,1889203.89,2024-10-13 15:59:59.999000+00:00
2024-10-13 16:00:00+00:00,10.681,10.768,10.621,10.711,1415262.16,2024-10-13 19:59:59.999000+00:00
2024-10-13 20:00:00+00:00,10.711,10.835,10.682,10.746,1205912.66,2024-10-13 23:59:59.999000+00:00
2024-10-14 00:00:00+00:00,10.746,11.039,10.6,11.011,2384421.53,2024-10-14 03:59:59.999000+00:00
2024-10-14 04:00:00+00:00,11.012,11.045,10.845,11.018,2219988.81,2024-10-14 07:59:59.999000+00:00
2024-10-14 08:00:00+00:00,11.018,11.056,10.892,11.006,1673284.22,2024-10-14 11:59:59.999000+00:00
2024-10-14 12:00:00+00:00,11.006,11.282,10.974,11.258,3258797.84,2024-10-14 15:59:59.999000+00:00
2024-10-14 16:00:00+00:00,11.258,11.333,11.175,11.228,1667579.37,2024-10-14 19:59:59.999000+00:00
2024-10-14 20:00:00+00:00,11.227,11.345,11.183,11.28,1131767.28,2024-10-14 23:59:59.999000+00:00
2024-10-15 00:00:00+00:00,11.281,11.534,11.252,11.462,2436182.95,2024-10-15 03:59:59.999000+00:00
2024-10-15 04:00:00+00:00,11.462,11.59,11.351,11.494,2669962.92,2024-10-15 07:59:59.999000+00:00
2024-10-15 08:00:00+00:00,11.495,11.599,11.327,11.371,3153342.57,2024-10-15 11:59:59.999000+00:00
2024-10-15 12:00:00+00:00,11.371,11.699,10.933,11.136,7934841.65,2024-10-15 15:59:59.999000+00:00
2024-10-15 16:00:00+00:00,11.137,11.43,11.112,11.294,2642544.74,2024-10-15 19:59:59.999000+00:00
2024-10-15 20:00:00+00:00,11.294,11.461,11.113,11.458,1846065.91,2024-10-15 23:59:59.999000+00:00
2024-10-16 00:00:00+00:00,11.459,11.474,11.256,11.291,1755488.64,2024-10-16 03:59:59.999000+00:00
2024-10-16 04:00:00+00:00,11.291,11.348,11.146,11.177,1414771.43,2024-10-16 07:59:59.999000+00:00
2024-10-16 08:00:00+00:00,11.177,11.535,11.163,11.451,2267622.69,2024-10-16 11:59:59.999000+00:00
2024-10-16 12:00:00+00:00,11.452,11.527,11.101,11.161,3399773.08,2024-10-16 15:59:59.999000+00:00
2024-10-16 16:00:00+00:00,11.16,11.238,11.066,11.147,1651254.9,2024-10-16 19:59:59.999000+00:00
2024-10-16 20:00:00+00:00,11.147,11.363,11.137,11.242,1249404.2,2024-10-16 23:59:59.999000+00:00
2024-10-17 00:00:00+00:00,11.242,11.35,11.18,11.334,1097564.24,2024-10-17 03:59:59.999000+00:00
2024-10-17 04:00:00+00:00,11.333,11.35,11.079,11.156,1388180.72,2024-10-17 07:59:59.999000+00:00
2024-10-17 08:00:00+00:00,11.156,11.174,10.922,10.941,2162625.89,2024-10-17 11:59:59.999000+00:00
2024-10-17 12:00:00+00:00,10.941,11.14,10.913,11.109,2276624.15,2024-10-17 15:59:59.999000+00:00
2024-10-17 16:00:00+00:00,11.109,11.111,10.844,11.0,2162162.51,2024-10-17 19:59:59.999000+00:00
2024-10-17 20:00:00+00:00,11.001,11.076,10.991,11.027,934486.46,2024-10-17 23:59:59.999000+00:00
2024-10-18 00:00:00+00:00,11.027,11.28,10.978,11.164,1978342.91,2024-10-18 03:59:59.999000+00:00
2024-10-18 04:00:00+00:00,11.164,11.429,11.15,11.421,1478548.89,2024-10-18 07:59:59.999000+00:00
2024-10-18 08:00:00+00:00,11.421,11.494,11.348,11.373,1724603.51,2024-10-18 11:59:59.999000+00:00
2024-10-18 12:00:00+00:00,11.373,11.484,11.309,11.457,2234742.01,2024-10-18 15:59:59.999000+00:00
2024-10-18 16:00:00+00:00,11.458,11.508,11.333,11.418,1498835.97,2024-10-18 19:59:59.999000+00:00
2024-10-18 20:00:00+00:00,11.419,11.488,11.369,11.482,823899.89,2024-10-18 23:59:59.999000+00:00
2024-10-19 00:00:00+00:00,11.481,11.605,11.472,11.489,1320949.81,2024-10-19 03:59:59.999000+00:00
2024-10-19 04:00:00+00:00,11.488,11.516,11.381,11.392,993226.74,2024-10-19 07:59:59.999000+00:00
2024-10-19 08:00:00+00:00,11.391,11.406,11.293,11.303,939210.24,2024-10-19 11:59:59.999000+00:00
2024-10-19 12:00:00+00:00,11.303,11.413,11.3,11.38,877826.7,2024-10-19 15:59:59.999000+00:00
2024-10-19 16:00:00+00:00,11.379,11.412,11.3,11.357,654774.23,2024-10-19 19:59:59.999000+00:00
2024-10-19 20:00:00+00:00,11.357,11.453,11.337,11.418,642045.7,2024-10-19 23:59:59.999000+00:00
2024-10-20 00:00:00+00:00,11.417,11.452,11.277,11.329,860483.4,2024-10-20 03:59:59.999000+00:00
2024-10-20 04:00:00+00:00,11.329,11.399,11.293,11.375,684969.49,2024-10-20 07:59:59.999000+00:00
2024-10-20 08:00:00+00:00,11.374,11.688,11.372,11.674,1691400.84,2024-10-20 11:59:59.999000+00:00
2024-10-20 12:00:00+00:00,11.674,11.925,11.595,11.889,3597428.71,2024-10-20 15:59:59.999000+00:00
2024-10-20 16:00:00+00:00,11.889,12.017,11.825,11.833,1949530.75,2024-10-20 19:59:59.999000+00:00
2024-10-20 20:00:00+00:00,11.832,12.042,11.812,11.977,1544042.61,2024-10-20 23:59:59.999000+00:00
2024-10-21 00:00:00+00:00,11.976,12.036,11.786,11.892,1667112.78,2024-10-21 03:59:59.999000+00:00
2024-10-21 04:00:00+00:00,11.892,12.023,11.842,11.911,1433093.54,2024-10-21 07:59:59.999000+00:00
2024-10-21 08:00:00+00:00,11.912,11.975,11.725,11.74,2015234.16,2024-10-21 11:59:59.999000+00:00
2024-10-21 12:00:00+00:00,11.741,11.765,11.545,11.671,2550014.71,2024-10-21 15:59:59.999000+00:00
2024-10-21 16:00:00+00:00,11.671,11.807,11.57,11.784,1320425.86,2024-10-21 19:59:59.999000+00:00
2024-10-21 20:00:00+00:00,11.785,11.832,11.692,11.711,827244.47,2024-10-21 23:59:59.999000+00:00
2024-10-22 00:00:00+00:00,11.71,11.925,11.589,11.88,2086730.0,2024-10-22 03:59:59.999000+00:00
2024-10-22 04:00:00+00:00,11.882,12.2,11.833,12.11,2504552.41,2024-10-22 07:59:59.999000+00:00
2024-10-22 08:00:00+00:00,12.11,12.279,11.875,12.183,5540924.52,2024-10-22 11:59:59.999000+00:00
2024-10-22 12:00:00+00:00,12.183,12.341,12.034,12.143,4691197.72,2024-10-22 15:59:59.999000+00:00
2024-10-22 16:00:00+00:00,12.143,12.147,11.93,12.009,2412421.89,2024-10-22 19:59:59.999000+00:00
2024-10-22 20:00:00+00:00,12.009,12.132,11.948,11.976,1296047.41,2024-10-22 23:59:59.999000+00:00
2024-10-23 00:00:00+00:00,11.976,12.004,11.723,11.782,1906444.08,2024-10-23 03:59:59.999000+00:00
2024-10-23 04:00:00+00:00,11.781,11.817,11.605,11.608,1675418.3,2024-10-23 07:59:59.999000+00:00
2024-10-23 08:00:00+00:00,11.607,11.659,11.362,11.388,2716673.3,2024-10-23 11:59:59.999000+00:00
2024-10-23 12:00:00+00:00,11.388,11.462,11.239,11.316,2951161.88,2024-10-23 15:59:59.999000+00:00
2024-10-23 16:00:00+00:00,11.317,11.332,10.995,11.232,3620969.86,2024-10-23 19:59:59.999000+00:00
2024-10-23 20:00:00+00:00,11.233,11.346,11.196,11.321,1493402.74,2024-10-23 23:59:59.999000+00:00
2024-10-24 00:00:00+00:00,11.321,11.539,11.28,11.378,1688688.3,2024-10-24 03:59:59.999000+00:00
2024-10-24 04:00:00+00:00,11.378,11.484,11.268,11.284,1512301.55,2024-10-24 07:59:59.999000+00:00
2024-10-24 08:00:00+00:00,11.284,11.414,11.218,11.394,1956687.99,2024-10-24 11:59:59.999000+00:00
2024-10-24 12:00:00+00:00,11.394,11.514,11.381,11.432,2007902.38,2024-10-24 15:59:59.999000+00:00
2024-10-24 16:00:00+00:00,11.432,11.518,11.359,11.514,1004880.66,2024-10-24 19:59:59.999000+00:00
2024-10-24 20:00:00+00:00,11.514,11.642,11.483,11.615,1146270.15,2024-10-24 23:59:59.999000+00:00
2024-10-25 00:00:00+00:00,11.616,12.093,11.609,11.894,3918751.13,2024-10-25 03:59:59.999000+00:00
2024-10-25 04:00:00+00:00,11.893,11.931,11.656,11.691,3167347.73,2024-10-25 07:59:59.999000+00:00
2024-10-25 08:00:00+00:00,11.691,11.881,11.571,11.819,2467924.3,2024-10-25 11:59:59.999000+00:00
2024-10-25 12:00:00+00:00,11.819,12.004,11.738,11.822,3333919.61,2024-10-25 15:59:59.999000+00:00
2024-10-25 16:00:00+00:00,11.821,11.928,11.342,11.601,5199231.57,2024-10-25 19:59:59.999000+00:00
2024-10-25 20:00:00+00:00,11.6,11.777,10.793,11.128,6196575.01,2024-10-25 23:59:59.999000+00:00
2024-10-26 00:00:00+00:00,11.127,11.392,10.953,11.332,4312544.86,2024-10-26 03:59:59.999000+00:00
2024-10-26 04:00:00+00:00,11.329,11.384,11.08,11.089,2231555.94,2024-10-26 07:59:59.999000+00:00
2024-10-26 08:00:00+00:00,11.089,11.22,11.064,11.089,1880329.95,2024-10-26 11:59:59.999000+00:00
2024-10-26 12:00:00+00:00,11.088,11.124,10.812,10.849,3632442.66,2024-10-26 15:59:59.999000+00:00
2024-10-26 16:00:00+00:00,10.849,11.031,10.817,10.971,1804951.61,2024-10-26 19:59:59.999000+00:00
2024-10-26 20:00:00+00:00,10.971,11.098,10.96,11.002,1172107.1,2024-10-26 23:59:59.999000+00:00
2024-10-27 00:00:00+00:00,11.001,11.054,10.893,11.039,1218725.57,2024-10-27 03:59:59.999000+00:00
2024-10-27 04:00:00+00:00,11.04,11.05,10.916,10.934,828771.68,2024-10-27 07:59:59.999000+00:00
2024-10-27 08:00:00+00:00,10.933,10.98,10.837,10.886,1434602.38,2024-10-27 11:59:59.999000+00:00
2024-10-27 12:00:00+00:00,10.885,11.119,10.866,11.104,1806652.31,2024-10-27 15:59:59.999000+00:00
2024-10-27 16:00:00+00:00,11.104,11.175,10.885,10.963,2026936.56,2024-10-27 19:59:59.999000+00:00
2024-10-27 20:00:00+00:00,10.963,11.115,10.928,10.977,1373272.22,2024-10-27 23:59:59.999000+00:00
2024-10-28 00:00:00+00:00,10.976,11.018,10.755,10.776,1961417.77,2024-10-28 03:59:59.999000+00:00
2024-10-28 04:00:00+00:00,10.776,11.027,10.701,10.967,2456137.91,2024-10-28 07:59:59.999000+00:00
2024-10-28 08:00:00+00:00,10.968,11.159,10.947,11.107,1770480.57,2024-10-28 11:59:59.999000+00:00
2024-10-28 12:00:00+00:00,11.107,11.187,10.808,10.812,3517642.83,2024-10-28 15:59:59.999000+00:00
2024-10-28 16:00:00+00:00,10.811,11.071,10.731,10.988,2959429.91,2024-10-28 19:59:59.999000+00:00
2024-10-28 20:00:00+00:00,11.039,11.258,11.014,11.179,1412301.45,2024-10-28 23:59:59.999000+00:00
2024-10-29 00:00:00+00:00,11.178,11.482,11.143,11.418,2558124.73,2024-10-29 03:59:59.999000+00:00
2024-10-29 04:00:00+00:00,11.417,11.535,11.406,11.484,1550271.71,2024-10-29 07:59:59.999000+00:00
2024-10-29 08:00:00+00:00,11.485,11.579,11.457,11.487,1405724.67,2024-10-29 11:59:59.999000+00:00
2024-10-29 12:00:00+00:00,11.486,11.558,11.402,11.55,1878860.83,2024-10-29 15:59:59.999000+00:00
2024-10-29 16:00:00+00:00,11.55,11.736,11.477,11.542,2777432.38,2024-10-29 19:59:59.999000+00:00
2024-10-29 20:00:00+00:00,11.543,11.81,11.462,11.798,2174757.9,2024-10-29 23:59:59.999000+00:00
2024-10-30 00:00:00+00:00,11.798,12.019,11.651,11.999,2464260.34,2024-10-30 03:59:59.999000+00:00
2024-10-30 04:00:00+00:00,11.999,12.158,11.934,11.967,2193792.94,2024-10-30 07:59:59.999000+00:00
2024-10-30 08:00:00+00:00,11.967,12.125,11.869,11.963,2682576.15,2024-10-30 11:59:59.999000+00:00
2024-10-30 12:00:00+00:00,11.963,12.388,11.92,12.22,5439542.71,2024-10-30 15:59:59.999000+00:00
2024-10-30 16:00:00+00:00,12.22,12.314,12.151,12.248,2252738.89,2024-10-30 19:59:59.999000+00:00
2024-10-30 20:00:00+00:00,12.248,12.459,12.096,12.396,2994316.07,2024-10-30 23:59:59.999000+00:00
2024-10-31 00:00:00+00:00,12.396,12.468,12.209,12.412,2435153.23,2024-10-31 03:59:59.999000+00:00
2024-10-31 04:00:00+00:00,12.412,12.413,12.107,12.197,2082793.19,2024-10-31 07:59:59.999000+00:00
2024-10-31 08:00:00+00:00,12.197,12.204,12.012,12.137,2140476.32,2024-10-31 11:59:59.999000+00:00
2024-10-31 12:00:00+00:00,12.137,12.175,11.723,11.788,5010422.77,2024-10-31 15:59:59.999000+00:00
2024-10-31 16:00:00+00:00,11.787,11.793,11.384,11.408,3198557.84,2024-10-31 19:59:59.999000+00:00
2024-10-31 20:00:00+00:00,11.404,11.545,11.319,11.419,2388314.6,2024-10-31 23:59:59.999000+00:00
2024-11-01 00:00:00+00:00,11.419,11.499,11.21,11.392,3038173.4,2024-11-01 03:59:59.999000+00:00
2024-11-01 04:00:00+00:00,11.392,11.507,11.25,11.314,1865894.04,2024-11-01 07:59:59.999000+00:00
2024-11-01 08:00:00+00:00,11.314,11.399,11.256,11.324,2223685.46,2024-11-01 11:59:59.999000+00:00
2024-11-01 12:00:00+00:00,11.324,11.722,11.182,11.321,6471574.7,2024-11-01 15:59:59.999000+00:00
2024-11-01 16:00:00+00:00,11.321,11.575,11.276,11.342,3470060.12,2024-11-01 19:59:59.999000+00:00
2024-11-01 20:00:00+00:00,11.343,11.392,11.133,11.248,1708332.18,2024-11-01 23:59:59.999000+00:00
2024-11-02 00:00:00+00:00,11.248,11.398,11.24,11.29,1067827.74,2024-11-02 03:59:59.999000+00:00
2024-11-02 04:00:00+00:00,11.289,11.318,11.18,11.253,1161761.34,2024-11-02 07:59:59.999000+00:00
2024-11-02 08:00:00+00:00,11.253,11.269,11.14,11.179,1311431.12,2024-11-02 11:59:59.999000+00:00
2024-11-02 12:00:00+00:00,11.179,11.218,11.067,11.173,2793151.26,2024-11-02 15:59:59.999000+00:00
2024-11-02 16:00:00+00:00,11.174,11.238,11.068,11.184,1813804.49,2024-11-02 19:59:59.999000+00:00
2024-11-02 20:00:00+00:00,11.184,11.268,11.124,11.185,891837.02,2024-11-02 23:59:59.999000+00:00
2024-11-03 00:00:00+00:00,11.184,11.227,10.817,10.942,3340382.81,2024-11-03 03:59:59.999000+00:00
2024-11-03 04:00:00+00:00,10.941,11.053,10.913,10.982,1134828.57,2024-11-03 07:59:59.999000+00:00
2024-11-03 08:00:00+00:00,10.982,11.042,10.893,10.913,1377862.71,2024-11-03 11:59:59.999000+00:00
2024-11-03 12:00:00+00:00,10.913,10.95,10.523,10.698,3928432.09,2024-11-03 15:59:59.999000+00:00
2024-11-03 16:00:00+00:00,10.697,10.772,10.502,10.719,2226234.84,2024-11-03 19:59:59.999000+00:00
2024-11-03 20:00:00+00:00,10.718,10.836,10.655,10.752,1568939.82,2024-11-03 23:59:59.999000+00:00
2024-11-04 00:00:00+00:00,10.752,10.904,10.593,10.788,1895061.55,2024-11-04 03:59:59.999000+00:00
2024-11-04 04:00:00+00:00,10.788,10.862,10.616,10.621,1323598.38,2024-11-04 07:59:59.999000+00:00
2024-11-04 08:00:00+00:00,10.621,10.712,10.517,10.639,2103384.37,2024-11-04 11:59:59.999000+00:00
2024-11-04 12:00:00+00:00,10.638,10.714,10.358,10.388,3298941.55,2024-11-04 15:59:59.999000+00:00
2024-11-04 16:00:00+00:00,10.388,10.434,10.224,10.353,3798960.66,2024-11-04 19:59:59.999000+00:00
2024-11-04 20:00:00+00:00,10.352,10.372,10.06,10.248,3370801.95,2024-11-04 23:59:59.999000+00:00
2024-11-05 00:00:00+00:00,10.249,10.416,10.172,10.414,1779080.02,2024-11-05 03:59:59.999000+00:00
2024-11-05 04:00:00+00:00,10.414,10.514,10.406,10.501,1285434.2,2024-11-05 07:59:59.999000+00:00
2024-11-05 08:00:00+00:00,10.502,10.622,10.484,10.595,1301439.93,2024-11-05 11:59:59.999000+00:00
2024-11-05 12:00:00+00:00,10.595,10.894,10.555,10.776,3549052.53,2024-11-05 15:59:59.999000+00:00
2024-11-05 16:00:00+00:00,10.776,10.936,10.606,10.649,2875099.33,2024-11-05 19:59:59.999000+00:00
2024-11-05 20:00:00+00:00,10.65,10.906,10.612,10.829,2045897.09,2024-11-05 23:59:59.999000+00:00
2024-11-06 00:00:00+00:00,10.829,11.772,10.792,11.692,5467612.68,2024-11-06 03:59:59.999000+00:00
2024-11-06 04:00:00+00:00,11.692,11.961,11.573,11.753,5251127.31,2024-11-06 07:59:59.999000+00:00
2024-11-06 08:00:00+00:00,11.753,11.902,11.548,11.834,4160502.79,2024-11-06 11:59:59.999000+00:00
2024-11-06 12:00:00+00:00,11.834,11.899,11.663,11.808,3015542.07,2024-11-06 15:59:59.999000+00:00
2024-11-06 16:00:00+00:00,11.808,11.974,11.798,11.969,2350956.68,2024-11-06 19:59:59.999000+00:00
2024-11-06 20:00:00+00:00,11.968,12.319,11.929,12.175,2797580.82,2024-11-06 23:59:59.999000+00:00
2024-11-07 00:00:00+00:00,12.174,12.716,12.07,12.559,3976844.22,2024-11-07 03:59:59.999000+00:00
2024-11-07 04:00:00+00:00,12.559,12.575,12.204,12.308,3914993.25,2024-11-07 07:59:59.999000+00:00
2024-11-07 08:00:00+00:00,12.308,12.408,12.222,12.231,1598259.08,2024-11-07 11:59:59.999000+00:00
2024-11-07 12:00:00+00:00,12.232,12.46,12.127,12.456,2312139.29,2024-11-07 15:59:59.999000+00:00
2024-11-07 16:00:00+00:00,12.455,12.588,12.316,12.569,2947766.85,2024-11-07 19:59:59.999000+00:00
2024-11-07 20:00:00+00:00,12.568,12.685,12.457,12.595,1967426.75,2024-11-07 23:59:59.999000+00:00
2024-11-08 00:00:00+00:00,12.595,12.829,12.527,12.633,2046090.84,2024-11-08 03:59:59.999000+00:00
2024-11-08 04:00:00+00:00,12.633,12.872,12.633,12.827,2162845.42,2024-11-08 07:59:59.999000+00:00
2024-11-08 08:00:00+00:00,12.827,13.022,12.677,13.001,2833845.39,2024-11-08 11:59:59.999000+00:00
2024-11-08 12:00:00+00:00,13.001,13.416,12.997,13.279,7093736.29,2024-11-08 15:59:59.999000+00:00
2024-11-08 16:00:00+00:00,13.278,13.59,12.982,13.516,5308007.02,2024-11-08 19:59:59.999000+00:00
2024-11-08 20:00:00+00:00,13.517,13.757,13.345,13.696,3768432.46,2024-11-08 23:59:59.999000+00:00
2024-11-09 00:00:00+00:00,13.696,13.697,13.281,13.352,2738934.42,2024-11-09 03:59:59.999000+00:00
2024-11-09 04:00:00+00:00,13.352,13.741,13.343,13.504,2684428.09,2024-11-09 07:59:59.999000+00:00
2024-11-09 08:00:00+00:00,13.504,13.65,13.444,13.615,1884528.21,2024-11-09 11:59:59.999000+00:00
2024-11-09 12:00:00+00:00,13.614,13.643,13.293,13.528,3905402.48,2024-11-09 15:59:59.999000+00:00
2024-11-09 16:00:00+00:00,13.529,13.705,13.3,13.551,2068385.73,2024-11-09 19:59:59.999000+00:00
2024-11-09 20:00:00+00:00,13.551,13.855,13.464,13.782,2423844.04,2024-11-09 23:59:59.999000+00:00
2024-11-10 00:00:00+00:00,13.781,14.073,13.689,13.934,3718159.71,2024-11-10 03:59:59.999000+00:00
2024-11-10 04:00:00+00:00,13.933,14.619,13.91,14.498,6987114.3,2024-11-10 07:59:59.999000+00:00
2024-11-10 08:00:00+00:00,14.499,14.648,14.392,14.576,2992975.87,2024-11-10 11:59:59.999000+00:00
2024-11-10 12:00:00+00:00,14.576,14.769,14.436,14.598,4719983.05,2024-11-10 15:59:59.999000+00:00
2024-11-10 16:00:00+00:00,14.597,14.877,14.264,14.42,5008595.77,2024-11-10 19:59:59.999000+00:00
2024-11-10 20:00:00+00:00,14.42,14.517,13.657,14.271,5921907.55,2024-11-10 23:59:59.999000+00:00
2024-11-11 00:00:00+00:00,14.271,14.566,14.226,14.434,2686677.13,2024-11-11 03:59:59.999000+00:00
2024-11-11 04:00:00+00:00,14.434,14.442,13.618,13.804,4941367.24,2024-11-11 07:59:59.999000+00:00
2024-11-11 08:00:00+00:00,13.805,14.193,13.783,14.134,2881167.12,2024-11-11 11:59:59.999000+00:00
2024-11-11 12:00:00+00:00,14.134,14.475,13.816,14.321,5195872.4,2024-11-11 15:59:59.999000+00:00
2024-11-11 16:00:00+00:00,14.321,14.78,14.307,14.576,5355946.75,2024-11-11 19:59:59.999000+00:00
2024-11-11 20:00:00+00:00,14.575,14.953,14.299,14.93,4764676.0,2024-11-11 23:59:59.999000+00:00
2024-11-12 00:00:00+00:00,14.93,14.944,14.31,14.796,4358445.14,2024-11-12 03:59:59.999000+00:00
2024-11-12 04:00:00+00:00,14.794,14.925,14.563,14.848,3421403.6,2024-11-12 07:59:59.999000+00:00
2024-11-12 08:00:00+00:00,14.848,15.366,13.808,14.209,11947616.99,2024-11-12 11:59:59.999000+00:00
2024-11-12 12:00:00+00:00,14.208,14.352,13.68,13.956,6780353.93,2024-11-12 15:59:59.999000+00:00
2024-11-12 16:00:00+00:00,13.956,14.247,13.694,14.146,3571739.79,2024-11-12 19:59:59.999000+00:00
2024-11-12 20:00:00+00:00,14.146,14.302,13.916,13.96,2891733.92,2024-11-12 23:59:59.999000+00:00
2024-11-13 00:00:00+00:00,13.96,14.124,13.38,13.414,4415693.53,2024-11-13 03:59:59.999000+00:00
2024-11-13 04:00:00+00:00,13.415,13.649,13.07,13.389,4774749.48,2024-11-13 07:59:59.999000+00:00
2024-11-13 08:00:00+00:00,13.39,13.596,13.244,13.496,2863898.76,2024-11-13 11:59:59.999000+00:00
2024-11-13 12:00:00+00:00,13.494,14.391,13.33,14.237,7243837.18,2024-11-13 15:59:59.999000+00:00
2024-11-13 16:00:00+00:00,14.237,14.361,13.28,13.305,6456380.12,2024-11-13 19:59:59.999000+00:00
2024-11-13 20:00:00+00:00,13.305,13.552,13.058,13.491,4568944.06,2024-11-13 23:59:59.999000+00:00
2024-11-14 00:00:00+00:00,13.491,13.533,13.194,13.492,2210145.1,2024-11-14 03:59:59.999000+00:00
2024-11-14 04:00:00+00:00,13.492,13.838,13.381,13.632,3191458.85,2024-11-14 07:59:59.999000+00:00
2024-11-14 08:00:00+00:00,13.632,13.665,13.144,13.291,3152264.38,2024-11-14 11:59:59.999000+00:00
2024-11-14 12:00:00+00:00,13.291,13.556,12.875,12.963,7045525.13,2024-11-14 15:59:59.999000+00:00
2024-11-14 16:00:00+00:00,12.963,13.381,12.887,13.303,2873793.69,2024-11-14 19:59:59.999000+00:00
2024-11-14 20:00:00+00:00,13.302,13.366,12.802,13.005,3867456.63,2024-11-14 23:59:59.999000+00:00
2024-11-15 00:00:00+00:00,13.005,13.182,12.835,13.108,2806725.91,2024-11-15 03:59:59.999000+00:00
2024-11-15 04:00:00+00:00,13.107,13.302,12.71,13.133,3291581.99,2024-11-15 07:59:59.999000+00:00
2024-11-15 08:00:00+00:00,13.134,13.561,13.035,13.497,2898055.47,2024-11-15 11:59:59.999000+00:00
2024-11-15 12:00:00+00:00,13.497,13.662,13.13,13.19,4232368.12,2024-11-15 15:59:59.999000+00:00
2024-11-15 16:00:00+00:00,13.19,13.559,13.157,13.48,2616833.47,2024-11-15 19:59:59.999000+00:00
2024-11-15 20:00:00+00:00,13.48,13.908,13.476,13.849,2601304.78,2024-11-15 23:59:59.999000+00:00
2024-11-16 00:00:00+00:00,13.85,14.274,13.74,14.264,2649423.6,2024-11-16 03:59:59.999000+00:00
2024-11-16 04:00:00+00:00,14.265,14.315,14.017,14.032,2116722.73,2024-11-16 07:59:59.999000+00:00
2024-11-16 08:00:00+00:00,14.032,14.473,14.031,14.472,2366257.67,2024-11-16 11:59:59.999000+00:00
2024-11-16 12:00:00+00:00,14.471,14.556,14.056,14.173,4329178.86,2024-11-16 15:59:59.999000+00:00
2024-11-16 16:00:00+00:00,14.172,14.805,14.079,14.744,3772318.97,2024-11-16 19:59:59.999000+00:00
2024-11-16 20:00:00+00:00,14.745,14.807,14.456,14.539,2778679.99,2024-11-16 23:59:59.999000+00:00
2024-11-17 00:00:00+00:00,14.54,14.906,13.787,14.145,5930767.18,2024-11-17 03:59:59.999000+00:00
2024-11-17 04:00:00+00:00,14.145,14.55,14.041,14.443,3511838.85,2024-11-17 07:59:59.999000+00:00
2024-11-17 08:00:00+00:00,14.444,14.564,14.03,14.032,2526204.29,2024-11-17 11:59:59.999000+00:00
2024-11-17 12:00:00+00:00,14.033,14.222,13.886,13.938,2344016.59,2024-11-17 15:59:59.999000+00:00
2024-11-17 16:00:00+00:00,13.939,14.12,13.734,13.863,2296046.45,2024-11-17 19:59:59.999000+00:00
2024-11-17 20:00:00+00:00,13.863,13.939,13.564,13.792,2249814.88,2024-11-17 23:59:59.999000+00:00
2024-11-18 00:00:00+00:00,13.793,14.386,13.756,14.386,2890668.16,2024-11-18 03:59:59.999000+00:00
2024-11-18 04:00:00+00:00,14.386,14.892,14.211,14.872,3397948.26,2024-11-18 07:59:59.999000+00:00
2024-11-18 08:00:00+00:00,14.873,14.957,14.279,14.345,3415088.92,2024-11-18 11:59:59.999000+00:00
2024-11-18 12:00:00+00:00,14.346,15.219,14.236,15.171,4908810.2,2024-11-18 15:59:59.999000+00:00
2024-11-18 16:00:00+00:00,15.172,16.023,14.787,14.948,10475559.32,2024-11-18 19:59:59.999000+00:00
2024-11-18 20:00:00+00:00,14.949,15.439,14.83,15.281,4088249.55,2024-11-18 23:59:59.999000+00:00
2024-11-19 00:00:00+00:00,15.281,15.439,14.91,15.091,2602742.55,2024-11-19 03:59:59.999000+00:00
2024-11-19 04:00:00+00:00,15.091,15.128,14.831,14.859,2156533.47,2024-11-19 07:59:59.999000+00:00
2024-11-19 08:00:00+00:00,14.86,15.021,14.659,15.021,2647978.88,2024-11-19 11:59:59.999000+00:00
2024-11-19 12:00:00+00:00,15.022,15.165,14.577,14.768,5178818.58,2024-11-19 15:59:59.999000+00:00
2024-11-19 16:00:00+00:00,14.769,15.05,14.66,14.891,3149682.5,2024-11-19 19:59:59.999000+00:00
2024-11-19 20:00:00+00:00,14.892,14.99,14.33,14.631,3897085.33,2024-11-19 23:59:59.999000+00:00
2024-11-20 00:00:00+00:00,14.631,14.706,14.182,14.423,2755309.77,2024-11-20 03:59:59.999000+00:00
2024-11-20 04:00:00+00:00,14.42,14.648,14.265,14.475,1997985.63,2024-11-20 07:59:59.999000+00:00
2024-11-20 08:00:00+00:00,14.474,14.946,14.43,14.686,3198169.71,2024-11-20 11:59:59.999000+00:00
2024-11-20 12:00:00+00:00,14.687,15.338,14.607,15.007,5951112.24,2024-11-20 15:59:59.999000+00:00
2024-11-20 16:00:00+00:00,15.009,15.014,14.036,14.172,5338943.61,2024-11-20 19:59:59.999000+00:00
2024-11-20 20:00:00+00:00,14.172,14.554,14.087,14.241,2259716.68,2024-11-20 23:59:59.999000+00:00
2024-11-21 00:00:00+00:00,14.242,14.46,13.838,14.153,3096559.04,2024-11-21 03:59:59.999000+00:00
2024-11-21 04:00:00+00:00,14.153,14.684,14.15,14.671,3835492.24,2024-11-21 07:59:59.999000+00:00
2024-11-21 08:00:00+00:00,14.67,14.744,14.35,14.63,2534789.05,2024-11-21 11:59:59.999000+00:00
2024-11-21 12:00:00+00:00,14.63,15.387,14.618,14.823,7159471.55,2024-11-21 15:59:59.999000+00:00
2024-11-21 16:00:00+00:00,14.824,15.183,14.793,14.916,3516268.44,2024-11-21 19:59:59.999000+00:00
2024-11-21 20:00:00+00:00,14.916,15.035,14.686,14.909,2468037.27,2024-11-21 23:59:59.999000+00:00
2024-11-22 00:00:00+00:00,14.909,15.181,14.729,15.092,3995892.35,2024-11-22 03:59:59.999000+00:00
2024-11-22 04:00:00+00:00,15.093,15.452,15.052,15.23,3840581.31,2024-11-22 07:59:59.999000+00:00
2024-11-22 08:00:00+00:00,15.23,15.385,14.949,15.369,2892604.37,2024-11-22 11:59:59.999000+00:00
2024-11-22 12:00:00+00:00,15.368,15.573,14.863,15.426,7581129.65,2024-11-22 15:59:59.999000+00:00
2024-11-22 16:00:00+00:00,15.424,15.816,15.164,15.268,6641893.0,2024-11-22 19:59:59.999000+00:00
2024-11-22 20:00:00+00:00,15.267,16.61,15.19,16.582,6613669.87,2024-11-22 23:59:59.999000+00:00
2024-11-23 00:00:00+00:00,16.582,17.102,16.323,16.783,8125983.31,2024-11-23 03:59:59.999000+00:00
2024-11-23 04:00:00+00:00,16.783,17.06,16.466,17.018,4130975.24,2024-11-23 07:59:59.999000+00:00
2024-11-23 08:00:00+00:00,17.019,17.253,16.677,17.039,3919016.24,2024-11-23 11:59:59.999000+00:00
2024-11-23 12:00:00+00:00,17.039,17.944,16.944,17.939,7748471.16,2024-11-23 15:59:59.999000+00:00
2024-11-23 16:00:00+00:00,17.938,18.411,17.2,17.564,9971298.93,2024-11-23 19:59:59.999000+00:00
2024-11-23 20:00:00+00:00,17.564,17.808,17.056,17.4,3887526.32,2024-11-23 23:59:59.999000+00:00
2024-11-24 00:00:00+00:00,17.4,18.359,17.316,18.092,5537351.67,2024-11-24 03:59:59.999000+00:00
2024-11-24 04:00:00+00:00,18.092,18.183,17.571,17.808,3374119.83,2024-11-24 07:59:59.999000+00:00
2024-11-24 08:00:00+00:00,17.808,17.883,16.712,16.714,5291114.03,2024-11-24 11:59:59.999000+00:00
2024-11-24 12:00:00+00:00,16.714,16.904,16.113,16.35,7595864.45,2024-11-24 15:59:59.999000+00:00
2024-11-24 16:00:00+00:00,16.349,17.148,16.273,17.015,4081411.45,2024-11-24 19:59:59.999000+00:00
2024-11-24 20:00:00+00:00,17.015,18.114,16.95,17.921,4732204.74,2024-11-24 23:59:59.999000+00:00
2024-11-25 00:00:00+00:00,17.922,18.242,17.337,17.811,4697149.96,2024-11-25 03:59:59.999000+00:00
2024-11-25 04:00:00+00:00,17.81,18.429,17.793,18.317,4548093.12,2024-11-25 07:59:59.999000+00:00
2024-11-25 08:00:00+00:00,18.316,19.069,18.211,18.672,6527757.12,2024-11-25 11:59:59.999000+00:00
2024-11-25 12:00:00+00:00,18.672,18.862,17.526,18.509,7708631.33,2024-11-25 15:59:59.999000+00:00
2024-11-25 16:00:00+00:00,18.512,18.775,17.628,17.878,5635939.79,2024-11-25 19:59:59.999000+00:00
2024-11-25 20:00:00+00:00,17.877,18.209,17.154,17.355,4455410.27,2024-11-25 23:59:59.999000+00:00
2024-11-26 00:00:00+00:00,17.352,17.852,17.262,17.573,3106035.62,2024-11-26 03:59:59.999000+00:00
2024-11-26 04:00:00+00:00,17.573,17.689,17.1,17.238,2863737.96,2024-11-26 07:59:59.999000+00:00
2024-11-26 08:00:00+00:00,17.238,17.25,16.185,16.557,7222965.08,2024-11-26 11:59:59.999000+00:00
2024-11-26 12:00:00+00:00,16.555,17.504,16.482,16.926,6498146.36,2024-11-26 15:59:59.999000+00:00
2024-11-26 16:00:00+00:00,16.926,17.429,16.698,17.089,4539549.11,2024-11-26 19:59:59.999000+00:00
2024-11-26 20:00:00+00:00,17.088,17.508,16.95,17.349,3335808.72,2024-11-26 23:59:59.999000+00:00
2024-11-27 00:00:00+00:00,17.349,17.603,16.974,17.399,3101795.29,2024-11-27 03:59:59.999000+00:00
2024-11-27 04:00:00+00:00,17.398,18.273,17.369,18.156,4018678.18,2024-11-27 07:59:59.999000+00:00
2024-11-27 08:00:00+00:00,18.155,18.532,17.875,18.129,3551390.33,2024-11-27 11:59:59.999000+00:00
2024-11-27 12:00:00+00:00,18.129,18.305,17.724,18.073,5869256.88,2024-11-27 15:59:59.999000+00:00
2024-11-27 16:00:00+00:00,18.075,18.296,17.734,18.064,3981940.28,2024-11-27 19:59:59.999000+00:00
2024-11-27 20:00:00+00:00,18.063,19.013,18.053,18.672,4468771.06,2024-11-27 23:59:59.999000+00:00
2024-11-28 00:00:00+00:00,18.671,18.714,17.87,18.058,3453758.36,2024-11-28 03:59:59.999000+00:00
2024-11-28 04:00:00+00:00,18.057,18.267,17.831,17.909,2058344.04,2024-11-28 07:59:59.999000+00:00
2024-11-28 08:00:00+00:00,17.908,18.105,17.771,18.026,2258764.33,2024-11-28 11:59:59.999000+00:00
2024-11-28 12:00:00+00:00,18.025,18.104,17.502,17.522,3454379.61,2024-11-28 15:59:59.999000+00:00
2024-11-28 16:00:00+00:00,17.522,17.991,17.501,17.835,2008248.14,2024-11-28 19:59:59.999000+00:00
2024-11-28 20:00:00+00:00,17.836,18.087,17.656,17.948,1618911.85,2024-11-28 23:59:59.999000+00:00
2024-11-29 00:00:00+00:00,17.949,18.128,17.78,17.815,1947695.45,2024-11-29 03:59:59.999000+00:00
2024-11-29 04:00:00+00:00,17.814,17.857,17.531,17.548,2008671.19,2024-11-29 07:59:59.999000+00:00
2024-11-29 08:00:00+00:00,17.549,18.197,17.548,18.133,2025815.07,2024-11-29 11:59:59.999000+00:00
2024-11-29 12:00:00+00:00,18.136,18.41,17.911,18.057,3396100.74,2024-11-29 15:59:59.999000+00:00
2024-11-29 16:00:00+00:00,18.059,18.168,17.841,18.115,2443570.42,2024-11-29 19:59:59.999000+00:00
2024-11-29 20:00:00+00:00,18.115,18.42,18.02,18.26,1928834.21,2024-11-29 23:59:59.999000+00:00
2024-11-30 00:00:00+00:00,18.261,18.549,17.948,18.512,2988639.07,2024-11-30 03:59:59.999000+00:00
2024-11-30 04:00:00+00:00,18.513,18.726,18.271,18.649,2175843.62,2024-11-30 07:59:59.999000+00:00
2024-11-30 08:00:00+00:00,18.649,18.755,18.101,18.248,2428644.89,2024-11-30 11:59:59.999000+00:00
2024-11-30 12:00:00+00:00,18.247,18.985,18.219,18.897,3501388.0,2024-11-30 15:59:59.999000+00:00
2024-11-30 16:00:00+00:00,18.898,19.379,18.63,19.33,4387048.6,2024-11-30 19:59:59.999000+00:00
2024-11-30 20:00:00+00:00,19.331,19.471,18.992,19.016,2358399.23,2024-11-30 23:59:59.999000+00:00
2024-12-01 00:00:00+00:00,19.017,19.132,18.453,18.735,3848385.94,2024-12-01 03:59:59.999000+00:00
2024-12-01 04:00:00+00:00,18.736,18.969,18.55,18.676,1675156.58,2024-12-01 07:59:59.999000+00:00
2024-12-01 08:00:00+00:00,18.675,18.83,18.519,18.753,1892417.23,2024-12-01 11:59:59.999000+00:00
2024-12-01 12:00:00+00:00,18.753,19.027,18.6,18.842,2603526.17,2024-12-01 15:59:59.999000+00:00
2024-12-01 16:00:00+00:00,18.841,18.967,18.6,18.743,3091758.58,2024-12-01 19:59:59.999000+00:00
2024-12-01 20:00:00+00:00,18.742,19.068,18.443,18.935,3458103.69,2024-12-01 23:59:59.999000+00:00
2024-12-02 00:00:00+00:00,18.938,19.739,18.792,18.886,6290717.53,2024-12-02 03:59:59.999000+00:00
2024-12-02 04:00:00+00:00,18.885,20.053,18.591,19.81,8912343.16,2024-12-02 07:59:59.999000+00:00
2024-12-02 08:00:00+00:00,19.81,20.966,18.851,19.782,18349334.04,2024-12-02 11:59:59.999000+00:00
2024-12-02 12:00:00+00:00,19.781,21.865,19.488,21.81,17113551.7,2024-12-02 15:59:59.999000+00:00
2024-12-02 16:00:00+00:00,21.809,24.066,21.099,23.849,19041800.47,2024-12-02 19:59:59.999000+00:00
2024-12-02 20:00:00+00:00,23.849,26.918,23.663,25.241,24102800.18,2024-12-02 23:59:59.999000+00:00
2024-12-03 00:00:00+00:00,25.242,25.485,23.812,24.23,11133623.75,2024-12-03 03:59:59.999000+00:00
2024-12-03 04:00:00+00:00,24.231,25.51,24.038,25.134,10422516.38,2024-12-03 07:59:59.999000+00:00
2024-12-03 08:00:00+00:00,25.136,26.277,24.55,24.611,13611993.21,2024-12-03 11:59:59.999000+00:00
2024-12-03 12:00:00+00:00,24.613,24.964,22.569,23.995,18071169.61,2024-12-03 15:59:59.999000+00:00
2024-12-03 16:00:00+00:00,23.997,24.583,23.442,24.325,7109394.64,2024-12-03 19:59:59.999000+00:00
2024-12-03 20:00:00+00:00,24.325,25.237,24.107,24.127,5993715.01,2024-12-03 23:59:59.999000+00:00
2024-12-04 00:00:00+00:00,24.127,24.638,23.625,24.035,6018443.73,2024-12-04 03:59:59.999000+00:00
2024-12-04 04:00:00+00:00,24.034,24.63,23.927,24.479,3357182.05,2024-12-04 07:59:59.999000+00:00
2024-12-04 08:00:00+00:00,24.48,25.095,24.027,24.651,5151769.58,2024-12-04 11:59:59.999000+00:00
2024-12-04 12:00:00+00:00,24.651,26.534,24.045,25.379,12685998.18,2024-12-04 15:59:59.999000+00:00
2024-12-04 16:00:00+00:00,25.379,25.499,24.043,24.955,7974214.25,2024-12-04 19:59:59.999000+00:00
2024-12-04 20:00:00+00:00,24.952,25.108,23.735,24.092,5663394.4,2024-12-04 23:59:59.999000+00:00
2024-12-05 00:00:00+00:00,24.09,24.246,23.004,23.62,7129667.7,2024-12-05 03:59:59.999000+00:00
2024-12-05 04:00:00+00:00,23.619,24.403,23.496,23.937,3572746.48,2024-12-05 07:59:59.999000+00:00
2024-12-05 08:00:00+00:00,23.939,24.292,23.734,24.249,3395815.43,2024-12-05 11:59:59.999000+00:00
2024-12-05 12:00:00+00:00,24.249,24.832,23.916,24.294,6925737.51,2024-12-05 15:59:59.999000+00:00
2024-12-05 16:00:00+00:00,24.295,24.626,23.612,23.718,4079946.67,2024-12-05 19:59:59.999000+00:00
2024-12-05 20:00:00+00:00,23.718,24.01,22.275,23.172,6789998.97,2024-12-05 23:59:59.999000+00:00
2024-12-06 00:00:00+00:00,23.173,24.146,23.074,24.037,3652865.47,2024-12-06 03:59:59.999000+00:00
2024-12-06 04:00:00+00:00,24.038,24.29,23.79,23.817,2552637.09,2024-12-06 07:59:59.999000+00:00
2024-12-06 08:00:00+00:00,23.817,24.1,23.133,23.305,3458531.69,2024-12-06 11:59:59.999000+00:00
2024-12-06 12:00:00+00:00,23.305,24.147,22.759,23.788,5603582.54,2024-12-06 15:59:59.999000+00:00
2024-12-06 16:00:00+00:00,23.79,25.111,23.742,24.925,3848179.06,2024-12-06 19:59:59.999000+00:00
2024-12-06 20:00:00+00:00,24.924,25.961,24.834,25.893,6605497.56,2024-12-06 23:59:59.999000+00:00
2024-12-07 00:00:00+00:00,25.893,26.884,25.161,26.639,6216556.72,2024-12-07 03:59:59.999000+00:00
2024-12-07 04:00:00+00:00,26.639,26.78,25.308,25.392,4979109.38,2024-12-07 07:59:59.999000+00:00
2024-12-07 08:00:00+00:00,25.393,25.48,24.728,24.959,3188401.28,2024-12-07 11:59:59.999000+00:00
2024-12-07 12:00:00+00:00,24.959,25.193,24.866,25.003,2394074.34,2024-12-07 15:59:59.999000+00:00
2024-12-07 16:00:00+00:00,25.002,25.032,24.46,24.796,3295992.53,2024-12-07 19:59:59.999000+00:00
2024-12-07 20:00:00+00:00,24.795,24.947,24.614,24.808,1373057.42,2024-12-07 23:59:59.999000+00:00
2024-12-08 00:00:00+00:00,24.808,25.03,24.718,24.833,1507051.89,2024-12-08 03:59:59.999000+00:00
2024-12-08 04:00:00+00:00,24.833,25.597,24.706,25.374,2808329.18,2024-12-08 07:59:59.999000+00:00
2024-12-08 08:00:00+00:00,25.374,26.92,25.09,26.651,9479848.42,2024-12-08 11:59:59.999000+00:00
2024-12-08 12:00:00+00:00,26.65,27.425,26.069,26.261,10293503.22,2024-12-08 15:59:59.999000+00:00
2024-12-08 16:00:00+00:00,26.262,26.297,25.537,25.953,3834008.92,2024-12-08 19:59:59.999000+00:00
2024-12-08 20:00:00+00:00,25.952,26.654,25.635,26.12,3356507.66,2024-12-08 23:59:59.999000+00:00
2024-12-09 00:00:00+00:00,26.121,27.379,25.907,26.652,10077237.49,2024-12-09 03:59:59.999000+00:00
2024-12-09 04:00:00+00:00,26.652,27.32,25.597,26.229,9315583.74,2024-12-09 07:59:59.999000+00:00
2024-12-09 08:00:00+00:00,26.228,26.251,24.52,24.647,8719285.77,2024-12-09 11:59:59.999000+00:00
2024-12-09 12:00:00+00:00,24.646,25.876,24.301,24.413,8827888.68,2024-12-09 15:59:59.999000+00:00
2024-12-09 16:00:00+00:00,24.413,24.666,23.64,23.694,6126115.36,2024-12-09 19:59:59.999000+00:00
2024-12-09 20:00:00+00:00,23.694,23.736,19.279,22.241,21513514.72,2024-12-09 23:59:59.999000+00:00
2024-12-10 00:00:00+00:00,22.243,22.717,20.7,21.629,9235327.66,2024-12-10 03:59:59.999000+00:00
2024-12-10 04:00:00+00:00,21.629,23.416,21.082,23.067,9038286.06,2024-12-10 07:59:59.999000+00:00
2024-12-10 08:00:00+00:00,23.068,23.774,22.698,23.183,5377429.49,2024-12-10 11:59:59.999000+00:00
2024-12-10 12:00:00+00:00,23.186,23.296,21.285,21.33,11085875.43,2024-12-10 15:59:59.999000+00:00
2024-12-10 16:00:00+00:00,21.331,21.683,20.267,21.414,10680770.62,2024-12-10 19:59:59.999000+00:00
2024-12-10 20:00:00+00:00,21.413,22.449,21.3,22.115,4947470.91,2024-12-10 23:59:59.999000+00:00
2024-12-11 00:00:00+00:00,22.116,22.499,21.14,22.425,5469331.87,2024-12-11 03:59:59.999000+00:00
2024-12-11 04:00:00+00:00,22.426,22.67,22.2,22.224,3711903.96,2024-12-11 07:59:59.999000+00:00
2024-12-11 08:00:00+00:00,22.223,23.022,22.218,22.844,3449944.34,2024-12-11 11:59:59.999000+00:00
2024-12-11 12:00:00+00:00,22.842,24.215,22.817,23.898,6987755.93,2024-12-11 15:59:59.999000+00:00
2024-12-11 16:00:00+00:00,23.898,24.188,23.379,23.789,3385331.03,2024-12-11 19:59:59.999000+00:00
2024-12-11 20:00:00+00:00,23.789,24.316,23.685,24.064,2617846.67,2024-12-11 23:59:59.999000+00:00
2024-12-12 00:00:00+00:00,24.064,27.143,23.866,27.028,10742816.86,2024-12-12 03:59:59.999000+00:00
2024-12-12 04:00:00+00:00,27.027,29.454,26.96,28.84,17219159.55,2024-12-12 07:59:59.999000+00:00
2024-12-12 08:00:00+00:00,28.839,29.214,27.552,27.854,9602553.91,2024-12-12 11:59:59.999000+00:00
2024-12-12 12:00:00+00:00,27.854,28.509,27.34,28.217,10423664.04,2024-12-12 15:59:59.999000+00:00
2024-12-12 16:00:00+00:00,28.215,28.584,26.728,26.954,7191754.04,2024-12-12 19:59:59.999000+00:00
2024-12-12 20:00:00+00:00,26.955,29.372,26.74,29.128,13910770.2,2024-12-12 23:59:59.999000+00:00
2024-12-13 00:00:00+00:00,29.13,30.947,28.257,30.162,18753015.52,2024-12-13 03:59:59.999000+00:00
2024-12-13 04:00:00+00:00,30.162,30.302,28.66,28.917,9841791.96,2024-12-13 07:59:59.999000+00:00
2024-12-13 08:00:00+00:00,28.918,29.041,28.137,28.379,6137365.37,2024-12-13 11:59:59.999000+00:00
2024-12-13 12:00:00+00:00,28.379,28.591,27.526,27.624,7642432.21,2024-12-13 15:59:59.999000+00:00
2024-12-13 16:00:00+00:00,27.621,28.343,27.576,28.088,5221379.85,2024-12-13 19:59:59.999000+00:00
2024-12-13 20:00:00+00:00,28.088,29.109,27.753,28.983,4366415.79,2024-12-13 23:59:59.999000+00:00
2024-12-14 00:00:00+00:00,28.983,30.697,28.751,29.451,10946455.41,2024-12-14 03:59:59.999000+00:00
2024-12-14 04:00:00+00:00,29.451,29.825,29.172,29.512,3594671.21,2024-12-14 07:59:59.999000+00:00
2024-12-14 08:00:00+00:00,29.511,30.381,29.295,29.786,6161990.02,2024-12-14 11:59:59.999000+00:00
2024-12-14 12:00:00+00:00,29.786,30.774,28.72,30.361,13708980.74,2024-12-14 15:59:59.999000+00:00
2024-12-14 16:00:00+00:00,30.36,30.482,28.917,29.202,9909590.02,2024-12-14 19:59:59.999000+00:00
2024-12-14 20:00:00+00:00,29.2,29.664,28.841,29.117,6339736.29,2024-12-14 23:59:59.999000+00:00
2024-12-15 00:00:00+00:00,29.118,29.545,28.548,29.292,6366450.76,2024-12-15 03:59:59.999000+00:00
2024-12-15 04:00:00+00:00,29.291,29.88,28.561,28.741,6762448.72,2024-12-15 07:59:59.999000+00:00
2024-12-15 08:00:00+00:00,28.742,29.109,28.538,28.784,4712223.0,2024-12-15 11:59:59.999000+00:00
2024-12-15 12:00:00+00:00,28.784,29.321,28.274,29.128,5529323.27,2024-12-15 15:59:59.999000+00:00
2024-12-15 16:00:00+00:00,29.126,29.601,28.771,28.968,3691905.52,2024-12-15 19:59:59.999000+00:00
2024-12-15 20:00:00+00:00,28.967,29.624,28.014,29.257,6738071.3,2024-12-15 23:59:59.999000+00:00
2024-12-16 00:00:00+00:00,29.257,29.759,28.404,28.644,6305077.88,2024-12-16 03:59:59.999000+00:00
2024-12-16 04:00:00+00:00,28.643,29.5,28.422,29.285,4600117.44,2024-12-16 07:59:59.999000+00:00
2024-12-16 08:00:00+00:00,29.284,30.845,28.889,29.828,12147683.41,2024-12-16 11:59:59.999000+00:00
2024-12-16 12:00:00+00:00,29.829,30.631,29.228,30.284,10475526.7,2024-12-16 15:59:59.999000+00:00
2024-12-16 16:00:00+00:00,30.287,30.435,29.295,29.511,8785096.5,2024-12-16 19:59:59.999000+00:00
2024-12-16 20:00:00+00:00,29.511,29.777,28.695,28.73,5390034.94,2024-12-16 23:59:59.999000+00:00
2024-12-17 00:00:00+00:00,28.729,29.049,28.324,28.742,5217213.11,2024-12-17 03:59:59.999000+00:00
2024-12-17 04:00:00+00:00,28.743,28.743,28.031,28.119,3673047.81,2024-12-17 07:59:59.999000+00:00
2024-12-17 08:00:00+00:00,28.119,28.849,27.842,28.384,5395584.01,2024-12-17 11:59:59.999000+00:00
2024-12-17 12:00:00+00:00,28.383,28.621,27.471,27.614,6109659.2,2024-12-17 15:59:59.999000+00:00
2024-12-17 16:00:00+00:00,27.612,28.263,27.344,27.728,4340909.35,2024-12-17 19:59:59.999000+00:00
2024-12-17 20:00:00+00:00,27.729,28.278,27.461,27.858,4678873.39,2024-12-17 23:59:59.999000+00:00
2024-12-18 00:00:00+00:00,27.86,28.409,27.437,27.671,5060225.08,2024-12-18 03:59:59.999000+00:00
2024-12-18 04:00:00+00:00,27.67,27.743,26.797,27.171,6238526.79,2024-12-18 07:59:59.999000+00:00
2024-12-18 08:00:00+00:00,27.172,27.93,26.924,27.915,3449753.32,2024-12-18 11:59:59.999000+00:00
2024-12-18 12:00:00+00:00,27.914,27.915,26.527,27.085,6797675.94,2024-12-18 15:59:59.999000+00:00
2024-12-18 16:00:00+00:00,27.086,27.968,26.37,26.405,7085116.64,2024-12-18 19:59:59.999000+00:00
2024-12-18 20:00:00+00:00,26.405,26.597,24.595,24.855,12931228.33,2024-12-18 23:59:59.999000+00:00
2024-12-19 00:00:00+00:00,24.855,25.302,23.335,24.863,13150866.99,2024-12-19 03:59:59.999000+00:00
2024-12-19 04:00:00+00:00,24.862,24.954,24.421,24.89,3885554.9,2024-12-19 07:59:59.999000+00:00
2024-12-19 08:00:00+00:00,24.89,25.592,24.483,25.392,4406347.43,2024-12-19 11:59:59.999000+00:00
2024-12-19 12:00:00+00:00,25.391,25.392,23.738,24.174,7491944.55,2024-12-19 15:59:59.999000+00:00
2024-12-19 16:00:00+00:00,24.173,24.378,21.905,22.302,13403203.2,2024-12-19 19:59:59.999000+00:00
2024-12-19 20:00:00+00:00,22.303,23.267,21.706,22.806,7245296.29,2024-12-19 23:59:59.999000+00:00
2024-12-20 00:00:00+00:00,22.803,23.711,22.62,23.173,5455608.39,2024-12-20 03:59:59.999000+00:00
2024-12-20 04:00:00+00:00,23.174,23.328,22.15,22.635,4540960.76,2024-12-20 07:59:59.999000+00:00
2024-12-20 08:00:00+00:00,22.635,22.642,20.011,20.025,14486223.34,2024-12-20 11:59:59.999000+00:00
2024-12-20 12:00:00+00:00,20.029,22.93,20.028,22.694,11550869.42,2024-12-20 15:59:59.999000+00:00
2024-12-20 16:00:00+00:00,22.692,23.67,22.41,23.283,6176652.47,2024-12-20 19:59:59.999000+00:00
2024-12-20 20:00:00+00:00,23.283,23.642,22.665,23.38,4309543.96,2024-12-20 23:59:59.999000+00:00
2024-12-21 00:00:00+00:00,23.38,23.716,23.031,23.147,3497610.19,2024-12-21 03:59:59.999000+00:00
2024-12-21 04:00:00+00:00,23.148,24.92,23.125,24.539,6054185.79,2024-12-21 07:59:59.999000+00:00
2024-12-21 08:00:00+00:00,24.539,24.753,23.592,23.821,5999228.76,2024-12-21 11:59:59.999000+00:00
2024-12-21 12:00:00+00:00,23.82,23.83,22.252,22.863,8087062.86,2024-12-21 15:59:59.999000+00:00
2024-12-21 16:00:00+00:00,22.865,22.923,21.924,22.319,5437213.69,2024-12-21 19:59:59.999000+00:00
2024-12-21 20:00:00+00:00,22.319,22.554,21.774,22.123,3178629.29,2024-12-21 23:59:59.999000+00:00
2024-12-22 00:00:00+00:00,22.124,22.435,21.841,22.181,3201701.42,2024-12-22 03:59:59.999000+00:00
2024-12-22 04:00:00+00:00,22.179,22.264,21.524,21.968,3007629.35,2024-12-22 07:59:59.999000+00:00
2024-12-22 08:00:00+00:00,21.968,22.775,21.948,22.448,3777556.09,2024-12-22 11:59:59.999000+00:00
2024-12-22 12:00:00+00:00,22.449,22.681,21.564,21.801,4394622.3,2024-12-22 15:59:59.999000+00:00
2024-12-22 16:00:00+00:00,21.802,22.517,21.562,21.644,3249622.19,2024-12-22 19:59:59.999000+00:00
2024-12-22 20:00:00+00:00,21.644,22.42,21.296,22.084,3530739.98,2024-12-22 23:59:59.999000+00:00
2024-12-23 00:00:00+00:00,22.083,23.309,21.485,23.07,5638959.81,2024-12-23 03:59:59.999000+00:00
2024-12-23 04:00:00+00:00,23.071,23.429,22.255,22.625,4866728.43,2024-12-23 07:59:59.999000+00:00
2024-12-23 08:00:00+00:00,22.623,23.356,22.505,23.093,4032714.9,2024-12-23 11:59:59.999000+00:00
2024-12-23 12:00:00+00:00,23.095,23.375,22.088,22.143,5941580.48,2024-12-23 15:59:59.999000+00:00
2024-12-23 16:00:00+00:00,22.142,23.103,22.059,22.929,5564816.72,2024-12-23 19:59:59.999000+00:00
2024-12-23 20:00:00+00:00,22.928,24.95,22.91,24.539,8004681.14,2024-12-23 23:59:59.999000+00:00
2024-12-24 00:00:00+00:00,24.54,24.678,23.546,24.138,4530184.65,2024-12-24 03:59:59.999000+00:00
2024-12-24 04:00:00+00:00,24.138,24.318,23.769,23.874,2384243.06,2024-12-24 07:59:59.999000+00:00
2024-12-24 08:00:00+00:00,23.875,24.392,23.805,24.215,2921338.63,2024-12-24 11:59:59.999000+00:00
2024-12-24 12:00:00+00:00,24.215,24.91,23.793,24.638,5676861.21,2024-12-24 15:59:59.999000+00:00
2024-12-24 16:00:00+00:00,24.638,25.435,24.37,25.038,4991016.71,2024-12-24 19:59:59.999000+00:00
2024-12-24 20:00:00+00:00,25.039,25.98,24.581,25.418,5636355.91,2024-12-24 23:59:59.999000+00:00
2024-12-25 00:00:00+00:00,25.417,25.499,24.561,24.649,3077194.86,2024-12-25 03:59:59.999000+00:00
2024-12-25 04:00:00+00:00,24.65,25.12,24.556,24.756,2507462.83,2024-12-25 07:59:59.999000+00:00
2024-12-25 08:00:00+00:00,24.753,25.574,24.432,24.504,4197463.68,2024-12-25 11:59:59.999000+00:00
2024-12-25 12:00:00+00:00,24.506,24.858,24.412,24.669,2363133.89,2024-12-25 15:59:59.999000+00:00
2024-12-25 16:00:00+00:00,24.669,24.748,24.235,24.722,2073882.32,2024-12-25 19:59:59.999000+00:00
2024-12-25 20:00:00+00:00,24.722,24.77,24.133,24.428,2279078.39,2024-12-25 23:59:59.999000+00:00
2024-12-26 00:00:00+00:00,24.431,24.697,23.838,23.934,3266204.53,2024-12-26 03:59:59.999000+00:00
2024-12-26 04:00:00+00:00,23.933,23.933,23.366,23.419,2631521.73,2024-12-26 07:59:59.999000+00:00
2024-12-26 08:00:00+00:00,23.42,23.461,22.782,23.043,3994459.39,2024-12-26 11:59:59.999000+00:00
2024-12-26 12:00:00+00:00,23.042,23.154,22.67,22.746,3338461.9,2024-12-26 15:59:59.999000+00:00
2024-12-26 16:00:00+00:00,22.747,23.09,22.567,22.804,3195546.34,2024-12-26 19:59:59.999000+00:00
2024-12-26 20:00:00+00:00,22.803,22.896,22.414,22.665,2190752.81,2024-12-26 23:59:59.999000+00:00
2024-12-27 00:00:00+00:00,22.665,23.253,22.508,22.979,3449905.48,2024-12-27 03:59:59.999000+00:00
2024-12-27 04:00:00+00:00,22.978,23.174,22.357,22.592,2817860.11,2024-12-27 07:59:59.999000+00:00
2024-12-27 08:00:00+00:00,22.591,23.664,22.591,23.432,4190690.49,2024-12-27 11:59:59.999000+00:00
2024-12-27 12:00:00+00:00,23.432,23.483,22.22,22.294,4083292.57,2024-12-27 15:59:59.999000+00:00
2024-12-27 16:00:00+00:00,22.294,22.758,22.006,22.229,3681882.2,2024-12-27 19:59:59.999000+00:00
2024-12-27 20:00:00+00:00,22.228,22.27,21.352,21.558,4126446.8,2024-12-27 23:59:59.999000+00:00
2024-12-28 00:00:00+00:00,21.558,21.643,21.206,21.379,2637423.94,2024-12-28 03:59:59.999000+00:00
2024-12-28 04:00:00+00:00,21.379,21.442,21.054,21.068,2183058.92,2024-12-28 07:59:59.999000+00:00
2024-12-28 08:00:00+00:00,21.068,21.445,21.058,21.311,2334065.62,2024-12-28 11:59:59.999000+00:00
2024-12-28 12:00:00+00:00,21.312,21.853,21.151,21.473,4175307.58,2024-12-28 15:59:59.999000+00:00
2024-12-28 16:00:00+00:00,21.474,22.175,21.344,21.811,3445551.98,2024-12-28 19:59:59.999000+00:00
2024-12-28 20:00:00+00:00,21.81,22.37,21.73,21.974,2396979.54,2024-12-28 23:59:59.999000+00:00
2024-12-29 00:00:00+00:00,21.974,22.006,21.628,21.826,1448174.75,2024-12-29 03:59:59.999000+00:00
2024-12-29 04:00:00+00:00,21.827,21.938,21.523,21.928,1625063.78,2024-12-29 07:59:59.999000+00:00
2024-12-29 08:00:00+00:00,21.928,21.957,21.484,21.493,1607794.65,2024-12-29 11:59:59.999000+00:00
2024-12-29 12:00:00+00:00,21.495,21.755,21.27,21.44,2546185.73,2024-12-29 15:59:59.999000+00:00
2024-12-29 16:00:00+00:00,21.441,21.462,21.2,21.264,1794894.88,2024-12-29 19:59:59.999000+00:00
2024-12-29 20:00:00+00:00,21.265,21.265,20.768,20.946,2916183.66,2024-12-29 23:59:59.999000+00:00
2024-12-30 00:00:00+00:00,20.946,21.821,20.844,21.088,3308499.0,2024-12-30 03:59:59.999000+00:00
2024-12-30 04:00:00+00:00,21.087,21.415,20.937,21.18,2194425.83,2024-12-30 07:59:59.999000+00:00
2024-12-30 08:00:00+00:00,21.18,21.44,20.99,21.233,2255068.95,2024-12-30 11:59:59.999000+00:00
2024-12-30 12:00:00+00:00,21.232,21.441,20.083,20.298,6785141.49,2024-12-30 15:59:59.999000+00:00
2024-12-30 16:00:00+00:00,20.298,21.175,20.11,21.073,4494040.85,2024-12-30 19:59:59.999000+00:00
2024-12-30 20:00:00+00:00,21.074,21.34,20.348,20.569,3337484.78,2024-12-30 23:59:59.999000+00:00
2024-12-31 00:00:00+00:00,20.568,20.66,20.25,20.267,1958921.34,2024-12-31 03:59:59.999000+00:00
2024-12-31 04:00:00+00:00,20.266,20.478,20.18,20.312,1859336.16,2024-12-31 07:59:59.999000+00:00
2024-12-31 08:00:00+00:00,20.312,20.937,20.31,20.53,2819655.82,2024-12-31 11:59:59.999000+00:00
2024-12-31 12:00:00+00:00,20.532,21.184,20.462,20.805,4180136.82,2024-12-31 15:59:59.999000+00:00
2024-12-31 16:00:00+00:00,20.804,20.832,19.94,20.095,4173037.25,2024-12-31 19:59:59.999000+00:00
2024-12-31 20:00:00+00:00,20.092,20.187,19.809,20.003,2175839.19,2024-12-31 23:59:59.999000+00:00
2025-01-01 00:00:00+00:00,20.002,20.239,19.952,20.055,2109506.82,2025-01-01 03:59:59.999000+00:00
2025-01-01 04:00:00+00:00,20.056,20.095,19.892,19.976,1499297.67,2025-01-01 07:59:59.999000+00:00
2025-01-01 08:00:00+00:00,19.976,20.137,19.687,20.031,3027328.38,2025-01-01 11:59:59.999000+00:00
2025-01-01 12:00:00+00:00,20.031,20.577,19.994,20.557,2886121.01,2025-01-01 15:59:59.999000+00:00
2025-01-01 16:00:00+00:00,20.558,21.549,20.345,21.47,5318885.84,2025-01-01 19:59:59.999000+00:00
2025-01-01 20:00:00+00:00,21.471,21.846,21.451,21.721,3612602.42,2025-01-01 23:59:59.999000+00:00
2025-01-02 00:00:00+00:00,21.722,22.381,21.711,21.882,4308071.0,2025-01-02 03:59:59.999000+00:00
2025-01-02 04:00:00+00:00,21.883,22.371,21.842,22.327,2772730.22,2025-01-02 07:59:59.999000+00:00
2025-01-02 08:00:00+00:00,22.328,22.788,22.051,22.565,3816983.33,2025-01-02 11:59:59.999000+00:00
2025-01-02 12:00:00+00:00,22.566,22.894,22.104,22.206,4491990.24,2025-01-02 15:59:59.999000+00:00
2025-01-02 16:00:00+00:00,22.205,22.572,22.045,22.118,2754580.89,2025-01-02 19:59:59.999000+00:00
2025-01-02 20:00:00+00:00,22.119,22.241,21.788,22.064,1780079.57,2025-01-02 23:59:59.999000+00:00
2025-01-03 00:00:00+00:00,22.066,22.417,21.902,22.232,2167595.0,2025-01-03 03:59:59.999000+00:00
2025-01-03 04:00:00+00:00,22.235,22.253,21.786,21.804,2073944.92,2025-01-03 07:59:59.999000+00:00
2025-01-03 08:00:00+00:00,21.803,22.672,21.641,22.657,3616658.05,2025-01-03 11:59:59.999000+00:00
2025-01-03 12:00:00+00:00,22.657,23.482,22.45,23.453,5077176.67,2025-01-03 15:59:59.999000+00:00
2025-01-03 16:00:00+00:00,23.454,23.903,23.35,23.782,4433414.4,2025-01-03 19:59:59.999000+00:00
2025-01-03 20:00:00+00:00,23.782,23.812,23.349,23.48,2108097.59,2025-01-03 23:59:59.999000+00:00
2025-01-04 00:00:00+00:00,23.48,23.535,23.131,23.201,2211808.46,2025-01-04 03:59:59.999000+00:00
2025-01-04 04:00:00+00:00,23.202,23.353,23.026,23.296,1429826.68,2025-01-04 07:59:59.999000+00:00
2025-01-04 08:00:00+00:00,23.296,23.314,22.872,23.065,2044633.59,2025-01-04 11:59:59.999000+00:00
2025-01-04 12:00:00+00:00,23.066,23.927,23.058,23.157,4679693.86,2025-01-04 15:59:59.999000+00:00
2025-01-04 16:00:00+00:00,23.159,23.764,23.152,23.625,2337160.96,2025-01-04 19:59:59.999000+00:00
2025-01-04 20:00:00+00:00,23.626,24.045,23.564,23.591,1721152.88,2025-01-04 23:59:59.999000+00:00
2025-01-05 00:00:00+00:00,23.592,23.794,23.216,23.34,1563023.95,2025-01-05 03:59:59.999000+00:00
2025-01-05 04:00:00+00:00,23.34,23.834,23.333,23.503,1661541.24,2025-01-05 07:59:59.999000+00:00
2025-01-05 08:00:00+00:00,23.504,23.559,23.012,23.081,2665743.37,2025-01-05 11:59:59.999000+00:00
2025-01-05 12:00:00+00:00,23.08,23.392,22.851,23.287,2543019.56,2025-01-05 15:59:59.999000+00:00
2025-01-05 16:00:00+00:00,23.288,23.496,23.101,23.357,1913669.95,2025-01-05 19:59:59.999000+00:00
2025-01-05 20:00:00+00:00,23.356,23.73,23.233,23.574,1293992.24,2025-01-05 23:59:59.999000+00:00
2025-01-06 00:00:00+00:00,23.575,24.073,23.004,24.054,3877918.44,2025-01-06 03:59:59.999000+00:00
2025-01-06 04:00:00+00:00,24.055,24.188,23.489,23.511,2985322.74,2025-01-06 07:59:59.999000+00:00
2025-01-06 08:00:00+00:00,23.511,23.821,23.317,23.82,1985716.28,2025-01-06 11:59:59.999000+00:00
2025-01-06 12:00:00+00:00,23.82,24.466,23.501,24.375,6404382.05,2025-01-06 15:59:59.999000+00:00
2025-01-06 16:00:00+00:00,24.375,24.793,23.775,23.895,4703955.4,2025-01-06 19:59:59.999000+00:00
2025-01-06 20:00:00+00:00,23.894,24.053,23.645,23.816,1734410.83,2025-01-06 23:59:59.999000+00:00
2025-01-07 00:00:00+00:00,23.817,23.835,23.426,23.507,2350404.26,2025-01-07 03:59:59.999000+00:00
2025-01-07 04:00:00+00:00,23.507,23.659,23.333,23.384,1389991.85,2025-01-07 07:59:59.999000+00:00
2025-01-07 08:00:00+00:00,23.384,23.649,23.065,23.184,2260189.95,2025-01-07 11:59:59.999000+00:00
2025-01-07 12:00:00+00:00,23.185,23.366,21.666,22.043,7990726.47,2025-01-07 15:59:59.999000+00:00
2025-01-07 16:00:00+00:00,22.043,22.191,21.366,21.468,5033789.68,2025-01-07 19:59:59.999000+00:00
2025-01-07 20:00:00+00:00,21.469,21.694,21.157,21.377,3189537.15,2025-01-07 23:59:59.999000+00:00
2025-01-08 00:00:00+00:00,21.377,21.716,20.855,21.15,3937717.98,2025-01-08 03:59:59.999000+00:00
2025-01-08 04:00:00+00:00,21.15,21.228,20.51,20.87,3852400.66,2025-01-08 07:59:59.999000+00:00
2025-01-08 08:00:00+00:00,20.871,21.124,20.572,20.718,2690946.23,2025-01-08 11:59:59.999000+00:00
2025-01-08 12:00:00+00:00,20.719,20.972,20.47,20.662,3902548.67,2025-01-08 15:59:59.999000+00:00
2025-01-08 16:00:00+00:00,20.662,20.714,19.557,20.186,8197869.08,2025-01-08 19:59:59.999000+00:00
2025-01-08 20:00:00+00:00,20.186,20.622,19.95,20.426,2558180.13,2025-01-08 23:59:59.999000+00:00
2025-01-09 00:00:00+00:00,20.425,20.715,20.196,20.271,2727056.34,2025-01-09 03:59:59.999000+00:00
2025-01-09 04:00:00+00:00,20.269,20.365,19.736,19.8,2490164.61,2025-01-09 07:59:59.999000+00:00
2025-01-09 08:00:00+00:00,19.801,20.127,19.669,19.927,2541484.66,2025-01-09 11:59:59.999000+00:00
2025-01-09 12:00:00+00:00,19.927,20.314,19.297,20.186,5486662.8,2025-01-09 15:59:59.999000+00:00
2025-01-09 16:00:00+00:00,20.185,20.303,19.375,19.417,3468762.19,2025-01-09 19:59:59.999000+00:00
2025-01-09 20:00:00+00:00,19.417,19.866,19.124,19.635,3087624.85,2025-01-09 23:59:59.999000+00:00
2025-01-10 00:00:00+00:00,19.635,20.018,19.631,19.937,1978086.08,2025-01-10 03:59:59.999000+00:00
2025-01-10 04:00:00+00:00,19.938,20.526,19.823,20.333,2579792.1,2025-01-10 07:59:59.999000+00:00
2025-01-10 08:00:00+00:00,20.333,20.486,20.23,20.352,2341282.88,2025-01-10 11:59:59.999000+00:00
2025-01-10 12:00:00+00:00,20.352,20.43,19.53,19.975,7115386.57,2025-01-10 15:59:59.999000+00:00
2025-01-10 16:00:00+00:00,19.975,20.489,19.769,20.369,3396024.85,2025-01-10 19:59:59.999000+00:00
2025-01-10 20:00:00+00:00,20.368,20.405,20.163,20.234,1267177.02,2025-01-10 23:59:59.999000+00:00
2025-01-11 00:00:00+00:00,20.235,20.294,19.907,19.931,1402527.26,2025-01-11 03:59:59.999000+00:00
2025-01-11 04:00:00+00:00,19.931,20.096,19.841,19.937,1032876.78,2025-01-11 07:59:59.999000+00:00
2025-01-11 08:00:00+00:00,19.937,20.25,19.8,20.16,1405698.04,2025-01-11 11:59:59.999000+00:00
2025-01-11 12:00:00+00:00,20.16,20.189,19.902,19.975,1403576.52,2025-01-11 15:59:59.999000+00:00
2025-01-11 16:00:00+00:00,19.976,20.036,19.824,19.995,1400958.85,2025-01-11 19:59:59.999000+00:00
2025-01-11 20:00:00+00:00,19.995,20.679,19.951,20.204,2474762.22,2025-01-11 23:59:59.999000+00:00
2025-01-12 00:00:00+00:00,20.204,20.323,20.039,20.244,1341555.93,2025-01-12 03:59:59.999000+00:00
2025-01-12 04:00:00+00:00,20.245,20.314,19.964,20.082,1162631.53,2025-01-12 07:59:59.999000+00:00
2025-01-12 08:00:00+00:00,20.083,20.122,19.781,19.956,1501378.92,2025-01-12 11:59:59.999000+00:00
2025-01-12 12:00:00+00:00,19.956,20.249,19.852,20.145,1987435.4,2025-01-12 15:59:59.999000+00:00
2025-01-12 16:00:00+00:00,20.145,20.195,19.959,20.029,1569384.04,2025-01-12 19:59:59.999000+00:00
2025-01-12 20:00:00+00:00,20.029,20.099,19.575,19.833,1621069.61,2025-01-12 23:59:59.999000+00:00
2025-01-13 00:00:00+00:00,19.833,20.439,19.313,19.379,5396404.13,2025-01-13 03:59:59.999000+00:00
2025-01-13 04:00:00+00:00,19.378,19.733,19.001,19.101,3424455.74,2025-01-13 07:59:59.999000+00:00
2025-01-13 08:00:00+00:00,19.101,19.129,18.048,18.097,6418271.47,2025-01-13 11:59:59.999000+00:00
2025-01-13 12:00:00+00:00,18.097,19.098,17.737,18.917,8741197.85,2025-01-13 15:59:59.999000+00:00
2025-01-13 16:00:00+00:00,18.917,19.047,18.219,18.47,4768357.06,2025-01-13 19:59:59.999000+00:00
2025-01-13 20:00:00+00:00,18.469,19.549,18.369,19.349,3828067.39,2025-01-13 23:59:59.999000+00:00
2025-01-14 00:00:00+00:00,19.348,19.583,19.241,19.486,2024760.99,2025-01-14 03:59:59.999000+00:00
2025-01-14 04:00:00+00:00,19.486,19.756,19.418,19.435,1574791.68,2025-01-14 07:59:59.999000+00:00
2025-01-14 08:00:00+00:00,19.436,20.289,19.435,19.935,3010754.71,2025-01-14 11:59:59.999000+00:00
2025-01-14 12:00:00+00:00,19.934,20.382,19.763,20.14,3582689.4,2025-01-14 15:59:59.999000+00:00
2025-01-14 16:00:00+00:00,20.139,20.475,19.965,20.296,2466614.52,2025-01-14 19:59:59.999000+00:00
2025-01-14 20:00:00+00:00,20.295,20.486,20.171,20.323,1444569.37,2025-01-14 23:59:59.999000+00:00
2025-01-15 00:00:00+00:00,20.323,20.686,20.202,20.446,2741224.39,2025-01-15 03:59:59.999000+00:00
2025-01-15 04:00:00+00:00,20.446,20.825,20.239,20.715,2058768.38,2025-01-15 07:59:59.999000+00:00
2025-01-15 08:00:00+00:00,20.715,20.976,20.089,20.318,3383358.16,2025-01-15 11:59:59.999000+00:00
2025-01-15 12:00:00+00:00,20.317,21.743,20.141,21.592,7870521.5,2025-01-15 15:59:59.999000+00:00
2025-01-15 16:00:00+00:00,21.593,21.84,21.235,21.597,3563410.77,2025-01-15 19:59:59.999000+00:00
2025-01-15 20:00:00+00:00,21.596,22.138,21.551,22.075,2903285.2,2025-01-15 23:59:59.999000+00:00
2025-01-16 00:00:00+00:00,22.074,22.158,21.454,21.598,3272370.87,2025-01-16 03:59:59.999000+00:00
2025-01-16 04:00:00+00:00,21.599,21.846,21.56,21.747,1516019.38,2025-01-16 07:59:59.999000+00:00
2025-01-16 08:00:00+00:00,21.748,22.489,21.284,22.463,5301797.06,2025-01-16 11:59:59.999000+00:00
2025-01-16 12:00:00+00:00,22.464,23.335,22.218,23.3,10877590.83,2025-01-16 15:59:59.999000+00:00
2025-01-16 16:00:00+00:00,23.3,23.744,23.145,23.705,4907442.47,2025-01-16 19:59:59.999000+00:00
2025-01-16 20:00:00+00:00,23.703,23.783,22.782,23.015,3228152.77,2025-01-16 23:59:59.999000+00:00
2025-01-17 00:00:00+00:00,23.017,23.977,23.016,23.533,4472633.95,2025-01-17 03:59:59.999000+00:00
2025-01-17 04:00:00+00:00,23.534,24.28,23.476,24.118,3945956.63,2025-01-17 07:59:59.999000+00:00
2025-01-17 08:00:00+00:00,24.118,24.438,23.811,24.13,3522452.97,2025-01-17 11:59:59.999000+00:00
2025-01-17 12:00:00+00:00,24.13,24.492,23.832,24.417,3747990.87,2025-01-17 15:59:59.999000+00:00
2025-01-17 16:00:00+00:00,24.417,24.689,24.186,24.506,2929488.25,2025-01-17 19:59:59.999000+00:00
2025-01-17 20:00:00+00:00,24.509,25.22,24.457,25.089,2955886.92,2025-01-17 23:59:59.999000+00:00
2025-01-18 00:00:00+00:00,25.087,25.656,24.446,24.551,4530279.37,2025-01-18 03:59:59.999000+00:00
2025-01-18 04:00:00+00:00,24.548,24.719,23.42,23.831,6157470.37,2025-01-18 07:59:59.999000+00:00
2025-01-18 08:00:00+00:00,23.832,24.61,23.501,24.42,5439739.54,2025-01-18 11:59:59.999000+00:00
2025-01-18 12:00:00+00:00,24.42,24.83,23.934,24.065,4603411.83,2025-01-18 15:59:59.999000+00:00
2025-01-18 16:00:00+00:00,24.066,24.127,23.368,23.968,4843991.9,2025-01-18 19:59:59.999000+00:00
2025-01-18 20:00:00+00:00,23.969,24.203,23.527,24.098,2076794.92,2025-01-18 23:59:59.999000+00:00
2025-01-19 00:00:00+00:00,24.098,24.591,23.794,23.855,3368450.96,2025-01-19 03:59:59.999000+00:00
2025-01-19 04:00:00+00:00,23.854,23.877,23.134,23.368,3694806.06,2025-01-19 07:59:59.999000+00:00
2025-01-19 08:00:00+00:00,23.368,23.373,22.185,22.399,7853786.97,2025-01-19 11:59:59.999000+00:00
2025-01-19 12:00:00+00:00,22.4,25.94,22.359,25.41,11112140.91,2025-01-19 15:59:59.999000+00:00
2025-01-19 16:00:00+00:00,25.409,26.696,25.305,26.036,7414879.28,2025-01-19 19:59:59.999000+00:00
2025-01-19 20:00:00+00:00,26.037,26.499,23.531,24.339,16474919.56,2025-01-19 23:59:59.999000+00:00
2025-01-20 00:00:00+00:00,24.338,24.806,23.391,24.322,11804294.93,2025-01-20 03:59:59.999000+00:00
2025-01-20 04:00:00+00:00,24.321,26.46,23.986,26.306,9889664.09,2025-01-20 07:59:59.999000+00:00
2025-01-20 08:00:00+00:00,26.306,26.952,25.279,25.735,7731582.35,2025-01-20 11:59:59.999000+00:00
2025-01-20 12:00:00+00:00,25.736,26.79,24.525,25.859,19406153.41,2025-01-20 15:59:59.999000+00:00
2025-01-20 16:00:00+00:00,25.86,26.383,24.0,25.7,12423140.36,2025-01-20 19:59:59.999000+00:00
2025-01-20 20:00:00+00:00,25.699,25.852,24.939,25.069,4451066.86,2025-01-20 23:59:59.999000+00:00
2025-01-21 00:00:00+00:00,25.071,25.183,24.04,24.448,6291044.92,2025-01-21 03:59:59.999000+00:00
2025-01-21 04:00:00+00:00,24.448,24.455,23.679,24.078,4298223.07,2025-01-21 07:59:59.999000+00:00
2025-01-21 08:00:00+00:00,24.078,26.236,23.881,25.66,8726398.46,2025-01-21 11:59:59.999000+00:00
2025-01-21 12:00:00+00:00,25.661,26.481,25.405,25.853,6684924.44,2025-01-21 15:59:59.999000+00:00
2025-01-21 16:00:00+00:00,25.849,27.089,25.791,26.628,6001017.54,2025-01-21 19:59:59.999000+00:00
2025-01-21 20:00:00+00:00,26.629,26.898,26.146,26.651,4071093.38,2025-01-21 23:59:59.999000+00:00
2025-01-22 00:00:00+00:00,26.653,27.2,26.23,26.313,4115307.18,2025-01-22 03:59:59.999000+00:00
2025-01-22 04:00:00+00:00,26.314,26.353,25.684,25.789,2629184.02,2025-01-22 07:59:59.999000+00:00
2025-01-22 08:00:00+00:00,25.79,25.998,25.574,25.851,2715149.08,2025-01-22 11:59:59.999000+00:00
2025-01-22 12:00:00+00:00,25.851,25.945,25.32,25.405,3638670.25,2025-01-22 15:59:59.999000+00:00
2025-01-22 16:00:00+00:00,25.406,25.662,25.17,25.404,2423172.51,2025-01-22 19:59:59.999000+00:00
2025-01-22 20:00:00+00:00,25.404,25.611,25.11,25.293,1975911.02,2025-01-22 23:59:59.999000+00:00
2025-01-23 00:00:00+00:00,25.29,25.337,24.475,24.815,3420483.3,2025-01-23 03:59:59.999000+00:00
2025-01-23 04:00:00+00:00,24.817,24.838,24.31,24.565,2482033.24,2025-01-23 07:59:59.999000+00:00
2025-01-23 08:00:00+00:00,24.564,24.624,23.976,24.461,2577134.72,2025-01-23 11:59:59.999000+00:00
2025-01-23 12:00:00+00:00,24.461,25.926,24.044,25.46,7737603.11,2025-01-23 15:59:59.999000+00:00
2025-01-23 16:00:00+00:00,25.46,26.232,24.683,24.758,5334734.16,2025-01-23 19:59:59.999000+00:00
2025-01-23 20:00:00+00:00,24.757,25.826,24.565,25.65,5121575.07,2025-01-23 23:59:59.999000+00:00
2025-01-24 00:00:00+00:00,25.649,25.833,24.851,25.216,2872373.51,2025-01-24 03:59:59.999000+00:00
2025-01-24 04:00:00+00:00,25.216,26.317,25.001,25.932,3489252.87,2025-01-24 07:59:59.999000+00:00
2025-01-24 08:00:00+00:00,25.932,26.421,25.835,26.161,2850856.63,2025-01-24 11:59:59.999000+00:00
2025-01-24 12:00:00+00:00,26.162,26.32,25.661,26.126,3073057.81,2025-01-24 15:59:59.999000+00:00
2025-01-24 16:00:00+00:00,26.125,26.245,25.679,25.79,1921866.95,2025-01-24 19:59:59.999000+00:00
2025-01-24 20:00:00+00:00,25.79,25.874,25.081,25.17,2361688.6,2025-01-24 23:59:59.999000+00:00
2025-01-25 00:00:00+00:00,25.171,25.321,24.806,25.265,2400193.11,2025-01-25 03:59:59.999000+00:00
2025-01-25 04:00:00+00:00,25.266,25.298,24.9,24.982,1282682.5,2025-01-25 07:59:59.999000+00:00
2025-01-25 08:00:00+00:00,24.982,25.082,24.677,24.957,1757377.29,2025-01-25 11:59:59.999000+00:00
2025-01-25 12:00:00+00:00,24.958,25.266,24.701,25.121,2498888.27,2025-01-25 15:59:59.999000+00:00
2025-01-25 16:00:00+00:00,25.12,25.353,24.776,25.234,2483241.67,2025-01-25 19:59:59.999000+00:00
2025-01-25 20:00:00+00:00,25.235,25.431,24.875,24.911,1168615.52,2025-01-25 23:59:59.999000+00:00
2025-01-26 00:00:00+00:00,24.911,25.621,24.848,25.567,1886396.07,2025-01-26 03:59:59.999000+00:00
2025-01-26 04:00:00+00:00,25.567,25.873,25.425,25.668,1707965.08,2025-01-26 07:59:59.999000+00:00
2025-01-26 08:00:00+00:00,25.668,25.817,25.13,25.294,1877269.27,2025-01-26 11:59:59.999000+00:00
2025-01-26 12:00:00+00:00,25.297,25.471,25.1,25.436,1500939.24,2025-01-26 15:59:59.999000+00:00
2025-01-26 16:00:00+00:00,25.437,26.268,25.258,26.194,2965706.78,2025-01-26 19:59:59.999000+00:00
2025-01-26 20:00:00+00:00,26.194,26.389,24.839,24.867,4217292.62,2025-01-26 23:59:59.999000+00:00
2025-01-27 00:00:00+00:00,24.867,25.112,23.728,23.966,5863632.1,2025-01-27 03:59:59.999000+00:00
2025-01-27 04:00:00+00:00,23.965,23.965,22.234,22.833,6536057.28,2025-01-27 07:59:59.999000+00:00
2025-01-27 08:00:00+00:00,22.833,22.894,22.164,22.407,4501638.78,2025-01-27 11:59:59.999000+00:00
2025-01-27 12:00:00+00:00,22.406,24.086,22.303,23.671,8561194.71,2025-01-27 15:59:59.999000+00:00
2025-01-27 16:00:00+00:00,23.672,23.895,22.769,23.108,3842913.78,2025-01-27 19:59:59.999000+00:00
2025-01-27 20:00:00+00:00,23.11,24.415,23.108,24.196,3943559.72,2025-01-27 23:59:59.999000+00:00
2025-01-28 00:00:00+00:00,24.197,24.544,23.768,24.267,2812869.99,2025-01-28 03:59:59.999000+00:00
2025-01-28 04:00:00+00:00,24.268,24.643,24.06,24.11,1794503.17,2025-01-28 07:59:59.999000+00:00
2025-01-28 08:00:00+00:00,24.11,24.199,23.821,23.952,1830538.0,2025-01-28 11:59:59.999000+00:00
2025-01-28 12:00:00+00:00,23.952,24.256,23.509,23.92,3318047.68,2025-01-28 15:59:59.999000+00:00
2025-01-28 16:00:00+00:00,23.921,23.955,23.128,23.283,2642808.58,2025-01-28 19:59:59.999000+00:00
2025-01-28 20:00:00+00:00,23.283,23.377,22.335,22.599,3163842.52,2025-01-28 23:59:59.999000+00:00
2025-01-29 00:00:00+00:00,22.598,23.392,22.563,23.232,2594857.36,2025-01-29 03:59:59.999000+00:00
2025-01-29 04:00:00+00:00,23.232,23.555,23.1,23.519,1400261.2,2025-01-29 07:59:59.999000+00:00
2025-01-29 08:00:00+00:00,23.519,23.6,23.027,23.448,1730742.23,2025-01-29 11:59:59.999000+00:00
2025-01-29 12:00:00+00:00,23.448,23.538,22.457,22.748,4695229.38,2025-01-29 15:59:59.999000+00:00
2025-01-29 16:00:00+00:00,22.747,23.763,22.31,23.507,5558072.46,2025-01-29 19:59:59.999000+00:00
2025-01-29 20:00:00+00:00,23.508,24.438,23.121,23.649,5358192.53,2025-01-29 23:59:59.999000+00:00
2025-01-30 00:00:00+00:00,23.649,24.32,23.393,24.27,2404273.43,2025-01-30 03:59:59.999000+00:00
2025-01-30 04:00:00+00:00,24.269,24.581,24.157,24.282,1977285.42,2025-01-30 07:59:59.999000+00:00
2025-01-30 08:00:00+00:00,24.285,24.725,24.16,24.465,1845509.3,2025-01-30 11:59:59.999000+00:00
2025-01-30 12:00:00+00:00,24.465,25.192,24.205,24.845,4614324.99,2025-01-30 15:59:59.999000+00:00
2025-01-30 16:00:00+00:00,24.844,25.075,24.604,24.758,2393370.4,2025-01-30 19:59:59.999000+00:00
2025-01-30 20:00:00+00:00,24.757,24.799,24.389,24.449,1886239.24,2025-01-30 23:59:59.999000+00:00
2025-01-31 00:00:00+00:00,24.449,24.872,24.241,24.337,2041640.3,2025-01-31 03:59:59.999000+00:00
2025-01-31 04:00:00+00:00,24.337,25.383,24.121,24.89,2686177.62,2025-01-31 07:59:59.999000+00:00
2025-01-31 08:00:00+00:00,24.89,25.687,24.687,25.661,2929101.06,2025-01-31 11:59:59.999000+00:00
2025-01-31 12:00:00+00:00,25.662,26.085,25.351,25.896,4539823.84,2025-01-31 15:59:59.999000+00:00
2025-01-31 16:00:00+00:00,25.895,26.433,24.826,24.906,4944223.81,2025-01-31 19:59:59.999000+00:00
2025-01-31 20:00:00+00:00,24.906,25.218,24.487,25.15,3023433.06,2025-01-31 23:59:59.999000+00:00
2025-02-01 00:00:00+00:00,25.15,25.952,25.055,25.635,3034601.49,2025-02-01 03:59:59.999000+00:00
2025-02-01 04:00:00+00:00,25.635,25.856,25.207,25.241,1856726.29,2025-02-01 07:59:59.999000+00:00
2025-02-01 08:00:00+00:00,25.242,25.331,24.527,24.774,3200853.88,2025-02-01 11:59:59.999000+00:00
2025-02-01 12:00:00+00:00,24.775,24.922,24.241,24.455,2572910.0,2025-02-01 15:59:59.999000+00:00
2025-02-01 16:00:00+00:00,24.456,24.625,23.512,23.543,3046563.54,2025-02-01 19:59:59.999000+00:00
2025-02-01 20:00:00+00:00,23.543,23.562,22.75,22.961,4651454.09,2025-02-01 23:59:59.999000+00:00
2025-02-02 00:00:00+00:00,22.957,23.311,22.199,22.313,4263147.68,2025-02-02 03:59:59.999000+00:00
2025-02-02 04:00:00+00:00,22.314,22.89,22.249,22.645,3076962.88,2025-02-02 07:59:59.999000+00:00
2025-02-02 08:00:00+00:00,22.646,23.171,22.067,22.119,4130712.67,2025-02-02 11:59:59.999000+00:00
2025-02-02 12:00:00+00:00,22.119,22.449,21.849,22.176,4411295.91,2025-02-02 15:59:59.999000+00:00
2025-02-02 16:00:00+00:00,22.175,22.187,20.069,20.762,12546691.23,2025-02-02 19:59:59.999000+00:00
2025-02-02 20:00:00+00:00,20.762,21.026,19.258,20.45,8597503.07,2025-02-02 23:59:59.999000+00:00
2025-02-03 00:00:00+00:00,20.45,20.458,15.429,17.703,25533710.71,2025-02-03 03:59:59.999000+00:00
2025-02-03 04:00:00+00:00,17.704,19.454,17.04,19.405,10442670.81,2025-02-03 07:59:59.999000+00:00
2025-02-03 08:00:00+00:00,19.405,19.408,18.412,18.892,8083421.97,2025-02-03 11:59:59.999000+00:00
2025-02-03 12:00:00+00:00,18.892,20.646,18.111,20.399,12820046.98,2025-02-03 15:59:59.999000+00:00
2025-02-03 16:00:00+00:00,20.399,22.013,20.099,21.872,10313682.69,2025-02-03 19:59:59.999000+00:00
2025-02-03 20:00:00+00:00,21.872,22.016,20.952,21.636,6716304.24,2025-02-03 23:59:59.999000+00:00
2025-02-04 00:00:00+00:00,21.636,21.702,20.722,20.879,3646339.71,2025-02-04 03:59:59.999000+00:00
2025-02-04 04:00:00+00:00,20.879,21.115,19.537,19.619,7438646.7,2025-02-04 07:59:59.999000+00:00
2025-02-04 08:00:00+00:00,19.622,20.775,19.432,20.322,5687965.97,2025-02-04 11:59:59.999000+00:00
2025-02-04 12:00:00+00:00,20.323,20.974,20.171,20.52,6899196.23,2025-02-04 15:59:59.999000+00:00
2025-02-04 16:00:00+00:00,20.521,21.259,20.298,20.301,4758936.95,2025-02-04 19:59:59.999000+00:00
2025-02-04 20:00:00+00:00,20.301,20.506,19.323,19.965,8340569.55,2025-02-04 23:59:59.999000+00:00
2025-02-05 00:00:00+00:00,19.966,20.264,19.732,19.977,3268297.77,2025-02-05 03:59:59.999000+00:00
2025-02-05 04:00:00+00:00,19.976,20.083,19.422,19.625,3469311.13,2025-02-05 07:59:59.999000+00:00
2025-02-05 08:00:00+00:00,19.624,20.089,19.387,19.992,3420488.8,2025-02-05 11:59:59.999000+00:00
2025-02-05 12:00:00+00:00,19.991,20.087,19.452,19.631,4704078.81,2025-02-05 15:59:59.999000+00:00
2025-02-05 16:00:00+00:00,19.631,19.703,18.955,19.454,5401676.75,2025-02-05 19:59:59.999000+00:00
2025-02-05 20:00:00+00:00,19.455,19.569,18.95,19.181,2912539.01,2025-02-05 23:59:59.999000+00:00
2025-02-06 00:00:00+00:00,19.181,19.574,19.036,19.49,2387082.42,2025-02-06 03:59:59.999000+00:00
2025-02-06 04:00:00+00:00,19.49,19.921,19.437,19.685,2269508.72,2025-02-06 07:59:59.999000+00:00
2025-02-06 08:00:00+00:00,19.685,19.904,19.467,19.701,2817238.17,2025-02-06 11:59:59.999000+00:00
2025-02-06 12:00:00+00:00,19.701,19.742,18.553,18.691,5605718.78,2025-02-06 15:59:59.999000+00:00
2025-02-06 16:00:00+00:00,18.691,18.865,18.394,18.504,4729839.31,2025-02-06 19:59:59.999000+00:00
2025-02-06 20:00:00+00:00,18.504,18.945,18.404,18.574,3100569.75,2025-02-06 23:59:59.999000+00:00
2025-02-07 00:00:00+00:00,18.574,19.045,18.55,18.802,2534588.77,2025-02-07 03:59:59.999000+00:00
2025-02-07 04:00:00+00:00,18.803,18.983,18.414,18.773,2584088.07,2025-02-07 07:59:59.999000+00:00
2025-02-07 08:00:00+00:00,18.774,19.377,18.686,19.279,2989380.09,2025-02-07 11:59:59.999000+00:00
2025-02-07 12:00:00+00:00,19.279,19.828,18.957,19.355,6697044.75,2025-02-07 15:59:59.999000+00:00
2025-02-07 16:00:00+00:00,19.356,19.375,18.588,18.718,4196574.8,2025-02-07 19:59:59.999000+00:00
2025-02-07 20:00:00+00:00,18.719,18.741,17.786,18.368,4894316.39,2025-02-07 23:59:59.999000+00:00
2025-02-08 00:00:00+00:00,18.368,18.614,18.185,18.219,2137801.86,2025-02-08 03:59:59.999000+00:00
2025-02-08 04:00:00+00:00,18.219,18.299,17.914,18.168,1704741.05,2025-02-08 07:59:59.999000+00:00
2025-02-08 08:00:00+00:00,18.168,18.222,17.9,18.055,1640765.12,2025-02-08 11:59:59.999000+00:00
2025-02-08 12:00:00+00:00,18.054,18.238,17.863,18.045,2504097.89,2025-02-08 15:59:59.999000+00:00
2025-02-08 16:00:00+00:00,18.045,18.439,17.874,18.324,2355968.06,2025-02-08 19:59:59.999000+00:00
2025-02-08 20:00:00+00:00,18.324,18.53,18.169,18.428,1433888.75,2025-02-08 23:59:59.999000+00:00
2025-02-09 00:00:00+00:00,18.428,18.998,18.245,18.903,2452909.5,2025-02-09 03:59:59.999000+00:00
2025-02-09 04:00:00+00:00,18.902,18.907,18.506,18.747,1676251.34,2025-02-09 07:59:59.999000+00:00
2025-02-09 08:00:00+00:00,18.747,18.885,18.535,18.543,1532550.95,2025-02-09 11:59:59.999000+00:00
2025-02-09 12:00:00+00:00,18.542,18.785,18.092,18.717,3102379.01,2025-02-09 15:59:59.999000+00:00
2025-02-09 16:00:00+00:00,18.716,18.935,18.345,18.363,2226032.58,2025-02-09 19:59:59.999000+00:00
2025-02-09 20:00:00+00:00,18.364,18.719,17.424,18.255,5843730.22,2025-02-09 23:59:59.999000+00:00
2025-02-10 00:00:00+00:00,18.254,18.638,17.652,18.357,5827834.9,2025-02-10 03:59:59.999000+00:00
2025-02-10 04:00:00+00:00,18.357,18.786,18.233,18.642,3011116.55,2025-02-10 07:59:59.999000+00:00
2025-02-10 08:00:00+00:00,18.642,18.974,18.616,18.739,2840561.77,2025-02-10 11:59:59.999000+00:00
2025-02-10 12:00:00+00:00,18.739,19.115,18.458,18.574,3894210.23,2025-02-10 15:59:59.999000+00:00
2025-02-10 16:00:00+00:00,18.574,18.936,18.479,18.829,2388094.35,2025-02-10 19:59:59.999000+00:00
2025-02-10 20:00:00+00:00,18.829,18.941,18.603,18.791,1401483.84,2025-02-10 23:59:59.999000+00:00
2025-02-11 00:00:00+00:00,18.792,19.362,18.756,19.32,2953974.87,2025-02-11 03:59:59.999000+00:00
2025-02-11 04:00:00+00:00,19.32,19.787,19.278,19.619,3185695.22,2025-02-11 07:59:59.999000+00:00
2025-02-11 08:00:00+00:00,19.619,19.735,19.324,19.548,2240863.76,2025-02-11 11:59:59.999000+00:00
2025-02-11 12:00:00+00:00,19.549,19.571,18.823,19.085,3812334.29,2025-02-11 15:59:59.999000+00:00
2025-02-11 16:00:00+00:00,19.085,19.168,18.209,18.432,4076674.67,2025-02-11 19:59:59.999000+00:00
2025-02-11 20:00:00+00:00,18.433,18.975,18.402,18.635,2736431.22,2025-02-11 23:59:59.999000+00:00
2025-02-12 00:00:00+00:00,18.635,18.877,18.399,18.462,2284323.93,2025-02-12 03:59:59.999000+00:00
2025-02-12 04:00:00+00:00,18.462,18.708,18.334,18.582,1775738.56,2025-02-12 07:59:59.999000+00:00
2025-02-12 08:00:00+00:00,18.581,18.765,18.384,18.535,1904952.71,2025-02-12 11:59:59.999000+00:00
2025-02-12 12:00:00+00:00,18.535,18.809,17.629,18.108,9199457.56,2025-02-12 15:59:59.999000+00:00
2025-02-12 16:00:00+00:00,18.109,18.882,17.935,18.832,4515154.54,2025-02-12 19:59:59.999000+00:00
2025-02-12 20:00:00+00:00,18.832,19.5,18.722,19.19,3195748.86,2025-02-12 23:59:59.999000+00:00
2025-02-13 00:00:00+00:00,19.192,19.324,18.972,19.222,1876689.61,2025-02-13 03:59:59.999000+00:00
2025-02-13 04:00:00+00:00,19.222,19.247,18.713,18.806,2498439.85,2025-02-13 07:59:59.999000+00:00
2025-02-13 08:00:00+00:00,18.808,18.879,18.545,18.674,2169752.73,2025-02-13 11:59:59.999000+00:00
2025-02-13 12:00:00+00:00,18.675,18.696,18.165,18.486,4670649.12,2025-02-13 15:59:59.999000+00:00
2025-02-13 16:00:00+00:00,18.485,18.612,18.185,18.339,2753554.33,2025-02-13 19:59:59.999000+00:00
2025-02-13 20:00:00+00:00,18.339,18.626,18.328,18.54,1639760.53,2025-02-13 23:59:59.999000+00:00
2025-02-14 00:00:00+00:00,18.541,18.956,18.434,18.934,1623350.49,2025-02-14 03:59:59.999000+00:00
2025-02-14 04:00:00+00:00,18.935,18.982,18.617,18.754,1489391.09,2025-02-14 07:59:59.999000+00:00
2025-02-14 08:00:00+00:00,18.754,19.342,18.664,19.026,3648645.55,2025-02-14 11:59:59.999000+00:00
2025-02-14 12:00:00+00:00,19.025,19.614,18.868,19.496,3807777.31,2025-02-14 15:59:59.999000+00:00
2025-02-14 16:00:00+00:00,19.496,19.84,19.178,19.508,3899660.91,2025-02-14 19:59:59.999000+00:00
2025-02-14 20:00:00+00:00,19.508,19.654,19.107,19.371,2556473.15,2025-02-14 23:59:59.999000+00:00
2025-02-15 00:00:00+00:00,19.373,19.598,19.179,19.408,1614702.42,2025-02-15 03:59:59.999000+00:00
2025-02-15 04:00:00+00:00,19.409,19.65,19.251,19.262,1985355.99,2025-02-15 07:59:59.999000+00:00
2025-02-15 08:00:00+00:00,19.263,19.387,19.012,19.108,2019214.36,2025-02-15 11:59:59.999000+00:00
2025-02-15 12:00:00+00:00,19.108,19.284,18.826,18.944,2281236.33,2025-02-15 15:59:59.999000+00:00
2025-02-15 16:00:00+00:00,18.943,19.036,18.78,18.868,1521880.36,2025-02-15 19:59:59.999000+00:00
2025-02-15 20:00:00+00:00,18.868,19.0,18.717,18.987,1299614.18,2025-02-15 23:59:59.999000+00:00
2025-02-16 00:00:00+00:00,18.988,19.108,18.685,18.84,1677864.23,2025-02-16 03:59:59.999000+00:00
2025-02-16 04:00:00+00:00,18.841,19.253,18.816,18.891,1964886.36,2025-02-16 07:59:59.999000+00:00
2025-02-16 08:00:00+00:00,18.891,19.15,18.823,19.148,1310856.32,2025-02-16 11:59:59.999000+00:00
2025-02-16 12:00:00+00:00,19.148,19.184,18.697,18.887,2096555.18,2025-02-16 15:59:59.999000+00:00
2025-02-16 16:00:00+00:00,18.887,19.116,18.533,18.818,2279009.34,2025-02-16 19:59:59.999000+00:00
2025-02-16 20:00:00+00:00,18.817,19.027,18.636,18.69,1768617.45,2025-02-16 23:59:59.999000+00:00
2025-02-17 00:00:00+00:00,18.69,19.001,18.614,18.808,1771199.56,2025-02-17 03:59:59.999000+00:00
2025-02-17 04:00:00+00:00,18.807,19.152,18.351,18.797,3571259.4,2025-02-17 07:59:59.999000+00:00
2025-02-17 08:00:00+00:00,18.797,19.494,18.708,19.349,3225493.68,2025-02-17 11:59:59.999000+00:00
2025-02-17 12:00:00+00:00,19.35,19.783,19.204,19.238,3445336.52,2025-02-17 15:59:59.999000+00:00
2025-02-17 16:00:00+00:00,19.236,19.38,18.698,19.062,4045968.18,2025-02-17 19:59:59.999000+00:00
2025-02-17 20:00:00+00:00,19.062,19.497,18.96,19.097,2515635.61,2025-02-17 23:59:59.999000+00:00
2025-02-18 00:00:00+00:00,19.097,19.188,18.762,18.855,2042467.3,2025-02-18 03:59:59.999000+00:00
2025-02-18 04:00:00+00:00,18.855,18.867,18.071,18.074,3967599.69,2025-02-18 07:59:59.999000+00:00
2025-02-18 08:00:00+00:00,18.075,18.29,17.843,17.985,3297536.4,2025-02-18 11:59:59.999000+00:00
2025-02-18 12:00:00+00:00,17.986,18.379,17.55,17.667,4554437.17,2025-02-18 15:59:59.999000+00:00
2025-02-18 16:00:00+00:00,17.668,17.802,17.273,17.6,4956054.08,2025-02-18 19:59:59.999000+00:00
2025-02-18 20:00:00+00:00,17.601,17.903,17.421,17.856,2632403.6,2025-02-18 23:59:59.999000+00:00
2025-02-19 00:00:00+00:00,17.855,17.99,17.516,17.83,2110848.01,2025-02-19 03:59:59.999000+00:00
2025-02-19 04:00:00+00:00,17.83,18.121,17.422,18.027,2600871.51,2025-02-19 07:59:59.999000+00:00
2025-02-19 08:00:00+00:00,18.026,18.124,17.872,18.11,2498174.05,2025-02-19 11:59:59.999000+00:00
2025-02-19 12:00:00+00:00,18.111,18.198,17.735,17.798,3538064.15,2025-02-19 15:59:59.999000+00:00
2025-02-19 16:00:00+00:00,17.799,18.06,17.713,17.902,2188338.87,2025-02-19 19:59:59.999000+00:00
2025-02-19 20:00:00+00:00,17.901,18.076,17.744,17.963,1793664.52,2025-02-19 23:59:59.999000+00:00
2025-02-20 00:00:00+00:00,17.964,18.358,17.882,18.313,2523549.99,2025-02-20 03:59:59.999000+00:00
2025-02-20 04:00:00+00:00,18.312,18.465,18.052,18.096,2346876.83,2025-02-20 07:59:59.999000+00:00
2025-02-20 08:00:00+00:00,18.097,18.188,17.82,18.128,2949495.8,2025-02-20 11:59:59.999000+00:00
2025-02-20 12:00:00+00:00,18.127,18.365,17.848,17.875,3531163.71,2025-02-20 15:59:59.999000+00:00
2025-02-20 16:00:00+00:00,17.874,18.423,17.848,18.325,2628953.68,2025-02-20 19:59:59.999000+00:00
2025-02-20 20:00:00+00:00,18.325,18.424,18.126,18.278,1558100.17,2025-02-20 23:59:59.999000+00:00
2025-02-21 00:00:00+00:00,18.278,18.317,18.04,18.083,1395376.0,2025-02-21 03:59:59.999000+00:00
2025-02-21 04:00:00+00:00,18.083,18.39,18.08,18.253,1331193.76,2025-02-21 07:59:59.999000+00:00
2025-02-21 08:00:00+00:00,18.253,18.74,18.208,18.562,3080071.57,2025-02-21 11:59:59.999000+00:00
2025-02-21 12:00:00+00:00,18.562,19.052,18.062,18.378,6274616.96,2025-02-21 15:59:59.999000+00:00
2025-02-21 16:00:00+00:00,18.377,18.541,17.118,17.272,7677738.49,2025-02-21 19:59:59.999000+00:00
2025-02-21 20:00:00+00:00,17.272,17.453,17.119,17.412,3201539.89,2025-02-21 23:59:59.999000+00:00
2025-02-22 00:00:00+00:00,17.412,17.664,17.295,17.452,1992965.02,2025-02-22 03:59:59.999000+00:00
2025-02-22 04:00:00+00:00,17.451,17.632,17.421,17.475,1530770.22,2025-02-22 07:59:59.999000+00:00
2025-02-22 08:00:00+00:00,17.476,17.709,17.412,17.601,1503359.56,2025-02-22 11:59:59.999000+00:00
2025-02-22 12:00:00+00:00,17.601,17.821,17.505,17.774,1896823.31,2025-02-22 15:59:59.999000+00:00
2025-02-22 16:00:00+00:00,17.773,18.019,17.742,17.859,1966488.7,2025-02-22 19:59:59.999000+00:00
2025-02-22 20:00:00+00:00,17.858,17.868,17.705,17.745,936819.43,2025-02-22 23:59:59.999000+00:00
2025-02-23 00:00:00+00:00,17.745,17.9,17.634,17.792,1657868.13,2025-02-23 03:59:59.999000+00:00
2025-02-23 04:00:00+00:00,17.792,18.115,17.736,18.109,1379417.43,2025-02-23 07:59:59.999000+00:00
2025-02-23 08:00:00+00:00,18.108,18.125,17.71,17.759,1564427.93,2025-02-23 11:59:59.999000+00:00
2025-02-23 12:00:00+00:00,17.759,17.839,17.429,17.461,2339946.97,2025-02-23 15:59:59.999000+00:00
2025-02-23 16:00:00+00:00,17.462,17.664,17.448,17.529,1364702.8,2025-02-23 19:59:59.999000+00:00
2025-02-23 20:00:00+00:00,17.529,17.733,17.417,17.604,1332562.94,2025-02-23 23:59:59.999000+00:00
2025-02-24 00:00:00+00:00,17.603,17.736,16.764,16.812,3774166.02,2025-02-24 03:59:59.999000+00:00
2025-02-24 04:00:00+00:00,16.812,16.969,16.461,16.856,3443671.95,2025-02-24 07:59:59.999000+00:00
2025-02-24 08:00:00+00:00,16.856,16.865,16.433,16.662,3449204.84,2025-02-24 11:59:59.999000+00:00
2025-02-24 12:00:00+00:00,16.661,16.764,16.041,16.211,4923067.05,2025-02-24 15:59:59.999000+00:00
2025-02-24 16:00:00+00:00,16.211,16.495,15.912,16.097,3582326.55,2025-02-24 19:59:59.999000+00:00
2025-02-24 20:00:00+00:00,16.098,16.282,14.94,15.249,7926706.98,2025-02-24 23:59:59.999000+00:00
2025-02-25 00:00:00+00:00,15.248,15.41,14.833,15.115,6231381.99,2025-02-25 03:59:59.999000+00:00
2025-02-25 04:00:00+00:00,15.116,15.265,14.019,14.518,11705091.83,2025-02-25 07:59:59.999000+00:00
2025-02-25 08:00:00+00:00,14.519,14.9,14.24,14.836,8333373.53,2025-02-25 11:59:59.999000+00:00
2025-02-25 12:00:00+00:00,14.837,14.993,14.395,14.739,7102142.21,2025-02-25 15:59:59.999000+00:00
2025-02-25 16:00:00+00:00,14.74,15.125,14.503,15.104,4753828.26,2025-02-25 19:59:59.999000+00:00
2025-02-25 20:00:00+00:00,15.104,15.573,14.975,15.306,3802338.71,2025-02-25 23:59:59.999000+00:00
2025-02-26 00:00:00+00:00,15.306,15.548,15.088,15.381,2729236.83,2025-02-26 03:59:59.999000+00:00
2025-02-26 04:00:00+00:00,15.38,15.514,15.148,15.293,2624386.98,2025-02-26 07:59:59.999000+00:00
2025-02-26 08:00:00+00:00,15.292,15.632,15.137,15.514,3915218.53,2025-02-26 11:59:59.999000+00:00
2025-02-26 12:00:00+00:00,15.515,15.77,14.966,15.53,5883680.03,2025-02-26 15:59:59.999000+00:00
2025-02-26 16:00:00+00:00,15.531,15.603,14.682,14.88,6825711.96,2025-02-26 19:59:59.999000+00:00
2025-02-26 20:00:00+00:00,14.88,15.705,14.662,15.249,5100802.78,2025-02-26 23:59:59.999000+00:00
2025-02-27 00:00:00+00:00,15.249,15.462,15.05,15.29,2576901.8,2025-02-27 03:59:59.999000+00:00
2025-02-27 04:00:00+00:00,15.292,15.687,15.121,15.603,2620169.38,2025-02-27 07:59:59.999000+00:00
2025-02-27 08:00:00+00:00,15.604,15.767,15.438,15.609,2656704.29,2025-02-27 11:59:59.999000+00:00
2025-02-27 12:00:00+00:00,15.61,15.744,15.18,15.38,4979655.61,2025-02-27 15:59:59.999000+00:00
2025-02-27 16:00:00+00:00,15.38,15.494,15.009,15.085,2308715.74,2025-02-27 19:59:59.999000+00:00
2025-02-27 20:00:00+00:00,15.086,15.211,14.767,15.103,3003629.96,2025-02-27 23:59:59.999000+00:00
2025-02-28 00:00:00+00:00,15.103,15.186,13.816,13.872,8931991.99,2025-02-28 03:59:59.999000+00:00
2025-02-28 04:00:00+00:00,13.874,13.984,13.466,13.662,6920049.77,2025-02-28 07:59:59.999000+00:00
2025-02-28 08:00:00+00:00,13.661,14.049,13.449,13.761,5056431.37,2025-02-28 11:59:59.999000+00:00
2025-02-28 12:00:00+00:00,13.76,14.716,13.663,14.606,6108874.88,2025-02-28 15:59:59.999000+00:00
2025-02-28 16:00:00+00:00,14.605,14.848,14.48,14.758,3315873.16,2025-02-28 19:59:59.999000+00:00
2025-02-28 20:00:00+00:00,14.759,14.865,14.583,14.81,2247116.66,2025-02-28 23:59:59.999000+00:00
2025-03-01 00:00:00+00:00,14.81,14.946,14.562,14.8,2318799.77,2025-03-01 03:59:59.999000+00:00
2025-03-01 04:00:00+00:00,14.799,15.0,14.512,14.538,2707859.13,2025-03-01 07:59:59.999000+00:00
2025-03-01 08:00:00+00:00,14.538,14.856,14.397,14.445,2673198.29,2025-03-01 11:59:59.999000+00:00
2025-03-01 12:00:00+00:00,14.445,14.556,14.217,14.476,2654960.23,2025-03-01 15:59:59.999000+00:00
2025-03-01 16:00:00+00:00,14.477,14.905,14.415,14.88,2503200.39,2025-03-01 19:59:59.999000+00:00
2025-03-01 20:00:00+00:00,14.879,15.135,14.74,14.751,2676388.78,2025-03-01 23:59:59.999000+00:00
2025-03-02 00:00:00+00:00,14.751,14.909,14.648,14.851,2159708.4,2025-03-02 03:59:59.999000+00:00
2025-03-02 04:00:00+00:00,14.85,14.921,14.721,14.747,1355726.39,2025-03-02 07:59:59.999000+00:00
2025-03-02 08:00:00+00:00,14.746,14.907,14.672,14.765,1494598.02,2025-03-02 11:59:59.999000+00:00
2025-03-02 12:00:00+00:00,14.764,15.521,14.402,15.26,7194724.33,2025-03-02 15:59:59.999000+00:00
2025-03-02 16:00:00+00:00,15.26,17.356,15.238,16.949,14476525.05,2025-03-02 19:59:59.999000+00:00
2025-03-02 20:00:00+00:00,16.948,17.532,16.888,17.407,4089461.54,2025-03-02 23:59:59.999000+00:00
2025-03-03 00:00:00+00:00,17.407,17.483,16.548,16.795,3990465.35,2025-03-03 03:59:59.999000+00:00
2025-03-03 04:00:00+00:00,16.794,16.965,16.082,16.476,3387234.56,2025-03-03 07:59:59.999000+00:00
2025-03-03 08:00:00+00:00,16.476,16.5,15.935,16.303,3616768.03,2025-03-03 11:59:59.999000+00:00
2025-03-03 12:00:00+00:00,16.303,16.873,16.066,16.252,7191382.8,2025-03-03 15:59:59.999000+00:00
2025-03-03 16:00:00+00:00,16.252,16.435,14.673,14.742,10122367.99,2025-03-03 19:59:59.999000+00:00
2025-03-03 20:00:00+00:00,14.742,14.922,14.361,14.445,6405992.2,2025-03-03 23:59:59.999000+00:00
2025-03-04 00:00:00+00:00,14.445,14.588,13.404,13.758,11139593.95,2025-03-04 03:59:59.999000+00:00
2025-03-04 04:00:00+00:00,13.759,14.105,13.714,13.795,4111329.32,2025-03-04 07:59:59.999000+00:00
2025-03-04 08:00:00+00:00,13.796,13.967,13.663,13.785,3489304.41,2025-03-04 11:59:59.999000+00:00
2025-03-04 12:00:00+00:00,13.785,14.23,13.329,13.823,10818276.33,2025-03-04 15:59:59.999000+00:00
2025-03-04 16:00:00+00:00,13.824,14.521,13.063,14.503,9095465.17,2025-03-04 19:59:59.999000+00:00
2025-03-04 20:00:00+00:00,14.503,15.345,14.302,14.855,8832266.29,2025-03-04 23:59:59.999000+00:00
2025-03-05 00:00:00+00:00,14.855,15.09,14.624,14.815,3640184.1,2025-03-05 03:59:59.999000+00:00
2025-03-05 04:00:00+00:00,14.816,15.45,14.812,15.44,3621300.42,2025-03-05 07:59:59.999000+00:00
2025-03-05 08:00:00+00:00,15.44,16.492,15.356,16.064,8967550.86,2025-03-05 11:59:59.999000+00:00
2025-03-05 12:00:00+00:00,16.063,16.172,15.551,15.684,6380932.85,2025-03-05 15:59:59.999000+00:00
2025-03-05 16:00:00+00:00,15.684,16.426,15.565,16.333,6159135.07,2025-03-05 19:59:59.999000+00:00
2025-03-05 20:00:00+00:00,16.338,16.581,16.264,16.411,3341035.43,2025-03-05 23:59:59.999000+00:00
2025-03-06 00:00:00+00:00,16.413,17.336,16.369,17.214,6007331.07,2025-03-06 03:59:59.999000+00:00
2025-03-06 04:00:00+00:00,17.215,17.383,16.864,16.899,4407509.32,2025-03-06 07:59:59.999000+00:00
2025-03-06 08:00:00+00:00,16.899,17.66,16.847,17.482,6384360.53,2025-03-06 11:59:59.999000+00:00
2025-03-06 12:00:00+00:00,17.483,17.541,16.602,17.233,9211789.03,2025-03-06 15:59:59.999000+00:00
2025-03-06 16:00:00+00:00,17.234,17.338,16.527,16.802,5509733.82,2025-03-06 19:59:59.999000+00:00
2025-03-06 20:00:00+00:00,16.802,17.284,16.758,17.046,4087211.48,2025-03-06 23:59:59.999000+00:00
2025-03-07 00:00:00+00:00,17.045,17.224,15.862,16.163,10106116.21,2025-03-07 03:59:59.999000+00:00
2025-03-07 04:00:00+00:00,16.164,17.175,16.151,17.174,4938539.15,2025-03-07 07:59:59.999000+00:00
2025-03-07 08:00:00+00:00,17.175,17.369,16.783,17.136,4969078.92,2025-03-07 11:59:59.999000+00:00
2025-03-07 12:00:00+00:00,17.135,17.528,16.758,16.914,8625208.2,2025-03-07 15:59:59.999000+00:00
2025-03-07 16:00:00+00:00,16.913,16.993,16.124,16.627,8347953.49,2025-03-07 19:59:59.999000+00:00
2025-03-07 20:00:00+00:00,16.627,16.762,15.722,15.928,6860759.13,2025-03-07 23:59:59.999000+00:00
2025-03-08 00:00:00+00:00,15.929,16.024,15.417,15.683,3785492.92,2025-03-08 03:59:59.999000+00:00
2025-03-08 04:00:00+00:00,15.683,15.853,15.518,15.54,2040954.65,2025-03-08 07:59:59.999000+00:00
2025-03-08 08:00:00+00:00,15.539,15.561,15.239,15.321,3851622.79,2025-03-08 11:59:59.999000+00:00
2025-03-08 12:00:00+00:00,15.322,15.576,15.177,15.294,3078413.26,2025-03-08 15:59:59.999000+00:00
2025-03-08 16:00:00+00:00,15.294,15.566,15.106,15.53,2963353.52,2025-03-08 19:59:59.999000+00:00
2025-03-08 20:00:00+00:00,15.53,15.543,15.181,15.253,1572874.62,2025-03-08 23:59:59.999000+00:00
2025-03-09 00:00:00+00:00,15.253,15.356,15.009,15.255,2597392.4,2025-03-09 03:59:59.999000+00:00
2025-03-09 04:00:00+00:00,15.255,15.35,15.078,15.119,1545550.21,2025-03-09 07:59:59.999000+00:00
2025-03-09 08:00:00+00:00,15.12,15.121,14.622,14.687,3279383.35,2025-03-09 11:59:59.999000+00:00
2025-03-09 12:00:00+00:00,14.686,14.699,14.242,14.298,4673321.45,2025-03-09 15:59:59.999000+00:00
2025-03-09 16:00:00+00:00,14.297,14.363,13.634,13.978,7267159.82,2025-03-09 19:59:59.999000+00:00
2025-03-09 20:00:00+00:00,13.978,14.119,13.587,13.795,3910934.36,2025-03-09 23:59:59.999000+00:00
2025-03-10 00:00:00+00:00,13.795,14.22,13.646,14.122,4929300.88,2025-03-10 03:59:59.999000+00:00
2025-03-10 04:00:00+00:00,14.121,14.324,13.972,14.081,2977630.63,2025-03-10 07:59:59.999000+00:00
2025-03-10 08:00:00+00:00,14.082,14.56,13.812,14.253,5334812.36,2025-03-10 11:59:59.999000+00:00
2025-03-10 12:00:00+00:00,14.253,14.35,13.238,13.475,8788330.41,2025-03-10 15:59:59.999000+00:00
2025-03-10 16:00:00+00:00,13.475,13.538,12.409,12.807,9206769.73,2025-03-10 19:59:59.999000+00:00
2025-03-10 20:00:00+00:00,12.807,13.0,12.582,12.653,4534203.62,2025-03-10 23:59:59.999000+00:00
2025-03-11 00:00:00+00:00,12.652,12.829,11.839,12.43,9957277.16,2025-03-11 03:59:59.999000+00:00
2025-03-11 04:00:00+00:00,12.431,12.947,12.397,12.722,4878074.72,2025-03-11 07:59:59.999000+00:00
2025-03-11 08:00:00+00:00,12.721,13.184,12.648,13.041,4947176.69,2025-03-11 11:59:59.999000+00:00
2025-03-11 12:00:00+00:00,13.041,13.202,12.36,12.988,10085223.34,2025-03-11 15:59:59.999000+00:00
2025-03-11 16:00:00+00:00,12.986,13.644,12.787,13.593,6725551.0,2025-03-11 19:59:59.999000+00:00
2025-03-11 20:00:00+00:00,13.591,13.644,13.079,13.132,2981740.34,2025-03-11 23:59:59.999000+00:00
2025-03-12 00:00:00+00:00,13.131,13.482,12.816,12.832,4477772.03,2025-03-12 03:59:59.999000+00:00
2025-03-12 04:00:00+00:00,12.831,13.117,12.641,13.076,4516921.92,2025-03-12 07:59:59.999000+00:00
2025-03-12 08:00:00+00:00,13.076,13.406,12.989,13.359,4649826.04,2025-03-12 11:59:59.999000+00:00
2025-03-12 12:00:00+00:00,13.358,13.804,12.766,13.063,7834521.4,2025-03-12 15:59:59.999000+00:00
2025-03-12 16:00:00+00:00,13.063,13.364,13.017,13.265,4552001.6,2025-03-12 19:59:59.999000+00:00
2025-03-12 20:00:00+00:00,13.265,13.51,13.198,13.479,2509385.04,2025-03-12 23:59:59.999000+00:00
2025-03-13 00:00:00+00:00,13.478,13.533,13.219,13.279,3268261.59,2025-03-13 03:59:59.999000+00:00
2025-03-13 04:00:00+00:00,13.279,13.329,13.041,13.122,2879594.37,2025-03-13 07:59:59.999000+00:00
2025-03-13 08:00:00+00:00,13.124,13.49,12.974,13.438,3888883.67,2025-03-13 11:59:59.999000+00:00
2025-03-13 12:00:00+00:00,13.437,13.594,12.961,13.02,5801537.83,2025-03-13 15:59:59.999000+00:00
2025-03-13 16:00:00+00:00,13.018,13.052,12.71,12.823,4007888.58,2025-03-13 19:59:59.999000+00:00
2025-03-13 20:00:00+00:00,12.822,13.205,12.726,13.035,2491009.05,2025-03-13 23:59:59.999000+00:00
2025-03-14 00:00:00+00:00,13.034,13.353,12.983,13.263,2179580.56,2025-03-14 03:59:59.999000+00:00
2025-03-14 04:00:00+00:00,13.263,13.438,13.238,13.34,2080853.3,2025-03-14 07:59:59.999000+00:00
2025-03-14 08:00:00+00:00,13.34,14.44,13.305,14.09,27284393.86,2025-03-14 11:59:59.999000+00:00
2025-03-14 12:00:00+00:00,14.091,14.673,13.943,14.364,10045093.12,2025-03-14 15:59:59.999000+00:00
2025-03-14 16:00:00+00:00,14.365,14.682,13.885,13.923,8732645.58,2025-03-14 19:59:59.999000+00:00
2025-03-14 20:00:00+00:00,13.922,13.952,13.6,13.656,7051906.71,2025-03-14 23:59:59.999000+00:00
2025-03-15 00:00:00+00:00,13.655,14.077,13.624,14.006,3868640.62,2025-03-15 03:59:59.999000+00:00
2025-03-15 04:00:00+00:00,14.006,14.242,13.712,13.79,4318792.8,2025-03-15 07:59:59.999000+00:00
2025-03-15 08:00:00+00:00,13.79,14.082,13.741,14.034,2833417.79,2025-03-15 11:59:59.999000+00:00
2025-03-15 12:00:00+00:00,14.034,14.129,13.9,14.033,3008146.79,2025-03-15 15:59:59.999000+00:00
2025-03-15 16:00:00+00:00,14.034,14.147,13.944,14.044,2197084.84,2025-03-15 19:59:59.999000+00:00
2025-03-15 20:00:00+00:00,14.043,14.159,13.993,14.006,1736052.35,2025-03-15 23:59:59.999000+00:00
2025-03-16 00:00:00+00:00,14.007,14.03,13.764,13.97,2443585.08,2025-03-16 03:59:59.999000+00:00
2025-03-16 04:00:00+00:00,13.97,14.173,13.966,14.148,2041570.6,2025-03-16 07:59:59.999000+00:00
2025-03-16 08:00:00+00:00,14.148,14.183,13.473,13.511,4211987.93,2025-03-16 11:59:59.999000+00:00
2025-03-16 12:00:00+00:00,13.512,13.647,13.321,13.47,3642946.82,2025-03-16 15:59:59.999000+00:00
2025-03-16 16:00:00+00:00,13.468,13.787,13.351,13.405,3817502.07,2025-03-16 19:59:59.999000+00:00
2025-03-16 20:00:00+00:00,13.405,13.508,13.201,13.358,2208467.73,2025-03-16 23:59:59.999000+00:00
2025-03-17 00:00:00+00:00,13.358,13.749,13.329,13.68,2386293.51,2025-03-17 03:59:59.999000+00:00
2025-03-17 04:00:00+00:00,13.68,13.829,13.47,13.765,3009719.41,2025-03-17 07:59:59.999000+00:00
2025-03-17 08:00:00+00:00,13.766,13.881,13.651,13.79,2551517.24,2025-03-17 11:59:59.999000+00:00
2025-03-17 12:00:00+00:00,13.79,13.933,13.536,13.752,4224466.28,2025-03-17 15:59:59.999000+00:00
2025-03-17 16:00:00+00:00,13.752,14.202,13.644,14.112,3354895.13,2025-03-17 19:59:59.999000+00:00
2025-03-17 20:00:00+00:00,14.112,14.235,13.956,14.021,2101305.9,2025-03-17 23:59:59.999000+00:00
2025-03-18 00:00:00+00:00,14.021,14.093,13.731,13.817,2545697.88,2025-03-18 03:59:59.999000+00:00
2025-03-18 04:00:00+00:00,13.818,14.208,13.789,14.13,3627776.43,2025-03-18 07:59:59.999000+00:00
2025-03-18 08:00:00+00:00,14.129,14.268,13.678,13.706,3468379.59,2025-03-18 11:59:59.999000+00:00
2025-03-18 12:00:00+00:00,13.707,13.843,13.527,13.586,3612939.78,2025-03-18 15:59:59.999000+00:00
2025-03-18 16:00:00+00:00,13.587,13.745,13.445,13.702,2736754.5,2025-03-18 19:59:59.999000+00:00
2025-03-18 20:00:00+00:00,13.702,13.947,13.573,13.909,2070760.67,2025-03-18 23:59:59.999000+00:00
2025-03-19 00:00:00+00:00,13.909,14.077,13.763,13.99,2329990.38,2025-03-19 03:59:59.999000+00:00
2025-03-19 04:00:00+00:00,13.991,14.01,13.834,13.847,1620837.69,2025-03-19 07:59:59.999000+00:00
2025-03-19 08:00:00+00:00,13.846,14.494,13.841,14.458,3819146.75,2025-03-19 11:59:59.999000+00:00
2025-03-19 12:00:00+00:00,14.457,14.679,14.281,14.608,5182325.78,2025-03-19 15:59:59.999000+00:00
2025-03-19 16:00:00+00:00,14.608,14.661,14.191,14.469,5091520.41,2025-03-19 19:59:59.999000+00:00
2025-03-19 20:00:00+00:00,14.47,15.036,14.45,15.013,3620484.16,2025-03-19 23:59:59.999000+00:00
2025-03-20 00:00:00+00:00,15.013,15.164,14.696,14.712,2780074.32,2025-03-20 03:59:59.999000+00:00
2025-03-20 04:00:00+00:00,14.712,14.778,14.577,14.622,1696766.43,2025-03-20 07:59:59.999000+00:00
2025-03-20 08:00:00+00:00,14.623,14.802,14.361,14.491,2618687.56,2025-03-20 11:59:59.999000+00:00
2025-03-20 12:00:00+00:00,14.49,14.743,14.31,14.343,3615072.09,2025-03-20 15:59:59.999000+00:00
2025-03-20 16:00:00+00:00,14.343,14.42,14.072,14.164,3464429.03,2025-03-20 19:59:59.999000+00:00
2025-03-20 20:00:00+00:00,14.165,14.275,14.099,14.211,1304454.53,2025-03-20 23:59:59.999000+00:00
2025-03-21 00:00:00+00:00,14.21,14.377,14.121,14.126,1875355.64,2025-03-21 03:59:59.999000+00:00
2025-03-21 04:00:00+00:00,14.125,14.261,14.039,14.188,1709742.59,2025-03-21 07:59:59.999000+00:00
2025-03-21 08:00:00+00:00,14.189,14.272,13.941,14.058,2366711.44,2025-03-21 11:59:59.999000+00:00
2025-03-21 12:00:00+00:00,14.058,14.128,13.83,13.869,2905286.62,2025-03-21 15:59:59.999000+00:00
2025-03-21 16:00:00+00:00,13.868,14.104,13.81,13.985,1920097.89,2025-03-21 19:59:59.999000+00:00
2025-03-21 20:00:00+00:00,13.983,14.171,13.916,13.949,1391402.82,2025-03-21 23:59:59.999000+00:00
2025-03-22 00:00:00+00:00,13.949,14.125,13.921,14.061,1226906.85,2025-03-22 03:59:59.999000+00:00
2025-03-22 04:00:00+00:00,14.061,14.149,14.043,14.065,1031117.37,2025-03-22 07:59:59.999000+00:00
2025-03-22 08:00:00+00:00,14.065,14.29,14.03,14.193,1799113.25,2025-03-22 11:59:59.999000+00:00
2025-03-22 12:00:00+00:00,14.193,14.333,14.116,14.217,1631181.33,2025-03-22 15:59:59.999000+00:00
2025-03-22 16:00:00+00:00,14.217,14.488,14.195,14.457,1699299.7,2025-03-22 19:59:59.999000+00:00
2025-03-22 20:00:00+00:00,14.457,14.492,14.145,14.242,1560759.33,2025-03-22 23:59:59.999000+00:00
2025-03-23 00:00:00+00:00,14.242,14.459,14.199,14.458,1674964.78,2025-03-23 03:59:59.999000+00:00
2025-03-23 04:00:00+00:00,14.458,14.466,14.263,14.281,1306884.61,2025-03-23 07:59:59.999000+00:00
2025-03-23 08:00:00+00:00,14.28,14.473,14.234,14.372,2259990.56,2025-03-23 11:59:59.999000+00:00
2025-03-23 12:00:00+00:00,14.372,14.485,14.273,14.422,1914089.87,2025-03-23 15:59:59.999000+00:00
2025-03-23 16:00:00+00:00,14.421,14.436,14.225,14.35,1812354.32,2025-03-23 19:59:59.999000+00:00
2025-03-23 20:00:00+00:00,14.349,14.464,14.223,14.461,1346306.68,2025-03-23 23:59:59.999000+00:00
2025-03-24 00:00:00+00:00,14.461,14.696,14.139,14.656,4185521.46,2025-03-24 03:59:59.999000+00:00
2025-03-24 04:00:00+00:00,14.657,15.152,14.657,15.019,3696404.09,2025-03-24 07:59:59.999000+00:00
2025-03-24 08:00:00+00:00,15.018,15.306,15.015,15.189,2737357.36,2025-03-24 11:59:59.999000+00:00
2025-03-24 12:00:00+00:00,15.19,15.406,15.042,15.202,4668339.88,2025-03-24 15:59:59.999000+00:00
2025-03-24 16:00:00+00:00,15.203,15.239,14.982,15.153,2422315.42,2025-03-24 19:59:59.999000+00:00
2025-03-24 20:00:00+00:00,15.152,15.25,14.988,15.121,1360445.89,2025-03-24 23:59:59.999000+00:00
2025-03-25 00:00:00+00:00,15.122,15.238,14.862,14.896,2481009.1,2025-03-25 03:59:59.999000+00:00
2025-03-25 04:00:00+00:00,14.896,15.246,14.861,15.195,1879661.7,2025-03-25 07:59:59.999000+00:00
2025-03-25 08:00:00+00:00,15.195,15.488,15.188,15.437,2483322.76,2025-03-25 11:59:59.999000+00:00
2025-03-25 12:00:00+00:00,15.437,15.584,15.271,15.32,2919847.46,2025-03-25 15:59:59.999000+00:00
2025-03-25 16:00:00+00:00,15.321,15.511,15.277,15.459,1871515.97,2025-03-25 19:59:59.999000+00:00
2025-03-25 20:00:00+00:00,15.459,15.608,15.32,15.428,1791812.35,2025-03-25 23:59:59.999000+00:00
2025-03-26 00:00:00+00:00,15.428,15.615,15.23,15.304,2133866.75,2025-03-26 03:59:59.999000+00:00
2025-03-26 04:00:00+00:00,15.303,15.942,15.293,15.907,2596765.26,2025-03-26 07:59:59.999000+00:00
2025-03-26 08:00:00+00:00,15.906,15.994,15.78,15.861,2018436.24,2025-03-26 11:59:59.999000+00:00
2025-03-26 12:00:00+00:00,15.861,15.875,15.213,15.288,4066096.28,2025-03-26 15:59:59.999000+00:00
2025-03-26 16:00:00+00:00,15.288,15.464,14.936,15.15,2955531.31,2025-03-26 19:59:59.999000+00:00
2025-03-26 20:00:00+00:00,15.149,15.3,15.023,15.241,1793170.89,2025-03-26 23:59:59.999000+00:00
2025-03-27 00:00:00+00:00,15.24,15.776,15.16,15.716,2334265.61,2025-03-27 03:59:59.999000+00:00
2025-03-27 04:00:00+00:00,15.718,15.736,15.505,15.627,1764255.71,2025-03-27 07:59:59.999000+00:00
2025-03-27 08:00:00+00:00,15.626,15.73,15.482,15.5,2099157.54,2025-03-27 11:59:59.999000+00:00
2025-03-27 12:00:00+00:00,15.499,15.793,15.249,15.554,4557948.16,2025-03-27 15:59:59.999000+00:00
2025-03-27 16:00:00+00:00,15.554,15.623,15.291,15.473,2220003.53,2025-03-27 19:59:59.999000+00:00
2025-03-27 20:00:00+00:00,15.473,15.676,15.392,15.513,1258082.34,2025-03-27 23:59:59.999000+00:00
2025-03-28 00:00:00+00:00,15.513,15.582,15.246,15.334,2486227.35,2025-03-28 03:59:59.999000+00:00
2025-03-28 04:00:00+00:00,15.334,15.387,14.416,14.472,5281619.2,2025-03-28 07:59:59.999000+00:00
2025-03-28 08:00:00+00:00,14.472,14.516,14.181,14.374,3671426.0,2025-03-28 11:59:59.999000+00:00
2025-03-28 12:00:00+00:00,14.374,14.459,14.14,14.155,3857668.97,2025-03-28 15:59:59.999000+00:00
2025-03-28 16:00:00+00:00,14.155,14.215,13.991,14.062,2527466.71,2025-03-28 19:59:59.999000+00:00
2025-03-28 20:00:00+00:00,14.063,14.321,14.016,14.244,1933841.9,2025-03-28 23:59:59.999000+00:00
2025-03-29 00:00:00+00:00,14.245,14.403,14.042,14.24,1858711.73,2025-03-29 03:59:59.999000+00:00
2025-03-29 04:00:00+00:00,14.241,14.287,13.839,13.898,2216686.17,2025-03-29 07:59:59.999000+00:00
2025-03-29 08:00:00+00:00,13.898,14.025,13.536,13.648,3447776.49,2025-03-29 11:59:59.999000+00:00
2025-03-29 12:00:00+00:00,13.649,13.832,13.59,13.633,2162299.52,2025-03-29 15:59:59.999000+00:00
2025-03-29 16:00:00+00:00,13.634,13.692,13.37,13.577,3087721.28,2025-03-29 19:59:59.999000+00:00
2025-03-29 20:00:00+00:00,13.578,13.578,13.364,13.544,1440686.19,2025-03-29 23:59:59.999000+00:00
2025-03-30 00:00:00+00:00,13.545,13.785,13.387,13.663,2354046.73,2025-03-30 03:59:59.999000+00:00
2025-03-30 04:00:00+00:00,13.662,13.771,13.584,13.659,1611974.5,2025-03-30 07:59:59.999000+00:00
2025-03-30 08:00:00+00:00,13.66,13.856,13.634,13.718,2009813.63,2025-03-30 11:59:59.999000+00:00
2025-03-30 12:00:00+00:00,13.718,13.781,13.455,13.595,2455611.69,2025-03-30 15:59:59.999000+00:00
2025-03-30 16:00:00+00:00,13.595,13.713,13.369,13.596,2283802.91,2025-03-30 19:59:59.999000+00:00
2025-03-30 20:00:00+00:00,13.597,13.619,13.183,13.408,3052963.22,2025-03-30 23:59:59.999000+00:00
2025-03-31 00:00:00+00:00,13.409,13.528,13.111,13.244,2849223.22,2025-03-31 03:59:59.999000+00:00
2025-03-31 04:00:00+00:00,13.247,13.444,13.12,13.207,2744334.4,2025-03-31 07:59:59.999000+00:00
2025-03-31 08:00:00+00:00,13.206,13.303,12.949,13.221,3648006.76,2025-03-31 11:59:59.999000+00:00
2025-03-31 12:00:00+00:00,13.221,13.687,13.127,13.545,4608990.64,2025-03-31 15:59:59.999000+00:00
2025-03-31 16:00:00+00:00,13.545,13.703,13.405,13.522,2546375.79,2025-03-31 19:59:59.999000+00:00
2025-03-31 20:00:00+00:00,13.522,13.64,13.43,13.501,1664962.12,2025-03-31 23:59:59.999000+00:00
2025-04-01 00:00:00+00:00,13.501,13.76,13.482,13.633,1940990.41,2025-04-01 03:59:59.999000+00:00
2025-04-01 04:00:00+00:00,13.634,13.785,13.569,13.726,1618693.95,2025-04-01 07:59:59.999000+00:00
2025-04-01 08:00:00+00:00,13.727,14.084,13.724,13.944,3408379.03,2025-04-01 11:59:59.999000+00:00
2025-04-01 12:00:00+00:00,13.943,14.384,13.678,14.304,4727770.66,2025-04-01 15:59:59.999000+00:00
2025-04-01 16:00:00+00:00,14.303,14.391,14.107,14.177,2591438.17,2025-04-01 19:59:59.999000+00:00
2025-04-01 20:00:00+00:00,14.176,14.265,14.019,14.038,1520298.81,2025-04-01 23:59:59.999000+00:00
2025-04-02 00:00:00+00:00,14.037,14.042,13.639,13.737,3037285.33,2025-04-02 03:59:59.999000+00:00
2025-04-02 04:00:00+00:00,13.737,13.867,13.332,13.385,4292819.76,2025-04-02 07:59:59.999000+00:00
2025-04-02 08:00:00+00:00,13.384,13.691,13.315,13.489,3059225.82,2025-04-02 11:59:59.999000+00:00
2025-04-02 12:00:00+00:00,13.49,14.19,13.354,14.05,9495312.43,2025-04-02 15:59:59.999000+00:00
2025-04-02 16:00:00+00:00,14.05,14.157,13.717,13.989,4120041.68,2025-04-02 19:59:59.999000+00:00
2025-04-02 20:00:00+00:00,13.989,14.398,12.8,12.894,9563704.73,2025-04-02 23:59:59.999000+00:00
2025-04-03 00:00:00+00:00,12.893,13.296,12.831,13.19,3720168.37,2025-04-03 03:59:59.999000+00:00
2025-04-03 04:00:00+00:00,13.191,13.273,12.866,12.946,2550302.99,2025-04-03 07:59:59.999000+00:00
2025-04-03 08:00:00+00:00,12.945,13.063,12.683,12.812,3507271.6,2025-04-03 11:59:59.999000+00:00
2025-04-03 12:00:00+00:00,12.812,12.824,12.293,12.55,7607014.65,2025-04-03 15:59:59.999000+00:00
2025-04-03 16:00:00+00:00,12.551,12.709,12.409,12.639,2881305.57,2025-04-03 19:59:59.999000+00:00
2025-04-03 20:00:00+00:00,12.64,12.9,12.596,12.891,2207008.12,2025-04-03 23:59:59.999000+00:00
2025-04-04 00:00:00+00:00,12.892,12.948,12.649,12.706,2433689.9,2025-04-04 03:59:59.999000+00:00
2025-04-04 04:00:00+00:00,12.705,13.1,12.594,13.065,3136903.54,2025-04-04 07:59:59.999000+00:00
2025-04-04 08:00:00+00:00,13.065,13.183,12.345,12.553,6080775.67,2025-04-04 11:59:59.999000+00:00
2025-04-04 12:00:00+00:00,12.552,12.921,12.432,12.729,7419740.87,2025-04-04 15:59:59.999000+00:00
2025-04-04 16:00:00+00:00,12.729,13.069,12.659,12.919,4557206.38,2025-04-04 19:59:59.999000+00:00
2025-04-04 20:00:00+00:00,12.918,13.084,12.858,12.938,1747501.55,2025-04-04 23:59:59.999000+00:00
2025-04-05 00:00:00+00:00,12.938,13.032,12.836,12.846,1530448.9,2025-04-05 03:59:59.999000+00:00
2025-04-05 04:00:00+00:00,12.846,12.918,12.775,12.872,1231696.06,2025-04-05 07:59:59.999000+00:00
2025-04-05 08:00:00+00:00,12.873,13.047,12.82,12.88,1976386.85,2025-04-05 11:59:59.999000+00:00
2025-04-05 12:00:00+00:00,12.881,12.919,12.566,12.622,2689373.48,2025-04-05 15:59:59.999000+00:00
2025-04-05 16:00:00+00:00,12.623,12.713,12.592,12.608,1315301.81,2025-04-05 19:59:59.999000+00:00
2025-04-05 20:00:00+00:00,12.608,12.869,12.57,12.838,1261281.43,2025-04-05 23:59:59.999000+00:00
2025-04-06 00:00:00+00:00,12.838,12.946,12.709,12.78,1473239.62,2025-04-06 03:59:59.999000+00:00
2025-04-06 04:00:00+00:00,12.78,12.825,12.621,12.646,1213532.46,2025-04-06 07:59:59.999000+00:00
2025-04-06 08:00:00+00:00,12.647,12.699,12.534,12.602,1634491.95,2025-04-06 11:59:59.999000+00:00
2025-04-06 12:00:00+00:00,12.602,12.643,12.056,12.309,5406202.31,2025-04-06 15:59:59.999000+00:00
2025-04-06 16:00:00+00:00,12.308,12.332,11.431,11.572,9823292.95,2025-04-06 19:59:59.999000+00:00
2025-04-06 20:00:00+00:00,11.571,11.631,10.998,11.279,9174571.77,2025-04-06 23:59:59.999000+00:00
2025-04-07 00:00:00+00:00,11.279,11.51,10.794,10.927,7196903.57,2025-04-07 03:59:59.999000+00:00
2025-04-07 04:00:00+00:00,10.926,11.151,10.1,10.346,12873877.14,2025-04-07 07:59:59.999000+00:00
2025-04-07 08:00:00+00:00,10.345,10.945,10.295,10.698,8544328.81,2025-04-07 11:59:59.999000+00:00
2025-04-07 12:00:00+00:00,10.699,11.871,10.657,11.28,18937619.59,2025-04-07 15:59:59.999000+00:00
2025-04-07 16:00:00+00:00,11.28,11.497,11.078,11.324,9373798.73,2025-04-07 19:59:59.999000+00:00
2025-04-07 20:00:00+00:00,11.324,11.658,11.319,11.448,3126152.13,2025-04-07 23:59:59.999000+00:00
2025-04-08 00:00:00+00:00,11.447,11.863,11.352,11.637,4224177.05,2025-04-08 03:59:59.999000+00:00
2025-04-08 04:00:00+00:00,11.638,11.857,11.506,11.601,4147336.09,2025-04-08 07:59:59.999000+00:00
2025-04-08 08:00:00+00:00,11.601,11.801,11.418,11.776,4866028.04,2025-04-08 11:59:59.999000+00:00
2025-04-08 12:00:00+00:00,11.776,11.884,11.366,11.418,6931288.24,2025-04-08 15:59:59.999000+00:00
2025-04-08 16:00:00+00:00,11.417,11.44,10.836,10.906,9055785.32,2025-04-08 19:59:59.999000+00:00
2025-04-08 20:00:00+00:00,10.907,11.084,10.774,10.918,4666615.29,2025-04-08 23:59:59.999000+00:00
2025-04-09 00:00:00+00:00,10.917,11.005,10.437,10.684,7291011.32,2025-04-09 03:59:59.999000+00:00
2025-04-09 04:00:00+00:00,10.682,11.496,10.661,11.374,9921931.04,2025-04-09 07:59:59.999000+00:00
2025-04-09 08:00:00+00:00,11.373,11.483,11.095,11.176,4764093.67,2025-04-09 11:59:59.999000+00:00
2025-04-09 12:00:00+00:00,11.175,11.488,11.045,11.367,5626391.17,2025-04-09 15:59:59.999000+00:00
2025-04-09 16:00:00+00:00,11.368,12.749,11.338,12.6,12055585.65,2025-04-09 19:59:59.999000+00:00
2025-04-09 20:00:00+00:00,12.601,12.819,12.597,12.652,3347808.67,2025-04-09 23:59:59.999000+00:00
2025-04-10 00:00:00+00:00,12.651,12.664,12.158,12.313,3718357.91,2025-04-10 03:59:59.999000+00:00
2025-04-10 04:00:00+00:00,12.312,12.492,12.226,12.318,3065158.81,2025-04-10 07:59:59.999000+00:00
2025-04-10 08:00:00+00:00,12.318,12.442,12.26,12.396,2229633.57,2025-04-10 11:59:59.999000+00:00
2025-04-10 12:00:00+00:00,12.395,12.6,11.77,11.822,7473102.9,2025-04-10 15:59:59.999000+00:00
2025-04-10 16:00:00+00:00,11.822,12.093,11.667,11.991,5214226.96,2025-04-10 19:59:59.999000+00:00
2025-04-10 20:00:00+00:00,11.99,12.118,11.975,12.067,1857325.23,2025-04-10 23:59:59.999000+00:00
2025-04-11 00:00:00+00:00,12.066,12.475,12.02,12.389,3633127.46,2025-04-11 03:59:59.999000+00:00
2025-04-11 04:00:00+00:00,12.39,12.527,12.317,12.389,2255623.53,2025-04-11 07:59:59.999000+00:00
2025-04-11 08:00:00+00:00,12.389,12.695,12.321,12.465,3610995.23,2025-04-11 11:59:59.999000+00:00
2025-04-11 12:00:00+00:00,12.466,12.665,12.361,12.545,3759738.11,2025-04-11 15:59:59.999000+00:00
2025-04-11 16:00:00+00:00,12.546,12.803,12.451,12.703,2607504.36,2025-04-11 19:59:59.999000+00:00
2025-04-11 20:00:00+00:00,12.702,12.899,12.583,12.639,1905100.81,2025-04-11 23:59:59.999000+00:00
2025-04-12 00:00:00+00:00,12.639,12.692,12.464,12.54,1573999.04,2025-04-12 03:59:59.999000+00:00
2025-04-12 04:00:00+00:00,12.539,12.784,12.496,12.764,1662184.65,2025-04-12 07:59:59.999000+00:00
2025-04-12 08:00:00+00:00,12.764,12.941,12.66,12.734,2080632.83,2025-04-12 11:59:59.999000+00:00
2025-04-12 12:00:00+00:00,12.734,13.259,12.707,13.118,4674224.78,2025-04-12 15:59:59.999000+00:00
2025-04-12 16:00:00+00:00,13.116,13.172,12.96,13.078,2407291.5,2025-04-12 19:59:59.999000+00:00
2025-04-12 20:00:00+00:00,13.079,13.279,13.071,13.142,2332202.73,2025-04-12 23:59:59.999000+00:00
2025-04-13 00:00:00+00:00,13.142,13.223,12.976,13.037,2077501.3,2025-04-13 03:59:59.999000+00:00
2025-04-13 04:00:00+00:00,13.037,13.046,12.865,12.918,1689403.24,2025-04-13 07:59:59.999000+00:00
2025-04-13 08:00:00+00:00,12.918,13.157,12.778,12.784,2837086.22,2025-04-13 11:59:59.999000+00:00
2025-04-13 12:00:00+00:00,12.783,12.902,12.593,12.672,3396584.86,2025-04-13 15:59:59.999000+00:00
2025-04-13 16:00:00+00:00,12.671,13.224,12.468,12.665,5276836.32,2025-04-13 19:59:59.999000+00:00
2025-04-13 20:00:00+00:00,12.666,12.807,12.417,12.616,3638399.13,2025-04-13 23:59:59.999000+00:00
2025-04-14 00:00:00+00:00,12.617,13.152,12.573,12.773,4437915.12,2025-04-14 03:59:59.999000+00:00
2025-04-14 04:00:00+00:00,12.774,12.906,12.562,12.724,2476992.77,2025-04-14 07:59:59.999000+00:00
2025-04-14 08:00:00+00:00,12.725,13.238,12.686,13.146,3426860.62,2025-04-14 11:59:59.999000+00:00
2025-04-14 12:00:00+00:00,13.147,13.228,12.655,12.708,5143801.97,2025-04-14 15:59:59.999000+00:00
2025-04-14 16:00:00+00:00,12.706,13.01,12.635,12.861,3608325.94,2025-04-14 19:59:59.999000+00:00
2025-04-14 20:00:00+00:00,12.862,12.877,12.569,12.632,2132269.58,2025-04-14 23:59:59.999000+00:00
2025-04-15 00:00:00+00:00,12.631,12.748,12.515,12.724,2925776.46,2025-04-15 03:59:59.999000+00:00
2025-04-15 04:00:00+00:00,12.725,12.791,12.603,12.722,2851391.11,2025-04-15 07:59:59.999000+00:00
2025-04-15 08:00:00+00:00,12.722,12.786,12.502,12.585,2788068.26,2025-04-15 11:59:59.999000+00:00
2025-04-15 12:00:00+00:00,12.584,12.823,12.281,12.365,5695541.29,2025-04-15 15:59:59.999000+00:00
2025-04-15 16:00:00+00:00,12.365,12.441,12.248,12.357,2795972.17,2025-04-15 19:59:59.999000+00:00
2025-04-15 20:00:00+00:00,12.357,12.435,12.205,12.229,2184411.94,2025-04-15 23:59:59.999000+00:00
2025-04-16 00:00:00+00:00,12.23,12.418,12.167,12.389,2569344.18,2025-04-16 03:59:59.999000+00:00
2025-04-16 04:00:00+00:00,12.39,12.434,12.124,12.153,2685783.78,2025-04-16 07:59:59.999000+00:00
2025-04-16 08:00:00+00:00,12.153,12.304,12.039,12.172,2662389.63,2025-04-16 11:59:59.999000+00:00
2025-04-16 12:00:00+00:00,12.172,12.52,12.029,12.315,3897601.41,2025-04-16 15:59:59.999000+00:00
2025-04-16 16:00:00+00:00,12.315,12.484,11.892,12.38,6203944.87,2025-04-16 19:59:59.999000+00:00
2025-04-16 20:00:00+00:00,12.38,12.51,12.26,12.349,2676589.35,2025-04-16 23:59:59.999000+00:00
2025-04-17 00:00:00+00:00,12.349,12.502,12.294,12.38,1764973.7,2025-04-17 03:59:59.999000+00:00
2025-04-17 04:00:00+00:00,12.379,12.687,12.343,12.598,2400244.86,2025-04-17 07:59:59.999000+00:00
2025-04-17 08:00:00+00:00,12.598,12.62,12.384,12.436,2789444.92,2025-04-17 11:59:59.999000+00:00
2025-04-17 12:00:00+00:00,12.437,12.535,12.193,12.435,3521885.8,2025-04-17 15:59:59.999000+00:00
2025-04-17 16:00:00+00:00,12.435,12.697,12.374,12.484,3806855.24,2025-04-17 19:59:59.999000+00:00
2025-04-17 20:00:00+00:00,12.485,12.62,12.477,12.53,1327662.5,2025-04-17 23:59:59.999000+00:00
2025-04-18 00:00:00+00:00,12.53,12.576,12.395,12.558,1755510.82,2025-04-18 03:59:59.999000+00:00
2025-04-18 04:00:00+00:00,12.558,12.686,12.516,12.635,1521556.05,2025-04-18 07:59:59.999000+00:00
2025-04-18 08:00:00+00:00,12.635,12.717,12.585,12.621,1805507.91,2025-04-18 11:59:59.999000+00:00
2025-04-18 12:00:00+00:00,12.622,12.645,12.453,12.506,2721716.32,2025-04-18 15:59:59.999000+00:00
2025-04-18 16:00:00+00:00,12.506,12.644,12.492,12.626,1297544.27,2025-04-18 19:59:59.999000+00:00
2025-04-18 20:00:00+00:00,12.625,12.652,12.505,12.555,1065772.62,2025-04-18 23:59:59.999000+00:00
2025-04-19 00:00:00+00:00,12.555,12.766,12.529,12.713,1529121.65,2025-04-19 03:59:59.999000+00:00
2025-04-19 04:00:00+00:00,12.713,12.884,12.708,12.855,2296894.31,2025-04-19 07:59:59.999000+00:00
2025-04-19 08:00:00+00:00,12.856,12.924,12.744,12.752,1566554.61,2025-04-19 11:59:59.999000+00:00
2025-04-19 12:00:00+00:00,12.752,12.83,12.704,12.746,1560214.94,2025-04-19 15:59:59.999000+00:00
2025-04-19 16:00:00+00:00,12.746,13.006,12.69,12.93,2279232.16,2025-04-19 19:59:59.999000+00:00
2025-04-19 20:00:00+00:00,12.929,13.05,12.899,12.931,1017040.8,2025-04-19 23:59:59.999000+00:00
2025-04-20 00:00:00+00:00,12.93,13.038,12.903,13.029,1317563.48,2025-04-20 03:59:59.999000+00:00
2025-04-20 04:00:00+00:00,13.03,13.096,12.869,12.973,1788253.33,2025-04-20 07:59:59.999000+00:00
2025-04-20 08:00:00+00:00,12.972,13.136,12.871,12.904,3276908.75,2025-04-20 11:59:59.999000+00:00
2025-04-20 12:00:00+00:00,12.904,13.205,12.899,13.104,2750370.36,2025-04-20 15:59:59.999000+00:00
2025-04-20 16:00:00+00:00,13.103,13.446,13.047,13.4,2871491.92,2025-04-20 19:59:59.999000+00:00
2025-04-20 20:00:00+00:00,13.4,13.595,13.239,13.277,2525939.74,2025-04-20 23:59:59.999000+00:00
2025-04-21 00:00:00+00:00,13.278,13.649,13.255,13.526,3336962.48,2025-04-21 03:59:59.999000+00:00
2025-04-21 04:00:00+00:00,13.526,13.642,13.455,13.635,2051481.73,2025-04-21 07:59:59.999000+00:00
2025-04-21 08:00:00+00:00,13.636,13.687,13.379,13.439,2616333.32,2025-04-21 11:59:59.999000+00:00
2025-04-21 12:00:00+00:00,13.44,13.576,13.317,13.355,3094562.24,2025-04-21 15:59:59.999000+00:00
2025-04-21 16:00:00+00:00,13.355,13.378,12.956,13.124,4082696.53,2025-04-21 19:59:59.999000+00:00
2025-04-21 20:00:00+00:00,13.124,13.144,13.006,13.093,1508942.52,2025-04-21 23:59:59.999000+00:00
2025-04-22 00:00:00+00:00,13.092,13.304,12.851,13.115,2859348.37,2025-04-22 03:59:59.999000+00:00
2025-04-22 04:00:00+00:00,13.115,13.331,13.002,13.279,2411378.95,2025-04-22 07:59:59.999000+00:00
2025-04-22 08:00:00+00:00,13.277,13.515,13.237,13.439,2897858.9,2025-04-22 11:59:59.999000+00:00
2025-04-22 12:00:00+00:00,13.439,14.076,13.393,13.849,5959704.78,2025-04-22 15:59:59.999000+00:00
2025-04-22 16:00:00+00:00,13.849,13.92,13.713,13.845,2537604.58,2025-04-22 19:59:59.999000+00:00
2025-04-22 20:00:00+00:00,13.845,14.185,13.768,14.129,3300131.93,2025-04-22 23:59:59.999000+00:00
2025-04-23 00:00:00+00:00,14.129,14.418,14.013,14.417,3236300.69,2025-04-23 03:59:59.999000+00:00
2025-04-23 04:00:00+00:00,14.417,14.756,14.344,14.733,3455996.53,2025-04-23 07:59:59.999000+00:00
2025-04-23 08:00:00+00:00,14.733,15.146,14.689,15.004,4514156.73,2025-04-23 11:59:59.999000+00:00
2025-04-23 12:00:00+00:00,15.004,15.275,14.586,14.843,7367233.09,2025-04-23 15:59:59.999000+00:00
2025-04-23 16:00:00+00:00,14.843,15.038,14.712,14.855,3272665.74,2025-04-23 19:59:59.999000+00:00
2025-04-23 20:00:00+00:00,14.854,15.149,14.844,15.01,1856751.59,2025-04-23 23:59:59.999000+00:00
2025-04-24 00:00:00+00:00,15.011,15.11,14.559,14.564,3068045.82,2025-04-24 03:59:59.999000+00:00
2025-04-24 04:00:00+00:00,14.564,14.625,14.266,14.313,3664939.3,2025-04-24 07:59:59.999000+00:00
2025-04-24 08:00:00+00:00,14.314,14.449,14.153,14.428,3267206.66,2025-04-24 11:59:59.999000+00:00
2025-04-24 12:00:00+00:00,14.427,15.146,14.356,14.866,4865328.19,2025-04-24 15:59:59.999000+00:00
2025-04-24 16:00:00+00:00,14.867,15.068,14.713,14.944,3730892.14,2025-04-24 19:59:59.999000+00:00
2025-04-24 20:00:00+00:00,14.943,15.098,14.838,15.053,1945211.17,2025-04-24 23:59:59.999000+00:00
2025-04-25 00:00:00+00:00,15.053,15.195,14.701,14.971,3175416.68,2025-04-25 03:59:59.999000+00:00
2025-04-25 04:00:00+00:00,14.97,15.284,14.84,15.104,3056042.09,2025-04-25 07:59:59.999000+00:00
2025-04-25 08:00:00+00:00,15.104,15.295,14.976,15.144,4159092.26,2025-04-25 11:59:59.999000+00:00
2025-04-25 12:00:00+00:00,15.144,15.349,14.81,15.188,6266711.68,2025-04-25 15:59:59.999000+00:00
2025-04-25 16:00:00+00:00,15.187,15.239,14.925,15.051,2753277.18,2025-04-25 19:59:59.999000+00:00
2025-04-25 20:00:00+00:00,15.052,15.075,14.871,14.912,1425416.58,2025-04-25 23:59:59.999000+00:00
2025-04-26 00:00:00+00:00,14.913,15.277,14.913,15.087,2040088.04,2025-04-26 03:59:59.999000+00:00
2025-04-26 04:00:00+00:00,15.086,15.212,14.95,15.081,1758584.45,2025-04-26 07:59:59.999000+00:00
2025-04-26 08:00:00+00:00,15.08,15.254,14.727,14.762,3205574.07,2025-04-26 11:59:59.999000+00:00
2025-04-26 12:00:00+00:00,14.763,14.925,14.664,14.908,2610061.14,2025-04-26 15:59:59.999000+00:00
2025-04-26 16:00:00+00:00,14.908,14.947,14.777,14.879,1533397.52,2025-04-26 19:59:59.999000+00:00
2025-04-26 20:00:00+00:00,14.878,14.962,14.779,14.858,1285146.22,2025-04-26 23:59:59.999000+00:00
2025-04-27 00:00:00+00:00,14.858,15.086,14.588,14.74,3481845.75,2025-04-27 03:59:59.999000+00:00
2025-04-27 04:00:00+00:00,14.74,14.829,14.424,14.546,2505542.21,2025-04-27 07:59:59.999000+00:00
2025-04-27 08:00:00+00:00,14.547,14.653,14.489,14.514,1284140.93,2025-04-27 11:59:59.999000+00:00
2025-04-27 12:00:00+00:00,14.513,14.64,14.346,14.466,2744803.52,2025-04-27 15:59:59.999000+00:00
2025-04-27 16:00:00+00:00,14.466,14.811,14.377,14.804,2081233.56,2025-04-27 19:59:59.999000+00:00
2025-04-27 20:00:00+00:00,14.805,14.812,14.545,14.548,1489648.04,2025-04-27 23:59:59.999000+00:00
2025-04-28 00:00:00+00:00,14.548,14.858,14.232,14.831,4141757.35,2025-04-28 03:59:59.999000+00:00
2025-04-28 04:00:00+00:00,14.832,15.027,14.732,15.009,2916621.76,2025-04-28 07:59:59.999000+00:00
2025-04-28 08:00:00+00:00,15.01,15.1,14.79,14.96,3084704.6,2025-04-28 11:59:59.999000+00:00
2025-04-28 12:00:00+00:00,14.959,14.967,14.433,14.537,3648542.77,2025-04-28 15:59:59.999000+00:00
2025-04-28 16:00:00+00:00,14.537,15.007,14.403,14.947,3262313.29,2025-04-28 19:59:59.999000+00:00
2025-04-28 20:00:00+00:00,14.946,15.102,14.79,15.018,1888611.39,2025-04-28 23:59:59.999000+00:00
2025-04-29 00:00:00+00:00,15.018,15.233,14.925,15.058,3018147.71,2025-04-29 03:59:59.999000+00:00
2025-04-29 04:00:00+00:00,15.057,15.195,14.835,15.159,2246254.85,2025-04-29 07:59:59.999000+00:00
2025-04-29 08:00:00+00:00,15.159,15.218,14.987,15.018,2570314.26,2025-04-29 11:59:59.999000+00:00
2025-04-29 12:00:00+00:00,15.019,15.034,14.828,14.893,2899296.12,2025-04-29 15:59:59.999000+00:00
2025-04-29 16:00:00+00:00,14.892,15.004,14.767,14.856,2020966.45,2025-04-29 19:59:59.999000+00:00
2025-04-29 20:00:00+00:00,14.855,14.886,14.466,14.589,2489480.21,2025-04-29 23:59:59.999000+00:00
2025-04-30 00:00:00+00:00,14.588,14.746,14.488,14.709,1529635.96,2025-04-30 03:59:59.999000+00:00
2025-04-30 04:00:00+00:00,14.709,14.727,14.451,14.518,1175667.1,2025-04-30 07:59:59.999000+00:00
2025-04-30 08:00:00+00:00,14.518,14.661,14.45,14.62,1399516.01,2025-04-30 11:59:59.999000+00:00
2025-04-30 12:00:00+00:00,14.62,14.622,13.813,14.115,5908313.72,2025-04-30 15:59:59.999000+00:00
2025-04-30 16:00:00+00:00,14.114,14.367,13.984,14.202,2360002.27,2025-04-30 19:59:59.999000+00:00
2025-04-30 20:00:00+00:00,14.204,14.423,14.191,14.284,1488764.39,2025-04-30 23:59:59.999000+00:00
2025-05-01 00:00:00+00:00,14.284,14.671,14.283,14.528,1953906.03,2025-05-01 03:59:59.999000+00:00
2025-05-01 04:00:00+00:00,14.528,14.743,14.474,14.715,1473565.33,2025-05-01 07:59:59.999000+00:00
2025-05-01 08:00:00+00:00,14.716,15.018,14.694,14.976,2725769.3,2025-05-01 11:59:59.999000+00:00
2025-05-01 12:00:00+00:00,14.975,15.034,14.7,14.858,3256448.62,2025-05-01 15:59:59.999000+00:00
2025-05-01 16:00:00+00:00,14.857,15.008,14.822,14.839,1854538.93,2025-05-01 19:59:59.999000+00:00
2025-05-01 20:00:00+00:00,14.837,14.948,14.724,14.739,1543395.26,2025-05-01 23:59:59.999000+00:00
2025-05-02 00:00:00+00:00,14.739,15.025,14.688,14.866,2638144.29,2025-05-02 03:59:59.999000+00:00
2025-05-02 04:00:00+00:00,14.867,14.897,14.545,14.556,1893822.08,2025-05-02 07:59:59.999000+00:00
2025-05-02 08:00:00+00:00,14.557,14.759,14.546,14.586,1693117.55,2025-05-02 11:59:59.999000+00:00
2025-05-02 12:00:00+00:00,14.585,14.863,14.482,14.773,3350054.92,2025-05-02 15:59:59.999000+00:00
2025-05-02 16:00:00+00:00,14.773,15.012,14.602,14.632,2189867.86,2025-05-02 19:59:59.999000+00:00
2025-05-02 20:00:00+00:00,14.632,14.796,14.565,14.65,1234576.23,2025-05-02 23:59:59.999000+00:00
2025-05-03 00:00:00+00:00,14.65,14.662,14.484,14.519,1207763.62,2025-05-03 03:59:59.999000+00:00
2025-05-03 04:00:00+00:00,14.518,14.539,14.353,14.385,1355458.05,2025-05-03 07:59:59.999000+00:00
2025-05-03 08:00:00+00:00,14.385,14.417,14.27,14.295,1556547.68,2025-05-03 11:59:59.999000+00:00
2025-05-03 12:00:00+00:00,14.294,14.52,14.292,14.411,1660658.49,2025-05-03 15:59:59.999000+00:00
2025-05-03 16:00:00+00:00,14.411,14.417,14.144,14.365,2089262.83,2025-05-03 19:59:59.999000+00:00
2025-05-03 20:00:00+00:00,14.365,14.438,14.222,14.241,1472793.97,2025-05-03 23:59:59.999000+00:00
2025-05-04 00:00:00+00:00,14.24,14.36,14.145,14.17,1649173.9,2025-05-04 03:59:59.999000+00:00
2025-05-04 04:00:00+00:00,14.17,14.256,14.058,14.118,1603840.54,2025-05-04 07:59:59.999000+00:00
2025-05-04 08:00:00+00:00,14.119,14.125,13.965,14.04,1801510.19,2025-05-04 11:59:59.999000+00:00
2025-05-04 12:00:00+00:00,14.039,14.172,13.981,14.095,1647944.55,2025-05-04 15:59:59.999000+00:00
2025-05-04 16:00:00+00:00,14.095,14.125,13.955,14.014,1520087.76,2025-05-04 19:59:59.999000+00:00
2025-05-04 20:00:00+00:00,14.014,14.184,13.8,13.848,2225054.0,2025-05-04 23:59:59.999000+00:00
2025-05-05 00:00:00+00:00,13.849,14.015,13.754,13.875,2406149.65,2025-05-05 03:59:59.999000+00:00
2025-05-05 04:00:00+00:00,13.876,14.193,13.842,14.107,1930658.7,2025-05-05 07:59:59.999000+00:00
2025-05-05 08:00:00+00:00,14.108,14.145,13.651,13.728,3428258.07,2025-05-05 11:59:59.999000+00:00
2025-05-05 12:00:00+00:00,13.728,13.815,13.516,13.558,3990960.14,2025-05-05 15:59:59.999000+00:00
2025-05-05 16:00:00+00:00,13.557,13.807,13.541,13.625,2269857.57,2025-05-05 19:59:59.999000+00:00
2025-05-05 20:00:00+00:00,13.626,13.756,13.47,13.632,1901326.13,2025-05-05 23:59:59.999000+00:00
2025-05-06 00:00:00+00:00,13.633,13.672,13.393,13.586,2025489.15,2025-05-06 03:59:59.999000+00:00
2025-05-06 04:00:00+00:00,13.587,13.621,13.486,13.515,1428162.93,2025-05-06 07:59:59.999000+00:00
2025-05-06 08:00:00+00:00,13.515,13.517,13.218,13.281,2810171.96,2025-05-06 11:59:59.999000+00:00
2025-05-06 12:00:00+00:00,13.281,13.496,13.198,13.375,2942639.53,2025-05-06 15:59:59.999000+00:00
2025-05-06 16:00:00+00:00,13.376,13.686,13.311,13.606,2619151.16,2025-05-06 19:59:59.999000+00:00
2025-05-06 20:00:00+00:00,13.606,13.881,13.319,13.816,3865154.06,2025-05-06 23:59:59.999000+00:00
2025-05-07 00:00:00+00:00,13.816,14.077,13.775,13.916,3471294.86,2025-05-07 03:59:59.999000+00:00
2025-05-07 04:00:00+00:00,13.917,13.995,13.652,13.917,2499945.29,2025-05-07 07:59:59.999000+00:00
2025-05-07 08:00:00+00:00,13.917,13.977,13.807,13.855,2432744.32,2025-05-07 11:59:59.999000+00:00
2025-05-07 12:00:00+00:00,13.856,13.869,13.568,13.585,2546551.2,2025-05-07 15:59:59.999000+00:00
2025-05-07 16:00:00+00:00,13.585,13.7,13.454,13.549,4129126.25,2025-05-07 19:59:59.999000+00:00
2025-05-07 20:00:00+00:00,13.55,13.908,13.524,13.81,1887279.28,2025-05-07 23:59:59.999000+00:00
2025-05-08 00:00:00+00:00,13.81,14.497,13.8,14.485,4363816.92,2025-05-08 03:59:59.999000+00:00
2025-05-08 04:00:00+00:00,14.484,14.726,14.459,14.678,3607003.22,2025-05-08 07:59:59.999000+00:00
2025-05-08 08:00:00+00:00,14.678,14.96,14.665,14.884,3563877.18,2025-05-08 11:59:59.999000+00:00
2025-05-08 12:00:00+00:00,14.885,15.415,14.794,15.22,6412831.69,2025-05-08 15:59:59.999000+00:00
2025-05-08 16:00:00+00:00,15.219,15.599,15.164,15.535,5717528.54,2025-05-08 19:59:59.999000+00:00
2025-05-08 20:00:00+00:00,15.536,15.99,15.469,15.883,5934996.33,2025-05-08 23:59:59.999000+00:00
2025-05-09 00:00:00+00:00,15.882,15.953,15.642,15.681,3911548.67,2025-05-09 03:59:59.999000+00:00
2025-05-09 04:00:00+00:00,15.68,16.275,15.581,16.096,4994960.05,2025-05-09 07:59:59.999000+00:00
2025-05-09 08:00:00+00:00,16.096,16.777,15.832,16.217,9890666.64,2025-05-09 11:59:59.999000+00:00
2025-05-09 12:00:00+00:00,16.216,16.381,15.748,15.957,6524642.97,2025-05-09 15:59:59.999000+00:00
2025-05-09 16:00:00+00:00,15.958,16.188,15.735,15.998,3761661.73,2025-05-09 19:59:59.999000+00:00
2025-05-09 20:00:00+00:00,15.998,16.082,15.908,16.009,1772607.55,2025-05-09 23:59:59.999000+00:00
2025-05-10 00:00:00+00:00,16.01,16.292,15.853,16.051,3810196.61,2025-05-10 03:59:59.999000+00:00
2025-05-10 04:00:00+00:00,16.05,16.41,15.891,16.349,3503045.54,2025-05-10 07:59:59.999000+00:00
2025-05-10 08:00:00+00:00,16.35,16.492,16.022,16.082,4487695.27,2025-05-10 11:59:59.999000+00:00
2025-05-10 12:00:00+00:00,16.083,16.509,16.083,16.415,3478478.5,2025-05-10 15:59:59.999000+00:00
2025-05-10 16:00:00+00:00,16.415,16.994,16.394,16.769,5103686.1,2025-05-10 19:59:59.999000+00:00
2025-05-10 20:00:00+00:00,16.769,17.465,16.628,17.332,5092712.3,2025-05-10 23:59:59.999000+00:00
2025-05-11 00:00:00+00:00,17.332,17.434,16.79,16.939,5796279.65,2025-05-11 03:59:59.999000+00:00
2025-05-11 04:00:00+00:00,16.938,17.027,16.292,16.446,4452549.66,2025-05-11 07:59:59.999000+00:00
2025-05-11 08:00:00+00:00,16.444,16.679,16.371,16.657,2857362.69,2025-05-11 11:59:59.999000+00:00
2025-05-11 12:00:00+00:00,16.657,16.832,16.4,16.608,3948170.28,2025-05-11 15:59:59.999000+00:00
2025-05-11 16:00:00+00:00,16.607,17.067,16.415,16.934,3535526.1,2025-05-11 19:59:59.999000+00:00
2025-05-11 20:00:00+00:00,16.933,17.15,16.838,17.104,2534408.63,2025-05-11 23:59:59.999000+00:00
2025-05-12 00:00:00+00:00,17.104,17.343,16.781,17.152,3982403.39,2025-05-12 03:59:59.999000+00:00
2025-05-12 04:00:00+00:00,17.152,17.976,16.93,17.501,5085778.74,2025-05-12 07:59:59.999000+00:00
2025-05-12 08:00:00+00:00,17.502,17.628,17.099,17.127,4642431.12,2025-05-12 11:59:59.999000+00:00
2025-05-12 12:00:00+00:00,17.125,17.575,16.662,16.829,8690332.64,2025-05-12 15:59:59.999000+00:00
2025-05-12 16:00:00+00:00,16.829,17.02,16.004,16.522,6991381.29,2025-05-12 19:59:59.999000+00:00
2025-05-12 20:00:00+00:00,16.521,16.829,16.391,16.722,2498190.13,2025-05-12 23:59:59.999000+00:00
2025-05-13 00:00:00+00:00,16.723,16.73,16.042,16.062,5002407.27,2025-05-13 03:59:59.999000+00:00
2025-05-13 04:00:00+00:00,16.062,16.559,16.022,16.406,2864820.82,2025-05-13 07:59:59.999000+00:00
2025-05-13 08:00:00+00:00,16.407,16.765,16.353,16.656,3022263.26,2025-05-13 11:59:59.999000+00:00
2025-05-13 12:00:00+00:00,16.656,16.885,16.508,16.863,5804044.71,2025-05-13 15:59:59.999000+00:00
2025-05-13 16:00:00+00:00,16.864,17.805,16.827,17.613,5688551.54,2025-05-13 19:59:59.999000+00:00
2025-05-13 20:00:00+00:00,17.612,17.746,17.329,17.385,3614302.0,2025-05-13 23:59:59.999000+00:00
2025-05-14 00:00:00+00:00,17.385,17.528,17.058,17.223,3939615.65,2025-05-14 03:59:59.999000+00:00
2025-05-14 04:00:00+00:00,17.223,17.449,17.108,17.188,2546032.19,2025-05-14 07:59:59.999000+00:00
2025-05-14 08:00:00+00:00,17.188,17.247,16.796,17.112,3832187.41,2025-05-14 11:59:59.999000+00:00
2025-05-14 12:00:00+00:00,17.113,17.263,16.749,16.998,6774874.11,2025-05-14 15:59:59.999000+00:00
2025-05-14 16:00:00+00:00,16.999,17.094,16.666,17.012,3167482.87,2025-05-14 19:59:59.999000+00:00
2025-05-14 20:00:00+00:00,17.013,17.109,16.782,17.005,1902376.22,2025-05-14 23:59:59.999000+00:00
2025-05-15 00:00:00+00:00,17.005,17.2,16.675,16.707,2726039.45,2025-05-15 03:59:59.999000+00:00
2025-05-15 04:00:00+00:00,16.707,16.825,16.17,16.19,3928924.31,2025-05-15 07:59:59.999000+00:00
2025-05-15 08:00:00+00:00,16.189,16.542,16.07,16.302,3746984.51,2025-05-15 11:59:59.999000+00:00
2025-05-15 12:00:00+00:00,16.301,16.468,15.83,16.439,5433553.86,2025-05-15 15:59:59.999000+00:00
2025-05-15 16:00:00+00:00,16.437,16.702,15.979,16.168,4521472.76,2025-05-15 19:59:59.999000+00:00
2025-05-15 20:00:00+00:00,16.169,16.3,15.678,16.033,4141211.53,2025-05-15 23:59:59.999000+00:00
2025-05-16 00:00:00+00:00,16.033,16.332,15.912,16.291,3114604.8,2025-05-16 03:59:59.999000+00:00
2025-05-16 04:00:00+00:00,16.292,16.487,16.143,16.34,2456692.86,2025-05-16 07:59:59.999000+00:00
2025-05-16 08:00:00+00:00,16.34,16.535,16.019,16.348,3227710.95,2025-05-16 11:59:59.999000+00:00
2025-05-16 12:00:00+00:00,16.347,16.381,16.072,16.247,3107758.84,2025-05-16 15:59:59.999000+00:00
2025-05-16 16:00:00+00:00,16.246,16.324,15.968,16.051,2528138.81,2025-05-16 19:59:59.999000+00:00
2025-05-16 20:00:00+00:00,16.05,16.085,15.599,15.748,2796531.83,2025-05-16 23:59:59.999000+00:00
2025-05-17 00:00:00+00:00,15.749,15.789,15.23,15.507,4208300.82,2025-05-17 03:59:59.999000+00:00
2025-05-17 04:00:00+00:00,15.507,15.62,15.318,15.398,1867432.53,2025-05-17 07:59:59.999000+00:00
2025-05-17 08:00:00+00:00,15.398,15.471,15.241,15.303,2202693.91,2025-05-17 11:59:59.999000+00:00
2025-05-17 12:00:00+00:00,15.303,15.41,15.112,15.3,2604878.64,2025-05-17 15:59:59.999000+00:00
2025-05-17 16:00:00+00:00,15.3,15.425,15.063,15.234,3031965.94,2025-05-17 19:59:59.999000+00:00
2025-05-17 20:00:00+00:00,15.233,15.487,15.13,15.316,2305812.76,2025-05-17 23:59:59.999000+00:00
2025-05-18 00:00:00+00:00,15.316,15.437,15.252,15.353,1938480.06,2025-05-18 03:59:59.999000+00:00
2025-05-18 04:00:00+00:00,15.354,15.736,15.35,15.726,1960119.25,2025-05-18 07:59:59.999000+00:00
2025-05-18 08:00:00+00:00,15.726,15.868,15.621,15.625,2184832.2,2025-05-18 11:59:59.999000+00:00
2025-05-18 12:00:00+00:00,15.626,16.352,15.545,16.34,4751092.17,2025-05-18 15:59:59.999000+00:00
2025-05-18 16:00:00+00:00,16.341,16.393,15.151,15.17,7150632.62,2025-05-18 19:59:59.999000+00:00
2025-05-18 20:00:00+00:00,15.169,15.953,14.864,15.863,5226583.93,2025-05-18 23:59:59.999000+00:00
2025-05-19 00:00:00+00:00,15.864,15.996,15.112,15.133,4082420.79,2025-05-19 03:59:59.999000+00:00
2025-05-19 04:00:00+00:00,15.133,15.28,14.832,15.176,3815314.88,2025-05-19 07:59:59.999000+00:00
2025-05-19 08:00:00+00:00,15.175,15.29,15.084,15.197,2322984.5,2025-05-19 11:59:59.999000+00:00
2025-05-19 12:00:00+00:00,15.197,15.504,15.0,15.46,3894631.8,2025-05-19 15:59:59.999000+00:00
2025-05-19 16:00:00+00:00,15.46,15.913,15.345,15.774,5782862.12,2025-05-19 19:59:59.999000+00:00
2025-05-19 20:00:00+00:00,15.773,15.841,15.644,15.779,2075211.25,2025-05-19 23:59:59.999000+00:00
2025-05-20 00:00:00+00:00,15.779,16.413,15.657,16.122,5044397.75,2025-05-20 03:59:59.999000+00:00
2025-05-20 04:00:00+00:00,16.122,16.283,15.888,15.938,2876321.08,2025-05-20 07:59:59.999000+00:00
2025-05-20 08:00:00+00:00,15.936,16.03,15.527,15.663,3079566.83,2025-05-20 11:59:59.999000+00:00
2025-05-20 12:00:00+00:00,15.663,15.67,15.41,15.524,3740613.8,2025-05-20 15:59:59.999000+00:00
2025-05-20 16:00:00+00:00,15.524,15.668,15.228,15.59,3387244.28,2025-05-20 19:59:59.999000+00:00
2025-05-20 20:00:00+00:00,15.594,15.809,15.496,15.695,2836892.46,2025-05-20 23:59:59.999000+00:00
2025-05-21 00:00:00+00:00,15.695,15.928,15.5,15.857,2863477.32,2025-05-21 03:59:59.999000+00:00
2025-05-21 04:00:00+00:00,15.858,16.083,15.783,15.836,4625132.06,2025-05-21 07:59:59.999000+00:00
2025-05-21 08:00:00+00:00,15.835,16.238,15.566,15.868,5141112.35,2025-05-21 11:59:59.999000+00:00
2025-05-21 12:00:00+00:00,15.867,16.166,15.612,16.104,5950990.52,2025-05-21 15:59:59.999000+00:00
2025-05-21 16:00:00+00:00,16.106,16.481,15.533,15.954,8756168.13,2025-05-21 19:59:59.999000+00:00
2025-05-21 20:00:00+00:00,15.952,16.327,15.754,16.094,3384380.43,2025-05-21 23:59:59.999000+00:00
2025-05-22 00:00:00+00:00,16.095,16.518,16.023,16.404,3631006.04,2025-05-22 03:59:59.999000+00:00
2025-05-22 04:00:00+00:00,16.405,16.483,16.204,16.412,2804068.94,2025-05-22 07:59:59.999000+00:00
2025-05-22 08:00:00+00:00,16.412,16.747,16.388,16.608,3876560.67,2025-05-22 11:59:59.999000+00:00
2025-05-22 12:00:00+00:00,16.607,16.888,16.373,16.798,4771546.98,2025-05-22 15:59:59.999000+00:00
2025-05-22 16:00:00+00:00,16.798,16.906,16.616,16.655,2586694.34,2025-05-22 19:59:59.999000+00:00
2025-05-22 20:00:00+00:00,16.656,16.777,16.524,16.733,2398366.0,2025-05-22 23:59:59.999000+00:00
2025-05-23 00:00:00+00:00,16.734,17.154,16.584,17.122,3855932.96,2025-05-23 03:59:59.999000+00:00
2025-05-23 04:00:00+00:00,17.122,17.145,16.551,16.665,3245958.05,2025-05-23 07:59:59.999000+00:00
2025-05-23 08:00:00+00:00,16.665,17.122,16.208,16.3,5888636.84,2025-05-23 11:59:59.999000+00:00
2025-05-23 12:00:00+00:00,16.302,16.474,15.77,16.195,10931953.44,2025-05-23 15:59:59.999000+00:00
2025-05-23 16:00:00+00:00,16.196,16.369,16.019,16.04,2877631.12,2025-05-23 19:59:59.999000+00:00
2025-05-23 20:00:00+00:00,16.039,16.041,15.41,15.528,3712021.37,2025-05-23 23:59:59.999000+00:00
2025-05-24 00:00:00+00:00,15.528,15.799,15.44,15.733,2599524.61,2025-05-24 03:59:59.999000+00:00
2025-05-24 04:00:00+00:00,15.732,15.877,15.634,15.672,1787481.2,2025-05-24 07:59:59.999000+00:00
2025-05-24 08:00:00+00:00,15.672,15.896,15.616,15.749,1816150.29,2025-05-24 11:59:59.999000+00:00
2025-05-24 12:00:00+00:00,15.75,15.796,15.577,15.629,1690637.41,2025-05-24 15:59:59.999000+00:00
2025-05-24 16:00:00+00:00,15.628,15.686,15.415,15.493,1643873.56,2025-05-24 19:59:59.999000+00:00
2025-05-24 20:00:00+00:00,15.493,15.508,15.236,15.329,1845185.09,2025-05-24 23:59:59.999000+00:00
2025-05-25 00:00:00+00:00,15.329,15.494,15.1,15.452,2803182.77,2025-05-25 03:59:59.999000+00:00
2025-05-25 04:00:00+00:00,15.452,15.466,15.253,15.285,1220245.07,2025-05-25 07:59:59.999000+00:00
2025-05-25 08:00:00+00:00,15.286,15.286,15.053,15.137,2134313.96,2025-05-25 11:59:59.999000+00:00
2025-05-25 12:00:00+00:00,15.138,15.306,14.853,15.018,3203866.41,2025-05-25 15:59:59.999000+00:00
2025-05-25 16:00:00+00:00,15.019,15.175,14.869,15.118,1634038.12,2025-05-25 19:59:59.999000+00:00
2025-05-25 20:00:00+00:00,15.119,15.548,14.994,15.523,2491215.33,2025-05-25 23:59:59.999000+00:00
2025-05-26 00:00:00+00:00,15.524,15.793,15.477,15.685,2672332.36,2025-05-26 03:59:59.999000+00:00
2025-05-26 04:00:00+00:00,15.684,15.923,15.576,15.922,2011906.31,2025-05-26 07:59:59.999000+00:00
2025-05-26 08:00:00+00:00,15.923,15.95,15.682,15.73,1795987.68,2025-05-26 11:59:59.999000+00:00
2025-05-26 12:00:00+00:00,15.73,15.8,15.411,15.752,2881699.5,2025-05-26 15:59:59.999000+00:00
2025-05-26 16:00:00+00:00,15.753,15.815,15.373,15.475,2168603.75,2025-05-26 19:59:59.999000+00:00
2025-05-26 20:00:00+00:00,15.475,15.668,15.402,15.524,1794472.05,2025-05-26 23:59:59.999000+00:00
2025-05-27 00:00:00+00:00,15.524,15.593,15.144,15.445,2654237.43,2025-05-27 03:59:59.999000+00:00
2025-05-27 04:00:00+00:00,15.445,15.894,15.426,15.834,2664964.5,2025-05-27 07:59:59.999000+00:00
2025-05-27 08:00:00+00:00,15.835,15.972,15.822,15.943,2405328.65,2025-05-27 11:59:59.999000+00:00
2025-05-27 12:00:00+00:00,15.943,16.097,15.71,15.987,3710063.3,2025-05-27 15:59:59.999000+00:00
2025-05-27 16:00:00+00:00,15.987,16.122,15.862,15.923,2269999.2,2025-05-27 19:59:59.999000+00:00
2025-05-27 20:00:00+00:00,15.923,16.013,15.774,15.901,1680353.73,2025-05-27 23:59:59.999000+00:00
2025-05-28 00:00:00+00:00,15.901,16.05,15.702,16.022,2144800.05,2025-05-28 03:59:59.999000+00:00
2025-05-28 04:00:00+00:00,16.022,16.144,15.773,15.868,2153433.09,2025-05-28 07:59:59.999000+00:00
2025-05-28 08:00:00+00:00,15.869,15.998,15.727,15.969,2087934.47,2025-05-28 11:59:59.999000+00:00
2025-05-28 12:00:00+00:00,15.97,16.092,15.421,15.437,4198492.63,2025-05-28 15:59:59.999000+00:00
2025-05-28 16:00:00+00:00,15.438,15.666,15.299,15.309,2515942.32,2025-05-28 19:59:59.999000+00:00
2025-05-28 20:00:00+00:00,15.309,15.756,15.301,15.682,2035716.65,2025-05-28 23:59:59.999000+00:00
2025-05-29 00:00:00+00:00,15.682,16.186,15.582,16.018,4087399.1,2025-05-29 03:59:59.999000+00:00
2025-05-29 04:00:00+00:00,16.017,16.059,15.651,15.782,2926257.85,2025-05-29 07:59:59.999000+00:00
2025-05-29 08:00:00+00:00,15.783,15.919,15.7,15.849,2270259.35,2025-05-29 11:59:59.999000+00:00
2025-05-29 12:00:00+00:00,15.848,15.848,15.297,15.342,4567313.67,2025-05-29 15:59:59.999000+00:00
2025-05-29 16:00:00+00:00,15.343,15.49,15.128,15.188,3994005.1,2025-05-29 19:59:59.999000+00:00
2025-05-29 20:00:00+00:00,15.187,15.289,14.962,15.034,2443617.38,2025-05-29 23:59:59.999000+00:00
2025-05-30 00:00:00+00:00,15.034,15.11,14.134,14.694,7283565.35,2025-05-30 03:59:59.999000+00:00
2025-05-30 04:00:00+00:00,14.694,14.754,14.423,14.489,2612697.14,2025-05-30 07:59:59.999000+00:00
2025-05-30 08:00:00+00:00,14.489,14.578,14.281,14.526,3062940.03,2025-05-30 11:59:59.999000+00:00
2025-05-30 12:00:00+00:00,14.526,14.59,14.225,14.235,3722857.25,2025-05-30 15:59:59.999000+00:00
2025-05-30 16:00:00+00:00,14.236,14.339,13.8,14.258,5377459.1,2025-05-30 19:59:59.999000+00:00
2025-05-30 20:00:00+00:00,14.257,14.269,13.75,13.878,3435531.12,2025-05-30 23:59:59.999000+00:00
2025-05-31 00:00:00+00:00,13.879,13.925,13.387,13.551,5713828.59,2025-05-31 03:59:59.999000+00:00
2025-05-31 04:00:00+00:00,13.551,13.741,13.418,13.692,2316735.6,2025-05-31 07:59:59.999000+00:00
2025-05-31 08:00:00+00:00,13.693,13.885,13.611,13.66,2361445.01,2025-05-31 11:59:59.999000+00:00
2025-05-31 12:00:00+00:00,13.66,14.014,13.645,13.869,2721363.02,2025-05-31 15:59:59.999000+00:00
2025-05-31 16:00:00+00:00,13.869,14.171,13.828,14.113,2233165.44,2025-05-31 19:59:59.999000+00:00
2025-05-31 20:00:00+00:00,14.114,14.18,13.946,13.96,1817364.73,2025-05-31 23:59:59.999000+00:00
2025-06-01 00:00:00+00:00,13.96,13.974,13.737,13.831,2342832.95,2025-06-01 03:59:59.999000+00:00
2025-06-01 04:00:00+00:00,13.832,13.986,13.792,13.856,1533364.23,2025-06-01 07:59:59.999000+00:00
2025-06-01 08:00:00+00:00,13.856,13.879,13.571,13.801,2724078.71,2025-06-01 11:59:59.999000+00:00
2025-06-01 12:00:00+00:00,13.801,13.956,13.691,13.932,1925775.61,2025-06-01 15:59:59.999000+00:00
2025-06-01 16:00:00+00:00,13.931,14.09,13.776,13.999,2688346.25,2025-06-01 19:59:59.999000+00:00
2025-06-01 20:00:00+00:00,13.999,14.115,13.932,14.054,1486057.77,2025-06-01 23:59:59.999000+00:00
2025-06-02 00:00:00+00:00,14.054,14.078,13.795,13.858,1567458.38,2025-06-02 03:59:59.999000+00:00
2025-06-02 04:00:00+00:00,13.858,13.982,13.775,13.878,1316864.58,2025-06-02 07:59:59.999000+00:00
2025-06-02 08:00:00+00:00,13.877,13.959,13.637,13.674,2496409.84,2025-06-02 11:59:59.999000+00:00
2025-06-02 12:00:00+00:00,13.673,13.822,13.62,13.701,3334528.2,2025-06-02 15:59:59.999000+00:00
2025-06-02 16:00:00+00:00,13.702,13.836,13.58,13.667,2331696.19,2025-06-02 19:59:59.999000+00:00
2025-06-02 20:00:00+00:00,13.667,14.114,13.666,14.071,2835162.65,2025-06-02 23:59:59.999000+00:00
2025-06-03 00:00:00+00:00,14.072,14.437,14.027,14.139,3507729.46,2025-06-03 03:59:59.999000+00:00
2025-06-03 04:00:00+00:00,14.139,14.216,14.038,14.122,1693394.91,2025-06-03 07:59:59.999000+00:00
2025-06-03 08:00:00+00:00,14.121,14.159,13.994,14.074,1880501.32,2025-06-03 11:59:59.999000+00:00
2025-06-03 12:00:00+00:00,14.074,14.429,14.032,14.321,3782123.95,2025-06-03 15:59:59.999000+00:00
2025-06-03 16:00:00+00:00,14.321,14.397,14.209,14.347,2048140.18,2025-06-03 19:59:59.999000+00:00
2025-06-03 20:00:00+00:00,14.347,14.353,13.952,14.103,2320163.2,2025-06-03 23:59:59.999000+00:00
2025-06-04 00:00:00+00:00,14.103,14.391,14.048,14.329,2176965.07,2025-06-04 03:59:59.999000+00:00
2025-06-04 04:00:00+00:00,14.329,14.406,14.218,14.281,1695162.84,2025-06-04 07:59:59.999000+00:00
2025-06-04 08:00:00+00:00,14.282,14.469,14.181,14.188,2418435.2,2025-06-04 11:59:59.999000+00:00
2025-06-04 12:00:00+00:00,14.189,14.224,13.953,14.167,3804468.67,2025-06-04 15:59:59.999000+00:00
2025-06-04 16:00:00+00:00,14.166,14.174,13.88,13.889,2205540.16,2025-06-04 19:59:59.999000+00:00
2025-06-04 20:00:00+00:00,13.888,13.942,13.707,13.826,2301440.17,2025-06-04 23:59:59.999000+00:00
2025-06-05 00:00:00+00:00,13.826,13.955,13.727,13.878,1767755.58,2025-06-05 03:59:59.999000+00:00
2025-06-05 04:00:00+00:00,13.878,13.937,13.701,13.742,2064954.43,2025-06-05 07:59:59.999000+00:00
2025-06-05 08:00:00+00:00,13.743,13.832,13.62,13.755,2018444.39,2025-06-05 11:59:59.999000+00:00
2025-06-05 12:00:00+00:00,13.756,14.03,13.518,13.704,5019924.45,2025-06-05 15:59:59.999000+00:00
2025-06-05 16:00:00+00:00,13.705,13.718,13.071,13.188,5858996.65,2025-06-05 19:59:59.999000+00:00
2025-06-05 20:00:00+00:00,13.187,13.234,12.633,12.876,7929686.57,2025-06-05 23:59:59.999000+00:00
2025-06-06 00:00:00+00:00,12.876,13.185,12.812,13.181,2265978.33,2025-06-06 03:59:59.999000+00:00
2025-06-06 04:00:00+00:00,13.18,13.261,13.086,13.166,1712908.41,2025-06-06 07:59:59.999000+00:00
2025-06-06 08:00:00+00:00,13.166,13.268,13.145,13.207,2154887.95,2025-06-06 11:59:59.999000+00:00
2025-06-06 12:00:00+00:00,13.207,13.67,13.191,13.53,5311867.37,2025-06-06 15:59:59.999000+00:00
2025-06-06 16:00:00+00:00,13.53,13.607,13.409,13.47,2380701.51,2025-06-06 19:59:59.999000+00:00
2025-06-06 20:00:00+00:00,13.47,13.606,13.437,13.562,1500258.34,2025-06-06 23:59:59.999000+00:00
2025-06-07 00:00:00+00:00,13.562,13.829,13.47,13.794,2195669.42,2025-06-07 03:59:59.999000+00:00
2025-06-07 04:00:00+00:00,13.795,14.058,13.737,14.02,2467139.27,2025-06-07 07:59:59.999000+00:00
2025-06-07 08:00:00+00:00,14.02,14.068,13.904,13.981,2284389.49,2025-06-07 11:59:59.999000+00:00
2025-06-07 12:00:00+00:00,13.98,14.075,13.889,13.93,2143620.18,2025-06-07 15:59:59.999000+00:00
2025-06-07 16:00:00+00:00,13.93,13.953,13.754,13.804,1752746.97,2025-06-07 19:59:59.999000+00:00
2025-06-07 20:00:00+00:00,13.803,13.902,13.757,13.814,1246732.92,2025-06-07 23:59:59.999000+00:00
2025-06-08 00:00:00+00:00,13.814,13.852,13.738,13.779,1096551.06,2025-06-08 03:59:59.999000+00:00
2025-06-08 04:00:00+00:00,13.78,13.823,13.715,13.728,1016530.7,2025-06-08 07:59:59.999000+00:00
2025-06-08 08:00:00+00:00,13.729,13.772,13.531,13.752,2317460.95,2025-06-08 11:59:59.999000+00:00
2025-06-08 12:00:00+00:00,13.752,13.877,13.671,13.745,1825572.62,2025-06-08 15:59:59.999000+00:00
2025-06-08 16:00:00+00:00,13.745,13.901,13.745,13.899,1358510.02,2025-06-08 19:59:59.999000+00:00
2025-06-08 20:00:00+00:00,13.9,13.969,13.658,13.712,2209695.03,2025-06-08 23:59:59.999000+00:00
2025-06-09 00:00:00+00:00,13.713,13.785,13.615,13.701,1864619.07,2025-06-09 03:59:59.999000+00:00
2025-06-09 04:00:00+00:00,13.7,13.721,13.53,13.655,1325721.6,2025-06-09 07:59:59.999000+00:00
2025-06-09 08:00:00+00:00,13.654,13.947,13.56,13.896,3224431.83,2025-06-09 11:59:59.999000+00:00
2025-06-09 12:00:00+00:00,13.897,14.003,13.752,13.925,2623805.17,2025-06-09 15:59:59.999000+00:00
2025-06-09 16:00:00+00:00,13.924,14.088,13.924,14.005,2374196.84,2025-06-09 19:59:59.999000+00:00
2025-06-09 20:00:00+00:00,14.005,14.403,14.005,14.346,3710968.05,2025-06-09 23:59:59.999000+00:00
2025-06-10 00:00:00+00:00,14.346,14.621,14.324,14.468,4146277.25,2025-06-10 03:59:59.999000+00:00
2025-06-10 04:00:00+00:00,14.469,14.562,14.318,14.474,2775069.72,2025-06-10 07:59:59.999000+00:00
2025-06-10 08:00:00+00:00,14.474,15.227,14.416,15.159,6118331.03,2025-06-10 11:59:59.999000+00:00
2025-06-10 12:00:00+00:00,15.159,15.373,14.8,15.091,7421013.52,2025-06-10 15:59:59.999000+00:00
2025-06-10 16:00:00+00:00,15.09,15.529,15.034,15.269,9434602.09,2025-06-10 19:59:59.999000+00:00
2025-06-10 20:00:00+00:00,15.27,15.459,15.121,15.445,2834778.45,2025-06-10 23:59:59.999000+00:00
2025-06-11 00:00:00+00:00,15.445,15.508,15.125,15.288,2996299.75,2025-06-11 03:59:59.999000+00:00
2025-06-11 04:00:00+00:00,15.288,15.453,15.187,15.391,2354833.35,2025-06-11 07:59:59.999000+00:00
2025-06-11 08:00:00+00:00,15.391,15.504,15.059,15.168,6016459.03,2025-06-11 11:59:59.999000+00:00
2025-06-11 12:00:00+00:00,15.167,15.651,15.073,15.611,6242713.67,2025-06-11 15:59:59.999000+00:00
2025-06-11 16:00:00+00:00,15.611,15.634,15.08,15.138,4290793.09,2025-06-11 19:59:59.999000+00:00
2025-06-11 20:00:00+00:00,15.138,15.245,14.764,14.886,3380234.59,2025-06-11 23:59:59.999000+00:00
2025-06-12 00:00:00+00:00,14.886,14.919,14.578,14.645,3032705.56,2025-06-12 03:59:59.999000+00:00
2025-06-12 04:00:00+00:00,14.646,14.666,14.406,14.418,3098110.37,2025-06-12 07:59:59.999000+00:00
2025-06-12 08:00:00+00:00,14.418,14.475,14.037,14.113,7577438.37,2025-06-12 11:59:59.999000+00:00
2025-06-12 12:00:00+00:00,14.114,14.503,14.076,14.245,4922901.73,2025-06-12 15:59:59.999000+00:00
2025-06-12 16:00:00+00:00,14.245,14.568,14.079,14.125,3964552.58,2025-06-12 19:59:59.999000+00:00
2025-06-12 20:00:00+00:00,14.124,14.179,13.825,13.965,4777907.53,2025-06-12 23:59:59.999000+00:00
2025-06-13 00:00:00+00:00,13.965,13.979,12.754,13.238,13048501.17,2025-06-13 03:59:59.999000+00:00
2025-06-13 04:00:00+00:00,13.238,13.284,13.018,13.227,3327036.99,2025-06-13 07:59:59.999000+00:00
2025-06-13 08:00:00+00:00,13.227,13.394,13.115,13.311,2868262.86,2025-06-13 11:59:59.999000+00:00
2025-06-13 12:00:00+00:00,13.312,13.476,13.097,13.4,4300563.37,2025-06-13 15:59:59.999000+00:00
2025-06-13 16:00:00+00:00,13.401,13.593,13.022,13.122,4763581.68,2025-06-13 19:59:59.999000+00:00
2025-06-13 20:00:00+00:00,13.124,13.446,13.08,13.432,1859665.59,2025-06-13 23:59:59.999000+00:00
2025-06-14 00:00:00+00:00,13.433,13.453,13.232,13.251,1947165.68,2025-06-14 03:59:59.999000+00:00
2025-06-14 04:00:00+00:00,13.252,13.327,13.119,13.202,1562432.31,2025-06-14 07:59:59.999000+00:00
2025-06-14 08:00:00+00:00,13.201,13.208,13.078,13.147,1538916.2,2025-06-14 11:59:59.999000+00:00
2025-06-14 12:00:00+00:00,13.146,13.184,12.938,12.989,2260383.02,2025-06-14 15:59:59.999000+00:00
2025-06-14 16:00:00+00:00,12.99,13.075,12.823,12.982,3743769.21,2025-06-14 19:59:59.999000+00:00
2025-06-14 20:00:00+00:00,12.983,13.198,12.907,13.141,1675301.43,2025-06-14 23:59:59.999000+00:00
2025-06-15 00:00:00+00:00,13.142,13.264,13.131,13.216,1250769.06,2025-06-15 03:59:59.999000+00:00
2025-06-15 04:00:00+00:00,13.215,13.318,13.106,13.146,1880161.04,2025-06-15 07:59:59.999000+00:00
2025-06-15 08:00:00+00:00,13.146,13.156,13.016,13.072,1496139.65,2025-06-15 11:59:59.999000+00:00
2025-06-15 12:00:00+00:00,13.072,13.3,13.048,13.167,2649617.4,2025-06-15 15:59:59.999000+00:00
2025-06-15 16:00:00+00:00,13.168,13.234,13.09,13.131,1992973.29,2025-06-15 19:59:59.999000+00:00
2025-06-15 20:00:00+00:00,13.131,13.31,12.982,13.289,2768625.05,2025-06-15 23:59:59.999000+00:00
2025-06-16 00:00:00+00:00,13.289,13.477,13.163,13.374,2418869.55,2025-06-16 03:59:59.999000+00:00
2025-06-16 04:00:00+00:00,13.374,13.731,13.365,13.681,2550988.12,2025-06-16 07:59:59.999000+00:00
2025-06-16 08:00:00+00:00,13.681,13.745,13.549,13.675,2191158.89,2025-06-16 11:59:59.999000+00:00
2025-06-16 12:00:00+00:00,13.674,13.884,13.618,13.793,3641837.68,2025-06-16 15:59:59.999000+00:00
2025-06-16 16:00:00+00:00,13.793,14.084,13.78,14.052,2755979.74,2025-06-16 19:59:59.999000+00:00
2025-06-16 20:00:00+00:00,14.053,14.156,13.517,13.558,5261270.54,2025-06-16 23:59:59.999000+00:00
2025-06-17 00:00:00+00:00,13.559,13.776,13.301,13.664,5455942.74,2025-06-17 03:59:59.999000+00:00
2025-06-17 04:00:00+00:00,13.665,13.725,13.458,13.488,2103544.09,2025-06-17 07:59:59.999000+00:00
2025-06-17 08:00:00+00:00,13.488,13.505,13.193,13.251,2799279.41,2025-06-17 11:59:59.999000+00:00
2025-06-17 12:00:00+00:00,13.251,13.354,12.925,13.044,4504298.03,2025-06-17 15:59:59.999000+00:00
2025-06-17 16:00:00+00:00,13.044,13.24,12.796,13.152,4982465.31,2025-06-17 19:59:59.999000+00:00
2025-06-17 20:00:00+00:00,13.152,13.191,12.848,12.98,2533880.91,2025-06-17 23:59:59.999000+00:00
2025-06-18 00:00:00+00:00,12.981,13.147,12.953,13.068,2013998.23,2025-06-18 03:59:59.999000+00:00
2025-06-18 04:00:00+00:00,13.067,13.217,13.018,13.089,1797545.17,2025-06-18 07:59:59.999000+00:00
2025-06-18 08:00:00+00:00,13.088,13.126,12.677,12.85,3241025.26,2025-06-18 11:59:59.999000+00:00
2025-06-18 12:00:00+00:00,12.85,12.997,12.623,12.888,4783916.24,2025-06-18 15:59:59.999000+00:00
2025-06-18 16:00:00+00:00,12.887,12.933,12.68,12.765,4176566.13,2025-06-18 19:59:59.999000+00:00
2025-06-18 20:00:00+00:00,12.765,13.145,12.731,13.106,2602674.04,2025-06-18 23:59:59.999000+00:00
2025-06-19 00:00:00+00:00,13.107,13.243,13.013,13.195,2204882.96,2025-06-19 03:59:59.999000+00:00
2025-06-19 04:00:00+00:00,13.195,13.277,13.116,13.12,2307531.79,2025-06-19 07:59:59.999000+00:00
2025-06-19 08:00:00+00:00,13.12,13.369,13.119,13.165,2437013.51,2025-06-19 11:59:59.999000+00:00
2025-06-19 12:00:00+00:00,13.166,13.214,12.928,12.948,3545254.33,2025-06-19 15:59:59.999000+00:00
2025-06-19 16:00:00+00:00,12.948,13.162,12.904,13.015,2453294.68,2025-06-19 19:59:59.999000+00:00
2025-06-19 20:00:00+00:00,13.016,13.147,12.987,13.063,1474417.12,2025-06-19 23:59:59.999000+00:00
2025-06-20 00:00:00+00:00,13.064,13.112,12.987,12.99,1298728.99,2025-06-20 03:59:59.999000+00:00
2025-06-20 04:00:00+00:00,12.991,13.184,12.875,13.17,1973226.17,2025-06-20 07:59:59.999000+00:00
2025-06-20 08:00:00+00:00,13.171,13.274,13.068,13.128,2538485.33,2025-06-20 11:59:59.999000+00:00
2025-06-20 12:00:00+00:00,13.128,13.241,12.817,12.895,3875769.96,2025-06-20 15:59:59.999000+00:00
2025-06-20 16:00:00+00:00,12.896,12.905,12.289,12.566,7248470.75,2025-06-20 19:59:59.999000+00:00
2025-06-20 20:00:00+00:00,12.565,12.72,12.359,12.499,2648785.1,2025-06-20 23:59:59.999000+00:00
2025-06-21 00:00:00+00:00,12.499,12.726,12.483,12.677,1565124.03,2025-06-21 03:59:59.999000+00:00
2025-06-21 04:00:00+00:00,12.677,12.705,12.572,12.634,1542026.46,2025-06-21 07:59:59.999000+00:00
2025-06-21 08:00:00+00:00,12.633,12.739,12.622,12.668,1456924.99,2025-06-21 11:59:59.999000+00:00
2025-06-21 12:00:00+00:00,12.667,12.693,12.391,12.488,2467798.42,2025-06-21 15:59:59.999000+00:00
2025-06-21 16:00:00+00:00,12.489,12.551,12.177,12.19,3455444.3,2025-06-21 19:59:59.999000+00:00
2025-06-21 20:00:00+00:00,12.189,12.328,11.645,12.014,7425560.97,2025-06-21 23:59:59.999000+00:00
2025-06-22 00:00:00+00:00,12.017,12.19,11.822,11.898,4718722.07,2025-06-22 03:59:59.999000+00:00
2025-06-22 04:00:00+00:00,11.898,12.092,11.864,11.961,2497084.02,2025-06-22 07:59:59.999000+00:00
2025-06-22 08:00:00+00:00,11.962,12.003,11.768,11.887,3204385.22,2025-06-22 11:59:59.999000+00:00
2025-06-22 12:00:00+00:00,11.886,11.967,11.285,11.433,11767938.22,2025-06-22 15:59:59.999000+00:00
2025-06-22 16:00:00+00:00,11.433,11.578,11.201,11.221,4989478.27,2025-06-22 19:59:59.999000+00:00
2025-06-22 20:00:00+00:00,11.221,11.664,10.923,11.648,6631658.79,2025-06-22 23:59:59.999000+00:00
2025-06-23 00:00:00+00:00,11.648,11.762,11.548,11.631,2695747.34,2025-06-23 03:59:59.999000+00:00
2025-06-23 04:00:00+00:00,11.633,11.913,11.621,11.847,2468872.49,2025-06-23 07:59:59.999000+00:00
2025-06-23 08:00:00+00:00,11.847,11.904,11.745,11.839,2274977.18,2025-06-23 11:59:59.999000+00:00
2025-06-23 12:00:00+00:00,11.839,12.094,11.686,11.749,6141772.81,2025-06-23 15:59:59.999000+00:00
2025-06-23 16:00:00+00:00,11.749,12.182,11.395,12.138,9626932.19,2025-06-23 19:59:59.999000+00:00
2025-06-23 20:00:00+00:00,12.14,12.936,12.106,12.818,7277237.61,2025-06-23 23:59:59.999000+00:00
2025-06-24 00:00:00+00:00,12.819,13.062,12.774,12.944,4428255.75,2025-06-24 03:59:59.999000+00:00
2025-06-24 04:00:00+00:00,12.943,13.314,12.91,13.024,4530668.05,2025-06-24 07:59:59.999000+00:00
2025-06-24 08:00:00+00:00,13.024,13.279,12.932,13.149,4195520.45,2025-06-24 11:59:59.999000+00:00
2025-06-24 12:00:00+00:00,13.149,13.44,13.06,13.347,8245628.45,2025-06-24 15:59:59.999000+00:00
2025-06-24 16:00:00+00:00,13.347,13.726,13.253,13.334,6075310.1,2025-06-24 19:59:59.999000+00:00
2025-06-24 20:00:00+00:00,13.334,13.412,13.272,13.405,2147824.28,2025-06-24 23:59:59.999000+00:00
2025-06-25 00:00:00+00:00,13.405,13.503,13.28,13.349,2862945.06,2025-06-25 03:59:59.999000+00:00
2025-06-25 04:00:00+00:00,13.35,13.463,13.246,13.448,2546662.48,2025-06-25 07:59:59.999000+00:00
2025-06-25 08:00:00+00:00,13.447,13.472,13.186,13.274,3097857.28,2025-06-25 11:59:59.999000+00:00
2025-06-25 12:00:00+00:00,13.274,13.32,13.015,13.052,5932914.86,2025-06-25 15:59:59.999000+00:00
2025-06-25 16:00:00+00:00,13.051,13.241,12.983,13.223,2607080.7,2025-06-25 19:59:59.999000+00:00
2025-06-25 20:00:00+00:00,13.222,13.299,13.03,13.133,1479386.59,2025-06-25 23:59:59.999000+00:00
2025-06-26 00:00:00+00:00,13.134,13.554,13.06,13.334,3374332.65,2025-06-26 03:59:59.999000+00:00
2025-06-26 04:00:00+00:00,13.335,13.425,13.191,13.366,1757504.25,2025-06-26 07:59:59.999000+00:00
2025-06-26 08:00:00+00:00,13.366,13.447,13.134,13.188,2343777.75,2025-06-26 11:59:59.999000+00:00
2025-06-26 12:00:00+00:00,13.188,13.194,12.931,13.108,4392925.73,2025-06-26 15:59:59.999000+00:00
2025-06-26 16:00:00+00:00,13.107,13.159,12.983,13.107,2496159.95,2025-06-26 19:59:59.999000+00:00
2025-06-26 20:00:00+00:00,13.107,13.274,12.869,12.93,2589270.96,2025-06-26 23:59:59.999000+00:00
2025-06-27 00:00:00+00:00,12.93,13.159,12.758,13.121,2353552.71,2025-06-27 03:59:59.999000+00:00
2025-06-27 04:00:00+00:00,13.121,13.228,12.995,13.017,1907136.0,2025-06-27 07:59:59.999000+00:00
2025-06-27 08:00:00+00:00,13.018,13.198,13.005,13.036,2650991.15,2025-06-27 11:59:59.999000+00:00
2025-06-27 12:00:00+00:00,13.037,13.114,12.858,13.037,3224091.76,2025-06-27 15:59:59.999000+00:00
2025-06-27 16:00:00+00:00,13.038,13.179,12.719,12.872,3712828.82,2025-06-27 19:59:59.999000+00:00
2025-06-27 20:00:00+00:00,12.871,13.064,12.85,13.044,1608777.17,2025-06-27 23:59:59.999000+00:00
2025-06-28 00:00:00+00:00,13.045,13.176,12.991,13.149,1496577.48,2025-06-28 03:59:59.999000+00:00
2025-06-28 04:00:00+00:00,13.15,13.172,13.079,13.162,1074360.39,2025-06-28 07:59:59.999000+00:00
2025-06-28 08:00:00+00:00,13.162,13.188,13.088,13.092,1093666.13,2025-06-28 11:59:59.999000+00:00
2025-06-28 12:00:00+00:00,13.092,13.283,13.041,13.27,1422309.81,2025-06-28 15:59:59.999000+00:00
2025-06-28 16:00:00+00:00,13.269,13.4,13.215,13.3,2422977.08,2025-06-28 19:59:59.999000+00:00
2025-06-28 20:00:00+00:00,13.299,13.44,13.28,13.39,1106712.49,2025-06-28 23:59:59.999000+00:00
2025-06-29 00:00:00+00:00,13.39,13.439,13.268,13.274,1316835.41,2025-06-29 03:59:59.999000+00:00
2025-06-29 04:00:00+00:00,13.275,13.436,13.254,13.436,1159852.14,2025-06-29 07:59:59.999000+00:00
2025-06-29 08:00:00+00:00,13.436,13.473,13.373,13.441,1562981.75,2025-06-29 11:59:59.999000+00:00
2025-06-29 12:00:00+00:00,13.441,13.45,13.257,13.274,1657809.57,2025-06-29 15:59:59.999000+00:00
2025-06-29 16:00:00+00:00,13.273,13.412,13.236,13.339,1519503.5,2025-06-29 19:59:59.999000+00:00
2025-06-29 20:00:00+00:00,13.339,13.87,13.248,13.701,4302581.45,2025-06-29 23:59:59.999000+00:00
2025-06-30 00:00:00+00:00,13.702,13.772,13.47,13.482,2502884.74,2025-06-30 03:59:59.999000+00:00
2025-06-30 04:00:00+00:00,13.482,13.496,13.184,13.33,2930564.72,2025-06-30 07:59:59.999000+00:00
2025-06-30 08:00:00+00:00,13.33,13.359,13.163,13.193,2229701.23,2025-06-30 11:59:59.999000+00:00
2025-06-30 12:00:00+00:00,13.193,13.455,13.116,13.369,5294362.88,2025-06-30 15:59:59.999000+00:00
2025-06-30 16:00:00+00:00,13.37,13.634,13.25,13.613,3133226.11,2025-06-30 19:59:59.999000+00:00
2025-06-30 20:00:00+00:00,13.614,13.666,13.362,13.367,2140124.24,2025-06-30 23:59:59.999000+00:00
2025-07-01 00:00:00+00:00,13.367,13.426,13.22,13.303,2044517.08,2025-07-01 03:59:59.999000+00:00
2025-07-01 04:00:00+00:00,13.304,13.311,13.074,13.218,2095119.52,2025-07-01 07:59:59.999000+00:00
2025-07-01 08:00:00+00:00,13.218,13.255,13.1,13.128,1745674.51,2025-07-01 11:59:59.999000+00:00
2025-07-01 12:00:00+00:00,13.128,13.167,12.935,13.002,3227204.77,2025-07-01 15:59:59.999000+00:00
2025-07-01 16:00:00+00:00,13.003,13.059,12.809,12.81,2549633.67,2025-07-01 19:59:59.999000+00:00
2025-07-01 20:00:00+00:00,12.809,12.925,12.777,12.887,1571070.63,2025-07-01 23:59:59.999000+00:00
2025-07-02 00:00:00+00:00,12.888,12.954,12.716,12.9,1728232.16,2025-07-02 03:59:59.999000+00:00
2025-07-02 04:00:00+00:00,12.901,13.085,12.878,13.03,1922299.94,2025-07-02 07:59:59.999000+00:00
2025-07-02 08:00:00+00:00,13.031,13.178,13.031,13.076,1835019.37,2025-07-02 11:59:59.999000+00:00
2025-07-02 12:00:00+00:00,13.077,13.372,12.99,13.359,3146568.5,2025-07-02 15:59:59.999000+00:00
2025-07-02 16:00:00+00:00,13.359,13.787,13.359,13.768,6863902.55,2025-07-02 19:59:59.999000+00:00
2025-07-02 20:00:00+00:00,13.768,13.852,13.546,13.552,2859157.89,2025-07-02 23:59:59.999000+00:00
2025-07-03 00:00:00+00:00,13.552,13.61,13.437,13.467,2204420.25,2025-07-03 03:59:59.999000+00:00
2025-07-03 04:00:00+00:00,13.467,13.907,13.453,13.877,3302918.7,2025-07-03 07:59:59.999000+00:00
2025-07-03 08:00:00+00:00,13.877,13.964,13.71,13.809,3570996.74,2025-07-03 11:59:59.999000+00:00
2025-07-03 12:00:00+00:00,13.809,14.073,13.563,13.61,7143445.27,2025-07-03 15:59:59.999000+00:00
2025-07-03 16:00:00+00:00,13.61,13.773,13.602,13.697,2093094.66,2025-07-03 19:59:59.999000+00:00
2025-07-03 20:00:00+00:00,13.696,13.789,13.637,13.66,1353120.42,2025-07-03 23:59:59.999000+00:00
2025-07-04 00:00:00+00:00,13.66,13.779,13.555,13.591,1820638.46,2025-07-04 03:59:59.999000+00:00
2025-07-04 04:00:00+00:00,13.591,13.613,13.354,13.365,2412630.79,2025-07-04 07:59:59.999000+00:00
2025-07-04 08:00:00+00:00,13.364,13.463,13.211,13.335,5016550.94,2025-07-04 11:59:59.999000+00:00
2025-07-04 12:00:00+00:00,13.336,13.393,13.047,13.066,4004250.28,2025-07-04 15:59:59.999000+00:00
2025-07-04 16:00:00+00:00,13.065,13.095,12.927,13.008,2808149.61,2025-07-04 19:59:59.999000+00:00
2025-07-04 20:00:00+00:00,13.008,13.237,12.99,13.16,1411856.82,2025-07-04 23:59:59.999000+00:00
2025-07-05 00:00:00+00:00,13.159,13.215,13.06,13.188,1279099.45,2025-07-05 03:59:59.999000+00:00
2025-07-05 04:00:00+00:00,13.188,13.254,13.145,13.182,1252170.81,2025-07-05 07:59:59.999000+00:00
2025-07-05 08:00:00+00:00,13.182,13.252,13.097,13.227,1252326.85,2025-07-05 11:59:59.999000+00:00
2025-07-05 12:00:00+00:00,13.227,13.236,13.106,13.118,1298004.59,2025-07-05 15:59:59.999000+00:00
2025-07-05 16:00:00+00:00,13.118,13.153,12.987,13.106,1402786.91,2025-07-05 19:59:59.999000+00:00
2025-07-05 20:00:00+00:00,13.106,13.264,13.092,13.222,1128236.07,2025-07-05 23:59:59.999000+00:00
2025-07-06 00:00:00+00:00,13.223,13.231,13.145,13.195,729247.91,2025-07-06 03:59:59.999000+00:00
2025-07-06 04:00:00+00:00,13.196,13.249,13.142,13.15,905122.53,2025-07-06 07:59:59.999000+00:00
2025-07-06 08:00:00+00:00,13.149,13.2,13.09,13.199,1031590.13,2025-07-06 11:59:59.999000+00:00
2025-07-06 12:00:00+00:00,13.2,13.496,13.162,13.426,3151402.77,2025-07-06 15:59:59.999000+00:00
2025-07-06 16:00:00+00:00,13.426,13.487,13.28,13.38,1857265.08,2025-07-06 19:59:59.999000+00:00
2025-07-06 20:00:00+00:00,13.38,13.694,13.374,13.477,2337251.56,2025-07-06 23:59:59.999000+00:00
2025-07-07 00:00:00+00:00,13.478,13.667,13.404,13.547,1826581.03,2025-07-07 03:59:59.999000+00:00
2025-07-07 04:00:00+00:00,13.548,13.723,13.487,13.619,4971636.53,2025-07-07 07:59:59.999000+00:00
2025-07-07 08:00:00+00:00,13.618,13.661,13.519,13.569,2146720.35,2025-07-07 11:59:59.999000+00:00
2025-07-07 12:00:00+00:00,13.568,13.677,13.445,13.527,3756618.16,2025-07-07 15:59:59.999000+00:00
2025-07-07 16:00:00+00:00,13.526,13.578,13.304,13.429,3655861.91,2025-07-07 19:59:59.999000+00:00
2025-07-07 20:00:00+00:00,13.429,13.43,13.24,13.426,1955723.75,2025-07-07 23:59:59.999000+00:00
2025-07-08 00:00:00+00:00,13.426,13.465,13.192,13.239,2305567.86,2025-07-08 03:59:59.999000+00:00
2025-07-08 04:00:00+00:00,13.238,13.351,13.191,13.35,1200250.86,2025-07-08 07:59:59.999000+00:00
2025-07-08 08:00:00+00:00,13.35,13.526,13.244,13.496,1786578.34,2025-07-08 11:59:59.999000+00:00
2025-07-08 12:00:00+00:00,13.496,13.667,13.41,13.484,3716736.06,2025-07-08 15:59:59.999000+00:00
2025-07-08 16:00:00+00:00,13.485,13.935,13.446,13.91,4464066.98,2025-07-08 19:59:59.999000+00:00
2025-07-08 20:00:00+00:00,13.91,13.991,13.781,13.964,2303461.05,2025-07-08 23:59:59.999000+00:00
2025-07-09 00:00:00+00:00,13.964,13.981,13.822,13.838,2211878.53,2025-07-09 03:59:59.999000+00:00
2025-07-09 04:00:00+00:00,13.839,14.211,13.806,14.143,4870858.42,2025-07-09 07:59:59.999000+00:00
2025-07-09 08:00:00+00:00,14.144,14.183,13.971,14.027,3100018.41,2025-07-09 11:59:59.999000+00:00
2025-07-09 12:00:00+00:00,14.027,14.178,13.897,14.008,4831161.65,2025-07-09 15:59:59.999000+00:00
2025-07-09 16:00:00+00:00,14.008,14.356,13.922,14.289,5213289.57,2025-07-09 19:59:59.999000+00:00
2025-07-09 20:00:00+00:00,14.288,14.374,14.093,14.243,4122936.98,2025-07-09 23:59:59.999000+00:00
2025-07-10 00:00:00+00:00,14.243,14.378,14.145,14.309,2240381.89,2025-07-10 03:59:59.999000+00:00
2025-07-10 04:00:00+00:00,14.309,14.477,14.222,14.392,4925887.32,2025-07-10 07:59:59.999000+00:00
2025-07-10 08:00:00+00:00,14.391,14.474,14.294,14.321,2032541.51,2025-07-10 11:59:59.999000+00:00
2025-07-10 12:00:00+00:00,14.321,14.396,14.208,14.334,3303810.85,2025-07-10 15:59:59.999000+00:00
2025-07-10 16:00:00+00:00,14.335,14.736,14.318,14.653,5856803.31,2025-07-10 19:59:59.999000+00:00
2025-07-10 20:00:00+00:00,14.652,15.339,14.639,15.24,6742124.64,2025-07-10 23:59:59.999000+00:00
2025-07-11 00:00:00+00:00,15.241,15.432,15.019,15.358,3677530.37,2025-07-11 03:59:59.999000+00:00
2025-07-11 04:00:00+00:00,15.358,15.602,15.225,15.266,4409824.34,2025-07-11 07:59:59.999000+00:00
2025-07-11 08:00:00+00:00,15.267,15.61,15.24,15.443,3813265.45,2025-07-11 11:59:59.999000+00:00
2025-07-11 12:00:00+00:00,15.442,15.878,15.419,15.484,7235224.34,2025-07-11 15:59:59.999000+00:00
2025-07-11 16:00:00+00:00,15.484,15.849,15.415,15.809,4186209.31,2025-07-11 19:59:59.999000+00:00
2025-07-11 20:00:00+00:00,15.809,15.824,15.02,15.287,4510638.1,2025-07-11 23:59:59.999000+00:00
2025-07-12 00:00:00+00:00,15.286,15.48,15.032,15.378,2695117.35,2025-07-12 03:59:59.999000+00:00
2025-07-12 04:00:00+00:00,15.379,15.395,15.106,15.248,2356774.15,2025-07-12 07:59:59.999000+00:00
2025-07-12 08:00:00+00:00,15.247,15.413,15.189,15.262,1790753.94,2025-07-12 11:59:59.999000+00:00
2025-07-12 12:00:00+00:00,15.262,15.301,14.7,14.829,5118058.67,2025-07-12 15:59:59.999000+00:00
2025-07-12 16:00:00+00:00,14.829,15.08,14.758,15.053,1984875.36,2025-07-12 19:59:59.999000+00:00
2025-07-12 20:00:00+00:00,15.054,15.134,14.854,15.101,1213736.73,2025-07-12 23:59:59.999000+00:00
2025-07-13 00:00:00+00:00,15.101,15.205,15.041,15.131,1618801.01,2025-07-13 03:59:59.999000+00:00
2025-07-13 04:00:00+00:00,15.131,15.371,15.092,15.354,1897219.38,2025-07-13 07:59:59.999000+00:00
2025-07-13 08:00:00+00:00,15.355,15.416,15.255,15.41,1450236.33,2025-07-13 11:59:59.999000+00:00
2025-07-13 12:00:00+00:00,15.41,15.95,15.362,15.696,6036895.09,2025-07-13 15:59:59.999000+00:00
2025-07-13 16:00:00+00:00,15.697,15.92,15.542,15.786,2801988.68,2025-07-13 19:59:59.999000+00:00
2025-07-13 20:00:00+00:00,15.785,15.903,15.466,15.649,2760880.9,2025-07-13 23:59:59.999000+00:00
2025-07-14 00:00:00+00:00,15.649,16.276,15.615,16.152,3735470.18,2025-07-14 03:59:59.999000+00:00
2025-07-14 04:00:00+00:00,16.152,16.3,15.924,16.155,3934682.64,2025-07-14 07:59:59.999000+00:00
2025-07-14 08:00:00+00:00,16.155,16.312,15.928,16.239,3942625.03,2025-07-14 11:59:59.999000+00:00
2025-07-14 12:00:00+00:00,16.238,16.47,15.808,15.969,6144602.11,2025-07-14 15:59:59.999000+00:00
2025-07-14 16:00:00+00:00,15.968,16.159,15.685,15.758,3317660.31,2025-07-14 19:59:59.999000+00:00
2025-07-14 20:00:00+00:00,15.758,15.873,15.568,15.753,5112940.7,2025-07-14 23:59:59.999000+00:00
2025-07-15 00:00:00+00:00,15.754,15.887,15.171,15.273,5287965.32,2025-07-15 03:59:59.999000+00:00
2025-07-15 04:00:00+00:00,15.274,15.51,15.141,15.405,2705564.12,2025-07-15 07:59:59.999000+00:00
2025-07-15 08:00:00+00:00,15.406,15.529,15.266,15.368,2185020.46,2025-07-15 11:59:59.999000+00:00
2025-07-15 12:00:00+00:00,15.37,15.719,15.17,15.57,5670967.53,2025-07-15 15:59:59.999000+00:00
2025-07-15 16:00:00+00:00,15.569,16.195,15.563,15.62,6763476.62,2025-07-15 19:59:59.999000+00:00
2025-07-15 20:00:00+00:00,15.618,16.171,15.569,16.106,3126902.33,2025-07-15 23:59:59.999000+00:00
2025-07-16 00:00:00+00:00,16.105,16.221,15.852,15.929,2894521.45,2025-07-16 03:59:59.999000+00:00
2025-07-16 04:00:00+00:00,15.93,16.394,15.824,16.316,2703460.65,2025-07-16 07:59:59.999000+00:00
2025-07-16 08:00:00+00:00,16.315,16.623,16.305,16.401,4727974.29,2025-07-16 11:59:59.999000+00:00
2025-07-16 12:00:00+00:00,16.402,16.842,16.389,16.605,5511140.16,2025-07-16 15:59:59.999000+00:00
2025-07-16 16:00:00+00:00,16.605,17.034,16.572,16.868,5229958.63,2025-07-16 19:59:59.999000+00:00
2025-07-16 20:00:00+00:00,16.869,17.039,16.604,16.671,3927333.96,2025-07-16 23:59:59.999000+00:00
2025-07-17 00:00:00+00:00,16.671,16.856,16.327,16.424,4099705.63,2025-07-17 03:59:59.999000+00:00
2025-07-17 04:00:00+00:00,16.423,17.014,16.364,16.986,4157622.72,2025-07-17 07:59:59.999000+00:00
2025-07-17 08:00:00+00:00,16.988,17.284,16.878,17.087,4956375.63,2025-07-17 11:59:59.999000+00:00
2025-07-17 12:00:00+00:00,17.086,17.316,16.787,17.142,5317486.15,2025-07-17 15:59:59.999000+00:00
2025-07-17 16:00:00+00:00,17.141,17.331,16.768,17.069,5089924.07,2025-07-17 19:59:59.999000+00:00
2025-07-17 20:00:00+00:00,17.068,18.125,16.831,17.997,9336690.55,2025-07-17 23:59:59.999000+00:00
2025-07-18 00:00:00+00:00,17.998,18.768,17.862,18.755,9792630.13,2025-07-18 03:59:59.999000+00:00
2025-07-18 04:00:00+00:00,18.755,19.294,18.51,18.524,6851452.49,2025-07-18 07:59:59.999000+00:00
2025-07-18 08:00:00+00:00,18.524,18.818,18.257,18.361,6049063.71,2025-07-18 11:59:59.999000+00:00
2025-07-18 12:00:00+00:00,18.361,18.72,17.737,17.925,8103955.59,2025-07-18 15:59:59.999000+00:00
2025-07-18 16:00:00+00:00,17.925,18.16,17.65,17.737,4745032.54,2025-07-18 19:59:59.999000+00:00
2025-07-18 20:00:00+00:00,17.737,17.916,17.319,17.828,5143010.67,2025-07-18 23:59:59.999000+00:00
2025-07-19 00:00:00+00:00,17.827,18.234,17.536,18.194,3269854.35,2025-07-19 03:59:59.999000+00:00
2025-07-19 04:00:00+00:00,18.195,18.344,17.927,17.964,2054996.5,2025-07-19 07:59:59.999000+00:00
2025-07-19 08:00:00+00:00,17.964,18.014,17.695,17.719,2238202.48,2025-07-19 11:59:59.999000+00:00
2025-07-19 12:00:00+00:00,17.719,17.96,17.588,17.918,2857543.99,2025-07-19 15:59:59.999000+00:00
2025-07-19 16:00:00+00:00,17.918,18.514,17.853,18.364,4301469.75,2025-07-19 19:59:59.999000+00:00
2025-07-19 20:00:00+00:00,18.364,18.548,18.118,18.391,3083122.94,2025-07-19 23:59:59.999000+00:00
2025-07-20 00:00:00+00:00,18.391,18.829,18.319,18.672,3435187.16,2025-07-20 03:59:59.999000+00:00
2025-07-20 04:00:00+00:00,18.671,18.967,18.505,18.811,3766355.27,2025-07-20 07:59:59.999000+00:00
2025-07-20 08:00:00+00:00,18.812,19.66,18.811,19.398,6765676.63,2025-07-20 11:59:59.999000+00:00
2025-07-20 12:00:00+00:00,19.397,19.975,19.185,19.712,5375939.09,2025-07-20 15:59:59.999000+00:00
2025-07-20 16:00:00+00:00,19.713,19.799,19.203,19.45,5117936.42,2025-07-20 19:59:59.999000+00:00
2025-07-20 20:00:00+00:00,19.45,19.514,18.864,19.284,4620176.18,2025-07-20 23:59:59.999000+00:00
2025-07-21 00:00:00+00:00,19.285,19.593,18.991,19.578,4089549.95,2025-07-21 03:59:59.999000+00:00
2025-07-21 04:00:00+00:00,19.577,19.948,19.389,19.751,4605144.31,2025-07-21 07:59:59.999000+00:00
2025-07-21 08:00:00+00:00,19.75,20.287,19.596,20.06,6310648.44,2025-07-21 11:59:59.999000+00:00
2025-07-21 12:00:00+00:00,20.061,20.253,19.692,19.799,7032457.05,2025-07-21 15:59:59.999000+00:00
2025-07-21 16:00:00+00:00,19.799,19.845,19.183,19.267,5726209.08,2025-07-21 19:59:59.999000+00:00
2025-07-21 20:00:00+00:00,19.264,19.618,19.185,19.502,2689873.89,2025-07-21 23:59:59.999000+00:00
2025-07-22 00:00:00+00:00,19.502,19.998,19.015,19.556,5801668.23,2025-07-22 03:59:59.999000+00:00
2025-07-22 04:00:00+00:00,19.556,19.573,18.846,19.068,6076673.9,2025-07-22 07:59:59.999000+00:00
2025-07-22 08:00:00+00:00,19.068,19.338,18.628,19.225,5626687.05,2025-07-22 11:59:59.999000+00:00
2025-07-22 12:00:00+00:00,19.227,19.483,18.738,19.348,7945676.84,2025-07-22 15:59:59.999000+00:00
2025-07-22 16:00:00+00:00,19.348,19.568,18.968,19.051,4711083.99,2025-07-22 19:59:59.999000+00:00
2025-07-22 20:00:00+00:00,19.053,19.694,19.007,19.669,3048479.89,2025-07-22 23:59:59.999000+00:00
2025-07-23 00:00:00+00:00,19.67,19.775,19.425,19.473,2931979.28,2025-07-23 03:59:59.999000+00:00
2025-07-23 04:00:00+00:00,19.474,19.723,18.991,19.148,3065426.32,2025-07-23 07:59:59.999000+00:00
2025-07-23 08:00:00+00:00,19.149,19.264,18.779,18.917,3158551.98,2025-07-23 11:59:59.999000+00:00
2025-07-23 12:00:00+00:00,18.916,18.945,17.845,18.496,9835466.45,2025-07-23 15:59:59.999000+00:00
2025-07-23 16:00:00+00:00,18.496,18.496,17.68,17.985,5992060.49,2025-07-23 19:59:59.999000+00:00
2025-07-23 20:00:00+00:00,17.984,18.284,17.531,18.173,5896750.62,2025-07-23 23:59:59.999000+00:00
2025-07-24 00:00:00+00:00,18.174,18.457,18.051,18.222,3556500.71,2025-07-24 03:59:59.999000+00:00
2025-07-24 04:00:00+00:00,18.224,18.298,17.149,17.736,7805150.78,2025-07-24 07:59:59.999000+00:00
2025-07-24 08:00:00+00:00,17.735,18.147,17.581,18.07,4906225.81,2025-07-24 11:59:59.999000+00:00
2025-07-24 12:00:00+00:00,18.069,18.679,17.777,18.464,7093302.63,2025-07-24 15:59:59.999000+00:00
2025-07-24 16:00:00+00:00,18.464,18.589,18.088,18.329,4571495.12,2025-07-24 19:59:59.999000+00:00
2025-07-24 20:00:00+00:00,18.33,18.42,17.838,17.904,2909401.21,2025-07-24 23:59:59.999000+00:00
2025-07-25 00:00:00+00:00,17.903,17.908,17.25,17.484,5393443.34,2025-07-25 03:59:59.999000+00:00
2025-07-25 04:00:00+00:00,17.483,17.702,17.287,17.485,4528089.92,2025-07-25 07:59:59.999000+00:00
2025-07-25 08:00:00+00:00,17.485,18.413,17.454,18.309,4844098.18,2025-07-25 11:59:59.999000+00:00
2025-07-25 12:00:00+00:00,18.309,18.488,17.401,17.605,6096395.99,2025-07-25 15:59:59.999000+00:00
2025-07-25 16:00:00+00:00,17.605,17.865,17.444,17.711,3426937.29,2025-07-25 19:59:59.999000+00:00
2025-07-25 20:00:00+00:00,17.712,18.423,17.681,18.284,3287871.6,2025-07-25 23:59:59.999000+00:00
2025-07-26 00:00:00+00:00,18.283,18.461,18.183,18.364,1906292.08,2025-07-26 03:59:59.999000+00:00
2025-07-26 04:00:00+00:00,18.365,18.412,18.204,18.223,1425016.09,2025-07-26 07:59:59.999000+00:00
2025-07-26 08:00:00+00:00,18.224,18.491,18.223,18.257,2287839.81,2025-07-26 11:59:59.999000+00:00
2025-07-26 12:00:00+00:00,18.258,18.454,18.165,18.399,2672691.35,2025-07-26 15:59:59.999000+00:00
2025-07-26 16:00:00+00:00,18.399,18.583,18.214,18.551,2449971.58,2025-07-26 19:59:59.999000+00:00
2025-07-26 20:00:00+00:00,18.55,18.636,18.334,18.402,2769562.64,2025-07-26 23:59:59.999000+00:00
2025-07-27 00:00:00+00:00,18.402,18.769,18.347,18.689,2782543.58,2025-07-27 03:59:59.999000+00:00
2025-07-27 04:00:00+00:00,18.688,19.063,18.655,18.772,2742695.96,2025-07-27 07:59:59.999000+00:00
2025-07-27 08:00:00+00:00,18.772,18.988,18.545,18.746,2975495.08,2025-07-27 11:59:59.999000+00:00
2025-07-27 12:00:00+00:00,18.745,18.944,18.637,18.844,2511159.49,2025-07-27 15:59:59.999000+00:00
2025-07-27 16:00:00+00:00,18.844,19.107,18.834,18.996,3397335.82,2025-07-27 19:59:59.999000+00:00
2025-07-27 20:00:00+00:00,18.995,19.287,18.891,19.228,3069554.31,2025-07-27 23:59:59.999000+00:00
2025-07-28 00:00:00+00:00,19.229,19.424,18.918,19.124,4105328.18,2025-07-28 03:59:59.999000+00:00
2025-07-28 04:00:00+00:00,19.123,19.555,19.032,19.293,3649733.99,2025-07-28 07:59:59.999000+00:00
2025-07-28 08:00:00+00:00,19.293,19.345,18.936,19.081,2911459.11,2025-07-28 11:59:59.999000+00:00
2025-07-28 12:00:00+00:00,19.081,19.12,18.277,18.39,8397671.16,2025-07-28 15:59:59.999000+00:00
2025-07-28 16:00:00+00:00,18.389,18.505,18.086,18.233,6052041.7,2025-07-28 19:59:59.999000+00:00
2025-07-28 20:00:00+00:00,18.232,18.269,17.96,18.115,3566640.87,2025-07-28 23:59:59.999000+00:00
2025-07-29 00:00:00+00:00,18.115,18.304,17.878,18.265,3977174.03,2025-07-29 03:59:59.999000+00:00
2025-07-29 04:00:00+00:00,18.265,18.593,18.104,18.589,3289117.05,2025-07-29 07:59:59.999000+00:00
2025-07-29 08:00:00+00:00,18.589,18.633,18.0,18.134,2878533.91,2025-07-29 11:59:59.999000+00:00
2025-07-29 12:00:00+00:00,18.134,18.342,17.601,17.683,5347120.69,2025-07-29 15:59:59.999000+00:00
2025-07-29 16:00:00+00:00,17.684,17.919,17.468,17.7,4896708.19,2025-07-29 19:59:59.999000+00:00
2025-07-29 20:00:00+00:00,17.699,17.888,17.544,17.823,2417172.95,2025-07-29 23:59:59.999000+00:00
2025-07-30 00:00:00+00:00,17.824,17.95,17.607,17.828,2137548.37,2025-07-30 03:59:59.999000+00:00
2025-07-30 04:00:00+00:00,17.829,17.885,17.612,17.697,1753119.68,2025-07-30 07:59:59.999000+00:00
2025-07-30 08:00:00+00:00,17.698,17.814,17.214,17.301,3705393.26,2025-07-30 11:59:59.999000+00:00
2025-07-30 12:00:00+00:00,17.301,17.709,17.191,17.586,4351316.19,2025-07-30 15:59:59.999000+00:00
2025-07-30 16:00:00+00:00,17.587,17.782,16.749,17.456,5818468.08,2025-07-30 19:59:59.999000+00:00
2025-07-30 20:00:00+00:00,17.456,17.764,17.344,17.698,2885128.17,2025-07-30 23:59:59.999000+00:00
2025-07-31 00:00:00+00:00,17.699,18.079,17.632,18.051,2411870.6,2025-07-31 03:59:59.999000+00:00
2025-07-31 04:00:00+00:00,18.051,18.106,17.925,18.02,1621947.91,2025-07-31 07:59:59.999000+00:00
2025-07-31 08:00:00+00:00,18.02,18.222,17.914,17.969,2167763.86,2025-07-31 11:59:59.999000+00:00
2025-07-31 12:00:00+00:00,17.97,17.998,17.322,17.515,4567114.68,2025-07-31 15:59:59.999000+00:00
2025-07-31 16:00:00+00:00,17.514,17.855,17.19,17.217,3676522.45,2025-07-31 19:59:59.999000+00:00
2025-07-31 20:00:00+00:00,17.218,17.28,16.839,16.921,3424664.21,2025-07-31 23:59:59.999000+00:00
2025-08-01 00:00:00+00:00,16.922,17.024,16.437,16.86,6245095.66,2025-08-01 03:59:59.999000+00:00
2025-08-01 04:00:00+00:00,16.859,16.859,16.487,16.624,3850905.53,2025-08-01 07:59:59.999000+00:00
2025-08-01 08:00:00+00:00,16.623,16.623,16.279,16.602,4388074.97,2025-08-01 11:59:59.999000+00:00
2025-08-01 12:00:00+00:00,16.601,16.794,16.15,16.625,6909345.27,2025-08-01 15:59:59.999000+00:00
2025-08-01 16:00:00+00:00,16.625,16.746,16.145,16.376,5304373.45,2025-08-01 19:59:59.999000+00:00
2025-08-01 20:00:00+00:00,16.375,16.432,15.656,16.06,6074011.8,2025-08-01 23:59:59.999000+00:00
2025-08-02 00:00:00+00:00,16.061,16.243,16.026,16.195,2485773.87,2025-08-02 03:59:59.999000+00:00
2025-08-02 04:00:00+00:00,16.195,16.245,15.771,16.131,2346260.89,2025-08-02 07:59:59.999000+00:00
2025-08-02 08:00:00+00:00,16.132,16.166,15.825,16.018,2115761.26,2025-08-02 11:59:59.999000+00:00
2025-08-02 12:00:00+00:00,16.018,16.091,15.723,15.777,2337896.08,2025-08-02 15:59:59.999000+00:00
2025-08-02 16:00:00+00:00,15.777,15.918,15.428,15.578,4739228.25,2025-08-02 19:59:59.999000+00:00
2025-08-02 20:00:00+00:00,15.579,15.798,15.508,15.635,2119912.62,2025-08-02 23:59:59.999000+00:00
2025-08-03 00:00:00+00:00,15.635,15.921,15.432,15.889,2194208.96,2025-08-03 03:59:59.999000+00:00
2025-08-03 04:00:00+00:00,15.889,16.02,15.814,16.006,1522223.05,2025-08-03 07:59:59.999000+00:00
2025-08-03 08:00:00+00:00,16.005,16.231,15.99,16.151,1854866.48,2025-08-03 11:59:59.999000+00:00
2025-08-03 12:00:00+00:00,16.151,16.231,16.075,16.23,2060611.96,2025-08-03 15:59:59.999000+00:00
2025-08-03 16:00:00+00:00,16.23,16.333,16.177,16.261,1773833.37,2025-08-03 19:59:59.999000+00:00
2025-08-03 20:00:00+00:00,16.262,16.392,16.192,16.288,1516567.14,2025-08-03 23:59:59.999000+00:00
2025-08-04 00:00:00+00:00,16.288,16.648,16.262,16.571,2333974.46,2025-08-04 03:59:59.999000+00:00
2025-08-04 04:00:00+00:00,16.572,16.658,16.427,16.62,1780989.06,2025-08-04 07:59:59.999000+00:00
2025-08-04 08:00:00+00:00,16.62,16.73,16.544,16.581,1831702.73,2025-08-04 11:59:59.999000+00:00
2025-08-04 12:00:00+00:00,16.58,16.946,16.532,16.913,4902087.08,2025-08-04 15:59:59.999000+00:00
2025-08-04 16:00:00+00:00,16.912,17.192,16.805,16.841,3087051.53,2025-08-04 19:59:59.999000+00:00
2025-08-04 20:00:00+00:00,16.842,17.165,16.817,17.107,1783342.9,2025-08-04 23:59:59.999000+00:00
2025-08-05 00:00:00+00:00,17.106,17.116,16.763,16.782,1827342.22,2025-08-05 03:59:59.999000+00:00
2025-08-05 04:00:00+00:00,16.782,16.899,16.435,16.495,2779715.58,2025-08-05 07:59:59.999000+00:00
2025-08-05 08:00:00+00:00,16.494,16.97,16.448,16.864,2726380.31,2025-08-05 11:59:59.999000+00:00
2025-08-05 12:00:00+00:00,16.865,16.895,16.191,16.255,5650613.74,2025-08-05 15:59:59.999000+00:00
2025-08-05 16:00:00+00:00,16.255,16.434,16.204,16.261,2054625.52,2025-08-05 19:59:59.999000+00:00
2025-08-05 20:00:00+00:00,16.262,16.422,16.069,16.374,1545134.71,2025-08-05 23:59:59.999000+00:00
2025-08-06 00:00:00+00:00,16.375,16.38,16.045,16.091,1777487.04,2025-08-06 03:59:59.999000+00:00
2025-08-06 04:00:00+00:00,16.091,16.52,16.023,16.507,2311031.2,2025-08-06 07:59:59.999000+00:00
2025-08-06 08:00:00+00:00,16.507,16.526,16.316,16.39,2006525.45,2025-08-06 11:59:59.999000+00:00
2025-08-06 12:00:00+00:00,16.389,16.798,16.233,16.766,3647311.24,2025-08-06 15:59:59.999000+00:00
2025-08-06 16:00:00+00:00,16.768,16.898,16.602,16.784,2005906.1,2025-08-06 19:59:59.999000+00:00
2025-08-06 20:00:00+00:00,16.784,16.791,16.661,16.666,1240678.33,2025-08-06 23:59:59.999000+00:00
2025-08-07 00:00:00+00:00,16.666,16.807,16.575,16.597,1734802.6,2025-08-07 03:59:59.999000+00:00
2025-08-07 04:00:00+00:00,16.596,16.833,16.587,16.823,1956428.76,2025-08-07 07:59:59.999000+00:00
2025-08-07 08:00:00+00:00,16.823,17.41,16.803,17.34,5448022.0,2025-08-07 11:59:59.999000+00:00
2025-08-07 12:00:00+00:00,17.34,18.086,17.299,17.831,11399686.71,2025-08-07 15:59:59.999000+00:00
2025-08-07 16:00:00+00:00,17.832,18.288,17.603,18.286,7469623.01,2025-08-07 19:59:59.999000+00:00
2025-08-07 20:00:00+00:00,18.285,18.495,18.165,18.46,4303007.22,2025-08-07 23:59:59.999000+00:00
2025-08-08 00:00:00+00:00,18.461,19.203,18.082,19.197,13513471.84,2025-08-08 03:59:59.999000+00:00
2025-08-08 04:00:00+00:00,19.196,19.416,18.762,19.323,6107968.92,2025-08-08 07:59:59.999000+00:00
2025-08-08 08:00:00+00:00,19.323,19.514,19.15,19.487,4767229.61,2025-08-08 11:59:59.999000+00:00
2025-08-08 12:00:00+00:00,19.487,19.925,19.069,19.202,9732466.11,2025-08-08 15:59:59.999000+00:00
2025-08-08 16:00:00+00:00,19.203,19.743,19.076,19.743,6093078.0,2025-08-08 19:59:59.999000+00:00
2025-08-08 20:00:00+00:00,19.743,19.968,19.527,19.887,3555357.89,2025-08-08 23:59:59.999000+00:00
2025-08-09 00:00:00+00:00,19.887,20.938,19.782,20.866,9376455.94,2025-08-09 03:59:59.999000+00:00
2025-08-09 04:00:00+00:00,20.866,21.466,20.672,20.8,9743111.85,2025-08-09 07:59:59.999000+00:00
2025-08-09 08:00:00+00:00,20.799,21.176,20.701,20.883,5378740.76,2025-08-09 11:59:59.999000+00:00
2025-08-09 12:00:00+00:00,20.882,21.426,20.833,21.066,7870580.42,2025-08-09 15:59:59.999000+00:00
2025-08-09 16:00:00+00:00,21.065,21.451,21.063,21.221,3732062.08,2025-08-09 19:59:59.999000+00:00
2025-08-09 20:00:00+00:00,21.22,21.991,21.129,21.939,6778308.98,2025-08-09 23:59:59.999000+00:00
2025-08-10 00:00:00+00:00,21.939,22.204,21.24,21.486,7457016.76,2025-08-10 03:59:59.999000+00:00
2025-08-10 04:00:00+00:00,21.486,22.699,21.381,21.891,11188641.14,2025-08-10 07:59:59.999000+00:00
2025-08-10 08:00:00+00:00,21.889,22.296,21.525,21.568,6756871.78,2025-08-10 11:59:59.999000+00:00
2025-08-10 12:00:00+00:00,21.568,22.535,21.155,22.483,9008859.09,2025-08-10 15:59:59.999000+00:00
2025-08-10 16:00:00+00:00,22.484,22.678,22.023,22.128,5512707.16,2025-08-10 19:59:59.999000+00:00
2025-08-10 20:00:00+00:00,22.128,22.22,21.781,22.059,4470290.85,2025-08-10 23:59:59.999000+00:00
2025-08-11 00:00:00+00:00,22.06,22.426,21.8,22.313,6151392.92,2025-08-11 03:59:59.999000+00:00
2025-08-11 04:00:00+00:00,22.314,22.598,21.879,21.942,5229058.09,2025-08-11 07:59:59.999000+00:00
2025-08-11 08:00:00+00:00,21.942,22.066,21.2,21.28,6719967.2,2025-08-11 11:59:59.999000+00:00
2025-08-11 12:00:00+00:00,21.28,22.076,21.183,21.959,9068684.23,2025-08-11 15:59:59.999000+00:00
2025-08-11 16:00:00+00:00,21.96,22.255,21.236,21.377,5817634.35,2025-08-11 19:59:59.999000+00:00
2025-08-11 20:00:00+00:00,21.377,21.429,20.835,21.062,4887869.89,2025-08-11 23:59:59.999000+00:00
2025-08-12 00:00:00+00:00,21.062,21.724,21.038,21.449,4361253.36,2025-08-12 03:59:59.999000+00:00
2025-08-12 04:00:00+00:00,21.45,21.732,21.326,21.48,3536759.1,2025-08-12 07:59:59.999000+00:00
2025-08-12 08:00:00+00:00,21.481,21.655,20.995,21.29,5033192.83,2025-08-12 11:59:59.999000+00:00
2025-08-12 12:00:00+00:00,21.289,24.097,21.278,24.007,21638350.36,2025-08-12 15:59:59.999000+00:00
2025-08-12 16:00:00+00:00,24.007,24.191,23.154,23.408,9193406.75,2025-08-12 19:59:59.999000+00:00
2025-08-12 20:00:00+00:00,23.408,23.685,23.11,23.592,6780619.84,2025-08-12 23:59:59.999000+00:00
2025-08-13 00:00:00+00:00,23.591,24.565,23.29,24.523,10208023.78,2025-08-13 03:59:59.999000+00:00
2025-08-13 04:00:00+00:00,24.522,24.719,23.228,23.402,9615679.68,2025-08-13 07:59:59.999000+00:00
2025-08-13 08:00:00+00:00,23.402,24.365,23.325,24.171,9825364.2,2025-08-13 11:59:59.999000+00:00
2025-08-13 12:00:00+00:00,24.17,24.212,23.35,23.608,9661357.02,2025-08-13 15:59:59.999000+00:00
2025-08-13 16:00:00+00:00,23.61,23.931,23.485,23.76,5487003.35,2025-08-13 19:59:59.999000+00:00
2025-08-13 20:00:00+00:00,23.76,24.162,23.595,23.966,4442802.29,2025-08-13 23:59:59.999000+00:00
2025-08-14 00:00:00+00:00,23.966,24.32,23.771,24.255,6426025.29,2025-08-14 03:59:59.999000+00:00
2025-08-14 04:00:00+00:00,24.255,24.282,23.413,23.535,6921717.85,2025-08-14 07:59:59.999000+00:00
2025-08-14 08:00:00+00:00,23.535,23.813,23.209,23.348,5767997.86,2025-08-14 11:59:59.999000+00:00
2025-08-14 12:00:00+00:00,23.349,23.57,21.442,22.758,19415607.43,2025-08-14 15:59:59.999000+00:00
2025-08-14 16:00:00+00:00,22.758,22.787,22.088,22.394,5892287.45,2025-08-14 19:59:59.999000+00:00
2025-08-14 20:00:00+00:00,22.395,22.558,21.838,22.447,4523640.12,2025-08-14 23:59:59.999000+00:00
2025-08-15 00:00:00+00:00,22.447,22.85,22.164,22.788,3690716.89,2025-08-15 03:59:59.999000+00:00
2025-08-15 04:00:00+00:00,22.789,23.034,22.427,22.571,3815941.07,2025-08-15 07:59:59.999000+00:00
2025-08-15 08:00:00+00:00,22.572,22.663,22.134,22.182,3544453.3,2025-08-15 11:59:59.999000+00:00
2025-08-15 12:00:00+00:00,22.181,22.626,21.411,21.584,10119588.54,2025-08-15 15:59:59.999000+00:00
2025-08-15 16:00:00+00:00,21.584,21.878,21.358,21.448,4703198.66,2025-08-15 19:59:59.999000+00:00
2025-08-15 20:00:00+00:00,21.448,22.017,21.356,21.737,2964164.51,2025-08-15 23:59:59.999000+00:00
2025-08-16 00:00:00+00:00,21.736,22.129,21.67,21.799,2198782.28,2025-08-16 03:59:59.999000+00:00
2025-08-16 04:00:00+00:00,21.799,22.141,21.501,22.048,2793758.51,2025-08-16 07:59:59.999000+00:00
2025-08-16 08:00:00+00:00,22.049,22.165,21.426,21.442,3493574.69,2025-08-16 11:59:59.999000+00:00
2025-08-16 12:00:00+00:00,21.443,22.124,21.39,21.999,4269024.11,2025-08-16 15:59:59.999000+00:00
2025-08-16 16:00:00+00:00,21.998,22.877,21.931,22.68,4761572.38,2025-08-16 19:59:59.999000+00:00
2025-08-16 20:00:00+00:00,22.68,22.958,22.542,22.627,2866176.94,2025-08-16 23:59:59.999000+00:00
2025-08-17 00:00:00+00:00,22.628,23.408,22.358,23.376,4396508.1,2025-08-17 03:59:59.999000+00:00
2025-08-17 04:00:00+00:00,23.376,24.554,23.355,24.286,11502802.94,2025-08-17 07:59:59.999000+00:00
2025-08-17 08:00:00+00:00,24.286,24.83,24.172,24.687,7920020.12,2025-08-17 11:59:59.999000+00:00
2025-08-17 12:00:00+00:00,24.687,26.302,24.429,26.29,15156012.4,2025-08-17 15:59:59.999000+00:00
2025-08-17 16:00:00+00:00,26.29,26.338,25.122,25.458,14039359.09,2025-08-17 19:59:59.999000+00:00
2025-08-17 20:00:00+00:00,25.458,25.932,25.41,25.639,6163677.24,2025-08-17 23:59:59.999000+00:00
2025-08-18 00:00:00+00:00,25.638,26.201,24.508,25.082,23124709.63,2025-08-18 03:59:59.999000+00:00
2025-08-18 04:00:00+00:00,25.081,25.109,24.277,24.691,11280360.48,2025-08-18 07:59:59.999000+00:00
2025-08-18 08:00:00+00:00,24.691,25.288,24.368,24.533,10247611.42,2025-08-18 11:59:59.999000+00:00
2025-08-18 12:00:00+00:00,24.532,25.927,24.462,25.357,18492118.53,2025-08-18 15:59:59.999000+00:00
2025-08-18 16:00:00+00:00,25.36,25.933,24.785,25.51,10152994.74,2025-08-18 19:59:59.999000+00:00
2025-08-18 20:00:00+00:00,25.509,26.72,25.109,25.765,11585436.27,2025-08-18 23:59:59.999000+00:00
2025-08-19 00:00:00+00:00,25.766,25.802,24.075,24.19,12395706.06,2025-08-19 03:59:59.999000+00:00
2025-08-19 04:00:00+00:00,24.189,24.632,23.888,24.284,11065725.07,2025-08-19 07:59:59.999000+00:00
2025-08-19 08:00:00+00:00,24.284,24.9,24.063,24.68,9153673.13,2025-08-19 11:59:59.999000+00:00
2025-08-19 12:00:00+00:00,24.68,24.938,23.854,24.274,14049177.51,2025-08-19 15:59:59.999000+00:00
2025-08-19 16:00:00+00:00,24.272,24.513,23.432,23.861,11185736.04,2025-08-19 19:59:59.999000+00:00
2025-08-19 20:00:00+00:00,23.86,24.052,23.459,23.553,5377398.01,2025-08-19 23:59:59.999000+00:00
2025-08-20 00:00:00+00:00,23.553,24.404,23.362,23.99,8620192.74,2025-08-20 03:59:59.999000+00:00
2025-08-20 04:00:00+00:00,23.989,24.836,23.974,24.416,7646437.51,2025-08-20 07:59:59.999000+00:00
2025-08-20 08:00:00+00:00,24.417,25.23,24.336,24.949,11278860.48,2025-08-20 11:59:59.999000+00:00
2025-08-20 12:00:00+00:00,24.949,26.459,24.574,25.942,23308323.58,2025-08-20 15:59:59.999000+00:00
2025-08-20 16:00:00+00:00,25.942,26.359,25.441,26.145,12292416.85,2025-08-20 19:59:59.999000+00:00
2025-08-20 20:00:00+00:00,26.143,26.885,26.021,26.446,9563312.32,2025-08-20 23:59:59.999000+00:00
2025-08-21 00:00:00+00:00,26.446,26.591,25.768,25.794,9604221.36,2025-08-21 03:59:59.999000+00:00
2025-08-21 04:00:00+00:00,25.795,25.86,25.472,25.697,6883088.4,2025-08-21 07:59:59.999000+00:00
2025-08-21 08:00:00+00:00,25.698,26.365,25.602,26.095,9837610.31,2025-08-21 11:59:59.999000+00:00
2025-08-21 12:00:00+00:00,26.095,26.222,24.956,25.072,15015980.15,2025-08-21 15:59:59.999000+00:00
2025-08-21 16:00:00+00:00,25.072,25.242,24.69,24.921,8874312.29,2025-08-21 19:59:59.999000+00:00
2025-08-21 20:00:00+00:00,24.921,25.136,24.628,24.804,3986260.84,2025-08-21 23:59:59.999000+00:00
2025-08-22 00:00:00+00:00,24.803,25.216,24.511,24.664,6268239.95,2025-08-22 03:59:59.999000+00:00
2025-08-22 04:00:00+00:00,24.662,25.191,24.615,25.026,5234867.52,2025-08-22 07:59:59.999000+00:00
2025-08-22 08:00:00+00:00,25.027,25.279,24.217,24.295,7471233.4,2025-08-22 11:59:59.999000+00:00
2025-08-22 12:00:00+00:00,24.295,26.759,24.113,26.451,25823147.68,2025-08-22 15:59:59.999000+00:00
2025-08-22 16:00:00+00:00,26.451,27.863,26.439,27.174,16691379.28,2025-08-22 19:59:59.999000+00:00
2025-08-22 20:00:00+00:00,27.174,27.335,26.628,26.8,5704302.06,2025-08-22 23:59:59.999000+00:00
2025-08-23 00:00:00+00:00,26.799,26.834,25.86,25.957,7360695.57,2025-08-23 03:59:59.999000+00:00
2025-08-23 04:00:00+00:00,25.958,26.234,25.722,25.87,5890998.7,2025-08-23 07:59:59.999000+00:00
2025-08-23 08:00:00+00:00,25.869,26.011,25.574,25.646,5167036.28,2025-08-23 11:59:59.999000+00:00
2025-08-23 12:00:00+00:00,25.647,26.19,25.517,25.989,7656231.6,2025-08-23 15:59:59.999000+00:00
2025-08-23 16:00:00+00:00,25.989,26.196,25.82,26.116,3341226.48,2025-08-23 19:59:59.999000+00:00
2025-08-23 20:00:00+00:00,26.116,26.362,25.978,26.276,3167780.06,2025-08-23 23:59:59.999000+00:00
2025-08-24 00:00:00+00:00,26.276,26.324,25.7,25.914,4728969.67,2025-08-24 03:59:59.999000+00:00
2025-08-24 04:00:00+00:00,25.913,25.962,25.553,25.599,4066877.68,2025-08-24 07:59:59.999000+00:00
2025-08-24 08:00:00+00:00,25.6,25.757,25.27,25.473,4932177.67,2025-08-24 11:59:59.999000+00:00
2025-08-24 12:00:00+00:00,25.473,25.866,25.452,25.555,5248285.54,2025-08-24 15:59:59.999000+00:00
2025-08-24 16:00:00+00:00,25.555,26.609,25.223,26.08,14240105.58,2025-08-24 19:59:59.999000+00:00
2025-08-24 20:00:00+00:00,26.079,26.249,25.394,25.817,7188631.52,2025-08-24 23:59:59.999000+00:00
2025-08-25 00:00:00+00:00,25.817,26.471,25.32,25.937,6905766.88,2025-08-25 03:59:59.999000+00:00
2025-08-25 04:00:00+00:00,25.937,26.42,24.801,24.974,9117814.48,2025-08-25 07:59:59.999000+00:00
2025-08-25 08:00:00+00:00,24.973,25.167,24.32,24.584,8444522.96,2025-08-25 11:59:59.999000+00:00
2025-08-25 12:00:00+00:00,24.58,24.677,24.217,24.399,6827441.05,2025-08-25 15:59:59.999000+00:00
2025-08-25 16:00:00+00:00,24.4,24.793,23.628,23.657,8399022.96,2025-08-25 19:59:59.999000+00:00
2025-08-25 20:00:00+00:00,23.658,23.836,23.074,23.373,10468085.94,2025-08-25 23:59:59.999000+00:00
2025-08-26 00:00:00+00:00,23.374,23.619,23.056,23.151,5785041.62,2025-08-26 03:59:59.999000+00:00
2025-08-26 04:00:00+00:00,23.151,23.479,22.865,23.133,4908806.85,2025-08-26 07:59:59.999000+00:00
2025-08-26 08:00:00+00:00,23.133,23.742,22.885,23.534,7436074.28,2025-08-26 11:59:59.999000+00:00
2025-08-26 12:00:00+00:00,23.535,24.513,23.377,24.155,12026404.86,2025-08-26 15:59:59.999000+00:00
2025-08-26 16:00:00+00:00,24.155,24.449,23.935,24.338,4473431.8,2025-08-26 19:59:59.999000+00:00
2025-08-26 20:00:00+00:00,24.336,24.738,24.193,24.369,4917459.42,2025-08-26 23:59:59.999000+00:00
2025-08-27 00:00:00+00:00,24.369,24.529,24.0,24.332,4021359.91,2025-08-27 03:59:59.999000+00:00
2025-08-27 04:00:00+00:00,24.331,24.68,23.989,24.15,4436637.25,2025-08-27 07:59:59.999000+00:00
2025-08-27 08:00:00+00:00,24.15,24.653,23.958,24.35,5009734.59,2025-08-27 11:59:59.999000+00:00
2025-08-27 12:00:00+00:00,24.349,24.661,24.056,24.284,6701411.13,2025-08-27 15:59:59.999000+00:00
2025-08-27 16:00:00+00:00,24.284,24.582,24.022,24.171,4110988.67,2025-08-27 19:59:59.999000+00:00
2025-08-27 20:00:00+00:00,24.171,24.485,23.571,23.773,8732743.54,2025-08-27 23:59:59.999000+00:00
2025-08-28 00:00:00+00:00,23.773,23.943,23.558,23.905,3602555.64,2025-08-28 03:59:59.999000+00:00
2025-08-28 04:00:00+00:00,23.905,24.366,23.805,24.213,3960599.94,2025-08-28 07:59:59.999000+00:00
2025-08-28 08:00:00+00:00,24.213,24.46,23.586,23.878,5203809.88,2025-08-28 11:59:59.999000+00:00
2025-08-28 12:00:00+00:00,23.877,26.032,23.781,24.775,32887633.15,2025-08-28 15:59:59.999000+00:00
2025-08-28 16:00:00+00:00,24.775,25.262,24.46,24.479,8484928.32,2025-08-28 19:59:59.999000+00:00
2025-08-28 20:00:00+00:00,24.479,25.398,24.404,25.171,5312630.68,2025-08-28 23:59:59.999000+00:00
2025-08-29 00:00:00+00:00,25.17,25.22,24.104,24.211,7399472.73,2025-08-29 03:59:59.999000+00:00
2025-08-29 04:00:00+00:00,24.211,24.267,23.294,23.529,8173009.14,2025-08-29 07:59:59.999000+00:00
2025-08-29 08:00:00+00:00,23.529,23.573,23.221,23.423,6115432.87,2025-08-29 11:59:59.999000+00:00
2025-08-29 12:00:00+00:00,23.423,24.11,23.101,23.433,11073220.25,2025-08-29 15:59:59.999000+00:00
2025-08-29 16:00:00+00:00,23.434,23.592,23.106,23.34,4314714.23,2025-08-29 19:59:59.999000+00:00
2025-08-29 20:00:00+00:00,23.339,23.495,23.114,23.413,3071172.88,2025-08-29 23:59:59.999000+00:00
2025-08-30 00:00:00+00:00,23.414,23.505,22.814,23.233,4961444.62,2025-08-30 03:59:59.999000+00:00
2025-08-30 04:00:00+00:00,23.233,23.513,23.161,23.355,2919768.14,2025-08-30 07:59:59.999000+00:00
2025-08-30 08:00:00+00:00,23.355,23.49,23.19,23.38,2502982.33,2025-08-30 11:59:59.999000+00:00
2025-08-30 12:00:00+00:00,23.381,23.435,22.947,23.4,3558831.78,2025-08-30 15:59:59.999000+00:00
2025-08-30 16:00:00+00:00,23.399,23.445,23.264,23.35,1591922.91,2025-08-30 19:59:59.999000+00:00
2025-08-30 20:00:00+00:00,23.35,23.497,23.255,23.493,1158125.76,2025-08-30 23:59:59.999000+00:00
2025-08-31 00:00:00+00:00,23.494,23.89,23.403,23.867,3346492.7,2025-08-31 03:59:59.999000+00:00
2025-08-31 04:00:00+00:00,23.867,23.94,23.637,23.712,2414613.12,2025-08-31 07:59:59.999000+00:00
2025-08-31 08:00:00+00:00,23.711,23.881,23.546,23.799,2260621.36,2025-08-31 11:59:59.999000+00:00
2025-08-31 12:00:00+00:00,23.799,24.057,23.588,23.77,3972168.28,2025-08-31 15:59:59.999000+00:00
2025-08-31 16:00:00+00:00,23.771,23.86,23.59,23.64,1744236.31,2025-08-31 19:59:59.999000+00:00
2025-08-31 20:00:00+00:00,23.639,23.727,23.175,23.195,3984102.93,2025-08-31 23:59:59.999000+00:00
2025-09-01 00:00:00+00:00,23.194,23.359,22.918,23.041,5280245.42,2025-09-01 03:59:59.999000+00:00
2025-09-01 04:00:00+00:00,23.041,23.632,22.704,23.589,6185761.33,2025-09-01 07:59:59.999000+00:00
2025-09-01 08:00:00+00:00,23.589,23.854,23.152,23.215,5634488.31,2025-09-01 11:59:59.999000+00:00
2025-09-01 12:00:00+00:00,23.215,23.348,22.718,22.782,4748777.47,2025-09-01 15:59:59.999000+00:00
2025-09-01 16:00:00+00:00,22.782,22.838,22.531,22.82,3674325.55,2025-09-01 19:59:59.999000+00:00
2025-09-01 20:00:00+00:00,22.821,22.826,22.074,22.505,6386323.21,2025-09-01 23:59:59.999000+00:00
2025-09-02 00:00:00+00:00,22.506,23.22,22.336,23.13,5049839.02,2025-09-02 03:59:59.999000+00:00
2025-09-02 04:00:00+00:00,23.129,23.509,23.081,23.225,3704813.68,2025-09-02 07:59:59.999000+00:00
2025-09-02 08:00:00+00:00,23.226,23.445,23.068,23.1,2947984.3,2025-09-02 11:59:59.999000+00:00
2025-09-02 12:00:00+00:00,23.101,23.544,22.64,22.844,9826156.25,2025-09-02 15:59:59.999000+00:00
2025-09-02 16:00:00+00:00,22.842,23.154,22.791,23.059,3645671.9,2025-09-02 19:59:59.999000+00:00
2025-09-02 20:00:00+00:00,23.058,23.595,23.009,23.49,3142991.57,2025-09-02 23:59:59.999000+00:00
2025-09-03 00:00:00+00:00,23.49,23.613,23.215,23.411,2980574.61,2025-09-03 03:59:59.999000+00:00
2025-09-03 04:00:00+00:00,23.412,23.494,23.209,23.279,2227337.85,2025-09-03 07:59:59.999000+00:00
2025-09-03 08:00:00+00:00,23.278,23.608,23.22,23.484,2857787.46,2025-09-03 11:59:59.999000+00:00
2025-09-03 12:00:00+00:00,23.485,23.825,23.364,23.803,4988526.31,2025-09-03 15:59:59.999000+00:00
2025-09-03 16:00:00+00:00,23.803,23.9,23.601,23.836,2850499.55,2025-09-03 19:59:59.999000+00:00
2025-09-03 20:00:00+00:00,23.836,23.844,23.657,23.686,1379361.84,2025-09-03 23:59:59.999000+00:00
2025-09-04 00:00:00+00:00,23.687,23.955,23.484,23.527,3078567.89,2025-09-04 03:59:59.999000+00:00
2025-09-04 04:00:00+00:00,23.528,23.562,23.125,23.262,3370187.91,2025-09-04 07:59:59.999000+00:00
2025-09-04 08:00:00+00:00,23.261,23.419,23.172,23.274,2339689.13,2025-09-04 11:59:59.999000+00:00
2025-09-04 12:00:00+00:00,23.275,23.384,22.45,22.466,6359164.18,2025-09-04 15:59:59.999000+00:00
2025-09-04 16:00:00+00:00,22.467,22.544,22.177,22.249,3960466.97,2025-09-04 19:59:59.999000+00:00
2025-09-04 20:00:00+00:00,22.25,22.617,22.219,22.301,3245158.32,2025-09-04 23:59:59.999000+00:00
2025-09-05 00:00:00+00:00,22.3,22.49,22.248,22.481,2665318.79,2025-09-05 03:59:59.999000+00:00
2025-09-05 04:00:00+00:00,22.481,23.093,22.385,23.061,4244842.74,2025-09-05 07:59:59.999000+00:00
2025-09-05 08:00:00+00:00,23.062,23.068,22.659,22.819,4084534.71,2025-09-05 11:59:59.999000+00:00
2025-09-05 12:00:00+00:00,22.82,23.235,22.083,22.222,13907802.57,2025-09-05 15:59:59.999000+00:00
2025-09-05 16:00:00+00:00,22.221,22.471,22.03,22.467,4094685.22,2025-09-05 19:59:59.999000+00:00
2025-09-05 20:00:00+00:00,22.466,22.546,22.209,22.284,3098512.38,2025-09-05 23:59:59.999000+00:00
2025-09-06 00:00:00+00:00,22.284,22.51,22.247,22.401,1589456.26,2025-09-06 03:59:59.999000+00:00
2025-09-06 04:00:00+00:00,22.401,22.404,22.128,22.209,1712132.26,2025-09-06 07:59:59.999000+00:00
2025-09-06 08:00:00+00:00,22.21,22.28,22.064,22.268,1896718.06,2025-09-06 11:59:59.999000+00:00
2025-09-06 12:00:00+00:00,22.269,22.327,22.034,22.057,2188067.59,2025-09-06 15:59:59.999000+00:00
2025-09-06 16:00:00+00:00,22.057,22.29,21.855,21.893,2939748.15,2025-09-06 19:59:59.999000+00:00
2025-09-06 20:00:00+00:00,21.892,22.292,21.877,22.191,2274555.65,2025-09-06 23:59:59.999000+00:00
2025-09-07 00:00:00+00:00,22.192,22.439,22.175,22.369,2214557.71,2025-09-07 03:59:59.999000+00:00
2025-09-07 04:00:00+00:00,22.369,22.466,22.244,22.294,1771920.71,2025-09-07 07:59:59.999000+00:00
2025-09-07 08:00:00+00:00,22.294,22.459,22.124,22.363,3196330.23,2025-09-07 11:59:59.999000+00:00
2025-09-07 12:00:00+00:00,22.363,22.464,22.214,22.398,2561474.89,2025-09-07 15:59:59.999000+00:00
2025-09-07 16:00:00+00:00,22.398,22.4,22.108,22.201,1672323.41,2025-09-07 19:59:59.999000+00:00
2025-09-07 20:00:00+00:00,22.201,22.607,22.157,22.452,2262619.54,2025-09-07 23:59:59.999000+00:00
2025-09-08 00:00:00+00:00,22.452,22.791,22.224,22.59,3380885.16,2025-09-08 03:59:59.999000+00:00
2025-09-08 04:00:00+00:00,22.59,22.62,22.322,22.394,2550790.77,2025-09-08 07:59:59.999000+00:00
2025-09-08 08:00:00+00:00,22.395,23.192,22.351,22.984,7720627.2,2025-09-08 11:59:59.999000+00:00
2025-09-08 12:00:00+00:00,22.983,23.29,22.888,23.205,5053118.65,2025-09-08 15:59:59.999000+00:00
2025-09-08 16:00:00+00:00,23.204,23.295,22.898,22.986,3036521.78,2025-09-08 19:59:59.999000+00:00
2025-09-08 20:00:00+00:00,22.986,23.186,22.838,23.035,2375512.62,2025-09-08 23:59:59.999000+00:00
2025-09-09 00:00:00+00:00,23.034,23.299,22.846,23.177,4602518.35,2025-09-09 03:59:59.999000+00:00
2025-09-09 04:00:00+00:00,23.177,23.773,23.075,23.673,6205119.99,2025-09-09 07:59:59.999000+00:00
2025-09-09 08:00:00+00:00,23.674,23.822,23.512,23.526,3606447.01,2025-09-09 11:59:59.999000+00:00
2025-09-09 12:00:00+00:00,23.526,23.754,22.822,22.922,9027289.13,2025-09-09 15:59:59.999000+00:00
2025-09-09 16:00:00+00:00,22.923,23.095,22.841,23.059,2646555.73,2025-09-09 19:59:59.999000+00:00
2025-09-09 20:00:00+00:00,23.058,23.187,22.943,23.041,2133656.29,2025-09-09 23:59:59.999000+00:00
2025-09-10 00:00:00+00:00,23.04,23.41,22.873,23.379,3536878.71,2025-09-10 03:59:59.999000+00:00
2025-09-10 04:00:00+00:00,23.381,23.656,23.134,23.439,3908066.08,2025-09-10 07:59:59.999000+00:00
2025-09-10 08:00:00+00:00,23.44,23.519,23.275,23.349,2290586.94,2025-09-10 11:59:59.999000+00:00
2025-09-10 12:00:00+00:00,23.35,23.929,23.336,23.666,6772475.45,2025-09-10 15:59:59.999000+00:00
2025-09-10 16:00:00+00:00,23.665,23.687,23.19,23.309,3676550.7,2025-09-10 19:59:59.999000+00:00
2025-09-10 20:00:00+00:00,23.308,23.61,23.291,23.566,1692750.98,2025-09-10 23:59:59.999000+00:00
2025-09-11 00:00:00+00:00,23.566,23.836,23.425,23.798,2083198.95,2025-09-11 03:59:59.999000+00:00
2025-09-11 04:00:00+00:00,23.797,23.89,23.642,23.817,2485716.91,2025-09-11 07:59:59.999000+00:00
2025-09-11 08:00:00+00:00,23.818,23.84,23.68,23.756,1896059.16,2025-09-11 11:59:59.999000+00:00
2025-09-11 12:00:00+00:00,23.755,24.261,23.28,23.508,10193919.72,2025-09-11 15:59:59.999000+00:00
2025-09-11 16:00:00+00:00,23.507,23.98,23.502,23.932,2853262.06,2025-09-11 19:59:59.999000+00:00
2025-09-11 20:00:00+00:00,23.933,24.486,23.878,24.452,4724533.31,2025-09-11 23:59:59.999000+00:00
2025-09-12 00:00:00+00:00,24.452,24.745,24.349,24.673,4656157.24,2025-09-12 03:59:59.999000+00:00
2025-09-12 04:00:00+00:00,24.673,24.82,24.509,24.526,3157126.85,2025-09-12 07:59:59.999000+00:00
2025-09-12 08:00:00+00:00,24.528,24.543,24.271,24.31,3204104.38,2025-09-12 11:59:59.999000+00:00
2025-09-12 12:00:00+00:00,24.31,24.666,24.156,24.473,5902475.03,2025-09-12 15:59:59.999000+00:00
2025-09-12 16:00:00+00:00,24.471,25.139,24.415,25.109,4539656.04,2025-09-12 19:59:59.999000+00:00
2025-09-12 20:00:00+00:00,25.109,25.327,24.907,25.122,3756322.5,2025-09-12 23:59:59.999000+00:00
2025-09-13 00:00:00+00:00,25.122,25.3,24.92,25.228,2821242.87,2025-09-13 03:59:59.999000+00:00
2025-09-13 04:00:00+00:00,25.228,25.232,25.009,25.164,2229125.45,2025-09-13 07:59:59.999000+00:00
2025-09-13 08:00:00+00:00,25.165,25.638,25.109,25.282,4997838.62,2025-09-13 11:59:59.999000+00:00
2025-09-13 12:00:00+00:00,25.282,25.401,24.69,24.83,5652421.39,2025-09-13 15:59:59.999000+00:00
2025-09-13 16:00:00+00:00,24.83,24.914,24.433,24.75,3924280.99,2025-09-13 19:59:59.999000+00:00
2025-09-13 20:00:00+00:00,24.75,24.97,24.745,24.876,1724293.25,2025-09-13 23:59:59.999000+00:00
2025-09-14 00:00:00+00:00,24.876,25.011,24.616,24.661,2128127.68,2025-09-14 03:59:59.999000+00:00
2025-09-14 04:00:00+00:00,24.661,24.885,24.47,24.606,2147898.39,2025-09-14 07:59:59.999000+00:00
2025-09-14 08:00:00+00:00,24.605,24.759,24.31,24.35,2322340.54,2025-09-14 11:59:59.999000+00:00
2025-09-14 12:00:00+00:00,24.351,24.48,23.825,24.029,4691675.02,2025-09-14 15:59:59.999000+00:00
2025-09-14 16:00:00+00:00,24.028,24.249,23.985,24.146,1946939.3,2025-09-14 19:59:59.999000+00:00
2025-09-14 20:00:00+00:00,24.147,24.389,24.033,24.083,1799254.14,2025-09-14 23:59:59.999000+00:00
2025-09-15 00:00:00+00:00,24.083,24.303,23.889,24.253,2513102.7,2025-09-15 03:59:59.999000+00:00
2025-09-15 04:00:00+00:00,24.253,24.418,23.736,23.837,3990687.82,2025-09-15 07:59:59.999000+00:00
2025-09-15 08:00:00+00:00,23.837,23.843,23.176,23.408,6329924.24,2025-09-15 11:59:59.999000+00:00
2025-09-15 12:00:00+00:00,23.408,23.433,22.983,23.154,4552179.41,2025-09-15 15:59:59.999000+00:00
2025-09-15 16:00:00+00:00,23.154,23.394,22.965,23.336,2752555.59,2025-09-15 19:59:59.999000+00:00
2025-09-15 20:00:00+00:00,23.336,23.856,23.307,23.55,2151832.8,2025-09-15 23:59:59.999000+00:00
2025-09-16 00:00:00+00:00,23.549,23.62,23.345,23.347,2022334.98,2025-09-16 03:59:59.999000+00:00
2025-09-16 04:00:00+00:00,23.348,23.573,23.145,23.478,2403631.55,2025-09-16 07:59:59.999000+00:00
2025-09-16 08:00:00+00:00,23.478,23.743,23.477,23.605,2454748.8,2025-09-16 11:59:59.999000+00:00
2025-09-16 12:00:00+00:00,23.604,23.687,23.082,23.45,3842165.2,2025-09-16 15:59:59.999000+00:00
2025-09-16 16:00:00+00:00,23.451,23.726,23.24,23.566,3265988.64,2025-09-16 19:59:59.999000+00:00
2025-09-16 20:00:00+00:00,23.567,23.737,23.441,23.472,1823150.55,2025-09-16 23:59:59.999000+00:00
2025-09-17 00:00:00+00:00,23.473,23.625,23.274,23.289,2094653.19,2025-09-17 03:59:59.999000+00:00
2025-09-17 04:00:00+00:00,23.289,23.6,23.182,23.543,2457284.16,2025-09-17 07:59:59.999000+00:00
2025-09-17 08:00:00+00:00,23.545,23.55,23.026,23.069,3087159.96,2025-09-17 11:59:59.999000+00:00
2025-09-17 12:00:00+00:00,23.069,23.106,22.755,22.951,4463545.45,2025-09-17 15:59:59.999000+00:00
2025-09-17 16:00:00+00:00,22.95,23.489,22.727,23.436,8694482.13,2025-09-17 19:59:59.999000+00:00
2025-09-17 20:00:00+00:00,23.435,24.239,23.231,23.988,5441269.12,2025-09-17 23:59:59.999000+00:00
2025-09-18 00:00:00+00:00,23.989,24.179,23.83,24.122,3176400.38,2025-09-18 03:59:59.999000+00:00
2025-09-18 04:00:00+00:00,24.122,24.16,23.681,23.959,3033060.26,2025-09-18 07:59:59.999000+00:00
2025-09-18 08:00:00+00:00,23.96,24.42,23.911,24.202,3768123.73,2025-09-18 11:59:59.999000+00:00
2025-09-18 12:00:00+00:00,24.202,24.493,24.05,24.46,4102592.79,2025-09-18 15:59:59.999000+00:00
2025-09-18 16:00:00+00:00,24.46,24.599,24.333,24.485,3003624.91,2025-09-18 19:59:59.999000+00:00
2025-09-18 20:00:00+00:00,24.485,24.745,24.448,24.624,3019614.87,2025-09-18 23:59:59.999000+00:00
2025-09-19 00:00:00+00:00,24.624,24.889,24.415,24.472,3799533.44,2025-09-19 03:59:59.999000+00:00
2025-09-19 04:00:00+00:00,24.471,24.842,24.227,24.73,5238571.51,2025-09-19 07:59:59.999000+00:00
2025-09-19 08:00:00+00:00,24.73,24.849,23.794,23.848,5738624.33,2025-09-19 11:59:59.999000+00:00
2025-09-19 12:00:00+00:00,23.848,23.975,23.315,23.589,6506963.12,2025-09-19 15:59:59.999000+00:00
2025-09-19 16:00:00+00:00,23.589,23.701,23.251,23.368,2959985.79,2025-09-19 19:59:59.999000+00:00
2025-09-19 20:00:00+00:00,23.368,23.664,23.355,23.462,2148679.27,2025-09-19 23:59:59.999000+00:00
2025-09-20 00:00:00+00:00,23.461,23.638,23.326,23.404,1747125.06,2025-09-20 03:59:59.999000+00:00
2025-09-20 04:00:00+00:00,23.404,23.574,23.35,23.494,1589791.91,2025-09-20 07:59:59.999000+00:00
2025-09-20 08:00:00+00:00,23.493,23.493,23.124,23.283,2413315.33,2025-09-20 11:59:59.999000+00:00
2025-09-20 12:00:00+00:00,23.283,23.57,23.073,23.41,2610505.83,2025-09-20 15:59:59.999000+00:00
2025-09-20 16:00:00+00:00,23.409,23.479,23.216,23.283,1489056.91,2025-09-20 19:59:59.999000+00:00
2025-09-20 20:00:00+00:00,23.283,23.447,23.257,23.318,1035011.95,2025-09-20 23:59:59.999000+00:00
2025-09-21 00:00:00+00:00,23.318,23.411,23.225,23.369,1109625.21,2025-09-21 03:59:59.999000+00:00
2025-09-21 04:00:00+00:00,23.368,23.479,23.263,23.343,1247067.1,2025-09-21 07:59:59.999000+00:00
2025-09-21 08:00:00+00:00,23.343,23.388,23.011,23.101,2508695.12,2025-09-21 11:59:59.999000+00:00
2025-09-21 12:00:00+00:00,23.102,23.253,23.029,23.072,1432202.47,2025-09-21 15:59:59.999000+00:00
2025-09-21 16:00:00+00:00,23.073,23.186,22.881,23.158,2083060.83,2025-09-21 19:59:59.999000+00:00
2025-09-21 20:00:00+00:00,23.158,23.179,22.904,22.941,1354992.69,2025-09-21 23:59:59.999000+00:00
2025-09-22 00:00:00+00:00,22.94,23.038,21.891,22.162,9365646.37,2025-09-22 03:59:59.999000+00:00
2025-09-22 04:00:00+00:00,22.163,22.226,20.032,21.265,12188265.64,2025-09-22 07:59:59.999000+00:00
2025-09-22 08:00:00+00:00,21.266,21.387,21.037,21.19,4239008.1,2025-09-22 11:59:59.999000+00:00
2025-09-22 12:00:00+00:00,21.19,21.597,21.149,21.19,4173655.46,2025-09-22 15:59:59.999000+00:00
2025-09-22 16:00:00+00:00,21.19,21.339,21.103,21.164,3258424.41,2025-09-22 19:59:59.999000+00:00
2025-09-22 20:00:00+00:00,21.164,21.665,21.132,21.642,2104674.32,2025-09-22 23:59:59.999000+00:00
2025-09-23 00:00:00+00:00,21.642,21.756,21.172,21.562,4483720.65,2025-09-23 03:59:59.999000+00:00
2025-09-23 04:00:00+00:00,21.561,21.871,21.347,21.781,3814914.77,2025-09-23 07:59:59.999000+00:00
2025-09-23 08:00:00+00:00,21.782,21.864,21.671,21.771,2465517.34,2025-09-23 11:59:59.999000+00:00
2025-09-23 12:00:00+00:00,21.77,22.036,21.704,21.847,3925686.17,2025-09-23 15:59:59.999000+00:00
2025-09-23 16:00:00+00:00,21.847,21.981,21.525,21.567,3718278.43,2025-09-23 19:59:59.999000+00:00
2025-09-23 20:00:00+00:00,21.566,21.811,21.47,21.508,2010980.27,2025-09-23 23:59:59.999000+00:00
2025-09-24 00:00:00+00:00,21.509,21.678,21.113,21.277,3077609.04,2025-09-24 03:59:59.999000+00:00
2025-09-24 04:00:00+00:00,21.274,21.781,20.942,21.713,6686645.74,2025-09-24 07:59:59.999000+00:00
2025-09-24 08:00:00+00:00,21.714,21.873,21.622,21.767,1785101.32,2025-09-24 11:59:59.999000+00:00
2025-09-24 12:00:00+00:00,21.767,21.954,21.54,21.753,3234347.12,2025-09-24 15:59:59.999000+00:00
2025-09-24 16:00:00+00:00,21.755,21.95,21.705,21.813,2028200.51,2025-09-24 19:59:59.999000+00:00
2025-09-24 20:00:00+00:00,21.814,21.843,21.543,21.594,1489434.49,2025-09-24 23:59:59.999000+00:00
2025-09-25 00:00:00+00:00,21.595,21.648,21.12,21.288,4508308.27,2025-09-25 03:59:59.999000+00:00
2025-09-25 04:00:00+00:00,21.287,21.35,20.885,20.956,4526498.28,2025-09-25 07:59:59.999000+00:00
2025-09-25 08:00:00+00:00,20.955,21.147,20.706,20.745,4351208.69,2025-09-25 11:59:59.999000+00:00
2025-09-25 12:00:00+00:00,20.744,21.141,20.355,20.877,7806501.14,2025-09-25 15:59:59.999000+00:00
2025-09-25 16:00:00+00:00,20.878,20.898,19.82,20.395,9130631.68,2025-09-25 19:59:59.999000+00:00
2025-09-25 20:00:00+00:00,20.397,20.538,19.974,20.139,4246042.86,2025-09-25 23:59:59.999000+00:00
2025-09-26 00:00:00+00:00,20.138,20.597,20.09,20.536,3223895.24,2025-09-26 03:59:59.999000+00:00
2025-09-26 04:00:00+00:00,20.537,20.629,20.217,20.355,3313240.29,2025-09-26 07:59:59.999000+00:00
2025-09-26 08:00:00+00:00,20.355,20.53,19.924,20.171,3992223.9,2025-09-26 11:59:59.999000+00:00
2025-09-26 12:00:00+00:00,20.171,20.654,19.991,20.585,5785000.55,2025-09-26 15:59:59.999000+00:00
2025-09-26 16:00:00+00:00,20.585,21.23,20.564,20.953,4570678.87,2025-09-26 19:59:59.999000+00:00
2025-09-26 20:00:00+00:00,20.954,21.117,20.88,21.06,1497966.89,2025-09-26 23:59:59.999000+00:00
2025-09-27 00:00:00+00:00,21.06,21.116,20.956,21.077,1390321.57,2025-09-27 03:59:59.999000+00:00
2025-09-27 04:00:00+00:00,21.077,21.143,20.905,20.946,1117464.7,2025-09-27 07:59:59.999000+00:00
2025-09-27 08:00:00+00:00,20.946,21.1,20.816,20.988,2033980.2,2025-09-27 11:59:59.999000+00:00
2025-09-27 12:00:00+00:00,20.987,21.049,20.842,20.941,1523401.11,2025-09-27 15:59:59.999000+00:00
2025-09-27 16:00:00+00:00,20.942,20.947,20.721,20.833,1581936.5,2025-09-27 19:59:59.999000+00:00
2025-09-27 20:00:00+00:00,20.833,21.082,20.806,20.906,1078463.88,2025-09-27 23:59:59.999000+00:00
2025-09-28 00:00:00+00:00,20.907,20.937,20.629,20.707,1699393.02,2025-09-28 03:59:59.999000+00:00
2025-09-28 04:00:00+00:00,20.706,20.816,20.623,20.722,1181368.59,2025-09-28 07:59:59.999000+00:00
2025-09-28 08:00:00+00:00,20.723,20.774,20.492,20.557,2409901.75,2025-09-28 11:59:59.999000+00:00
2025-09-28 12:00:00+00:00,20.557,20.984,20.419,20.971,2683379.18,2025-09-28 15:59:59.999000+00:00
2025-09-28 16:00:00+00:00,20.972,21.32,20.972,21.203,2974128.82,2025-09-28 19:59:59.999000+00:00
2025-09-28 20:00:00+00:00,21.203,21.714,21.173,21.668,2982164.86,2025-09-28 23:59:59.999000+00:00
2025-09-29 00:00:00+00:00,21.668,21.679,21.375,21.478,2137319.47,2025-09-29 03:59:59.999000+00:00
2025-09-29 04:00:00+00:00,21.478,21.482,21.138,21.245,2199531.15,2025-09-29 07:59:59.999000+00:00
2025-09-29 08:00:00+00:00,21.245,21.393,21.05,21.182,2563619.29,2025-09-29 11:59:59.999000+00:00
2025-09-29 12:00:00+00:00,21.182,21.68,20.891,21.38,5392460.12,2025-09-29 15:59:59.999000+00:00
2025-09-29 16:00:00+00:00,21.38,21.746,21.187,21.712,2787911.72,2025-09-29 19:59:59.999000+00:00
2025-09-29 20:00:00+00:00,21.712,21.889,21.665,21.72,2838571.85,2025-09-29 23:59:59.999000+00:00
2025-09-30 00:00:00+00:00,21.721,21.867,21.433,21.464,3415798.19,2025-09-30 03:59:59.999000+00:00
2025-09-30 04:00:00+00:00,21.465,21.688,21.337,21.409,2716065.42,2025-09-30 07:59:59.999000+00:00
2025-09-30 08:00:00+00:00,21.409,21.5,21.231,21.397,3214657.74,2025-09-30 11:59:59.999000+00:00
2025-09-30 12:00:00+00:00,21.397,21.496,20.95,21.091,4481706.48,2025-09-30 15:59:59.999000+00:00
2025-09-30 16:00:00+00:00,21.09,21.544,20.986,21.525,3424493.29,2025-09-30 19:59:59.999000+00:00
2025-09-30 20:00:00+00:00,21.526,21.684,21.282,21.304,2438316.3,2025-09-30 23:59:59.999000+00:00
2025-10-01 00:00:00+00:00,21.304,21.576,21.053,21.165,3280078.73,2025-10-01 03:59:59.999000+00:00
2025-10-01 04:00:00+00:00,21.166,21.389,21.12,21.323,2290661.84,2025-10-01 07:59:59.999000+00:00
2025-10-01 08:00:00+00:00,21.323,22.287,21.302,22.222,6367702.4,2025-10-01 11:59:59.999000+00:00
2025-10-01 12:00:00+00:00,22.221,22.48,22.111,22.391,3680760.42,2025-10-01 15:59:59.999000+00:00
2025-10-01 16:00:00+00:00,22.392,22.624,22.288,22.529,2858159.32,2025-10-01 19:59:59.999000+00:00
2025-10-01 20:00:00+00:00,22.53,22.6,22.248,22.568,2358005.15,2025-10-01 23:59:59.999000+00:00
2025-10-02 00:00:00+00:00,22.568,22.789,22.411,22.689,3039047.87,2025-10-02 03:59:59.999000+00:00
2025-10-02 04:00:00+00:00,22.69,22.848,22.55,22.563,2560752.57,2025-10-02 07:59:59.999000+00:00
2025-10-02 08:00:00+00:00,22.563,22.616,22.35,22.385,2499734.59,2025-10-02 11:59:59.999000+00:00
2025-10-02 12:00:00+00:00,22.385,22.553,21.926,22.411,6205941.0,2025-10-02 15:59:59.999000+00:00
2025-10-02 16:00:00+00:00,22.412,23.115,22.375,22.916,5054496.42,2025-10-02 19:59:59.999000+00:00
2025-10-02 20:00:00+00:00,22.916,22.96,22.641,22.764,2382900.51,2025-10-02 23:59:59.999000+00:00
2025-10-03 00:00:00+00:00,22.764,22.86,22.53,22.587,2470279.77,2025-10-03 03:59:59.999000+00:00
2025-10-03 04:00:00+00:00,22.588,22.691,22.289,22.376,2149335.01,2025-10-03 07:59:59.999000+00:00
2025-10-03 08:00:00+00:00,22.376,22.416,22.223,22.255,2031878.15,2025-10-03 11:59:59.999000+00:00
2025-10-03 12:00:00+00:00,22.256,22.734,22.079,22.71,5071681.07,2025-10-03 15:59:59.999000+00:00
2025-10-03 16:00:00+00:00,22.711,23.082,22.11,22.617,8083131.41,2025-10-03 19:59:59.999000+00:00
2025-10-03 20:00:00+00:00,22.617,22.708,22.476,22.499,1743411.23,2025-10-03 23:59:59.999000+00:00
2025-10-04 00:00:00+00:00,22.499,22.612,22.146,22.215,2124131.0,2025-10-04 03:59:59.999000+00:00
2025-10-04 04:00:00+00:00,22.215,22.272,22.036,22.062,2006887.44,2025-10-04 07:59:59.999000+00:00
2025-10-04 08:00:00+00:00,22.062,22.063,21.754,21.835,3399320.76,2025-10-04 11:59:59.999000+00:00
2025-10-04 12:00:00+00:00,21.835,22.158,21.766,21.834,3887136.93,2025-10-04 15:59:59.999000+00:00
2025-10-04 16:00:00+00:00,21.834,22.019,21.809,21.988,1771840.35,2025-10-04 19:59:59.999000+00:00
2025-10-04 20:00:00+00:00,21.989,22.126,21.984,22.009,1087911.72,2025-10-04 23:59:59.999000+00:00
2025-10-05 00:00:00+00:00,22.01,22.597,21.922,22.341,3348039.12,2025-10-05 03:59:59.999000+00:00
2025-10-05 04:00:00+00:00,22.34,22.84,22.322,22.811,3311905.23,2025-10-05 07:59:59.999000+00:00
2025-10-05 08:00:00+00:00,22.81,22.939,22.482,22.749,5192431.42,2025-10-05 11:59:59.999000+00:00
2025-10-05 12:00:00+00:00,22.749,22.76,22.396,22.465,2408819.56,2025-10-05 15:59:59.999000+00:00
2025-10-05 16:00:00+00:00,22.465,22.63,21.861,21.936,4379730.11,2025-10-05 19:59:59.999000+00:00
2025-10-05 20:00:00+00:00,21.937,22.133,21.87,21.984,1936904.72,2025-10-05 23:59:59.999000+00:00
2025-10-06 00:00:00+00:00,21.984,22.197,21.469,21.883,5749422.97,2025-10-06 03:59:59.999000+00:00
2025-10-06 04:00:00+00:00,21.883,22.149,21.734,21.916,2884564.12,2025-10-06 07:59:59.999000+00:00
2025-10-06 08:00:00+00:00,21.916,22.234,21.916,22.105,2876901.66,2025-10-06 11:59:59.999000+00:00
2025-10-06 12:00:00+00:00,22.106,22.979,22.106,22.83,7108081.53,2025-10-06 15:59:59.999000+00:00
2025-10-06 16:00:00+00:00,22.83,23.527,22.782,23.436,6652306.18,2025-10-06 19:59:59.999000+00:00
2025-10-06 20:00:00+00:00,23.435,23.598,23.25,23.368,3560388.53,2025-10-06 23:59:59.999000+00:00
2025-10-07 00:00:00+00:00,23.369,23.735,23.337,23.348,3450065.56,2025-10-07 03:59:59.999000+00:00
2025-10-07 04:00:00+00:00,23.349,23.65,22.808,22.85,5370847.17,2025-10-07 07:59:59.999000+00:00
2025-10-07 08:00:00+00:00,22.85,22.884,22.559,22.847,5024659.05,2025-10-07 11:59:59.999000+00:00
2025-10-07 12:00:00+00:00,22.846,23.068,21.83,21.983,12390852.54,2025-10-07 15:59:59.999000+00:00
2025-10-07 16:00:00+00:00,21.982,22.189,21.784,21.861,5170590.86,2025-10-07 19:59:59.999000+00:00
2025-10-07 20:00:00+00:00,21.862,22.171,21.75,21.791,3178684.78,2025-10-07 23:59:59.999000+00:00
2025-10-08 00:00:00+00:00,21.791,22.137,21.642,21.74,3132402.89,2025-10-08 03:59:59.999000+00:00
2025-10-08 04:00:00+00:00,21.739,21.96,21.614,21.899,3304946.06,2025-10-08 07:59:59.999000+00:00
2025-10-08 08:00:00+00:00,21.9,22.149,21.848,22.052,2636039.69,2025-10-08 11:59:59.999000+00:00
2025-10-08 12:00:00+00:00,22.051,22.341,21.829,21.986,3947560.35,2025-10-08 15:59:59.999000+00:00
2025-10-08 16:00:00+00:00,21.985,22.562,21.938,22.479,4301695.46,2025-10-08 19:59:59.999000+00:00
2025-10-08 20:00:00+00:00,22.479,22.661,22.386,22.625,1741420.1,2025-10-08 23:59:59.999000+00:00
2025-10-09 00:00:00+00:00,22.625,22.672,21.947,22.261,3228862.63,2025-10-09 03:59:59.999000+00:00
2025-10-09 04:00:00+00:00,22.261,22.491,21.928,21.962,2442197.29,2025-10-09 07:59:59.999000+00:00
2025-10-09 08:00:00+00:00,21.961,21.967,21.581,21.715,3972569.53,2025-10-09 11:59:59.999000+00:00
2025-10-09 12:00:00+00:00,21.715,22.024,21.314,21.483,5885682.45,2025-10-09 15:59:59.999000+00:00
2025-10-09 16:00:00+00:00,21.482,21.901,21.316,21.721,3556830.57,2025-10-09 19:59:59.999000+00:00
2025-10-09 20:00:00+00:00,21.721,22.125,21.688,21.986,1959436.49,2025-10-09 23:59:59.999000+00:00
2025-10-10 00:00:00+00:00,21.986,22.597,21.971,22.399,3446938.95,2025-10-10 03:59:59.999000+00:00
2025-10-10 04:00:00+00:00,22.399,22.621,22.25,22.296,2764763.52,2025-10-10 07:59:59.999000+00:00
2025-10-10 08:00:00+00:00,22.296,22.776,22.263,22.404,3394187.18,2025-10-10 11:59:59.999000+00:00
2025-10-10 12:00:00+00:00,22.404,22.777,21.201,21.365,10152160.72,2025-10-10 15:59:59.999000+00:00
2025-10-10 16:00:00+00:00,21.364,21.531,20.384,20.479,10143432.02,2025-10-10 19:59:59.999000+00:00
2025-10-10 20:00:00+00:00,20.479,20.683,8.164,17.275,50939576.92,2025-10-10 23:59:59.999000+00:00
2025-10-11 00:00:00+00:00,17.279,18.139,16.836,17.476,12983907.16,2025-10-11 03:59:59.999000+00:00
2025-10-11 04:00:00+00:00,17.475,17.846,17.3,17.721,6747072.24,2025-10-11 07:59:59.999000+00:00
2025-10-11 08:00:00+00:00,17.72,18.51,17.626,18.04,6268393.75,2025-10-11 11:59:59.999000+00:00
2025-10-11 12:00:00+00:00,18.039,18.116,17.4,17.97,4785387.02,2025-10-11 15:59:59.999000+00:00
2025-10-11 16:00:00+00:00,17.97,18.138,17.103,17.274,4630458.39,2025-10-11 19:59:59.999000+00:00
2025-10-11 20:00:00+00:00,17.273,17.317,16.598,17.19,6819123.09,2025-10-11 23:59:59.999000+00:00
2025-10-12 00:00:00+00:00,17.19,17.243,16.669,17.071,4388608.58,2025-10-12 03:59:59.999000+00:00
2025-10-12 04:00:00+00:00,17.072,17.508,17.024,17.393,3066075.19,2025-10-12 07:59:59.999000+00:00
2025-10-12 08:00:00+00:00,17.393,17.56,17.164,17.391,2850692.9,2025-10-12 11:59:59.999000+00:00
2025-10-12 12:00:00+00:00,17.39,18.799,17.217,18.764,10055539.06,2025-10-12 15:59:59.999000+00:00
2025-10-12 16:00:00+00:00,18.762,19.362,18.762,19.35,7630787.39,2025-10-12 19:59:59.999000+00:00
2025-10-12 20:00:00+00:00,19.349,19.417,18.803,18.983,3832256.61,2025-10-12 23:59:59.999000+00:00
2025-10-13 00:00:00+00:00,18.983,19.251,18.72,19.018,3789072.14,2025-10-13 03:59:59.999000+00:00
2025-10-13 04:00:00+00:00,19.018,19.666,18.913,19.526,3710485.73,2025-10-13 07:59:59.999000+00:00
2025-10-13 08:00:00+00:00,19.525,19.77,18.938,19.188,5959987.25,2025-10-13 11:59:59.999000+00:00
2025-10-13 12:00:00+00:00,19.189,19.836,19.056,19.731,10198893.9,2025-10-13 15:59:59.999000+00:00
2025-10-13 16:00:00+00:00,19.731,20.117,19.461,20.043,6115417.68,2025-10-13 19:59:59.999000+00:00
2025-10-13 20:00:00+00:00,20.043,20.189,19.818,19.838,2227473.13,2025-10-13 23:59:59.999000+00:00
2025-10-14 00:00:00+00:00,19.839,20.058,19.304,19.458,3787569.02,2025-10-14 03:59:59.999000+00:00
2025-10-14 04:00:00+00:00,19.458,19.526,18.24,18.548,8353307.82,2025-10-14 07:59:59.999000+00:00
2025-10-14 08:00:00+00:00,18.547,18.747,18.058,18.573,5940171.25,2025-10-14 11:59:59.999000+00:00
2025-10-14 12:00:00+00:00,18.573,19.043,18.133,19.033,8712451.27,2025-10-14 15:59:59.999000+00:00
2025-10-14 16:00:00+00:00,19.034,19.353,18.618,18.871,7263150.3,2025-10-14 19:59:59.999000+00:00
2025-10-14 20:00:00+00:00,18.873,19.161,18.795,19.093,1964399.45,2025-10-14 23:59:59.999000+00:00
2025-10-15 00:00:00+00:00,19.093,19.244,18.824,18.906,2527065.68,2025-10-15 03:59:59.999000+00:00
2025-10-15 04:00:00+00:00,18.906,19.143,18.822,18.856,2490163.06,2025-10-15 07:59:59.999000+00:00
2025-10-15 08:00:00+00:00,18.856,19.237,18.556,18.673,4760561.14,2025-10-15 11:59:59.999000+00:00
2025-10-15 12:00:00+00:00,18.673,18.724,18.024,18.116,6018605.7,2025-10-15 15:59:59.999000+00:00
2025-10-15 16:00:00+00:00,18.117,18.247,17.834,18.031,4324865.19,2025-10-15 19:59:59.999000+00:00
2025-10-15 20:00:00+00:00,18.032,18.118,17.709,18.044,3151230.5,2025-10-15 23:59:59.999000+00:00
2025-10-16 00:00:00+00:00,18.043,18.192,17.906,18.025,1820446.65,2025-10-16 03:59:59.999000+00:00
2025-10-16 04:00:00+00:00,18.026,18.204,17.906,18.039,1891597.2,2025-10-16 07:59:59.999000+00:00
2025-10-16 08:00:00+00:00,18.039,18.484,17.483,18.483,5213274.73,2025-10-16 11:59:59.999000+00:00
2025-10-16 12:00:00+00:00,18.482,18.616,17.586,17.653,6659175.15,2025-10-16 15:59:59.999000+00:00
2025-10-16 16:00:00+00:00,17.652,18.073,17.247,17.384,7663282.41,2025-10-16 19:59:59.999000+00:00
2025-10-16 20:00:00+00:00,17.385,17.461,17.093,17.417,2936130.14,2025-10-16 23:59:59.999000+00:00
2025-10-17 00:00:00+00:00,17.418,17.689,17.346,17.506,2229327.29,2025-10-17 03:59:59.999000+00:00
2025-10-17 04:00:00+00:00,17.506,17.521,16.171,16.198,7393647.97,2025-10-17 07:59:59.999000+00:00
2025-10-17 08:00:00+00:00,16.2,16.583,15.683,16.522,11036216.35,2025-10-17 11:59:59.999000+00:00
2025-10-17 12:00:00+00:00,16.522,16.692,16.137,16.619,6587840.86,2025-10-17 15:59:59.999000+00:00
2025-10-17 16:00:00+00:00,16.619,16.858,16.238,16.377,4207369.25,2025-10-17 19:59:59.999000+00:00
2025-10-17 20:00:00+00:00,16.375,16.758,16.322,16.594,2841285.63,2025-10-17 23:59:59.999000+00:00
2025-10-18 00:00:00+00:00,16.594,16.89,16.57,16.786,1953587.48,2025-10-18 03:59:59.999000+00:00
2025-10-18 04:00:00+00:00,16.786,16.997,16.563,16.697,2615542.33,2025-10-18 07:59:59.999000+00:00
2025-10-18 08:00:00+00:00,16.697,16.93,16.681,16.864,2134365.41,2025-10-18 11:59:59.999000+00:00
2025-10-18 12:00:00+00:00,16.864,16.963,16.607,16.778,2070245.34,2025-10-18 15:59:59.999000+00:00
2025-10-18 16:00:00+00:00,16.779,16.89,16.622,16.836,1488604.42,2025-10-18 19:59:59.999000+00:00
2025-10-18 20:00:00+00:00,16.835,16.949,16.742,16.804,1323948.82,2025-10-18 23:59:59.999000+00:00
2025-10-19 00:00:00+00:00,16.804,16.887,16.634,16.853,1513729.68,2025-10-19 03:59:59.999000+00:00
2025-10-19 04:00:00+00:00,16.853,16.907,16.647,16.789,1649608.3,2025-10-19 07:59:59.999000+00:00
2025-10-19 08:00:00+00:00,16.789,17.294,16.519,17.136,5721214.45,2025-10-19 11:59:59.999000+00:00
2025-10-19 12:00:00+00:00,17.137,17.536,17.018,17.393,3270417.75,2025-10-19 15:59:59.999000+00:00
2025-10-19 16:00:00+00:00,17.394,17.651,17.305,17.448,2331967.8,2025-10-19 19:59:59.999000+00:00
2025-10-19 20:00:00+00:00,17.447,17.539,17.23,17.274,1568776.17,2025-10-19 23:59:59.999000+00:00
2025-10-20 00:00:00+00:00,17.274,17.677,16.921,17.607,3069240.56,2025-10-20 03:59:59.999000+00:00
2025-10-20 04:00:00+00:00,17.606,18.949,17.568,18.616,8599437.59,2025-10-20 07:59:59.999000+00:00
2025-10-20 08:00:00+00:00,18.616,19.031,18.557,18.994,5637517.36,2025-10-20 11:59:59.999000+00:00
2025-10-20 12:00:00+00:00,18.993,19.18,18.745,18.759,5767329.88,2025-10-20 15:59:59.999000+00:00
2025-10-20 16:00:00+00:00,18.759,18.92,18.419,18.839,6032550.61,2025-10-20 19:59:59.999000+00:00
2025-10-20 20:00:00+00:00,18.84,18.947,18.6,18.647,2522587.86,2025-10-20 23:59:59.999000+00:00
2025-10-21 00:00:00+00:00,18.646,18.949,18.121,18.145,4881151.16,2025-10-21 03:59:59.999000+00:00
2025-10-21 04:00:00+00:00,18.146,18.166,17.657,18.052,6199305.83,2025-10-21 07:59:59.999000+00:00
2025-10-21 08:00:00+00:00,18.051,18.099,17.784,18.053,3644379.76,2025-10-21 11:59:59.999000+00:00
2025-10-21 12:00:00+00:00,18.053,18.959,17.815,18.792,10515332.66,2025-10-21 15:59:59.999000+00:00
2025-10-21 16:00:00+00:00,18.792,18.889,18.059,18.172,7271602.14,2025-10-21 19:59:59.999000+00:00
2025-10-21 20:00:00+00:00,18.172,18.21,17.528,17.597,5180477.66,2025-10-21 23:59:59.999000+00:00
2025-10-22 00:00:00+00:00,17.598,17.724,17.409,17.618,3443155.31,2025-10-22 03:59:59.999000+00:00
2025-10-22 04:00:00+00:00,17.619,17.825,17.421,17.607,4027308.2,2025-10-22 07:59:59.999000+00:00
2025-10-22 08:00:00+00:00,17.606,17.606,17.132,17.404,4165770.75,2025-10-22 11:59:59.999000+00:00
2025-10-22 12:00:00+00:00,17.404,17.591,17.13,17.468,6071776.4,2025-10-22 15:59:59.999000+00:00
2025-10-22 16:00:00+00:00,17.469,17.501,17.085,17.242,3864572.54,2025-10-22 19:59:59.999000+00:00
2025-10-22 20:00:00+00:00,17.243,17.274,16.691,17.195,5446340.63,2025-10-22 23:59:59.999000+00:00
2025-10-23 00:00:00+00:00,17.196,17.36,17.162,17.257,2040062.85,2025-10-23 03:59:59.999000+00:00
2025-10-23 04:00:00+00:00,17.257,17.667,17.239,17.569,2714125.94,2025-10-23 07:59:59.999000+00:00
2025-10-23 08:00:00+00:00,17.57,17.695,17.255,17.293,3374783.96,2025-10-23 11:59:59.999000+00:00
2025-10-23 12:00:00+00:00,17.292,17.539,17.088,17.399,4371623.71,2025-10-23 15:59:59.999000+00:00
2025-10-23 16:00:00+00:00,17.4,17.785,17.345,17.464,3469877.09,2025-10-23 19:59:59.999000+00:00
2025-10-23 20:00:00+00:00,17.464,17.467,17.17,17.423,1781711.17,2025-10-23 23:59:59.999000+00:00
2025-10-24 00:00:00+00:00,17.423,17.475,17.281,17.336,1950154.9,2025-10-24 03:59:59.999000+00:00
2025-10-24 04:00:00+00:00,17.336,17.732,17.294,17.634,2880051.21,2025-10-24 07:59:59.999000+00:00
2025-10-24 08:00:00+00:00,17.634,17.795,17.526,17.726,2379537.42,2025-10-24 11:59:59.999000+00:00
2025-10-24 12:00:00+00:00,17.727,18.1,17.443,17.551,4782901.99,2025-10-24 15:59:59.999000+00:00
2025-10-24 16:00:00+00:00,17.55,17.843,17.465,17.769,2362813.82,2025-10-24 19:59:59.999000+00:00
2025-10-24 20:00:00+00:00,17.77,17.986,17.76,17.888,1494194.94,2025-10-24 23:59:59.999000+00:00
2025-10-25 00:00:00+00:00,17.888,17.969,17.781,17.794,1004075.37,2025-10-25 03:59:59.999000+00:00
2025-10-25 04:00:00+00:00,17.794,18.025,17.794,17.869,1414923.62,2025-10-25 07:59:59.999000+00:00
2025-10-25 08:00:00+00:00,17.868,18.028,17.854,17.984,1456965.86,2025-10-25 11:59:59.999000+00:00
2025-10-25 12:00:00+00:00,17.984,18.078,17.932,17.982,1526150.17,2025-10-25 15:59:59.999000+00:00
2025-10-25 16:00:00+00:00,17.982,18.185,17.941,18.181,1141345.23,2025-10-25 19:59:59.999000+00:00
2025-10-25 20:00:00+00:00,18.182,18.244,17.969,18.007,1380794.54,2025-10-25 23:59:59.999000+00:00
2025-10-26 00:00:00+00:00,18.007,18.016,17.682,17.732,1927772.44,2025-10-26 03:59:59.999000+00:00
2025-10-26 04:00:00+00:00,17.732,17.86,17.714,17.847,1243249.0,2025-10-26 07:59:59.999000+00:00
2025-10-26 08:00:00+00:00,17.847,18.337,17.842,18.309,3222897.39,2025-10-26 11:59:59.999000+00:00
2025-10-26 12:00:00+00:00,18.309,18.483,18.22,18.324,3182501.87,2025-10-26 15:59:59.999000+00:00
2025-10-26 16:00:00+00:00,18.325,18.334,18.089,18.172,1909230.65,2025-10-26 19:59:59.999000+00:00
2025-10-26 20:00:00+00:00,18.172,18.679,18.035,18.535,3569372.46,2025-10-26 23:59:59.999000+00:00
2025-10-27 00:00:00+00:00,18.535,19.038,18.489,18.946,3803632.54,2025-10-27 03:59:59.999000+00:00
2025-10-27 04:00:00+00:00,18.946,19.056,18.686,18.826,3084062.09,2025-10-27 07:59:59.999000+00:00
2025-10-27 08:00:00+00:00,18.826,18.912,18.359,18.484,3656037.71,2025-10-27 11:59:59.999000+00:00
2025-10-27 12:00:00+00:00,18.484,18.503,18.162,18.399,3812060.68,2025-10-27 15:59:59.999000+00:00
2025-10-27 16:00:00+00:00,18.399,18.904,18.398,18.483,3608120.36,2025-10-27 19:59:59.999000+00:00
2025-10-27 20:00:00+00:00,18.481,18.484,18.078,18.205,2948324.02,2025-10-27 23:59:59.999000+00:00
2025-10-28 00:00:00+00:00,18.206,18.398,18.058,18.222,2478142.66,2025-10-28 03:59:59.999000+00:00
2025-10-28 04:00:00+00:00,18.223,18.508,18.0,18.316,2835671.1,2025-10-28 07:59:59.999000+00:00
2025-10-28 08:00:00+00:00,18.316,18.539,18.284,18.384,2273423.7,2025-10-28 11:59:59.999000+00:00
2025-10-28 12:00:00+00:00,18.383,18.814,18.073,18.373,5900498.93,2025-10-28 15:59:59.999000+00:00
2025-10-28 16:00:00+00:00,18.374,18.651,17.848,17.987,4173020.76,2025-10-28 19:59:59.999000+00:00
2025-10-28 20:00:00+00:00,17.986,17.986,17.408,17.814,6012704.43,2025-10-28 23:59:59.999000+00:00
2025-10-29 00:00:00+00:00,17.815,17.995,17.731,17.794,2074011.36,2025-10-29 03:59:59.999000+00:00
2025-10-29 04:00:00+00:00,17.794,17.974,17.763,17.913,1522789.04,2025-10-29 07:59:59.999000+00:00
2025-10-29 08:00:00+00:00,17.914,18.15,17.726,18.1,2695862.33,2025-10-29 11:59:59.999000+00:00
2025-10-29 12:00:00+00:00,18.101,18.309,17.88,18.013,4870130.28,2025-10-29 15:59:59.999000+00:00
2025-10-29 16:00:00+00:00,18.013,18.53,17.522,18.265,10613289.18,2025-10-29 19:59:59.999000+00:00
2025-10-29 20:00:00+00:00,18.265,18.667,17.966,18.128,3801025.51,2025-10-29 23:59:59.999000+00:00
2025-10-30 00:00:00+00:00,18.129,18.306,18.004,18.156,2501017.62,2025-10-30 03:59:59.999000+00:00
2025-10-30 04:00:00+00:00,18.155,18.424,17.459,18.354,6800819.78,2025-10-30 07:59:59.999000+00:00
2025-10-30 08:00:00+00:00,18.355,18.374,17.634,17.651,4136472.5,2025-10-30 11:59:59.999000+00:00
2025-10-30 12:00:00+00:00,17.651,17.714,16.839,16.891,8031796.35,2025-10-30 15:59:59.999000+00:00
2025-10-30 16:00:00+00:00,16.891,17.0,16.336,16.385,5426683.82,2025-10-30 19:59:59.999000+00:00
2025-10-30 20:00:00+00:00,16.385,16.807,16.311,16.787,3906335.64,2025-10-30 23:59:59.999000+00:00
2025-10-31 00:00:00+00:00,16.788,17.082,16.724,16.935,4740226.63,2025-10-31 03:59:59.999000+00:00
2025-10-31 04:00:00+00:00,16.934,17.304,16.918,17.215,3353922.32,2025-10-31 07:59:59.999000+00:00
2025-10-31 08:00:00+00:00,17.215,17.346,17.132,17.326,2845731.77,2025-10-31 11:59:59.999000+00:00
2025-10-31 12:00:00+00:00,17.325,17.451,17.071,17.279,4393852.28,2025-10-31 15:59:59.999000+00:00
2025-10-31 16:00:00+00:00,17.28,17.364,16.762,17.299,4745019.54,2025-10-31 19:59:59.999000+00:00
2025-10-31 20:00:00+00:00,17.298,17.355,17.117,17.233,1695360.73,2025-10-31 23:59:59.999000+00:00
2025-11-01 00:00:00+00:00,17.233,17.323,17.047,17.313,1535491.38,2025-11-01 03:59:59.999000+00:00
2025-11-01 04:00:00+00:00,17.313,17.332,17.122,17.319,1478562.46,2025-11-01 07:59:59.999000+00:00
2025-11-01 08:00:00+00:00,17.318,17.435,17.24,17.341,1888586.78,2025-11-01 11:59:59.999000+00:00
2025-11-01 12:00:00+00:00,17.342,17.413,17.127,17.248,2179745.11,2025-11-01 15:59:59.999000+00:00
2025-11-01 16:00:00+00:00,17.248,17.332,17.026,17.231,2111596.37,2025-11-01 19:59:59.999000+00:00
2025-11-01 20:00:00+00:00,17.231,17.308,17.045,17.135,1060881.76,2025-11-01 23:59:59.999000+00:00
2025-11-02 00:00:00+00:00,17.136,17.206,17.037,17.146,1118235.63,2025-11-02 03:59:59.999000+00:00
2025-11-02 04:00:00+00:00,17.147,17.589,17.101,17.524,2873545.18,2025-11-02 07:59:59.999000+00:00
2025-11-02 08:00:00+00:00,17.524,17.636,17.24,17.572,2609089.56,2025-11-02 11:59:59.999000+00:00
2025-11-02 12:00:00+00:00,17.572,17.584,17.049,17.127,3078224.04,2025-11-02 15:59:59.999000+00:00
2025-11-02 16:00:00+00:00,17.127,17.287,16.98,17.049,2240403.34,2025-11-02 19:59:59.999000+00:00
2025-11-02 20:00:00+00:00,17.05,17.629,16.982,17.581,2511375.16,2025-11-02 23:59:59.999000+00:00
2025-11-03 00:00:00+00:00,17.581,17.659,16.325,16.354,6745889.41,2025-11-03 03:59:59.999000+00:00
2025-11-03 04:00:00+00:00,16.354,16.509,15.857,16.112,6057024.68,2025-11-03 07:59:59.999000+00:00
2025-11-03 08:00:00+00:00,16.112,16.237,15.8,16.055,4292729.01,2025-11-03 11:59:59.999000+00:00
2025-11-03 12:00:00+00:00,16.055,16.338,14.427,15.294,12713046.66,2025-11-03 15:59:59.999000+00:00
2025-11-03 16:00:00+00:00,15.294,15.85,15.236,15.337,7282894.3,2025-11-03 19:59:59.999000+00:00
2025-11-03 20:00:00+00:00,15.338,15.418,15.039,15.237,4562005.69,2025-11-03 23:59:59.999000+00:00
2025-11-04 00:00:00+00:00,15.239,15.5,15.101,15.417,3338905.35,2025-11-04 03:59:59.999000+00:00
2025-11-04 04:00:00+00:00,15.418,15.5,14.556,14.626,7811765.36,2025-11-04 07:59:59.999000+00:00
2025-11-04 08:00:00+00:00,14.625,15.255,14.516,15.048,5595036.04,2025-11-04 11:59:59.999000+00:00
2025-11-04 12:00:00+00:00,15.049,15.425,14.666,15.113,7926351.64,2025-11-04 15:59:59.999000+00:00
2025-11-04 16:00:00+00:00,15.112,15.229,14.127,14.289,10815842.75,2025-11-04 19:59:59.999000+00:00
2025-11-04 20:00:00+00:00,14.289,14.865,13.686,14.674,12279430.56,2025-11-04 23:59:59.999000+00:00
2025-11-05 00:00:00+00:00,14.675,14.899,13.979,14.845,6860377.62,2025-11-05 03:59:59.999000+00:00
2025-11-05 04:00:00+00:00,14.844,15.011,14.746,14.901,2822359.46,2025-11-05 07:59:59.999000+00:00
2025-11-05 08:00:00+00:00,14.901,14.903,14.53,14.822,3653984.32,2025-11-05 11:59:59.999000+00:00
2025-11-05 12:00:00+00:00,14.823,15.104,14.736,15.086,4450160.03,2025-11-05 15:59:59.999000+00:00
2025-11-05 16:00:00+00:00,15.086,15.393,14.898,15.245,3998430.15,2025-11-05 19:59:59.999000+00:00
2025-11-05 20:00:00+00:00,15.244,15.355,15.048,15.083,3698484.69,2025-11-05 23:59:59.999000+00:00
2025-11-06 00:00:00+00:00,15.084,15.205,14.837,15.122,3474971.68,2025-11-06 03:59:59.999000+00:00
2025-11-06 04:00:00+00:00,15.123,15.229,14.81,14.894,2756474.06,2025-11-06 07:59:59.999000+00:00
2025-11-06 08:00:00+00:00,14.893,14.966,14.744,14.925,2348099.78,2025-11-06 11:59:59.999000+00:00
2025-11-06 12:00:00+00:00,14.925,15.099,14.36,14.459,5897490.78,2025-11-06 15:59:59.999000+00:00
2025-11-06 16:00:00+00:00,14.459,14.777,14.234,14.728,4899150.29,2025-11-06 19:59:59.999000+00:00
2025-11-06 20:00:00+00:00,14.729,14.792,14.486,14.733,2743322.68,2025-11-06 23:59:59.999000+00:00
2025-11-07 00:00:00+00:00,14.734,15.026,14.566,14.944,3905300.56,2025-11-07 03:59:59.999000+00:00
2025-11-07 04:00:00+00:00,14.945,15.165,14.826,15.156,2575208.53,2025-11-07 07:59:59.999000+00:00
2025-11-07 08:00:00+00:00,15.157,15.181,14.489,14.675,3727705.94,2025-11-07 11:59:59.999000+00:00
2025-11-07 12:00:00+00:00,14.675,15.102,14.3,15.022,5556681.66,2025-11-07 15:59:59.999000+00:00
2025-11-07 16:00:00+00:00,15.023,16.213,14.943,16.061,7655833.46,2025-11-07 19:59:59.999000+00:00
2025-11-07 20:00:00+00:00,16.061,16.178,15.738,15.79,2975208.05,2025-11-07 23:59:59.999000+00:00
2025-11-08 00:00:00+00:00,15.791,16.028,15.61,15.755,3622701.92,2025-11-08 03:59:59.999000+00:00
2025-11-08 04:00:00+00:00,15.755,15.926,15.523,15.709,2694186.86,2025-11-08 07:59:59.999000+00:00
2025-11-08 08:00:00+00:00,15.71,15.925,15.595,15.676,3239968.81,2025-11-08 11:59:59.999000+00:00
2025-11-08 12:00:00+00:00,15.676,15.717,15.165,15.203,3746142.35,2025-11-08 15:59:59.999000+00:00
2025-11-08 16:00:00+00:00,15.203,15.439,15.109,15.36,2276814.47,2025-11-08 19:59:59.999000+00:00
2025-11-08 20:00:00+00:00,15.359,15.541,15.268,15.508,1040321.27,2025-11-08 23:59:59.999000+00:00
2025-11-09 00:00:00+00:00,15.509,15.515,15.012,15.095,2515929.96,2025-11-09 03:59:59.999000+00:00
2025-11-09 04:00:00+00:00,15.094,15.425,15.04,15.359,1962508.54,2025-11-09 07:59:59.999000+00:00
2025-11-09 08:00:00+00:00,15.359,15.488,15.068,15.421,2470387.93,2025-11-09 11:59:59.999000+00:00
2025-11-09 12:00:00+00:00,15.425,15.937,15.386,15.813,3997587.47,2025-11-09 15:59:59.999000+00:00
2025-11-09 16:00:00+00:00,15.813,16.086,15.711,16.082,2258096.19,2025-11-09 19:59:59.999000+00:00
2025-11-09 20:00:00+00:00,16.081,16.123,15.823,15.919,1832813.83,2025-11-09 23:59:59.999000+00:00
2025-11-10 00:00:00+00:00,15.92,16.303,15.776,16.228,2964282.25,2025-11-10 03:59:59.999000+00:00
2025-11-10 04:00:00+00:00,16.229,16.428,16.146,16.349,2212624.68,2025-11-10 07:59:59.999000+00:00
2025-11-10 08:00:00+00:00,16.349,16.645,16.179,16.51,2796033.7,2025-11-10 11:59:59.999000+00:00
2025-11-10 12:00:00+00:00,16.51,16.662,15.967,16.083,5204805.01,2025-11-10 15:59:59.999000+00:00
2025-11-10 16:00:00+00:00,16.082,16.276,15.922,16.149,3026863.33,2025-11-10 19:59:59.999000+00:00
2025-11-10 20:00:00+00:00,16.148,16.451,15.952,16.358,2389900.92,2025-11-10 23:59:59.999000+00:00
2025-11-11 00:00:00+00:00,16.359,16.789,16.166,16.626,3869145.46,2025-11-11 03:59:59.999000+00:00
2025-11-11 04:00:00+00:00,16.625,16.676,15.975,15.98,3257564.06,2025-11-11 07:59:59.999000+00:00
2025-11-11 08:00:00+00:00,15.981,16.218,15.949,16.189,2218109.85,2025-11-11 11:59:59.999000+00:00
2025-11-11 12:00:00+00:00,16.19,16.288,15.7,15.791,4401368.81,2025-11-11 15:59:59.999000+00:00
2025-11-11 16:00:00+00:00,15.791,15.886,15.583,15.629,2806623.64,2025-11-11 19:59:59.999000+00:00
2025-11-11 20:00:00+00:00,15.629,15.645,15.23,15.275,3335292.58,2025-11-11 23:59:59.999000+00:00
2025-11-12 00:00:00+00:00,15.276,15.458,15.174,15.386,2815547.71,2025-11-12 03:59:59.999000+00:00
2025-11-12 04:00:00+00:00,15.386,15.545,15.298,15.326,2482135.51,2025-11-12 07:59:59.999000+00:00
2025-11-12 08:00:00+00:00,15.326,16.187,15.326,16.106,4622627.27,2025-11-12 11:59:59.999000+00:00
2025-11-12 12:00:00+00:00,16.107,16.244,15.322,15.366,6367533.36,2025-11-12 15:59:59.999000+00:00
2025-11-12 16:00:00+00:00,15.366,15.413,14.907,15.07,6032887.41,2025-11-12 19:59:59.999000+00:00
2025-11-12 20:00:00+00:00,15.07,15.307,15.015,15.142,2389301.82,2025-11-12 23:59:59.999000+00:00
2025-11-13 00:00:00+00:00,15.142,15.653,15.049,15.528,3329387.7,2025-11-13 03:59:59.999000+00:00
2025-11-13 04:00:00+00:00,15.529,16.014,15.428,15.873,3985776.37,2025-11-13 07:59:59.999000+00:00
2025-11-13 08:00:00+00:00,15.873,15.947,15.64,15.733,2488466.17,2025-11-13 11:59:59.999000+00:00
2025-11-13 12:00:00+00:00,15.734,15.789,15.234,15.311,5516549.23,2025-11-13 15:59:59.999000+00:00
2025-11-13 16:00:00+00:00,15.31,15.363,14.186,14.272,8353581.53,2025-11-13 19:59:59.999000+00:00
2025-11-13 20:00:00+00:00,14.272,14.721,14.138,14.537,5100639.27,2025-11-13 23:59:59.999000+00:00
2025-11-14 00:00:00+00:00,14.537,14.599,14.342,14.426,3240480.76,2025-11-14 03:59:59.999000+00:00
2025-11-14 04:00:00+00:00,14.426,14.56,13.901,14.44,7685648.54,2025-11-14 07:59:59.999000+00:00
2025-11-14 08:00:00+00:00,14.44,14.447,14.104,14.179,4150083.14,2025-11-14 11:59:59.999000+00:00
2025-11-14 12:00:00+00:00,14.18,14.454,13.816,14.286,8477763.16,2025-11-14 15:59:59.999000+00:00
2025-11-14 16:00:00+00:00,14.286,14.489,14.055,14.293,4145355.13,2025-11-14 19:59:59.999000+00:00
2025-11-14 20:00:00+00:00,14.294,14.304,13.571,13.802,4023550.93,2025-11-14 23:59:59.999000+00:00
2025-11-15 00:00:00+00:00,13.801,14.279,13.787,14.192,2756995.88,2025-11-15 03:59:59.999000+00:00
2025-11-15 04:00:00+00:00,14.193,14.281,14.054,14.076,2217151.34,2025-11-15 07:59:59.999000+00:00
2025-11-15 08:00:00+00:00,14.077,14.099,13.824,14.008,2777178.94,2025-11-15 11:59:59.999000+00:00
2025-11-15 12:00:00+00:00,14.009,14.291,13.962,14.165,2372305.47,2025-11-15 15:59:59.999000+00:00
2025-11-15 16:00:00+00:00,14.165,14.33,14.055,14.211,2181017.66,2025-11-15 19:59:59.999000+00:00
2025-11-15 20:00:00+00:00,14.211,14.213,13.984,14.128,1979888.23,2025-11-15 23:59:59.999000+00:00
2025-11-16 00:00:00+00:00,14.127,14.251,13.842,14.184,2597197.89,2025-11-16 03:59:59.999000+00:00
2025-11-16 04:00:00+00:00,14.184,14.335,14.096,14.328,1265763.83,2025-11-16 07:59:59.999000+00:00
2025-11-16 08:00:00+00:00,14.329,14.518,14.018,14.055,4035869.18,2025-11-16 11:59:59.999000+00:00
2025-11-16 12:00:00+00:00,14.054,14.189,13.749,13.777,3753405.09,2025-11-16 15:59:59.999000+00:00
2025-11-16 16:00:00+00:00,13.776,13.88,13.385,13.623,6185520.64,2025-11-16 19:59:59.999000+00:00
2025-11-16 20:00:00+00:00,13.623,13.848,13.392,13.727,4061724.85,2025-11-16 23:59:59.999000+00:00
2025-11-17 00:00:00+00:00,13.727,13.991,13.571,13.976,2912043.98,2025-11-17 03:59:59.999000+00:00
2025-11-17 04:00:00+00:00,13.976,14.157,13.91,14.114,1930833.56,2025-11-17 07:59:59.999000+00:00
2025-11-17 08:00:00+00:00,14.115,14.204,14.017,14.159,1766355.17,2025-11-17 11:59:59.999000+00:00
2025-11-17 12:00:00+00:00,14.158,14.28,13.587,13.706,7713026.37,2025-11-17 15:59:59.999000+00:00
2025-11-17 16:00:00+00:00,13.706,13.789,13.083,13.21,7476627.06,2025-11-17 19:59:59.999000+00:00
2025-11-17 20:00:00+00:00,13.21,13.349,13.074,13.323,3840970.36,2025-11-17 23:59:59.999000+00:00
2025-11-18 00:00:00+00:00,13.322,13.516,13.05,13.452,5490902.52,2025-11-18 03:59:59.999000+00:00
2025-11-18 04:00:00+00:00,13.452,13.585,13.231,13.381,4488327.84,2025-11-18 07:59:59.999000+00:00
2025-11-18 08:00:00+00:00,13.381,13.592,13.368,13.486,2804963.26,2025-11-18 11:59:59.999000+00:00
2025-11-18 12:00:00+00:00,13.487,13.826,13.282,13.707,5333964.54,2025-11-18 15:59:59.999000+00:00
2025-11-18 16:00:00+00:00,13.707,13.99,13.677,13.902,3307358.45,2025-11-18 19:59:59.999000+00:00
2025-11-18 20:00:00+00:00,13.903,13.951,13.699,13.797,1912814.84,2025-11-18 23:59:59.999000+00:00
2025-11-19 00:00:00+00:00,13.796,13.835,13.459,13.495,3397313.03,2025-11-19 03:59:59.999000+00:00
2025-11-19 04:00:00+00:00,13.495,13.538,13.107,13.474,4316243.35,2025-11-19 07:59:59.999000+00:00
2025-11-19 08:00:00+00:00,13.474,13.551,13.322,13.388,3045859.22,2025-11-19 11:59:59.999000+00:00
2025-11-19 12:00:00+00:00,13.388,13.503,12.972,13.01,5903103.41,2025-11-19 15:59:59.999000+00:00
2025-11-19 16:00:00+00:00,13.009,13.127,12.757,12.878,7148788.99,2025-11-19 19:59:59.999000+00:00
2025-11-19 20:00:00+00:00,12.879,13.591,12.844,13.52,4776948.72,2025-11-19 23:59:59.999000+00:00
2025-11-20 00:00:00+00:00,13.521,13.706,13.455,13.65,2285252.42,2025-11-20 03:59:59.999000+00:00
2025-11-20 04:00:00+00:00,13.649,13.947,13.582,13.942,3528589.96,2025-11-20 07:59:59.999000+00:00
2025-11-20 08:00:00+00:00,13.942,14.0,13.564,13.706,3889986.59,2025-11-20 11:59:59.999000+00:00
2025-11-20 12:00:00+00:00,13.707,13.915,13.4,13.417,5109341.08,2025-11-20 15:59:59.999000+00:00
2025-11-20 16:00:00+00:00,13.416,13.441,12.759,12.99,9928225.41,2025-11-20 19:59:59.999000+00:00
2025-11-20 20:00:00+00:00,12.989,13.336,12.832,12.932,3588576.68,2025-11-20 23:59:59.999000+00:00
2025-11-21 00:00:00+00:00,12.931,13.206,12.787,12.86,4131289.2,2025-11-21 03:59:59.999000+00:00
2025-11-21 04:00:00+00:00,12.859,12.922,11.675,12.264,9244318.17,2025-11-21 07:59:59.999000+00:00
2025-11-21 08:00:00+00:00,12.265,12.419,11.847,11.886,7502941.21,2025-11-21 11:59:59.999000+00:00
2025-11-21 12:00:00+00:00,11.887,12.313,11.602,11.907,12544664.43,2025-11-21 15:59:59.999000+00:00
2025-11-21 16:00:00+00:00,11.906,12.358,11.723,12.114,10103819.04,2025-11-21 19:59:59.999000+00:00
2025-11-21 20:00:00+00:00,12.113,12.242,11.786,12.11,5666224.89,2025-11-21 23:59:59.999000+00:00
2025-11-22 00:00:00+00:00,12.11,12.24,12.024,12.105,3166395.55,2025-11-22 03:59:59.999000+00:00
2025-11-22 04:00:00+00:00,12.105,12.111,11.831,11.991,3702593.43,2025-11-22 07:59:59.999000+00:00
2025-11-22 08:00:00+00:00,11.991,12.019,11.746,11.96,3703507.19,2025-11-22 11:59:59.999000+00:00
2025-11-22 12:00:00+00:00,11.959,12.005,11.731,11.915,3469613.53,2025-11-22 15:59:59.999000+00:00
2025-11-22 16:00:00+00:00,11.914,12.095,11.905,11.994,1982810.76,2025-11-22 19:59:59.999000+00:00
2025-11-22 20:00:00+00:00,11.993,12.299,11.933,12.166,1865265.26,2025-11-22 23:59:59.999000+00:00
2025-11-23 00:00:00+00:00,12.166,12.464,12.105,12.455,2264350.61,2025-11-23 03:59:59.999000+00:00
2025-11-23 04:00:00+00:00,12.455,12.596,12.292,12.356,2488103.92,2025-11-23 07:59:59.999000+00:00
2025-11-23 08:00:00+00:00,12.356,12.602,12.356,12.512,3729528.11,2025-11-23 11:59:59.999000+00:00
2025-11-23 12:00:00+00:00,12.511,12.724,12.485,12.674,3153194.86,2025-11-23 15:59:59.999000+00:00
2025-11-23 16:00:00+00:00,12.674,12.742,12.444,12.628,2708144.75,2025-11-23 19:59:59.999000+00:00
2025-11-23 20:00:00+00:00,12.627,12.741,12.481,12.511,1747340.11,2025-11-23 23:59:59.999000+00:00
2025-11-24 00:00:00+00:00,12.512,12.836,12.347,12.678,3680293.32,2025-11-24 03:59:59.999000+00:00
2025-11-24 04:00:00+00:00,12.678,12.852,12.466,12.572,3130623.99,2025-11-24 07:59:59.999000+00:00
2025-11-24 08:00:00+00:00,12.572,12.643,12.35,12.491,2922792.69,2025-11-24 11:59:59.999000+00:00
2025-11-24 12:00:00+00:00,12.491,12.69,12.295,12.616,4230427.92,2025-11-24 15:59:59.999000+00:00
2025-11-24 16:00:00+00:00,12.616,13.198,12.599,12.992,5321977.4,2025-11-24 19:59:59.999000+00:00
2025-11-24 20:00:00+00:00,12.992,13.154,12.942,12.962,2249446.67,2025-11-24 23:59:59.999000+00:00
2025-11-25 00:00:00+00:00,12.962,13.031,12.858,12.896,2225858.39,2025-11-25 03:59:59.999000+00:00
2025-11-25 04:00:00+00:00,12.896,13.038,12.802,12.811,1886063.73,2025-11-25 07:59:59.999000+00:00
2025-11-25 08:00:00+00:00,12.81,12.873,12.651,12.767,2787915.66,2025-11-25 11:59:59.999000+00:00
2025-11-25 12:00:00+00:00,12.768,12.943,12.541,12.729,4745410.53,2025-11-25 15:59:59.999000+00:00
2025-11-25 16:00:00+00:00,12.729,13.14,12.718,12.971,3858627.12,2025-11-25 19:59:59.999000+00:00
2025-11-25 20:00:00+00:00,12.971,13.216,12.858,13.077,3358139.22,2025-11-25 23:59:59.999000+00:00
2025-11-26 00:00:00+00:00,13.078,13.164,12.924,12.944,2018400.17,2025-11-26 03:59:59.999000+00:00
2025-11-26 04:00:00+00:00,12.945,13.072,12.911,13.066,1446304.95,2025-11-26 07:59:59.999000+00:00
2025-11-26 08:00:00+00:00,13.067,13.08,12.793,12.836,2206447.22,2025-11-26 11:59:59.999000+00:00
2025-11-26 12:00:00+00:00,12.836,13.001,12.74,12.869,2671463.1,2025-11-26 15:59:59.999000+00:00
2025-11-26 16:00:00+00:00,12.87,13.503,12.865,13.45,4677020.0,2025-11-26 19:59:59.999000+00:00
2025-11-26 20:00:00+00:00,13.449,13.494,13.354,13.449,1608251.14,2025-11-26 23:59:59.999000+00:00
2025-11-27 00:00:00+00:00,13.448,13.568,13.352,13.365,2096005.09,2025-11-27 03:59:59.999000+00:00
2025-11-27 04:00:00+00:00,13.366,13.451,13.273,13.348,1493887.61,2025-11-27 07:59:59.999000+00:00
2025-11-27 08:00:00+00:00,13.348,13.432,13.26,13.336,1346652.01,2025-11-27 11:59:59.999000+00:00
2025-11-27 12:00:00+00:00,13.336,13.47,13.221,13.458,1902177.58,2025-11-27 15:59:59.999000+00:00
2025-11-27 16:00:00+00:00,13.458,13.533,13.393,13.462,1618443.4,2025-11-27 19:59:59.999000+00:00
2025-11-27 20:00:00+00:00,13.462,13.51,13.297,13.329,1165869.35,2025-11-27 23:59:59.999000+00:00
2025-11-28 00:00:00+00:00,13.329,13.385,13.135,13.283,2127016.41,2025-11-28 03:59:59.999000+00:00
2025-11-28 04:00:00+00:00,13.283,13.329,13.183,13.216,1441413.24,2025-11-28 07:59:59.999000+00:00
2025-11-28 08:00:00+00:00,13.217,13.543,13.211,13.295,2909357.3,2025-11-28 11:59:59.999000+00:00
2025-11-28 12:00:00+00:00,13.295,13.52,13.246,13.415,2740149.26,2025-11-28 15:59:59.999000+00:00
2025-11-28 16:00:00+00:00,13.415,13.417,13.034,13.198,3440811.0,2025-11-28 19:59:59.999000+00:00
2025-11-28 20:00:00+00:00,13.199,13.214,13.063,13.114,1363157.1,2025-11-28 23:59:59.999000+00:00
2025-11-29 00:00:00+00:00,13.115,13.205,13.047,13.069,1124004.12,2025-11-29 03:59:59.999000+00:00
2025-11-29 04:00:00+00:00,13.069,13.154,12.976,13.091,1790267.54,2025-11-29 07:59:59.999000+00:00
2025-11-29 08:00:00+00:00,13.091,13.162,13.017,13.149,1352387.12,2025-11-29 11:59:59.999000+00:00
2025-11-29 12:00:00+00:00,13.15,13.214,13.037,13.165,1294828.47,2025-11-29 15:59:59.999000+00:00
2025-11-29 16:00:00+00:00,13.166,13.168,12.904,13.014,2133613.41,2025-11-29 19:59:59.999000+00:00
2025-11-29 20:00:00+00:00,13.014,13.046,12.941,12.976,1153316.78,2025-11-29 23:59:59.999000+00:00
2025-11-30 00:00:00+00:00,12.976,13.119,12.935,13.103,1237388.33,2025-11-30 03:59:59.999000+00:00
2025-11-30 04:00:00+00:00,13.104,13.109,12.971,13.046,894204.52,2025-11-30 07:59:59.999000+00:00
2025-11-30 08:00:00+00:00,13.047,13.109,12.988,12.994,1515869.01,2025-11-30 11:59:59.999000+00:00
2025-11-30 12:00:00+00:00,12.995,13.326,12.964,13.24,2854878.28,2025-11-30 15:59:59.999000+00:00
2025-11-30 16:00:00+00:00,13.24,13.413,13.235,13.303,1720909.36,2025-11-30 19:59:59.999000+00:00
2025-11-30 20:00:00+00:00,13.303,13.355,12.928,12.945,2021441.69,2025-11-30 23:59:59.999000+00:00
2025-12-01 00:00:00+00:00,12.944,12.973,12.094,12.135,9288994.66,2025-12-01 03:59:59.999000+00:00
2025-12-01 04:00:00+00:00,12.134,12.274,12.031,12.183,3505202.98,2025-12-01 07:59:59.999000+00:00
2025-12-01 08:00:00+00:00,12.183,12.207,12.103,12.112,2054989.74,2025-12-01 11:59:59.999000+00:00
2025-12-01 12:00:00+00:00,12.112,12.207,11.813,11.996,5837888.15,2025-12-01 15:59:59.999000+00:00
2025-12-01 16:00:00+00:00,11.997,12.002,11.739,11.832,4112356.96,2025-12-01 19:59:59.999000+00:00
2025-12-01 20:00:00+00:00,11.832,12.159,11.83,12.067,2649029.31,2025-12-01 23:59:59.999000+00:00
2025-12-02 00:00:00+00:00,12.067,12.223,11.968,12.094,1862868.1,2025-12-02 03:59:59.999000+00:00
2025-12-02 04:00:00+00:00,12.094,12.183,12.071,12.124,1335366.99,2025-12-02 07:59:59.999000+00:00
2025-12-02 08:00:00+00:00,12.123,12.278,11.989,12.25,2458027.0,2025-12-02 11:59:59.999000+00:00
2025-12-02 12:00:00+00:00,12.251,13.412,12.182,13.292,7600528.74,2025-12-02 15:59:59.999000+00:00
2025-12-02 16:00:00+00:00,13.293,13.498,13.225,13.407,5359626.03,2025-12-02 19:59:59.999000+00:00
2025-12-02 20:00:00+00:00,13.408,13.586,13.267,13.462,3265992.81,2025-12-02 23:59:59.999000+00:00
2025-12-03 00:00:00+00:00,13.462,13.991,13.431,13.934,4644294.79,2025-12-03 03:59:59.999000+00:00
2025-12-03 04:00:00+00:00,13.935,14.415,13.903,14.378,5599898.3,2025-12-03 07:59:59.999000+00:00
2025-12-03 08:00:00+00:00,14.377,14.589,14.272,14.43,4877833.17,2025-12-03 11:59:59.999000+00:00
2025-12-03 12:00:00+00:00,14.43,14.671,14.193,14.387,7421489.04,2025-12-03 15:59:59.999000+00:00
2025-12-03 16:00:00+00:00,14.388,14.556,14.277,14.417,3460790.18,2025-12-03 19:59:59.999000+00:00
2025-12-03 20:00:00+00:00,14.416,14.738,14.342,14.631,3792765.29,2025-12-03 23:59:59.999000+00:00
2025-12-04 00:00:00+00:00,14.631,14.921,14.51,14.61,4462038.4,2025-12-04 03:59:59.999000+00:00
2025-12-04 04:00:00+00:00,14.61,14.631,14.342,14.535,3112303.33,2025-12-04 07:59:59.999000+00:00
2025-12-04 08:00:00+00:00,14.536,14.785,14.432,14.474,3320371.56,2025-12-04 11:59:59.999000+00:00
2025-12-04 12:00:00+00:00,14.474,14.588,14.212,14.47,3666284.06,2025-12-04 15:59:59.999000+00:00
2025-12-04 16:00:00+00:00,14.47,14.541,13.957,14.2,4104730.38,2025-12-04 19:59:59.999000+00:00
2025-12-04 20:00:00+00:00,14.199,14.378,14.148,14.248,2007425.08,2025-12-04 23:59:59.999000+00:00
2025-12-05 00:00:00+00:00,14.248,14.393,14.185,14.246,2247621.1,2025-12-05 03:59:59.999000+00:00
2025-12-05 04:00:00+00:00,14.247,14.304,14.134,14.242,1743925.82,2025-12-05 07:59:59.999000+00:00
2025-12-05 08:00:00+00:00,14.242,14.324,13.958,14.043,3157934.2,2025-12-05 11:59:59.999000+00:00
2025-12-05 12:00:00+00:00,14.043,14.162,13.732,13.935,4927012.77,2025-12-05 15:59:59.999000+00:00
2025-12-05 16:00:00+00:00,13.934,13.943,13.355,13.555,6263077.05,2025-12-05 19:59:59.999000+00:00
2025-12-05 20:00:00+00:00,13.555,13.644,13.465,13.581,1493805.53,2025-12-05 23:59:59.999000+00:00
2025-12-06 00:00:00+00:00,13.581,13.765,13.486,13.664,1581008.16,2025-12-06 03:59:59.999000+00:00
2025-12-06 04:00:00+00:00,13.665,13.671,13.518,13.593,1503845.42,2025-12-06 07:59:59.999000+00:00
2025-12-06 08:00:00+00:00,13.593,13.77,13.492,13.742,2033613.53,2025-12-06 11:59:59.999000+00:00
2025-12-06 12:00:00+00:00,13.742,13.929,13.626,13.81,2955987.02,2025-12-06 15:59:59.999000+00:00
2025-12-06 16:00:00+00:00,13.81,14.071,13.795,13.871,2473224.66,2025-12-06 19:59:59.999000+00:00
2025-12-06 20:00:00+00:00,13.872,14.021,13.841,13.912,1364062.87,2025-12-06 23:59:59.999000+00:00
2025-12-07 00:00:00+00:00,13.912,14.007,13.881,14.003,1123407.24,2025-12-07 03:59:59.999000+00:00
2025-12-07 04:00:00+00:00,14.003,14.029,13.853,13.921,1210685.17,2025-12-07 07:59:59.999000+00:00
2025-12-07 08:00:00+00:00,13.921,13.927,13.731,13.776,1532635.8,2025-12-07 11:59:59.999000+00:00
2025-12-07 12:00:00+00:00,13.777,13.944,13.168,13.6,6848355.09,2025-12-07 15:59:59.999000+00:00
2025-12-07 16:00:00+00:00,13.599,14.168,13.459,14.054,4066091.76,2025-12-07 19:59:59.999000+00:00
2025-12-07 20:00:00+00:00,14.054,14.114,13.412,13.641,3351036.59,2025-12-07 23:59:59.999000+00:00
2025-12-08 00:00:00+00:00,13.642,14.039,13.57,13.884,2421102.44,2025-12-08 03:59:59.999000+00:00
2025-12-08 04:00:00+00:00,13.883,14.06,13.865,14.001,1700762.2,2025-12-08 07:59:59.999000+00:00
2025-12-08 08:00:00+00:00,14.001,14.285,13.903,13.933,2703636.31,2025-12-08 11:59:59.999000+00:00
2025-12-08 12:00:00+00:00,13.933,14.091,13.669,13.731,4480647.98,2025-12-08 15:59:59.999000+00:00
2025-12-08 16:00:00+00:00,13.73,13.897,13.551,13.695,3125763.3,2025-12-08 19:59:59.999000+00:00
2025-12-08 20:00:00+00:00,13.696,13.916,13.694,13.754,1696573.29,2025-12-08 23:59:59.999000+00:00
2025-12-09 00:00:00+00:00,13.754,13.852,13.532,13.703,2622611.41,2025-12-09 03:59:59.999000+00:00
2025-12-09 04:00:00+00:00,13.704,13.842,13.564,13.829,1763635.37,2025-12-09 07:59:59.999000+00:00
2025-12-09 08:00:00+00:00,13.829,13.859,13.598,13.729,1781574.14,2025-12-09 11:59:59.999000+00:00
2025-12-09 12:00:00+00:00,13.729,14.432,13.634,14.403,4887412.0,2025-12-09 15:59:59.999000+00:00
2025-12-09 16:00:00+00:00,14.402,15.006,14.402,14.642,6853870.51,2025-12-09 19:59:59.999000+00:00
2025-12-09 20:00:00+00:00,14.642,14.645,14.216,14.399,2732904.66,2025-12-09 23:59:59.999000+00:00
2025-12-10 00:00:00+00:00,14.399,14.447,14.201,14.203,2122354.04,2025-12-10 03:59:59.999000+00:00
2025-12-10 04:00:00+00:00,14.204,14.269,14.1,14.169,1854890.91,2025-12-10 07:59:59.999000+00:00
2025-12-10 08:00:00+00:00,14.17,14.427,14.042,14.167,3203245.55,2025-12-10 11:59:59.999000+00:00
2025-12-10 12:00:00+00:00,14.167,14.177,13.931,14.011,2374768.01,2025-12-10 15:59:59.999000+00:00
2025-12-10 16:00:00+00:00,14.012,14.646,13.97,14.493,6450678.74,2025-12-10 19:59:59.999000+00:00
2025-12-10 20:00:00+00:00,14.493,14.884,14.048,14.088,6518127.4,2025-12-10 23:59:59.999000+00:00
2025-12-11 00:00:00+00:00,14.088,14.126,13.437,13.518,4076404.38,2025-12-11 03:59:59.999000+00:00
2025-12-11 04:00:00+00:00,13.518,13.675,13.454,13.531,2394778.43,2025-12-11 07:59:59.999000+00:00
2025-12-11 08:00:00+00:00,13.53,13.623,13.42,13.593,1791710.46,2025-12-11 11:59:59.999000+00:00
2025-12-11 12:00:00+00:00,13.594,13.717,13.424,13.51,3588575.76,2025-12-11 15:59:59.999000+00:00
2025-12-11 16:00:00+00:00,13.51,13.85,13.382,13.697,3190255.47,2025-12-11 19:59:59.999000+00:00
2025-12-11 20:00:00+00:00,13.696,14.207,13.692,14.06,4349733.25,2025-12-11 23:59:59.999000+00:00
2025-12-12 00:00:00+00:00,14.059,14.177,13.818,14.0,2385658.09,2025-12-12 03:59:59.999000+00:00
2025-12-12 04:00:00+00:00,13.999,14.196,13.94,14.05,1490626.61,2025-12-12 07:59:59.999000+00:00
2025-12-12 08:00:00+00:00,14.05,14.123,13.92,14.111,1685599.01,2025-12-12 11:59:59.999000+00:00
2025-12-12 12:00:00+00:00,14.111,14.339,13.417,13.523,5199546.12,2025-12-12 15:59:59.999000+00:00
2025-12-12 16:00:00+00:00,13.522,13.66,13.266,13.576,4879889.03,2025-12-12 19:59:59.999000+00:00
2025-12-12 20:00:00+00:00,13.577,13.69,13.531,13.627,1356244.28,2025-12-12 23:59:59.999000+00:00
2025-12-13 00:00:00+00:00,13.627,13.734,13.591,13.704,1009252.38,2025-12-13 03:59:59.999000+00:00
2025-12-13 04:00:00+00:00,13.704,13.795,13.684,13.783,1186482.68,2025-12-13 07:59:59.999000+00:00
2025-12-13 08:00:00+00:00,13.783,13.965,13.782,13.806,1667769.78,2025-12-13 11:59:59.999000+00:00
2025-12-13 12:00:00+00:00,13.806,13.842,13.642,13.813,1741907.22,2025-12-13 15:59:59.999000+00:00
2025-12-13 16:00:00+00:00,13.812,13.859,13.681,13.74,961069.52,2025-12-13 19:59:59.999000+00:00
2025-12-13 20:00:00+00:00,13.741,13.752,13.606,13.725,703950.66,2025-12-13 23:59:59.999000+00:00
2025-12-14 00:00:00+00:00,13.725,13.787,13.691,13.701,867581.85,2025-12-14 03:59:59.999000+00:00
2025-12-14 04:00:00+00:00,13.702,13.73,13.609,13.711,879971.83,2025-12-14 07:59:59.999000+00:00
2025-12-14 08:00:00+00:00,13.71,13.751,13.42,13.561,2023125.83,2025-12-14 11:59:59.999000+00:00
2025-12-14 12:00:00+00:00,13.562,13.661,13.404,13.465,1757297.25,2025-12-14 15:59:59.999000+00:00
2025-12-14 16:00:00+00:00,13.464,13.562,13.331,13.389,1762789.89,2025-12-14 19:59:59.999000+00:00
2025-12-14 20:00:00+00:00,13.388,13.437,13.084,13.267,1968005.96,2025-12-14 23:59:59.999000+00:00
2025-12-15 00:00:00+00:00,13.267,13.707,13.251,13.525,2204952.87,2025-12-15 03:59:59.999000+00:00
2025-12-15 04:00:00+00:00,13.526,13.694,13.468,13.566,1314117.82,2025-12-15 07:59:59.999000+00:00
2025-12-15 08:00:00+00:00,13.567,13.731,13.543,13.61,1245763.04,2025-12-15 11:59:59.999000+00:00
2025-12-15 12:00:00+00:00,13.61,13.691,12.718,12.773,6346036.11,2025-12-15 15:59:59.999000+00:00
2025-12-15 16:00:00+00:00,12.773,12.831,12.46,12.737,4614472.96,2025-12-15 19:59:59.999000+00:00
2025-12-15 20:00:00+00:00,12.737,12.892,12.601,12.851,2430075.8,2025-12-15 23:59:59.999000+00:00
2025-12-16 00:00:00+00:00,12.85,12.884,12.663,12.738,2148564.09,2025-12-16 03:59:59.999000+00:00
2025-12-16 04:00:00+00:00,12.739,12.878,12.539,12.688,1747717.48,2025-12-16 07:59:59.999000+00:00
2025-12-16 08:00:00+00:00,12.688,12.976,12.677,12.953,2543020.57,2025-12-16 11:59:59.999000+00:00
2025-12-16 12:00:00+00:00,12.952,13.128,12.68,13.038,4769349.95,2025-12-16 15:59:59.999000+00:00
2025-12-16 16:00:00+00:00,13.037,13.051,12.769,12.933,2247736.79,2025-12-16 19:59:59.999000+00:00
2025-12-16 20:00:00+00:00,12.932,12.996,12.863,12.92,924909.43,2025-12-16 23:59:59.999000+00:00
2025-12-17 00:00:00+00:00,12.921,12.987,12.753,12.818,1759671.42,2025-12-17 03:59:59.999000+00:00
2025-12-17 04:00:00+00:00,12.819,12.829,12.637,12.767,1819577.44,2025-12-17 07:59:59.999000+00:00
2025-12-17 08:00:00+00:00,12.767,12.767,12.581,12.691,1419535.22,2025-12-17 11:59:59.999000+00:00
2025-12-17 12:00:00+00:00,12.691,13.176,12.463,12.561,7681615.34,2025-12-17 15:59:59.999000+00:00
2025-12-17 16:00:00+00:00,12.561,12.645,12.113,12.277,6564801.33,2025-12-17 19:59:59.999000+00:00
2025-12-17 20:00:00+00:00,12.277,12.369,12.154,12.261,1936123.77,2025-12-17 23:59:59.999000+00:00
2025-12-18 00:00:00+00:00,12.261,12.29,12.132,12.187,2428353.22,2025-12-18 03:59:59.999000+00:00
2025-12-18 04:00:00+00:00,12.186,12.24,12.054,12.169,1763935.57,2025-12-18 07:59:59.999000+00:00
2025-12-18 08:00:00+00:00,12.17,12.298,12.153,12.283,1690774.32,2025-12-18 11:59:59.999000+00:00
2025-12-18 12:00:00+00:00,12.284,12.872,12.229,12.628,6244442.17,2025-12-18 15:59:59.999000+00:00
2025-12-18 16:00:00+00:00,12.627,12.658,11.728,11.75,7946175.43,2025-12-18 19:59:59.999000+00:00
2025-12-18 20:00:00+00:00,11.75,12.06,11.734,11.929,2958885.97,2025-12-18 23:59:59.999000+00:00
2025-12-19 00:00:00+00:00,11.93,12.34,11.835,12.219,3513778.27,2025-12-19 03:59:59.999000+00:00
2025-12-19 04:00:00+00:00,12.219,12.501,12.187,12.37,2470046.89,2025-12-19 07:59:59.999000+00:00
2025-12-19 08:00:00+00:00,12.37,12.453,12.334,12.438,1586994.8,2025-12-19 11:59:59.999000+00:00
2025-12-19 12:00:00+00:00,12.439,12.752,12.37,12.465,3718752.26,2025-12-19 15:59:59.999000+00:00
2025-12-19 16:00:00+00:00,12.464,12.7,12.37,12.625,2934604.49,2025-12-19 19:59:59.999000+00:00
2025-12-19 20:00:00+00:00,12.625,12.672,12.516,12.533,1386419.92,2025-12-19 23:59:59.999000+00:00
2025-12-20 00:00:00+00:00,12.534,12.575,12.472,12.543,944640.57,2025-12-20 03:59:59.999000+00:00
2025-12-20 04:00:00+00:00,12.543,12.623,12.474,12.609,1132591.76,2025-12-20 07:59:59.999000+00:00
2025-12-20 08:00:00+00:00,12.608,12.712,12.59,12.677,1570898.66,2025-12-20 11:59:59.999000+00:00
2025-12-20 12:00:00+00:00,12.678,12.689,12.544,12.614,1246535.13,2025-12-20 15:59:59.999000+00:00
2025-12-20 16:00:00+00:00,12.615,12.641,12.553,12.578,855022.17,2025-12-20 19:59:59.999000+00:00
2025-12-20 20:00:00+00:00,12.578,12.639,12.523,12.547,698363.71,2025-12-20 23:59:59.999000+00:00
2025-12-21 00:00:00+00:00,12.547,12.595,12.376,12.481,1825167.2,2025-12-21 03:59:59.999000+00:00
2025-12-21 04:00:00+00:00,12.482,12.554,12.481,12.508,678213.78,2025-12-21 07:59:59.999000+00:00
2025-12-21 08:00:00+00:00,12.508,12.706,12.478,12.569,1572860.6,2025-12-21 11:59:59.999000+00:00
2025-12-21 12:00:00+00:00,12.57,12.632,12.214,12.324,3530310.39,2025-12-21 15:59:59.999000+00:00
2025-12-21 16:00:00+00:00,12.324,12.43,12.263,12.398,1465630.0,2025-12-21 19:59:59.999000+00:00
2025-12-21 20:00:00+00:00,12.398,12.481,12.271,12.43,1257892.77,2025-12-21 23:59:59.999000+00:00
2025-12-22 00:00:00+00:00,12.43,12.714,12.313,12.54,3100878.22,2025-12-22 03:59:59.999000+00:00
2025-12-22 04:00:00+00:00,12.54,12.643,12.489,12.573,1566140.53,2025-12-22 07:59:59.999000+00:00
2025-12-22 08:00:00+00:00,12.573,12.738,12.549,12.685,2181738.06,2025-12-22 11:59:59.999000+00:00
2025-12-22 12:00:00+00:00,12.686,12.955,12.627,12.801,3838666.23,2025-12-22 15:59:59.999000+00:00
2025-12-22 16:00:00+00:00,12.802,12.857,12.417,12.441,2524198.93,2025-12-22 19:59:59.999000+00:00
2025-12-22 20:00:00+00:00,12.441,12.679,12.348,12.58,2545157.71,2025-12-22 23:59:59.999000+00:00
2025-12-23 00:00:00+00:00,12.579,12.694,12.429,12.49,1567661.03,2025-12-23 03:59:59.999000+00:00
2025-12-23 04:00:00+00:00,12.49,12.522,12.216,12.327,2342075.12,2025-12-23 07:59:59.999000+00:00
2025-12-23 08:00:00+00:00,12.327,12.403,12.262,12.361,1457622.05,2025-12-23 11:59:59.999000+00:00
2025-12-23 12:00:00+00:00,12.361,12.361,12.064,12.275,3587865.54,2025-12-23 15:59:59.999000+00:00
2025-12-23 16:00:00+00:00,12.275,12.439,12.232,12.354,2501288.86,2025-12-23 19:59:59.999000+00:00
2025-12-23 20:00:00+00:00,12.354,12.517,12.315,12.389,1335951.9,2025-12-23 23:59:59.999000+00:00
2025-12-24 00:00:00+00:00,12.39,12.431,12.163,12.26,1763566.64,2025-12-24 03:59:59.999000+00:00
2025-12-24 04:00:00+00:00,12.259,12.313,12.108,12.182,1540797.27,2025-12-24 07:59:59.999000+00:00
2025-12-24 08:00:00+00:00,12.182,12.246,12.121,12.22,1231613.46,2025-12-24 11:59:59.999000+00:00
2025-12-24 12:00:00+00:00,12.22,12.268,11.991,12.173,2930670.33,2025-12-24 15:59:59.999000+00:00
2025-12-24 16:00:00+00:00,12.173,12.276,12.114,12.243,1768616.62,2025-12-24 19:59:59.999000+00:00
2025-12-24 20:00:00+00:00,12.244,12.372,12.218,12.269,1589280.87,2025-12-24 23:59:59.999000+00:00
2025-12-25 00:00:00+00:00,12.269,12.36,12.223,12.326,996252.63,2025-12-25 03:59:59.999000+00:00
2025-12-25 04:00:00+00:00,12.327,12.349,12.274,12.302,790018.37,2025-12-25 07:59:59.999000+00:00
2025-12-25 08:00:00+00:00,12.302,12.358,12.104,12.185,1692310.01,2025-12-25 11:59:59.999000+00:00
2025-12-25 12:00:00+00:00,12.185,12.421,12.17,12.369,1579476.94,2025-12-25 15:59:59.999000+00:00
2025-12-25 16:00:00+00:00,12.369,12.415,12.263,12.378,1355864.61,2025-12-25 19:59:59.999000+00:00
2025-12-25 20:00:00+00:00,12.378,12.388,11.976,12.055,2141660.63,2025-12-25 23:59:59.999000+00:00
2025-12-26 00:00:00+00:00,12.054,12.539,12.014,12.385,3850262.84,2025-12-26 03:59:59.999000+00:00
2025-12-26 04:00:00+00:00,12.386,12.478,12.313,12.342,1836942.57,2025-12-26 07:59:59.999000+00:00
2025-12-26 08:00:00+00:00,12.343,12.458,12.336,12.41,1187010.81,2025-12-26 11:59:59.999000+00:00
2025-12-26 12:00:00+00:00,12.41,12.494,12.037,12.166,4100576.82,2025-12-26 15:59:59.999000+00:00
2025-12-26 16:00:00+00:00,12.167,12.252,12.109,12.19,1493251.22,2025-12-26 19:59:59.999000+00:00
2025-12-26 20:00:00+00:00,12.19,12.251,12.148,12.179,812658.59,2025-12-26 23:59:59.999000+00:00
2025-12-27 00:00:00+00:00,12.179,12.267,12.155,12.243,915202.34,2025-12-27 03:59:59.999000+00:00
2025-12-27 04:00:00+00:00,12.244,12.273,12.171,12.252,983523.05,2025-12-27 07:59:59.999000+00:00
2025-12-27 08:00:00+00:00,12.252,12.291,12.162,12.262,1141421.85,2025-12-27 11:59:59.999000+00:00
2025-12-27 12:00:00+00:00,12.263,12.342,12.228,12.314,1466259.57,2025-12-27 15:59:59.999000+00:00
2025-12-27 16:00:00+00:00,12.315,12.343,12.257,12.337,795459.38,2025-12-27 19:59:59.999000+00:00
2025-12-27 20:00:00+00:00,12.336,12.549,12.305,12.515,1917911.57,2025-12-27 23:59:59.999000+00:00
2025-12-28 00:00:00+00:00,12.516,12.549,12.436,12.498,1469420.4,2025-12-28 03:59:59.999000+00:00
2025-12-28 04:00:00+00:00,12.498,12.519,12.414,12.426,1134807.3,2025-12-28 07:59:59.999000+00:00
2025-12-28 08:00:00+00:00,12.427,12.505,12.367,12.443,1405970.22,2025-12-28 11:59:59.999000+00:00
2025-12-28 12:00:00+00:00,12.443,12.563,12.429,12.518,1586126.54,2025-12-28 15:59:59.999000+00:00
2025-12-28 16:00:00+00:00,12.519,12.595,12.327,12.348,1887367.09,2025-12-28 19:59:59.999000+00:00
2025-12-28 20:00:00+00:00,12.348,12.496,12.313,12.49,1135675.72,2025-12-28 23:59:59.999000+00:00
2025-12-29 00:00:00+00:00,12.49,12.995,12.458,12.935,4764022.43,2025-12-29 03:59:59.999000+00:00
2025-12-29 04:00:00+00:00,12.936,13.035,12.729,12.795,3118577.1,2025-12-29 07:59:59.999000+00:00
2025-12-29 08:00:00+00:00,12.795,12.839,12.467,12.5,3187928.83,2025-12-29 11:59:59.999000+00:00
2025-12-29 12:00:00+00:00,12.5,12.501,12.237,12.392,4882741.8,2025-12-29 15:59:59.999000+00:00
2025-12-29 16:00:00+00:00,12.392,12.454,12.269,12.297,1712771.34,2025-12-29 19:59:59.999000+00:00
2025-12-29 20:00:00+00:00,12.297,12.357,12.254,12.297,1105750.56,2025-12-29 23:59:59.999000+00:00
2025-12-30 00:00:00+00:00,12.296,12.411,12.254,12.381,1426239.03,2025-12-30 03:59:59.999000+00:00
2025-12-30 04:00:00+00:00,12.381,12.411,12.295,12.363,1285781.96,2025-12-30 07:59:59.999000+00:00
2025-12-30 08:00:00+00:00,12.363,12.549,12.36,12.482,2474918.4,2025-12-30 11:59:59.999000+00:00
2025-12-30 12:00:00+00:00,12.482,12.598,12.37,12.523,3129496.66,2025-12-30 15:59:59.999000+00:00
2025-12-30 16:00:00+00:00,12.523,12.584,12.335,12.418,1990140.62,2025-12-30 19:59:59.999000+00:00
2025-12-30 20:00:00+00:00,12.417,12.425,12.335,12.409,1009954.44,2025-12-30 23:59:59.999000+00:00
2025-12-31 00:00:00+00:00,12.409,12.464,12.35,12.388,1590442.93,2025-12-31 03:59:59.999000+00:00
2025-12-31 04:00:00+00:00,12.389,12.426,12.316,12.412,1604535.62,2025-12-31 07:59:59.999000+00:00
2025-12-31 08:00:00+00:00,12.412,12.478,12.369,12.467,1528852.47,2025-12-31 11:59:59.999000+00:00
2025-12-31 12:00:00+00:00,12.467,12.55,12.32,12.388,2301811.72,2025-12-31 15:59:59.999000+00:00
2025-12-31 16:00:00+00:00,12.389,12.41,12.18,12.233,3033836.93,2025-12-31 19:59:59.999000+00:00
2025-12-31 20:00:00+00:00,12.233,12.323,12.193,12.202,1855914.39,2025-12-31 23:59:59.999000+00:00
2026-01-01 00:00:00+00:00,12.201,12.269,12.197,12.215,925353.27,2026-01-01 03:59:59.999000+00:00
2026-01-01 04:00:00+00:00,12.214,12.28,12.142,12.174,1677237.44,2026-01-01 07:59:59.999000+00:00
2026-01-01 08:00:00+00:00,12.174,12.303,12.171,12.287,1167344.15,2026-01-01 11:59:59.999000+00:00
2026-01-01 12:00:00+00:00,12.287,12.447,12.235,12.391,2336643.89,2026-01-01 15:59:59.999000+00:00
2026-01-01 16:00:00+00:00,12.391,12.526,12.326,12.524,2244129.51,2026-01-01 19:59:59.999000+00:00
2026-01-01 20:00:00+00:00,12.524,12.638,12.473,12.605,2167824.91,2026-01-01 23:59:59.999000+00:00
2026-01-02 00:00:00+00:00,12.606,12.951,12.584,12.924,4363188.28,2026-01-02 03:59:59.999000+00:00
2026-01-02 04:00:00+00:00,12.924,12.997,12.837,12.844,3653849.55,2026-01-02 07:59:59.999000+00:00
2026-01-02 08:00:00+00:00,12.844,13.158,12.844,12.945,4243844.8,2026-01-02 11:59:59.999000+00:00
2026-01-02 12:00:00+00:00,12.945,13.189,12.821,13.074,4628670.65,2026-01-02 15:59:59.999000+00:00
2026-01-02 16:00:00+00:00,13.074,13.351,13.053,13.277,4139472.01,2026-01-02 19:59:59.999000+00:00
2026-01-02 20:00:00+00:00,13.278,13.44,13.211,13.273,2603253.26,2026-01-02 23:59:59.999000+00:00
2026-01-03 00:00:00+00:00,13.273,13.37,13.219,13.314,1992198.85,2026-01-03 03:59:59.999000+00:00
2026-01-03 04:00:00+00:00,13.315,13.325,12.962,13.013,2775829.4,2026-01-03 07:59:59.999000+00:00
2026-01-03 08:00:00+00:00,13.012,13.141,12.99,13.065,1869814.05,2026-01-03 11:59:59.999000+00:00
2026-01-03 12:00:00+00:00,13.066,13.174,13.045,13.064,2081354.04,2026-01-03 15:59:59.999000+00:00
2026-01-03 16:00:00+00:00,13.064,13.22,13.057,13.17,1340162.26,2026-01-03 19:59:59.999000+00:00
2026-01-03 20:00:00+00:00,13.169,13.257,13.111,13.225,1147347.34,2026-01-03 23:59:59.999000+00:00
2026-01-04 00:00:00+00:00,13.226,13.385,13.202,13.36,2407828.34,2026-01-04 03:59:59.999000+00:00
2026-01-04 04:00:00+00:00,13.359,13.456,13.265,13.34,1956518.8,2026-01-04 07:59:59.999000+00:00
2026-01-04 08:00:00+00:00,13.339,13.442,13.256,13.432,2081251.37,2026-01-04 11:59:59.999000+00:00
2026-01-04 12:00:00+00:00,13.433,13.56,13.361,13.486,2734249.58,2026-01-04 15:59:59.999000+00:00
2026-01-04 16:00:00+00:00,13.486,13.575,13.309,13.383,2134164.28,2026-01-04 19:59:59.999000+00:00
2026-01-04 20:00:00+00:00,13.382,13.497,13.351,13.415,1231908.54,2026-01-04 23:59:59.999000+00:00
2026-01-05 00:00:00+00:00,13.416,13.874,13.409,13.663,4233635.98,2026-01-05 03:59:59.999000+00:00
2026-01-05 04:00:00+00:00,13.662,13.687,13.393,13.572,2775520.88,2026-01-05 07:59:59.999000+00:00
2026-01-05 08:00:00+00:00,13.571,13.616,13.427,13.579,2003076.59,2026-01-05 11:59:59.999000+00:00
2026-01-05 12:00:00+00:00,13.58,13.741,13.385,13.713,3710667.23,2026-01-05 15:59:59.999000+00:00
2026-01-05 16:00:00+00:00,13.714,13.88,13.541,13.765,3456830.23,2026-01-05 19:59:59.999000+00:00
2026-01-05 20:00:00+00:00,13.766,14.128,13.751,13.907,5056452.07,2026-01-05 23:59:59.999000+00:00
2026-01-06 00:00:00+00:00,13.907,13.959,13.569,13.788,4985884.82,2026-01-06 03:59:59.999000+00:00
2026-01-06 04:00:00+00:00,13.789,13.977,13.672,13.714,2744098.38,2026-01-06 07:59:59.999000+00:00
2026-01-06 08:00:00+00:00,13.714,13.904,13.694,13.89,1807326.93,2026-01-06 11:59:59.999000+00:00
2026-01-06 12:00:00+00:00,13.891,14.231,13.814,13.989,5800217.82,2026-01-06 15:59:59.999000+00:00
2026-01-06 16:00:00+00:00,13.988,14.023,13.46,13.624,6005630.73,2026-01-06 19:59:59.999000+00:00
2026-01-06 20:00:00+00:00,13.624,14.066,13.624,14.029,2732600.09,2026-01-06 23:59:59.999000+00:00
2026-01-07 00:00:00+00:00,14.03,14.037,13.68,13.809,2203941.01,2026-01-07 03:59:59.999000+00:00
2026-01-07 04:00:00+00:00,13.809,13.88,13.693,13.87,1524137.3,2026-01-07 07:59:59.999000+00:00
2026-01-07 08:00:00+00:00,13.87,13.941,13.574,13.68,2779169.35,2026-01-07 11:59:59.999000+00:00
2026-01-07 12:00:00+00:00,13.681,13.725,13.277,13.365,4475288.37,2026-01-07 15:59:59.999000+00:00
2026-01-07 16:00:00+00:00,13.365,13.499,13.295,13.392,2483083.84,2026-01-07 19:59:59.999000+00:00
2026-01-07 20:00:00+00:00,13.392,13.468,13.294,13.44,1615444.65,2026-01-07 23:59:59.999000+00:00
2026-01-08 00:00:00+00:00,13.441,13.554,13.315,13.335,1496271.48,2026-01-08 03:59:59.999000+00:00
2026-01-08 04:00:00+00:00,13.336,13.474,13.057,13.31,2834739.21,2026-01-08 07:59:59.999000+00:00
2026-01-08 08:00:00+00:00,13.31,13.363,13.081,13.219,2265612.74,2026-01-08 11:59:59.999000+00:00
2026-01-08 12:00:00+00:00,13.219,13.3,13.018,13.296,3464632.23,2026-01-08 15:59:59.999000+00:00
2026-01-08 16:00:00+00:00,13.297,13.346,13.15,13.189,2440660.93,2026-01-08 19:59:59.999000+00:00
2026-01-08 20:00:00+00:00,13.189,13.332,13.091,13.209,1248426.65,2026-01-08 23:59:59.999000+00:00
2026-01-09 00:00:00+00:00,13.209,13.367,13.155,13.311,1682179.17,2026-01-09 03:59:59.999000+00:00
2026-01-09 04:00:00+00:00,13.311,13.318,13.182,13.261,1266763.33,2026-01-09 07:59:59.999000+00:00
2026-01-09 08:00:00+00:00,13.262,13.288,13.055,13.17,2352741.44,2026-01-09 11:59:59.999000+00:00
2026-01-09 12:00:00+00:00,13.171,13.43,13.026,13.285,4560795.76,2026-01-09 15:59:59.999000+00:00
2026-01-09 16:00:00+00:00,13.285,13.443,13.052,13.088,2986546.55,2026-01-09 19:59:59.999000+00:00
2026-01-09 20:00:00+00:00,13.087,13.182,13.067,13.135,1380646.86,2026-01-09 23:59:59.999000+00:00
2026-01-10 00:00:00+00:00,13.136,13.163,13.056,13.12,957019.86,2026-01-10 03:59:59.999000+00:00
2026-01-10 04:00:00+00:00,13.12,13.17,13.061,13.158,895790.74,2026-01-10 07:59:59.999000+00:00
2026-01-10 08:00:00+00:00,13.158,13.221,13.1,13.172,1014785.79,2026-01-10 11:59:59.999000+00:00
2026-01-10 12:00:00+00:00,13.172,13.245,13.134,13.159,954872.07,2026-01-10 15:59:59.999000+00:00
2026-01-10 16:00:00+00:00,13.158,13.216,13.121,13.21,874712.32,2026-01-10 19:59:59.999000+00:00
2026-01-10 20:00:00+00:00,13.211,13.229,13.08,13.132,1081309.05,2026-01-10 23:59:59.999000+00:00
2026-01-11 00:00:00+00:00,13.132,13.245,13.103,13.227,827588.61,2026-01-11 03:59:59.999000+00:00
2026-01-11 04:00:00+00:00,13.228,13.278,13.171,13.233,1494383.25,2026-01-11 07:59:59.999000+00:00
2026-01-11 08:00:00+00:00,13.234,13.24,13.178,13.202,918332.13,2026-01-11 11:59:59.999000+00:00
2026-01-11 12:00:00+00:00,13.203,13.285,13.14,13.2,1408964.64,2026-01-11 15:59:59.999000+00:00
2026-01-11 16:00:00+00:00,13.201,13.372,13.192,13.25,2061392.95,2026-01-11 19:59:59.999000+00:00
2026-01-11 20:00:00+00:00,13.249,13.249,13.039,13.201,2015296.02,2026-01-11 23:59:59.999000+00:00
2026-01-12 00:00:00+00:00,13.2,13.517,13.106,13.358,3486593.8,2026-01-12 03:59:59.999000+00:00
2026-01-12 04:00:00+00:00,13.359,13.455,13.238,13.261,1986005.48,2026-01-12 07:59:59.999000+00:00
2026-01-12 08:00:00+00:00,13.261,13.325,13.091,13.161,2446397.66,2026-01-12 11:59:59.999000+00:00
2026-01-12 12:00:00+00:00,13.16,13.264,12.9,13.241,3824366.87,2026-01-12 15:59:59.999000+00:00
2026-01-12 16:00:00+00:00,13.24,13.328,13.094,13.18,2474682.3,2026-01-12 19:59:59.999000+00:00
2026-01-12 20:00:00+00:00,13.18,13.237,12.988,13.068,1525681.69,2026-01-12 23:59:59.999000+00:00
2026-01-13 00:00:00+00:00,13.068,13.155,13.046,13.108,1484527.63,2026-01-13 03:59:59.999000+00:00
2026-01-13 04:00:00+00:00,13.109,13.29,13.106,13.184,1878017.9,2026-01-13 07:59:59.999000+00:00
2026-01-13 08:00:00+00:00,13.184,13.315,13.181,13.26,1651216.25,2026-01-13 11:59:59.999000+00:00
2026-01-13 12:00:00+00:00,13.261,13.578,13.223,13.574,4511729.33,2026-01-13 15:59:59.999000+00:00
2026-01-13 16:00:00+00:00,13.573,13.708,13.528,13.691,3471361.58,2026-01-13 19:59:59.999000+00:00
2026-01-13 20:00:00+00:00,13.692,14.187,13.676,14.058,4615554.33,2026-01-13 23:59:59.999000+00:00
2026-01-14 00:00:00+00:00,14.058,14.195,14.017,14.132,1975455.92,2026-01-14 03:59:59.999000+00:00
2026-01-14 04:00:00+00:00,14.131,14.162,13.936,14.055,1981687.35,2026-01-14 07:59:59.999000+00:00
2026-01-14 08:00:00+00:00,14.054,14.119,13.85,13.874,1987866.92,2026-01-14 11:59:59.999000+00:00
2026-01-14 12:00:00+00:00,13.873,14.279,13.861,14.236,3808627.32,2026-01-14 15:59:59.999000+00:00
2026-01-14 16:00:00+00:00,14.237,14.404,14.039,14.221,4463623.12,2026-01-14 19:59:59.999000+00:00
2026-01-14 20:00:00+00:00,14.222,14.315,14.074,14.106,1527726.28,2026-01-14 23:59:59.999000+00:00
2026-01-15 00:00:00+00:00,14.106,14.112,13.727,13.753,2081088.47,2026-01-15 03:59:59.999000+00:00
2026-01-15 04:00:00+00:00,13.753,13.955,13.739,13.924,1437839.01,2026-01-15 07:59:59.999000+00:00
2026-01-15 08:00:00+00:00,13.923,14.082,13.854,13.946,1595710.62,2026-01-15 11:59:59.999000+00:00
2026-01-15 12:00:00+00:00,13.946,14.207,13.716,13.951,4210553.93,2026-01-15 15:59:59.999000+00:00
2026-01-15 16:00:00+00:00,13.95,13.995,13.576,13.675,3566333.49,2026-01-15 19:59:59.999000+00:00
2026-01-15 20:00:00+00:00,13.675,13.788,13.55,13.782,1446130.46,2026-01-15 23:59:59.999000+00:00
2026-01-16 00:00:00+00:00,13.783,13.862,13.662,13.676,1330973.42,2026-01-16 03:59:59.999000+00:00
2026-01-16 04:00:00+00:00,13.676,13.813,13.589,13.787,1417528.44,2026-01-16 07:59:59.999000+00:00
2026-01-16 08:00:00+00:00,13.788,13.853,13.683,13.731,1736872.99,2026-01-16 11:59:59.999000+00:00
2026-01-16 12:00:00+00:00,13.731,13.78,13.418,13.48,2537973.02,2026-01-16 15:59:59.999000+00:00
2026-01-16 16:00:00+00:00,13.479,13.658,13.444,13.592,1930774.22,2026-01-16 19:59:59.999000+00:00
2026-01-16 20:00:00+00:00,13.593,13.746,13.519,13.722,1574732.01,2026-01-16 23:59:59.999000+00:00
2026-01-17 00:00:00+00:00,13.721,13.745,13.625,13.67,831478.65,2026-01-17 03:59:59.999000+00:00
2026-01-17 04:00:00+00:00,13.671,13.731,13.648,13.698,742317.95,2026-01-17 07:59:59.999000+00:00
2026-01-17 08:00:00+00:00,13.698,13.78,13.665,13.699,1428919.2,2026-01-17 11:59:59.999000+00:00
2026-01-17 12:00:00+00:00,13.699,13.885,13.688,13.88,1647477.65,2026-01-17 15:59:59.999000+00:00
2026-01-17 16:00:00+00:00,13.88,13.89,13.756,13.783,1246883.4,2026-01-17 19:59:59.999000+00:00
2026-01-17 20:00:00+00:00,13.784,13.813,13.655,13.733,872433.82,2026-01-17 23:59:59.999000+00:00
2026-01-18 00:00:00+00:00,13.734,13.776,13.615,13.698,1224408.25,2026-01-18 03:59:59.999000+00:00
2026-01-18 04:00:00+00:00,13.698,13.756,13.663,13.729,936071.61,2026-01-18 07:59:59.999000+00:00
2026-01-18 08:00:00+00:00,13.729,13.816,13.707,13.722,1075699.19,2026-01-18 11:59:59.999000+00:00
2026-01-18 12:00:00+00:00,13.723,13.827,13.687,13.77,1680644.93,2026-01-18 15:59:59.999000+00:00
2026-01-18 16:00:00+00:00,13.77,13.874,13.736,13.766,1225330.4,2026-01-18 19:59:59.999000+00:00
2026-01-18 20:00:00+00:00,13.767,13.858,13.284,13.3,3105355.13,2026-01-18 23:59:59.999000+00:00
2026-01-19 00:00:00+00:00,13.301,13.301,12.3,12.856,7530219.9,2026-01-19 03:59:59.999000+00:00
2026-01-19 04:00:00+00:00,12.856,12.857,12.716,12.763,1841952.51,2026-01-19 07:59:59.999000+00:00
2026-01-19 08:00:00+00:00,12.763,12.857,12.741,12.772,1592961.86,2026-01-19 11:59:59.999000+00:00
2026-01-19 12:00:00+00:00,12.772,12.867,12.725,12.762,1881513.44,2026-01-19 15:59:59.999000+00:00
2026-01-19 16:00:00+00:00,12.762,12.964,12.753,12.932,1397975.84,2026-01-19 19:59:59.999000+00:00
2026-01-19 20:00:00+00:00,12.932,12.995,12.771,12.877,1456016.78,2026-01-19 23:59:59.999000+00:00
2026-01-20 00:00:00+00:00,12.878,12.9,12.79,12.855,1211901.7,2026-01-20 03:59:59.999000+00:00
2026-01-20 04:00:00+00:00,12.855,12.873,12.605,12.609,2344146.52,2026-01-20 07:59:59.999000+00:00
2026-01-20 08:00:00+00:00,12.609,12.622,12.473,12.505,2951980.87,2026-01-20 11:59:59.999000+00:00
2026-01-20 12:00:00+00:00,12.505,12.61,12.34,12.431,4426338.16,2026-01-20 15:59:59.999000+00:00
2026-01-20 16:00:00+00:00,12.432,12.473,12.17,12.271,3017847.97,2026-01-20 19:59:59.999000+00:00
2026-01-20 20:00:00+00:00,12.271,12.348,12.02,12.12,2784808.38,2026-01-20 23:59:59.999000+00:00
2026-01-21 00:00:00+00:00,12.121,12.349,12.096,12.305,2091318.23,2026-01-21 03:59:59.999000+00:00
2026-01-21 04:00:00+00:00,12.305,12.464,12.279,12.311,1563452.24,2026-01-21 07:59:59.999000+00:00
2026-01-21 08:00:00+00:00,12.311,12.333,12.161,12.172,1457723.38,2026-01-21 11:59:59.999000+00:00
2026-01-21 12:00:00+00:00,12.172,12.542,12.059,12.433,4412361.03,2026-01-21 15:59:59.999000+00:00
2026-01-21 16:00:00+00:00,12.433,12.614,11.884,12.6,6883335.48,2026-01-21 19:59:59.999000+00:00
2026-01-21 20:00:00+00:00,12.601,12.667,12.362,12.395,2557700.7,2026-01-21 23:59:59.999000+00:00
2026-01-22 00:00:00+00:00,12.395,12.575,12.395,12.443,1595294.58,2026-01-22 03:59:59.999000+00:00
2026-01-22 04:00:00+00:00,12.442,12.525,12.402,12.422,1068257.33,2026-01-22 07:59:59.999000+00:00
2026-01-22 08:00:00+00:00,12.421,12.482,12.36,12.378,1113190.14,2026-01-22 11:59:59.999000+00:00
2026-01-22 12:00:00+00:00,12.378,12.47,12.115,12.222,2827697.45,2026-01-22 15:59:59.999000+00:00
2026-01-22 16:00:00+00:00,12.223,12.327,12.186,12.278,1807617.52,2026-01-22 19:59:59.999000+00:00
2026-01-22 20:00:00+00:00,12.277,12.299,12.191,12.252,1041079.71,2026-01-22 23:59:59.999000+00:00
2026-01-23 00:00:00+00:00,12.251,12.349,12.215,12.327,945406.88,2026-01-23 03:59:59.999000+00:00
2026-01-23 04:00:00+00:00,12.327,12.402,12.245,12.272,1286255.48,2026-01-23 07:59:59.999000+00:00
2026-01-23 08:00:00+00:00,12.271,12.289,12.162,12.251,1320059.45,2026-01-23 11:59:59.999000+00:00
2026-01-23 12:00:00+00:00,12.253,12.276,12.034,12.247,2756605.9,2026-01-23 15:59:59.999000+00:00
2026-01-23 16:00:00+00:00,12.247,12.495,12.193,12.243,3328790.48,2026-01-23 19:59:59.999000+00:00
2026-01-23 20:00:00+00:00,12.243,12.269,12.114,12.21,1174717.27,2026-01-23 23:59:59.999000+00:00
2026-01-24 00:00:00+00:00,12.21,12.273,12.182,12.248,1356938.32,2026-01-24 03:59:59.999000+00:00
2026-01-24 04:00:00+00:00,12.248,12.278,12.199,12.2,550401.69,2026-01-24 07:59:59.999000+00:00
2026-01-24 08:00:00+00:00,12.201,12.234,12.182,12.206,511617.43,2026-01-24 11:59:59.999000+00:00
2026-01-24 12:00:00+00:00,12.206,12.227,12.143,12.146,764346.44,2026-01-24 15:59:59.999000+00:00
2026-01-24 16:00:00+00:00,12.146,12.229,12.125,12.178,1075069.88,2026-01-24 19:59:59.999000+00:00
2026-01-24 20:00:00+00:00,12.179,12.25,12.178,12.197,633045.28,2026-01-24 23:59:59.999000+00:00
2026-01-25 00:00:00+00:00,12.198,12.216,12.062,12.083,990140.87,2026-01-25 03:59:59.999000+00:00
2026-01-25 04:00:00+00:00,12.082,12.12,12.043,12.084,842508.15,2026-01-25 07:59:59.999000+00:00
2026-01-25 08:00:00+00:00,12.083,12.123,12.0,12.075,1384911.49,2026-01-25 11:59:59.999000+00:00
2026-01-25 12:00:00+00:00,12.074,12.11,11.933,11.957,1931899.25,2026-01-25 15:59:59.999000+00:00
2026-01-25 16:00:00+00:00,11.958,11.958,11.379,11.428,7270401.25,2026-01-25 19:59:59.999000+00:00
2026-01-25 20:00:00+00:00,11.428,11.534,11.355,11.517,3116297.11,2026-01-25 23:59:59.999000+00:00
2026-01-26 00:00:00+00:00,11.517,11.86,11.501,11.699,2365614.12,2026-01-26 03:59:59.999000+00:00
2026-01-26 04:00:00+00:00,11.699,11.88,11.699,11.857,1523483.29,2026-01-26 07:59:59.999000+00:00
2026-01-26 08:00:00+00:00,11.857,11.956,11.76,11.8,1654364.9,2026-01-26 11:59:59.999000+00:00
2026-01-26 12:00:00+00:00,11.801,12.126,11.797,11.914,3332585.01,2026-01-26 15:59:59.999000+00:00
2026-01-26 16:00:00+00:00,11.914,12.022,11.816,11.924,2415351.91,2026-01-26 19:59:59.999000+00:00
2026-01-26 20:00:00+00:00,11.923,12.03,11.857,11.941,1625577.23,2026-01-26 23:59:59.999000+00:00
2026-01-27 00:00:00+00:00,11.942,12.055,11.92,11.99,1025661.68,2026-01-27 03:59:59.999000+00:00
2026-01-27 04:00:00+00:00,11.991,12.058,11.936,11.977,957335.52,2026-01-27 07:59:59.999000+00:00
2026-01-27 08:00:00+00:00,11.977,12.009,11.871,11.896,1093746.39,2026-01-27 11:59:59.999000+00:00
2026-01-27 12:00:00+00:00,11.896,12.001,11.831,11.989,2162753.9,2026-01-27 15:59:59.999000+00:00
2026-01-27 16:00:00+00:00,11.989,12.185,11.85,11.972,3782695.74,2026-01-27 19:59:59.999000+00:00
2026-01-27 20:00:00+00:00,11.972,12.156,11.967,12.036,2481688.94,2026-01-27 23:59:59.999000+00:00
2026-01-28 00:00:00+00:00,12.036,12.06,11.952,11.974,1132183.74,2026-01-28 03:59:59.999000+00:00
2026-01-28 04:00:00+00:00,11.974,11.993,11.886,11.938,1080967.29,2026-01-28 07:59:59.999000+00:00
2026-01-28 08:00:00+00:00,11.938,12.048,11.858,12.032,1746480.96,2026-01-28 11:59:59.999000+00:00
2026-01-28 12:00:00+00:00,12.032,12.035,11.694,11.756,4038424.26,2026-01-28 15:59:59.999000+00:00
2026-01-28 16:00:00+00:00,11.756,11.899,11.686,11.837,2572742.92,2026-01-28 19:59:59.999000+00:00
2026-01-28 20:00:00+00:00,11.838,11.939,11.746,11.835,1657109.74,2026-01-28 23:59:59.999000+00:00
2026-01-29 00:00:00+00:00,11.836,11.864,11.599,11.637,2447244.61,2026-01-29 03:59:59.999000+00:00
2026-01-29 04:00:00+00:00,11.637,11.65,11.537,11.623,1279212.85,2026-01-29 07:59:59.999000+00:00
2026-01-29 08:00:00+00:00,11.623,11.656,11.506,11.538,1576178.93,2026-01-29 11:59:59.999000+00:00
2026-01-29 12:00:00+00:00,11.539,11.605,10.856,11.025,6994090.21,2026-01-29 15:59:59.999000+00:00
2026-01-29 16:00:00+00:00,11.024,11.197,10.822,10.944,6338753.1,2026-01-29 19:59:59.999000+00:00
2026-01-29 20:00:00+00:00,10.945,11.138,10.922,11.115,1913293.21,2026-01-29 23:59:59.999000+00:00
2026-01-30 00:00:00+00:00,11.116,11.158,10.59,10.859,6032196.53,2026-01-30 03:59:59.999000+00:00
2026-01-30 04:00:00+00:00,10.86,10.987,10.653,10.835,2548978.85,2026-01-30 07:59:59.999000+00:00
2026-01-30 08:00:00+00:00,10.836,10.899,10.724,10.861,2189967.47,2026-01-30 11:59:59.999000+00:00
2026-01-30 12:00:00+00:00,10.86,10.87,10.582,10.765,4059571.11,2026-01-30 15:59:59.999000+00:00
2026-01-30 16:00:00+00:00,10.764,10.992,10.499,10.899,5029480.33,2026-01-30 19:59:59.999000+00:00
2026-01-30 20:00:00+00:00,10.9,10.9,10.69,10.784,2730115.22,2026-01-30 23:59:59.999000+00:00
2026-01-31 00:00:00+00:00,10.785,10.832,10.723,10.737,1075538.23,2026-01-31 03:59:59.999000+00:00
2026-01-31 04:00:00+00:00,10.738,10.782,10.545,10.614,1634365.95,2026-01-31 07:59:59.999000+00:00
2026-01-31 08:00:00+00:00,10.613,10.63,10.359,10.491,3052071.96,2026-01-31 11:59:59.999000+00:00
2026-01-31 12:00:00+00:00,10.49,10.506,9.875,10.041,8105311.66,2026-01-31 15:59:59.999000+00:00
2026-01-31 16:00:00+00:00,10.042,10.172,8.957,9.66,17668327.9,2026-01-31 19:59:59.999000+00:00
2026-01-31 20:00:00+00:00,9.661,10.035,9.554,9.983,4314181.99,2026-01-31 23:59:59.999000+00:00
2026-02-01 00:00:00+00:00,9.982,10.074,9.908,10.039,2383347.33,2026-02-01 03:59:59.999000+00:00
2026-02-01 04:00:00+00:00,10.039,10.075,9.858,9.936,2142814.81,2026-02-01 07:59:59.999000+00:00
2026-02-01 08:00:00+00:00,9.937,10.014,9.762,9.868,2461280.84,2026-02-01 11:59:59.999000+00:00
2026-02-01 12:00:00+00:00,9.87,9.904,9.407,9.531,5213059.33,2026-02-01 15:59:59.999000+00:00
2026-02-01 16:00:00+00:00,9.531,9.718,9.395,9.525,5102245.84,2026-02-01 19:59:59.999000+00:00
2026-02-01 20:00:00+00:00,9.524,9.656,9.208,9.401,5758080.21,2026-02-01 23:59:59.999000+00:00
2026-02-02 00:00:00+00:00,9.401,9.639,9.013,9.37,7708257.98,2026-02-02 03:59:59.999000+00:00
2026-02-02 04:00:00+00:00,9.371,9.489,9.064,9.389,7268463.76,2026-02-02 07:59:59.999000+00:00
2026-02-02 08:00:00+00:00,9.389,9.645,9.374,9.529,3868601.2,2026-02-02 11:59:59.999000+00:00
2026-02-02 12:00:00+00:00,9.529,10.024,9.529,9.925,6699735.24,2026-02-02 15:59:59.999000+00:00
2026-02-02 16:00:00+00:00,9.926,9.994,9.765,9.788,2814534.32,2026-02-02 19:59:59.999000+00:00
2026-02-02 20:00:00+00:00,9.789,9.859,9.701,9.801,2152982.26,2026-02-02 23:59:59.999000+00:00
2026-02-03 00:00:00+00:00,9.801,9.84,9.577,9.771,2828971.99,2026-02-03 03:59:59.999000+00:00
2026-02-03 04:00:00+00:00,9.77,9.852,9.646,9.732,1892298.25,2026-02-03 07:59:59.999000+00:00
2026-02-03 08:00:00+00:00,9.733,9.753,9.518,9.579,2746887.12,2026-02-03 11:59:59.999000+00:00
2026-02-03 12:00:00+00:00,9.579,9.766,9.485,9.744,4196020.43,2026-02-03 15:59:59.999000+00:00
2026-02-03 16:00:00+00:00,9.744,9.748,9.083,9.474,10564099.31,2026-02-03 19:59:59.999000+00:00
2026-02-03 20:00:00+00:00,9.473,9.889,9.389,9.484,5912858.19,2026-02-03 23:59:59.999000+00:00
2026-02-04 00:00:00+00:00,9.484,9.768,9.446,9.723,2527590.72,2026-02-04 03:59:59.999000+00:00
2026-02-04 04:00:00+00:00,9.723,9.746,9.577,9.674,1857039.77,2026-02-04 07:59:59.999000+00:00
2026-02-04 08:00:00+00:00,9.674,9.728,9.48,9.577,2364467.76,2026-02-04 11:59:59.999000+00:00
2026-02-04 12:00:00+00:00,9.577,9.607,9.129,9.212,6398939.17,2026-02-04 15:59:59.999000+00:00
2026-02-04 16:00:00+00:00,9.213,9.459,9.016,9.436,9708943.81,2026-02-04 19:59:59.999000+00:00
2026-02-04 20:00:00+00:00,9.436,9.461,9.045,9.247,3840643.65,2026-02-04 23:59:59.999000+00:00
2026-02-05 00:00:00+00:00,9.247,9.348,9.071,9.09,4622749.52,2026-02-05 03:59:59.999000+00:00
2026-02-05 04:00:00+00:00,9.091,9.22,8.966,9.051,6057902.65,2026-02-05 07:59:59.999000+00:00
2026-02-05 08:00:00+00:00,9.052,9.26,8.796,8.936,5476000.86,2026-02-05 11:59:59.999000+00:00
2026-02-05 12:00:00+00:00,8.937,9.064,8.3,8.458,12401278.0,2026-02-05 15:59:59.999000+00:00
2026-02-05 16:00:00+00:00,8.458,8.665,8.212,8.252,10567324.43,2026-02-05 19:59:59.999000+00:00
2026-02-05 20:00:00+00:00,8.252,8.32,7.845,7.906,14665596.53,2026-02-05 23:59:59.999000+00:00
2026-02-06 00:00:00+00:00,7.907,8.234,7.117,8.028,18327216.76,2026-02-06 03:59:59.999000+00:00
2026-02-06 04:00:00+00:00,8.028,8.367,7.993,8.078,5887222.72,2026-02-06 07:59:59.999000+00:00
2026-02-06 08:00:00+00:00,8.078,8.35,7.981,8.32,5846154.93,2026-02-06 11:59:59.999000+00:00
2026-02-06 12:00:00+00:00,8.32,8.627,8.26,8.578,6013278.13,2026-02-06 15:59:59.999000+00:00
2026-02-06 16:00:00+00:00,8.577,8.998,8.545,8.839,7393091.92,2026-02-06 19:59:59.999000+00:00
2026-02-06 20:00:00+00:00,8.839,9.0,8.756,8.879,3467052.97,2026-02-06 23:59:59.999000+00:00
2026-02-07 00:00:00+00:00,8.878,8.95,8.784,8.927,2741556.15,2026-02-07 03:59:59.999000+00:00
2026-02-07 04:00:00+00:00,8.927,9.04,8.594,8.684,4767354.83,2026-02-07 07:59:59.999000+00:00
2026-02-07 08:00:00+00:00,8.684,8.74,8.575,8.65,2511458.55,2026-02-07 11:59:59.999000+00:00
2026-02-07 12:00:00+00:00,8.649,8.941,8.642,8.819,3697621.8,2026-02-07 15:59:59.999000+00:00
2026-02-07 16:00:00+00:00,8.819,9.03,8.778,8.939,6851534.06,2026-02-07 19:59:59.999000+00:00
2026-02-07 20:00:00+00:00,8.939,9.02,8.845,8.903,1724110.24,2026-02-07 23:59:59.999000+00:00
2026-02-08 00:00:00+00:00,8.904,8.964,8.816,8.824,1757072.69,2026-02-08 03:59:59.999000+00:00
2026-02-08 04:00:00+00:00,8.823,8.87,8.776,8.827,1291043.71,2026-02-08 07:59:59.999000+00:00
2026-02-08 08:00:00+00:00,8.827,9.013,8.792,8.997,3045841.41,2026-02-08 11:59:59.999000+00:00
2026-02-08 12:00:00+00:00,8.998,9.047,8.843,8.884,2864680.87,2026-02-08 15:59:59.999000+00:00
2026-02-08 16:00:00+00:00,8.884,8.969,8.715,8.953,2471882.18,2026-02-08 19:59:59.999000+00:00
2026-02-08 20:00:00+00:00,8.953,9.021,8.746,8.818,2210416.36,2026-02-08 23:59:59.999000+00:00
2026-02-09 00:00:00+00:00,8.818,8.892,8.725,8.878,2427112.17,2026-02-09 03:59:59.999000+00:00
2026-02-09 04:00:00+00:00,8.878,8.88,8.714,8.727,1352540.53,2026-02-09 07:59:59.999000+00:00
2026-02-09 08:00:00+00:00,8.727,8.755,8.458,8.558,3012105.28,2026-02-09 11:59:59.999000+00:00
2026-02-09 12:00:00+00:00,8.559,8.755,8.519,8.75,3717235.71,2026-02-09 15:59:59.999000+00:00
2026-02-09 16:00:00+00:00,8.749,8.99,8.655,8.964,3996895.58,2026-02-09 19:59:59.999000+00:00
2026-02-09 20:00:00+00:00,8.963,9.014,8.787,8.832,1979975.0,2026-02-09 23:59:59.999000+00:00
2026-02-10 00:00:00+00:00,8.833,8.882,8.632,8.683,1888429.17,2026-02-10 03:59:59.999000+00:00
2026-02-10 04:00:00+00:00,8.683,8.727,8.474,8.538,2950920.01,2026-02-10 07:59:59.999000+00:00
2026-02-10 08:00:00+00:00,8.539,8.622,8.493,8.498,2003577.94,2026-02-10 11:59:59.999000+00:00
2026-02-10 12:00:00+00:00,8.498,8.669,8.468,8.57,3549962.03,2026-02-10 15:59:59.999000+00:00
2026-02-10 16:00:00+00:00,8.57,8.654,8.467,8.543,2299639.3,2026-02-10 19:59:59.999000+00:00
2026-02-10 20:00:00+00:00,8.543,8.579,8.475,8.57,1250239.62,2026-02-10 23:59:59.999000+00:00
2026-02-11 00:00:00+00:00,8.569,8.608,8.452,8.534,1651849.71,2026-02-11 03:59:59.999000+00:00
2026-02-11 04:00:00+00:00,8.534,8.546,8.272,8.315,3549455.72,2026-02-11 07:59:59.999000+00:00
2026-02-11 08:00:00+00:00,8.315,8.32,8.188,8.27,2430261.54,2026-02-11 11:59:59.999000+00:00
2026-02-11 12:00:00+00:00,8.27,8.562,8.122,8.235,7000211.82,2026-02-11 15:59:59.999000+00:00
2026-02-11 16:00:00+00:00,8.234,8.372,8.137,8.312,5187153.22,2026-02-11 19:59:59.999000+00:00
2026-02-11 20:00:00+00:00,8.311,8.454,8.247,8.319,2810514.49,2026-02-11 23:59:59.999000+00:00
2026-02-12 00:00:00+00:00,8.319,8.462,8.317,8.424,1553035.27,2026-02-12 03:59:59.999000+00:00
2026-02-12 04:00:00+00:00,8.425,8.512,8.348,8.454,1926479.41,2026-02-12 07:59:59.999000+00:00
2026-02-12 08:00:00+00:00,8.454,8.593,8.396,8.553,2243775.49,2026-02-12 11:59:59.999000+00:00
2026-02-12 12:00:00+00:00,8.552,8.575,8.343,8.35,3740389.81,2026-02-12 15:59:59.999000+00:00
2026-02-12 16:00:00+00:00,8.351,8.42,8.168,8.304,4940077.51,2026-02-12 19:59:59.999000+00:00
2026-02-12 20:00:00+00:00,8.304,8.426,8.216,8.41,1970194.46,2026-02-12 23:59:59.999000+00:00
2026-02-13 00:00:00+00:00,8.411,8.449,8.342,8.426,1831912.67,2026-02-13 03:59:59.999000+00:00
2026-02-13 04:00:00+00:00,8.425,8.425,8.296,8.375,1528952.98,2026-02-13 07:59:59.999000+00:00
2026-02-13 08:00:00+00:00,8.375,8.472,8.359,8.433,1559452.69,2026-02-13 11:59:59.999000+00:00
2026-02-13 12:00:00+00:00,8.433,8.821,8.395,8.703,4825262.46,2026-02-13 15:59:59.999000+00:00
2026-02-13 16:00:00+00:00,8.703,8.911,8.683,8.797,3354908.78,2026-02-13 19:59:59.999000+00:00
2026-02-13 20:00:00+00:00,8.798,8.864,8.757,8.764,1465764.68,2026-02-13 23:59:59.999000+00:00
2026-02-14 00:00:00+00:00,8.763,8.886,8.752,8.845,1956727.15,2026-02-14 03:59:59.999000+00:00
2026-02-14 04:00:00+00:00,8.845,8.897,8.797,8.882,949833.99,2026-02-14 07:59:59.999000+00:00
2026-02-14 08:00:00+00:00,8.883,9.041,8.881,9.033,2281338.28,2026-02-14 11:59:59.999000+00:00
2026-02-14 12:00:00+00:00,9.032,9.044,8.901,9.033,2478785.35,2026-02-14 15:59:59.999000+00:00
2026-02-14 16:00:00+00:00,9.034,9.183,8.965,9.163,2804200.42,2026-02-14 19:59:59.999000+00:00
2026-02-14 20:00:00+00:00,9.163,9.212,9.07,9.085,2276715.39,2026-02-14 23:59:59.999000+00:00
2026-02-15 00:00:00+00:00,9.085,9.115,8.925,9.065,2794347.36,2026-02-15 03:59:59.999000+00:00
2026-02-15 04:00:00+00:00,9.065,9.239,9.06,9.198,2781498.96,2026-02-15 07:59:59.999000+00:00
2026-02-15 08:00:00+00:00,9.198,9.237,9.03,9.049,2294955.27,2026-02-15 11:59:59.999000+00:00
2026-02-15 12:00:00+00:00,9.05,9.059,8.754,8.865,4526973.24,2026-02-15 15:59:59.999000+00:00
2026-02-15 16:00:00+00:00,8.864,8.882,8.595,8.64,4013889.72,2026-02-15 19:59:59.999000+00:00
2026-02-15 20:00:00+00:00,8.639,8.788,8.607,8.779,1727907.33,2026-02-15 23:59:59.999000+00:00
2026-02-16 00:00:00+00:00,8.779,8.853,8.693,8.748,1862181.42,2026-02-16 03:59:59.999000+00:00
2026-02-16 04:00:00+00:00,8.747,8.821,8.661,8.759,1578564.05,2026-02-16 07:59:59.999000+00:00
2026-02-16 08:00:00+00:00,8.76,8.886,8.692,8.784,1722393.81,2026-02-16 11:59:59.999000+00:00
2026-02-16 12:00:00+00:00,8.785,8.987,8.641,8.704,4731720.97,2026-02-16 15:59:59.999000+00:00
2026-02-16 16:00:00+00:00,8.705,8.83,8.701,8.78,1670342.38,2026-02-16 19:59:59.999000+00:00
2026-02-16 20:00:00+00:00,8.78,8.964,8.755,8.929,1891580.08,2026-02-16 23:59:59.999000+00:00
2026-02-17 00:00:00+00:00,8.93,8.99,8.856,8.919,1619336.0,2026-02-17 03:59:59.999000+00:00
2026-02-17 04:00:00+00:00,8.919,8.957,8.791,8.865,1413990.85,2026-02-17 07:59:59.999000+00:00
2026-02-17 08:00:00+00:00,8.865,8.889,8.724,8.765,1399899.79,2026-02-17 11:59:59.999000+00:00
2026-02-17 12:00:00+00:00,8.765,8.91,8.658,8.772,3265245.06,2026-02-17 15:59:59.999000+00:00
2026-02-17 16:00:00+00:00,8.772,8.949,8.687,8.875,3643964.58,2026-02-17 19:59:59.999000+00:00
2026-02-17 20:00:00+00:00,8.875,8.895,8.812,8.825,1127322.05,2026-02-17 23:59:59.999000+00:00
2026-02-18 00:00:00+00:00,8.825,8.902,8.74,8.881,1302444.51,2026-02-18 03:59:59.999000+00:00
2026-02-18 04:00:00+00:00,8.881,8.932,8.825,8.913,1078114.03,2026-02-18 07:59:59.999000+00:00
2026-02-18 08:00:00+00:00,8.913,8.995,8.753,8.762,2509717.1,2026-02-18 11:59:59.999000+00:00
2026-02-18 12:00:00+00:00,8.761,8.895,8.657,8.797,2922810.12,2026-02-18 15:59:59.999000+00:00
2026-02-18 16:00:00+00:00,8.796,8.799,8.511,8.568,2947405.9,2026-02-18 19:59:59.999000+00:00
2026-02-18 20:00:00+00:00,8.569,8.61,8.518,8.598,1512929.42,2026-02-18 23:59:59.999000+00:00
2026-02-19 00:00:00+00:00,8.599,8.683,8.566,8.666,1397001.41,2026-02-19 03:59:59.999000+00:00
2026-02-19 04:00:00+00:00,8.666,8.748,8.617,8.695,1190380.08,2026-02-19 07:59:59.999000+00:00
2026-02-19 08:00:00+00:00,8.695,8.697,8.556,8.565,1582187.49,2026-02-19 11:59:59.999000+00:00
2026-02-19 12:00:00+00:00,8.565,8.602,8.358,8.436,3813299.77,2026-02-19 15:59:59.999000+00:00
2026-02-19 16:00:00+00:00,8.435,8.543,8.338,8.509,2418743.96,2026-02-19 19:59:59.999000+00:00
2026-02-19 20:00:00+00:00,8.509,8.574,8.473,8.572,1096902.86,2026-02-19 23:59:59.999000+00:00
2026-02-20 00:00:00+00:00,8.572,8.645,8.557,8.602,1332180.08,2026-02-20 03:59:59.999000+00:00
2026-02-20 04:00:00+00:00,8.602,8.674,8.518,8.649,1739189.18,2026-02-20 07:59:59.999000+00:00
2026-02-20 08:00:00+00:00,8.65,8.725,8.6,8.618,2046923.46,2026-02-20 11:59:59.999000+00:00
2026-02-20 12:00:00+00:00,8.619,8.839,8.45,8.825,5443828.58,2026-02-20 15:59:59.999000+00:00
2026-02-20 16:00:00+00:00,8.825,8.971,8.689,8.899,4912387.06,2026-02-20 19:59:59.999000+00:00
2026-02-20 20:00:00+00:00,8.898,9.011,8.879,8.937,1879433.48,2026-02-20 23:59:59.999000+00:00
2026-02-21 00:00:00+00:00,8.938,8.98,8.851,8.886,1522880.64,2026-02-21 03:59:59.999000+00:00
2026-02-21 04:00:00+00:00,8.887,8.917,8.852,8.861,985615.46,2026-02-21 07:59:59.999000+00:00
2026-02-21 08:00:00+00:00,8.862,8.979,8.856,8.936,1399877.18,2026-02-21 11:59:59.999000+00:00
2026-02-21 12:00:00+00:00,8.936,9.057,8.894,8.932,2086312.6,2026-02-21 15:59:59.999000+00:00
2026-02-21 16:00:00+00:00,8.932,8.992,8.841,8.93,2478589.81,2026-02-21 19:59:59.999000+00:00
2026-02-21 20:00:00+00:00,8.93,8.948,8.86,8.868,957181.65,2026-02-21 23:59:59.999000+00:00
2026-02-22 00:00:00+00:00,8.867,8.896,8.792,8.837,1237873.6,2026-02-22 03:59:59.999000+00:00
2026-02-22 04:00:00+00:00,8.836,8.871,8.8,8.85,975915.69,2026-02-22 07:59:59.999000+00:00
2026-02-22 08:00:00+00:00,8.849,8.865,8.787,8.831,1321600.24,2026-02-22 11:59:59.999000+00:00
2026-02-22 12:00:00+00:00,8.83,8.838,8.679,8.706,2843177.94,2026-02-22 15:59:59.999000+00:00
2026-02-22 16:00:00+00:00,8.705,8.709,8.599,8.639,1575686.94,2026-02-22 19:59:59.999000+00:00
2026-02-22 20:00:00+00:00,8.638,8.704,8.6,8.677,1163170.68,2026-02-22 23:59:59.999000+00:00
2026-02-23 00:00:00+00:00,8.677,8.692,8.165,8.249,6470631.66,2026-02-23 03:59:59.999000+00:00
2026-02-23 04:00:00+00:00,8.249,8.374,8.171,8.35,2239577.82,2026-02-23 07:59:59.999000+00:00
2026-02-23 08:00:00+00:00,8.35,8.557,8.306,8.47,2264224.28,2026-02-23 11:59:59.999000+00:00
2026-02-23 12:00:00+00:00,8.47,8.577,8.392,8.414,2931166.77,2026-02-23 15:59:59.999000+00:00
2026-02-23 16:00:00+00:00,8.413,8.452,8.177,8.228,3747792.28,2026-02-23 19:59:59.999000+00:00
2026-02-23 20:00:00+00:00,8.227,8.341,8.202,8.262,1882382.83,2026-02-23 23:59:59.999000+00:00
2026-02-24 00:00:00+00:00,8.262,8.335,8.113,8.205,2762375.22,2026-02-24 03:59:59.999000+00:00
2026-02-24 04:00:00+00:00,8.204,8.23,8.12,8.147,2240952.24,2026-02-24 07:59:59.999000+00:00
2026-02-24 08:00:00+00:00,8.147,8.198,8.102,8.172,1784539.85,2026-02-24 11:59:59.999000+00:00
2026-02-24 12:00:00+00:00,8.172,8.227,8.05,8.21,3156477.89,2026-02-24 15:59:59.999000+00:00
2026-02-24 16:00:00+00:00,8.211,8.276,8.171,8.226,2136429.81,2026-02-24 19:59:59.999000+00:00
2026-02-24 20:00:00+00:00,8.226,8.258,8.161,8.191,1328231.69,2026-02-24 23:59:59.999000+00:00
2026-02-25 00:00:00+00:00,8.192,8.627,8.177,8.5,5126170.86,2026-02-25 03:59:59.999000+00:00
2026-02-25 04:00:00+00:00,8.501,8.552,8.352,8.474,2163975.75,2026-02-25 07:59:59.999000+00:00
2026-02-25 08:00:00+00:00,8.474,8.663,8.433,8.654,2248115.97,2026-02-25 11:59:59.999000+00:00
2026-02-25 12:00:00+00:00,8.654,9.332,8.636,9.279,8477683.01,2026-02-25 15:59:59.999000+00:00
2026-02-25 16:00:00+00:00,9.279,9.506,9.278,9.473,4799497.8,2026-02-25 19:59:59.999000+00:00
2026-02-25 20:00:00+00:00,9.474,9.589,9.179,9.266,3770955.43,2026-02-25 23:59:59.999000+00:00
2026-02-26 00:00:00+00:00,9.266,9.334,9.145,9.218,2807945.02,2026-02-26 03:59:59.999000+00:00
2026-02-26 04:00:00+00:00,9.218,9.338,9.188,9.203,2425447.46,2026-02-26 07:59:59.999000+00:00
2026-02-26 08:00:00+00:00,9.204,9.317,9.156,9.206,2602506.64,2026-02-26 11:59:59.999000+00:00
2026-02-26 12:00:00+00:00,9.207,9.31,9.022,9.116,4024114.12,2026-02-26 15:59:59.999000+00:00
2026-02-26 16:00:00+00:00,9.117,9.139,8.853,9.092,3700567.22,2026-02-26 19:59:59.999000+00:00
2026-02-26 20:00:00+00:00,9.092,9.141,9.037,9.093,1108573.09,2026-02-26 23:59:59.999000+00:00
2026-02-27 00:00:00+00:00,9.093,9.197,8.998,9.18,2034920.6,2026-02-27 03:59:59.999000+00:00
2026-02-27 04:00:00+00:00,9.181,9.293,9.116,9.172,1988988.63,2026-02-27 07:59:59.999000+00:00
2026-02-27 08:00:00+00:00,9.172,9.232,8.801,8.841,3153427.6,2026-02-27 11:59:59.999000+00:00
2026-02-27 12:00:00+00:00,8.841,8.865,8.726,8.811,3730269.1,2026-02-27 15:59:59.999000+00:00
2026-02-27 16:00:00+00:00,8.81,8.813,8.638,8.667,2786269.01,2026-02-27 19:59:59.999000+00:00
2026-02-27 20:00:00+00:00,8.667,8.729,8.543,8.705,1810624.01,2026-02-27 23:59:59.999000+00:00
2026-02-28 00:00:00+00:00,8.705,8.744,8.661,8.674,1214879.8,2026-02-28 03:59:59.999000+00:00
2026-02-28 04:00:00+00:00,8.674,8.692,8.211,8.345,5400724.95,2026-02-28 07:59:59.999000+00:00
2026-02-28 08:00:00+00:00,8.345,8.347,8.203,8.27,3185509.46,2026-02-28 11:59:59.999000+00:00
2026-02-28 12:00:00+00:00,8.271,8.539,8.269,8.432,3847668.83,2026-02-28 15:59:59.999000+00:00
2026-02-28 16:00:00+00:00,8.431,8.73,8.398,8.682,3167771.78,2026-02-28 19:59:59.999000+00:00
2026-02-28 20:00:00+00:00,8.682,8.94,8.659,8.84,3157092.52,2026-02-28 23:59:59.999000+00:00
2026-03-01 00:00:00+00:00,8.839,9.206,8.739,9.051,3523023.69,2026-03-01 03:59:59.999000+00:00
2026-03-01 04:00:00+00:00,9.051,9.093,8.922,8.974,1894805.57,2026-03-01 07:59:59.999000+00:00
2026-03-01 08:00:00+00:00,8.974,8.992,8.835,8.87,1965181.03,2026-03-01 11:59:59.999000+00:00
2026-03-01 12:00:00+00:00,8.869,9.053,8.78,8.912,3231747.77,2026-03-01 15:59:59.999000+00:00
2026-03-01 16:00:00+00:00,8.912,8.971,8.671,8.688,3700701.48,2026-03-01 19:59:59.999000+00:00
2026-03-01 20:00:00+00:00,8.688,8.782,8.532,8.669,3130730.7,2026-03-01 23:59:59.999000+00:00
2026-03-02 00:00:00+00:00,8.669,8.884,8.655,8.822,2568474.99,2026-03-02 03:59:59.999000+00:00
2026-03-02 04:00:00+00:00,8.823,8.85,8.602,8.668,1641030.83,2026-03-02 07:59:59.999000+00:00
2026-03-02 08:00:00+00:00,8.669,8.766,8.582,8.689,1976493.74,2026-03-02 11:59:59.999000+00:00
2026-03-02 12:00:00+00:00,8.69,9.177,8.581,9.101,4921642.66,2026-03-02 15:59:59.999000+00:00
2026-03-02 16:00:00+00:00,9.102,9.268,8.943,9.034,4095159.07,2026-03-02 19:59:59.999000+00:00
2026-03-02 20:00:00+00:00,9.033,9.106,8.917,8.945,1980105.02,2026-03-02 23:59:59.999000+00:00
2026-03-03 00:00:00+00:00,8.946,9.007,8.84,8.88,1776283.48,2026-03-03 03:59:59.999000+00:00
2026-03-03 04:00:00+00:00,8.881,8.932,8.766,8.79,1620865.16,2026-03-03 07:59:59.999000+00:00
2026-03-03 08:00:00+00:00,8.789,8.803,8.591,8.667,2866825.23,2026-03-03 11:59:59.999000+00:00
2026-03-03 12:00:00+00:00,8.668,8.784,8.552,8.741,3671992.09,2026-03-03 15:59:59.999000+00:00
2026-03-03 16:00:00+00:00,8.741,8.925,8.701,8.802,3455653.32,2026-03-03 19:59:59.999000+00:00
2026-03-03 20:00:00+00:00,8.803,8.883,8.674,8.805,2182275.92,2026-03-03 23:59:59.999000+00:00
2026-03-04 00:00:00+00:00,8.804,8.894,8.681,8.754,2066665.84,2026-03-04 03:59:59.999000+00:00
2026-03-04 04:00:00+00:00,8.753,8.922,8.682,8.896,1763541.78,2026-03-04 07:59:59.999000+00:00
2026-03-04 08:00:00+00:00,8.896,9.296,8.882,9.126,4676704.94,2026-03-04 11:59:59.999000+00:00
2026-03-04 12:00:00+00:00,9.125,9.509,9.023,9.497,4280009.9,2026-03-04 15:59:59.999000+00:00
2026-03-04 16:00:00+00:00,9.496,9.628,9.357,9.525,3474918.04,2026-03-04 19:59:59.999000+00:00
2026-03-04 20:00:00+00:00,9.525,9.56,9.29,9.343,2352518.6,2026-03-04 23:59:59.999000+00:00
2026-03-05 00:00:00+00:00,9.344,9.389,9.23,9.259,2354377.55,2026-03-05 03:59:59.999000+00:00
2026-03-05 04:00:00+00:00,9.26,9.354,9.174,9.213,1798771.76,2026-03-05 07:59:59.999000+00:00
2026-03-05 08:00:00+00:00,9.214,9.459,9.192,9.391,2302166.46,2026-03-05 11:59:59.999000+00:00
2026-03-05 12:00:00+00:00,9.392,9.482,9.166,9.23,4223066.3,2026-03-05 15:59:59.999000+00:00
2026-03-05 16:00:00+00:00,9.23,9.269,9.063,9.179,2693830.35,2026-03-05 19:59:59.999000+00:00
2026-03-05 20:00:00+00:00,9.179,9.318,9.165,9.199,1727270.84,2026-03-05 23:59:59.999000+00:00
2026-03-06 00:00:00+00:00,9.199,9.295,9.163,9.259,1397641.38,2026-03-06 03:59:59.999000+00:00
2026-03-06 04:00:00+00:00,9.259,9.288,9.147,9.271,1426323.95,2026-03-06 07:59:59.999000+00:00
2026-03-06 08:00:00+00:00,9.272,9.273,9.051,9.068,1985353.04,2026-03-06 11:59:59.999000+00:00
2026-03-06 12:00:00+00:00,9.068,9.134,8.74,8.784,4888436.75,2026-03-06 15:59:59.999000+00:00
2026-03-06 16:00:00+00:00,8.783,8.828,8.663,8.783,2670965.65,2026-03-06 19:59:59.999000+00:00
2026-03-06 20:00:00+00:00,8.783,8.822,8.73,8.791,978382.16,2026-03-06 23:59:59.999000+00:00
2026-03-07 00:00:00+00:00,8.792,8.852,8.755,8.784,996690.6,2026-03-07 03:59:59.999000+00:00
2026-03-07 04:00:00+00:00,8.785,8.814,8.726,8.803,1157659.23,2026-03-07 07:59:59.999000+00:00
2026-03-07 08:00:00+00:00,8.802,8.82,8.743,8.795,1032310.07,2026-03-07 11:59:59.999000+00:00
2026-03-07 12:00:00+00:00,8.795,8.816,8.723,8.747,1102887.36,2026-03-07 15:59:59.999000+00:00
2026-03-07 16:00:00+00:00,8.747,8.805,8.635,8.655,1694314.14,2026-03-07 19:59:59.999000+00:00
2026-03-07 20:00:00+00:00,8.655,8.711,8.636,8.692,982653.91,2026-03-07 23:59:59.999000+00:00
2026-03-08 00:00:00+00:00,8.693,8.711,8.574,8.597,1377744.7,2026-03-08 03:59:59.999000+00:00
2026-03-08 04:00:00+00:00,8.597,8.664,8.522,8.628,1266135.58,2026-03-08 07:59:59.999000+00:00
2026-03-08 08:00:00+00:00,8.628,8.773,8.585,8.648,1665188.93,2026-03-08 11:59:59.999000+00:00
2026-03-08 12:00:00+00:00,8.648,8.672,8.533,8.563,2010124.64,2026-03-08 15:59:59.999000+00:00
2026-03-08 16:00:00+00:00,8.562,8.661,8.496,8.639,1708235.28,2026-03-08 19:59:59.999000+00:00
2026-03-08 20:00:00+00:00,8.638,8.698,8.386,8.507,2415833.02,2026-03-08 23:59:59.999000+00:00
2026-03-09 00:00:00+00:00,8.508,8.8,8.5,8.679,2757135.29,2026-03-09 03:59:59.999000+00:00
2026-03-09 04:00:00+00:00,8.679,8.874,8.642,8.735,2052073.19,2026-03-09 07:59:59.999000+00:00
2026-03-09 08:00:00+00:00,8.736,8.849,8.707,8.77,1844797.83,2026-03-09 11:59:59.999000+00:00
2026-03-09 12:00:00+00:00,8.77,8.968,8.77,8.923,3295864.01,2026-03-09 15:59:59.999000+00:00
2026-03-09 16:00:00+00:00,8.923,9.099,8.863,9.004,2701864.01,2026-03-09 19:59:59.999000+00:00
2026-03-09 20:00:00+00:00,9.004,9.036,8.84,8.863,1743739.78,2026-03-09 23:59:59.999000+00:00
2026-03-10 00:00:00+00:00,8.862,9.079,8.846,8.933,1785680.83,2026-03-10 03:59:59.999000+00:00
2026-03-10 04:00:00+00:00,8.933,9.077,8.932,9.075,1465297.48,2026-03-10 07:59:59.999000+00:00
2026-03-10 08:00:00+00:00,9.076,9.16,9.058,9.064,2722054.04,2026-03-10 11:59:59.999000+00:00
2026-03-10 12:00:00+00:00,9.065,9.18,8.853,9.129,4213047.53,2026-03-10 15:59:59.999000+00:00
2026-03-10 16:00:00+00:00,9.129,9.176,8.914,8.967,2565163.39,2026-03-10 19:59:59.999000+00:00
2026-03-10 20:00:00+00:00,8.966,9.008,8.904,8.979,1418534.26,2026-03-10 23:59:59.999000+00:00
2026-03-11 00:00:00+00:00,8.98,9.003,8.907,8.923,1809943.08,2026-03-11 03:59:59.999000+00:00
2026-03-11 04:00:00+00:00,8.922,9.033,8.862,8.884,1763617.85,2026-03-11 07:59:59.999000+00:00
2026-03-11 08:00:00+00:00,8.884,8.964,8.877,8.905,1272077.3,2026-03-11 11:59:59.999000+00:00
2026-03-11 12:00:00+00:00,8.906,9.168,8.878,8.992,4888196.36,2026-03-11 15:59:59.999000+00:00
2026-03-11 16:00:00+00:00,8.993,9.149,8.965,9.082,2236369.94,2026-03-11 19:59:59.999000+00:00
2026-03-11 20:00:00+00:00,9.081,9.109,8.974,8.993,1138062.15,2026-03-11 23:59:59.999000+00:00
2026-03-12 00:00:00+00:00,8.993,9.015,8.826,8.86,1963000.97,2026-03-12 03:59:59.999000+00:00
2026-03-12 04:00:00+00:00,8.859,8.956,8.836,8.943,1242777.3,2026-03-12 07:59:59.999000+00:00
2026-03-12 08:00:00+00:00,8.943,9.103,8.917,9.023,2419429.2,2026-03-12 11:59:59.999000+00:00
2026-03-12 12:00:00+00:00,9.024,9.095,8.891,9.03,3619033.19,2026-03-12 15:59:59.999000+00:00
2026-03-12 16:00:00+00:00,9.029,9.078,8.955,9.03,2137977.85,2026-03-12 19:59:59.999000+00:00
2026-03-12 20:00:00+00:00,9.03,9.086,8.96,9.052,1367417.9,2026-03-12 23:59:59.999000+00:00
2026-03-13 00:00:00+00:00,9.052,9.401,9.031,9.281,4530066.78,2026-03-13 03:59:59.999000+00:00
2026-03-13 04:00:00+00:00,9.281,9.297,9.168,9.192,1555912.74,2026-03-13 07:59:59.999000+00:00
2026-03-13 08:00:00+00:00,9.191,9.326,9.155,9.268,1693597.43,2026-03-13 11:59:59.999000+00:00
2026-03-13 12:00:00+00:00,9.268,9.594,9.233,9.26,5450960.77,2026-03-13 15:59:59.999000+00:00
2026-03-13 16:00:00+00:00,9.26,9.327,9.095,9.14,3424638.69,2026-03-13 19:59:59.999000+00:00
2026-03-13 20:00:00+00:00,9.141,9.198,9.014,9.081,2186628.65,2026-03-13 23:59:59.999000+00:00
2026-03-14 00:00:00+00:00,9.08,9.128,9.017,9.113,1503971.42,2026-03-14 03:59:59.999000+00:00
2026-03-14 04:00:00+00:00,9.114,9.138,8.955,8.974,2069710.63,2026-03-14 07:59:59.999000+00:00
2026-03-14 08:00:00+00:00,8.974,9.004,8.912,8.987,1570746.71,2026-03-14 11:59:59.999000+00:00
2026-03-14 12:00:00+00:00,8.986,9.011,8.955,8.998,1665678.85,2026-03-14 15:59:59.999000+00:00
2026-03-14 16:00:00+00:00,8.997,9.049,8.976,9.021,1159367.19,2026-03-14 19:59:59.999000+00:00
2026-03-14 20:00:00+00:00,9.021,9.168,9.011,9.162,1623212.22,2026-03-14 23:59:59.999000+00:00
2026-03-15 00:00:00+00:00,9.162,9.254,9.108,9.203,1909662.86,2026-03-15 03:59:59.999000+00:00
2026-03-15 04:00:00+00:00,9.203,9.263,9.181,9.214,1322099.28,2026-03-15 07:59:59.999000+00:00
2026-03-15 08:00:00+00:00,9.214,9.318,9.214,9.27,1506440.88,2026-03-15 11:59:59.999000+00:00
2026-03-15 12:00:00+00:00,9.271,9.274,9.133,9.152,2015494.74,2026-03-15 15:59:59.999000+00:00
2026-03-15 16:00:00+00:00,9.152,9.235,9.114,9.193,1485380.85,2026-03-15 19:59:59.999000+00:00
2026-03-15 20:00:00+00:00,9.192,9.557,9.171,9.489,4130593.02,2026-03-15 23:59:59.999000+00:00
2026-03-16 00:00:00+00:00,9.49,9.808,9.405,9.694,4429062.84,2026-03-16 03:59:59.999000+00:00
2026-03-16 04:00:00+00:00,9.693,9.834,9.668,9.681,4325019.61,2026-03-16 07:59:59.999000+00:00
2026-03-16 08:00:00+00:00,9.682,9.729,9.554,9.657,2455139.94,2026-03-16 11:59:59.999000+00:00
2026-03-16 12:00:00+00:00,9.656,9.815,9.588,9.714,3995100.76,2026-03-16 15:59:59.999000+00:00
2026-03-16 16:00:00+00:00,9.714,9.965,9.701,9.926,3100022.74,2026-03-16 19:59:59.999000+00:00
2026-03-16 20:00:00+00:00,9.927,10.077,9.857,9.918,3015694.12,2026-03-16 23:59:59.999000+00:00
2026-03-17 00:00:00+00:00,9.918,10.017,9.773,9.823,3488832.8,2026-03-17 03:59:59.999000+00:00
2026-03-17 04:00:00+00:00,9.823,9.853,9.677,9.793,2066524.39,2026-03-17 07:59:59.999000+00:00
2026-03-17 08:00:00+00:00,9.792,9.829,9.722,9.757,1648553.43,2026-03-17 11:59:59.999000+00:00
2026-03-17 12:00:00+00:00,9.757,9.931,9.71,9.794,2551253.65,2026-03-17 15:59:59.999000+00:00
2026-03-17 16:00:00+00:00,9.795,9.911,9.784,9.799,1527494.44,2026-03-17 19:59:59.999000+00:00
2026-03-17 20:00:00+00:00,9.8,9.907,9.769,9.786,1330935.36,2026-03-17 23:59:59.999000+00:00
2026-03-18 00:00:00+00:00,9.787,9.922,9.748,9.884,1356923.86,2026-03-18 03:59:59.999000+00:00
2026-03-18 04:00:00+00:00,9.885,9.892,9.774,9.808,1369113.65,2026-03-18 07:59:59.999000+00:00
2026-03-18 08:00:00+00:00,9.809,9.879,9.52,9.551,3469020.41,2026-03-18 11:59:59.999000+00:00
2026-03-18 12:00:00+00:00,9.55,9.55,9.118,9.2,5915171.65,2026-03-18 15:59:59.999000+00:00
2026-03-18 16:00:00+00:00,9.199,9.305,9.087,9.165,2911607.06,2026-03-18 19:59:59.999000+00:00
2026-03-18 20:00:00+00:00,9.165,9.257,9.076,9.222,1886402.37,2026-03-18 23:59:59.999000+00:00
2026-03-19 00:00:00+00:00,9.223,9.335,9.157,9.248,1531823.5,2026-03-19 03:59:59.999000+00:00
2026-03-19 04:00:00+00:00,9.247,9.256,9.03,9.09,2355046.19,2026-03-19 07:59:59.999000+00:00
2026-03-19 08:00:00+00:00,9.089,9.168,9.061,9.09,1613939.63,2026-03-19 11:59:59.999000+00:00
2026-03-19 12:00:00+00:00,9.09,9.091,8.887,8.958,4418029.26,2026-03-19 15:59:59.999000+00:00
2026-03-19 16:00:00+00:00,8.957,9.09,8.893,9.026,2691051.02,2026-03-19 19:59:59.999000+00:00
2026-03-19 20:00:00+00:00,9.026,9.094,9.006,9.041,1406441.26,2026-03-19 23:59:59.999000+00:00
2026-03-20 00:00:00+00:00,9.041,9.157,9.033,9.115,1428160.74,2026-03-20 03:59:59.999000+00:00
2026-03-20 04:00:00+00:00,9.115,9.148,9.026,9.109,1349962.97,2026-03-20 07:59:59.999000+00:00
2026-03-20 08:00:00+00:00,9.109,9.209,9.051,9.082,2102330.12,2026-03-20 11:59:59.999000+00:00
2026-03-20 12:00:00+00:00,9.083,9.122,8.965,9.021,2477485.24,2026-03-20 15:59:59.999000+00:00
2026-03-20 16:00:00+00:00,9.021,9.061,8.952,9.036,1665895.21,2026-03-20 19:59:59.999000+00:00
2026-03-20 20:00:00+00:00,9.037,9.161,8.975,9.107,1233013.33,2026-03-20 23:59:59.999000+00:00
2026-03-21 00:00:00+00:00,9.108,9.173,9.104,9.124,974198.74,2026-03-21 03:59:59.999000+00:00
2026-03-21 04:00:00+00:00,9.124,9.149,9.1,9.122,846397.13,2026-03-21 07:59:59.999000+00:00
2026-03-21 08:00:00+00:00,9.123,9.161,9.086,9.102,869706.73,2026-03-21 11:59:59.999000+00:00
2026-03-21 12:00:00+00:00,9.101,9.14,9.048,9.101,1386239.22,2026-03-21 15:59:59.999000+00:00
2026-03-21 16:00:00+00:00,9.101,9.105,9.038,9.065,1241295.67,2026-03-21 19:59:59.999000+00:00
2026-03-21 20:00:00+00:00,9.065,9.104,8.758,8.819,2641773.78,2026-03-21 23:59:59.999000+00:00
2026-03-22 00:00:00+00:00,8.819,8.968,8.664,8.901,3021362.06,2026-03-22 03:59:59.999000+00:00
2026-03-22 04:00:00+00:00,8.902,8.943,8.832,8.837,1168590.73,2026-03-22 07:59:59.999000+00:00
2026-03-22 08:00:00+00:00,8.837,8.86,8.741,8.75,1539379.1,2026-03-22 11:59:59.999000+00:00
2026-03-22 12:00:00+00:00,8.75,8.833,8.75,8.792,1112298.63,2026-03-22 15:59:59.999000+00:00
2026-03-22 16:00:00+00:00,8.792,8.803,8.682,8.703,1710032.76,2026-03-22 19:59:59.999000+00:00
2026-03-22 20:00:00+00:00,8.704,8.757,8.569,8.685,2168913.2,2026-03-22 23:59:59.999000+00:00
2026-03-23 00:00:00+00:00,8.684,8.776,8.627,8.7,1484245.09,2026-03-23 03:59:59.999000+00:00
2026-03-23 04:00:00+00:00,8.701,8.778,8.571,8.643,1888484.87,2026-03-23 07:59:59.999000+00:00
2026-03-23 08:00:00+00:00,8.644,9.249,8.573,8.972,9091718.03,2026-03-23 11:59:59.999000+00:00
2026-03-23 12:00:00+00:00,8.972,9.286,8.902,9.044,6658986.39,2026-03-23 15:59:59.999000+00:00
2026-03-23 16:00:00+00:00,9.043,9.217,8.989,9.122,2828978.67,2026-03-23 19:59:59.999000+00:00
2026-03-23 20:00:00+00:00,9.121,9.174,9.064,9.103,1405505.73,2026-03-23 23:59:59.999000+00:00
2026-03-24 00:00:00+00:00,9.103,9.138,9.004,9.083,1877423.71,2026-03-24 03:59:59.999000+00:00
2026-03-24 04:00:00+00:00,9.084,9.258,8.989,9.24,2852005.0,2026-03-24 07:59:59.999000+00:00
2026-03-24 08:00:00+00:00,9.24,9.256,9.161,9.241,2285952.95,2026-03-24 11:59:59.999000+00:00
2026-03-24 12:00:00+00:00,9.241,9.247,9.036,9.111,3604568.68,2026-03-24 15:59:59.999000+00:00
2026-03-24 16:00:00+00:00,9.111,9.16,9.007,9.057,1752223.15,2026-03-24 19:59:59.999000+00:00
2026-03-24 20:00:00+00:00,9.056,9.267,9.053,9.246,2053043.24,2026-03-24 23:59:59.999000+00:00
2026-03-25 00:00:00+00:00,9.247,9.312,9.172,9.24,1868408.0,2026-03-25 03:59:59.999000+00:00
2026-03-25 04:00:00+00:00,9.239,9.358,9.226,9.284,1886117.16,2026-03-25 07:59:59.999000+00:00
2026-03-25 08:00:00+00:00,9.284,9.461,9.284,9.413,1941537.59,2026-03-25 11:59:59.999000+00:00
2026-03-25 12:00:00+00:00,9.413,9.493,9.287,9.363,3012088.83,2026-03-25 15:59:59.999000+00:00
2026-03-25 16:00:00+00:00,9.362,9.47,9.296,9.346,1991368.4,2026-03-25 19:59:59.999000+00:00
2026-03-25 20:00:00+00:00,9.347,9.405,9.276,9.372,1346994.09,2026-03-25 23:59:59.999000+00:00
2026-03-26 00:00:00+00:00,9.373,9.387,9.215,9.248,1383485.8,2026-03-26 03:59:59.999000+00:00
2026-03-26 04:00:00+00:00,9.248,9.249,9.059,9.099,2304162.5,2026-03-26 07:59:59.999000+00:00
2026-03-26 08:00:00+00:00,9.1,9.105,8.915,8.939,2733689.0,2026-03-26 11:59:59.999000+00:00
2026-03-26 12:00:00+00:00,8.94,9.025,8.849,8.927,2561306.53,2026-03-26 15:59:59.999000+00:00
2026-03-26 16:00:00+00:00,8.928,8.947,8.805,8.828,1987041.76,2026-03-26 19:59:59.999000+00:00
2026-03-26 20:00:00+00:00,8.828,8.979,8.816,8.906,2164305.07,2026-03-26 23:59:59.999000+00:00
2026-03-27 00:00:00+00:00,8.907,8.978,8.881,8.91,1122887.39,2026-03-27 03:59:59.999000+00:00
2026-03-27 04:00:00+00:00,8.91,8.942,8.839,8.903,1455703.48,2026-03-27 07:59:59.999000+00:00
2026-03-27 08:00:00+00:00,8.904,8.921,8.542,8.589,4035640.64,2026-03-27 11:59:59.999000+00:00
2026-03-27 12:00:00+00:00,8.589,8.679,8.518,8.605,3343166.07,2026-03-27 15:59:59.999000+00:00
2026-03-27 16:00:00+00:00,8.605,8.634,8.477,8.538,2145913.1,2026-03-27 19:59:59.999000+00:00
2026-03-27 20:00:00+00:00,8.538,8.573,8.486,8.564,1093490.47,2026-03-27 23:59:59.999000+00:00
2026-03-28 00:00:00+00:00,8.564,8.567,8.494,8.514,894172.97,2026-03-28 03:59:59.999000+00:00
2026-03-28 04:00:00+00:00,8.514,8.601,8.496,8.597,971509.6,2026-03-28 07:59:59.999000+00:00
2026-03-28 08:00:00+00:00,8.598,8.61,8.474,8.535,1529346.81,2026-03-28 11:59:59.999000+00:00
2026-03-28 12:00:00+00:00,8.535,8.693,8.509,8.636,2890739.25,2026-03-28 15:59:59.999000+00:00
2026-03-28 16:00:00+00:00,8.637,8.65,8.577,8.599,980870.19,2026-03-28 19:59:59.999000+00:00
2026-03-28 20:00:00+00:00,8.599,8.62,8.364,8.428,3295590.33,2026-03-28 23:59:59.999000+00:00
2026-03-29 00:00:00+00:00,8.429,8.594,8.407,8.537,1886461.23,2026-03-29 03:59:59.999000+00:00
2026-03-29 04:00:00+00:00,8.537,8.539,8.488,8.511,1353019.4,2026-03-29 07:59:59.999000+00:00
2026-03-29 08:00:00+00:00,8.511,8.543,8.449,8.503,1650065.4,2026-03-29 11:59:59.999000+00:00
2026-03-29 12:00:00+00:00,8.503,8.509,8.381,8.422,2035197.37,2026-03-29 15:59:59.999000+00:00
2026-03-29 16:00:00+00:00,8.423,8.462,8.389,8.414,879088.65,2026-03-29 19:59:59.999000+00:00
2026-03-29 20:00:00+00:00,8.413,8.486,8.184,8.409,3600533.22,2026-03-29 23:59:59.999000+00:00
2026-03-30 00:00:00+00:00,8.41,8.669,8.394,8.632,2749008.01,2026-03-30 03:59:59.999000+00:00
2026-03-30 04:00:00+00:00,8.632,8.749,8.631,8.739,2225670.71,2026-03-30 07:59:59.999000+00:00
2026-03-30 08:00:00+00:00,8.74,8.906,8.723,8.865,2945602.41,2026-03-30 11:59:59.999000+00:00
2026-03-30 12:00:00+00:00,8.865,8.927,8.772,8.826,3384000.63,2026-03-30 15:59:59.999000+00:00
2026-03-30 16:00:00+00:00,8.826,8.838,8.565,8.622,3188383.48,2026-03-30 19:59:59.999000+00:00
2026-03-30 20:00:00+00:00,8.622,8.723,8.58,8.622,1531165.43,2026-03-30 23:59:59.999000+00:00
2026-03-31 00:00:00+00:00,8.621,8.855,8.593,8.745,2097541.18,2026-03-31 03:59:59.999000+00:00
2026-03-31 04:00:00+00:00,8.745,8.775,8.665,8.707,1420406.39,2026-03-31 07:59:59.999000+00:00
2026-03-31 08:00:00+00:00,8.706,8.715,8.498,8.611,2761014.08,2026-03-31 11:59:59.999000+00:00
2026-03-31 12:00:00+00:00,8.611,8.806,8.585,8.622,2834083.57,2026-03-31 15:59:59.999000+00:00
2026-03-31 16:00:00+00:00,8.623,8.888,8.619,8.772,2883704.49,2026-03-31 19:59:59.999000+00:00
2026-03-31 20:00:00+00:00,8.771,8.814,8.706,8.777,1163266.69,2026-03-31 23:59:59.999000+00:00
2026-04-01 00:00:00+00:00,8.778,8.83,8.735,8.816,1546562.67,2026-04-01 03:59:59.999000+00:00
2026-04-01 04:00:00+00:00,8.816,9.193,8.79,9.056,3558992.16,2026-04-01 07:59:59.999000+00:00
2026-04-01 08:00:00+00:00,9.056,9.101,8.982,9.017,2245117.89,2026-04-01 11:59:59.999000+00:00
2026-04-01 12:00:00+00:00,9.017,9.089,8.913,9.002,2593922.34,2026-04-01 15:59:59.999000+00:00
2026-04-01 16:00:00+00:00,9.001,9.136,8.949,9.014,2122553.64,2026-04-01 19:59:59.999000+00:00
2026-04-01 20:00:00+00:00,9.015,9.037,8.921,8.939,1289595.78,2026-04-01 23:59:59.999000+00:00
2026-04-02 00:00:00+00:00,8.939,9.006,8.516,8.56,5586588.7,2026-04-02 03:59:59.999000+00:00
2026-04-02 04:00:00+00:00,8.56,8.565,8.495,8.56,2171129.9,2026-04-02 07:59:59.999000+00:00
2026-04-02 08:00:00+00:00,8.559,8.56,8.446,8.479,1929462.48,2026-04-02 11:59:59.999000+00:00
2026-04-02 12:00:00+00:00,8.479,8.64,8.416,8.561,3655059.99,2026-04-02 15:59:59.999000+00:00
2026-04-02 16:00:00+00:00,8.561,8.654,8.518,8.608,1828930.29,2026-04-02 19:59:59.999000+00:00
2026-04-02 20:00:00+00:00,8.609,8.651,8.584,8.627,1206158.71,2026-04-02 23:59:59.999000+00:00
2026-04-03 00:00:00+00:00,8.628,8.673,8.585,8.645,1679565.04,2026-04-03 03:59:59.999000+00:00
2026-04-03 04:00:00+00:00,8.646,8.763,8.637,8.709,1433387.23,2026-04-03 07:59:59.999000+00:00
2026-04-03 08:00:00+00:00,8.71,8.74,8.657,8.721,1165942.25,2026-04-03 11:59:59.999000+00:00
2026-04-03 12:00:00+00:00,8.721,8.807,8.647,8.693,2237373.1,2026-04-03 15:59:59.999000+00:00
2026-04-03 16:00:00+00:00,8.693,8.727,8.641,8.673,1097881.81,2026-04-03 19:59:59.999000+00:00
2026-04-03 20:00:00+00:00,8.673,8.712,8.636,8.654,1053950.09,2026-04-03 23:59:59.999000+00:00
2026-04-04 00:00:00+00:00,8.654,8.654,8.613,8.64,920464.24,2026-04-04 03:59:59.999000+00:00
2026-04-04 04:00:00+00:00,8.639,8.676,8.627,8.654,609703.38,2026-04-04 07:59:59.999000+00:00
2026-04-04 08:00:00+00:00,8.655,8.673,8.622,8.657,732886.23,2026-04-04 11:59:59.999000+00:00
2026-04-04 12:00:00+00:00,8.658,8.708,8.605,8.683,1249549.17,2026-04-04 15:59:59.999000+00:00
2026-04-04 16:00:00+00:00,8.684,8.778,8.66,8.721,1360077.37,2026-04-04 19:59:59.999000+00:00
2026-04-04 20:00:00+00:00,8.72,8.723,8.674,8.689,502454.02,2026-04-04 23:59:59.999000+00:00
2026-04-05 00:00:00+00:00,8.69,8.694,8.633,8.646,838311.9,2026-04-05 03:59:59.999000+00:00
2026-04-05 04:00:00+00:00,8.646,8.656,8.495,8.527,1850687.43,2026-04-05 07:59:59.999000+00:00
2026-04-05 08:00:00+00:00,8.526,8.576,8.52,8.542,965008.5,2026-04-05 11:59:59.999000+00:00
2026-04-05 12:00:00+00:00,8.542,8.678,8.471,8.595,1946670.87,2026-04-05 15:59:59.999000+00:00
2026-04-05 16:00:00+00:00,8.596,8.643,8.569,8.62,773894.02,2026-04-05 19:59:59.999000+00:00
2026-04-05 20:00:00+00:00,8.62,8.872,8.559,8.82,2688371.17,2026-04-05 23:59:59.999000+00:00
2026-04-06 00:00:00+00:00,8.82,9.026,8.82,8.927,3458039.2,2026-04-06 03:59:59.999000+00:00
2026-04-06 04:00:00+00:00,8.927,8.998,8.899,8.959,2170808.3,2026-04-06 07:59:59.999000+00:00
2026-04-06 08:00:00+00:00,8.96,9.153,8.953,9.043,3266865.1,2026-04-06 11:59:59.999000+00:00
2026-04-06 12:00:00+00:00,9.044,9.086,8.993,9.082,2333442.62,2026-04-06 15:59:59.999000+00:00
2026-04-06 16:00:00+00:00,9.083,9.101,8.935,8.984,2234975.15,2026-04-06 19:59:59.999000+00:00
2026-04-06 20:00:00+00:00,8.985,9.019,8.718,8.794,2382556.45,2026-04-06 23:59:59.999000+00:00
2026-04-07 00:00:00+00:00,8.794,8.844,8.722,8.787,1523068.94,2026-04-07 03:59:59.999000+00:00
2026-04-07 04:00:00+00:00,8.786,8.826,8.724,8.76,1066756.31,2026-04-07 07:59:59.999000+00:00
2026-04-07 08:00:00+00:00,8.761,8.895,8.666,8.676,2534388.62,2026-04-07 11:59:59.999000+00:00
2026-04-07 12:00:00+00:00,8.676,8.718,8.566,8.613,4078036.87,2026-04-07 15:59:59.999000+00:00
2026-04-07 16:00:00+00:00,8.613,8.752,8.588,8.738,2418147.09,2026-04-07 19:59:59.999000+00:00
2026-04-07 20:00:00+00:00,8.739,9.417,8.709,9.285,6409874.41,2026-04-07 23:59:59.999000+00:00
2026-04-08 00:00:00+00:00,9.284,9.337,9.171,9.176,2368444.78,2026-04-08 03:59:59.999000+00:00
2026-04-08 04:00:00+00:00,9.177,9.269,9.177,9.251,1668094.28,2026-04-08 07:59:59.999000+00:00
2026-04-08 08:00:00+00:00,9.252,9.271,9.143,9.182,1558070.15,2026-04-08 11:59:59.999000+00:00
2026-04-08 12:00:00+00:00,9.183,9.265,8.962,9.026,4145508.49,2026-04-08 15:59:59.999000+00:00
2026-04-08 16:00:00+00:00,9.026,9.114,8.931,8.984,1659712.94,2026-04-08 19:59:59.999000+00:00
2026-04-08 20:00:00+00:00,8.983,9.035,8.83,8.851,1843498.42,2026-04-08 23:59:59.999000+00:00
2026-04-09 00:00:00+00:00,8.852,8.853,8.683,8.755,3030998.01,2026-04-09 03:59:59.999000+00:00
2026-04-09 04:00:00+00:00,8.755,8.797,8.742,8.751,1386680.86,2026-04-09 07:59:59.999000+00:00
2026-04-09 08:00:00+00:00,8.752,8.801,8.733,8.758,1515102.02,2026-04-09 11:59:59.999000+00:00
2026-04-09 12:00:00+00:00,8.758,8.972,8.685,8.94,2811245.08,2026-04-09 15:59:59.999000+00:00
2026-04-09 16:00:00+00:00,8.94,9.035,8.86,9.002,2655608.07,2026-04-09 19:59:59.999000+00:00
2026-04-09 20:00:00+00:00,9.003,9.183,8.925,8.943,2329769.95,2026-04-09 23:59:59.999000+00:00
2026-04-10 00:00:00+00:00,8.942,9.003,8.882,8.91,1519040.65,2026-04-10 03:59:59.999000+00:00
2026-04-10 04:00:00+00:00,8.911,8.992,8.883,8.895,1081935.97,2026-04-10 07:59:59.999000+00:00
2026-04-10 08:00:00+00:00,8.896,9.016,8.875,8.982,1600270.74,2026-04-10 11:59:59.999000+00:00
2026-04-10 12:00:00+00:00,8.982,9.163,8.96,9.054,3520477.79,2026-04-10 15:59:59.999000+00:00
2026-04-10 16:00:00+00:00,9.055,9.159,9.019,9.153,1635867.94,2026-04-10 19:59:59.999000+00:00
2026-04-10 20:00:00+00:00,9.153,9.173,9.062,9.08,1093890.22,2026-04-10 23:59:59.999000+00:00
2026-04-11 00:00:00+00:00,9.081,9.11,9.024,9.045,959128.64,2026-04-11 03:59:59.999000+00:00
2026-04-11 04:00:00+00:00,9.046,9.074,8.968,9.006,1275534.7,2026-04-11 07:59:59.999000+00:00
2026-04-11 08:00:00+00:00,9.006,9.047,8.984,9.008,784706.81,2026-04-11 11:59:59.999000+00:00
2026-04-11 12:00:00+00:00,9.008,9.043,8.944,9.021,1163637.51,2026-04-11 15:59:59.999000+00:00
2026-04-11 16:00:00+00:00,9.021,9.286,9.016,9.26,2340851.01,2026-04-11 19:59:59.999000+00:00
2026-04-11 20:00:00+00:00,9.261,9.27,9.037,9.065,1648975.07,2026-04-11 23:59:59.999000+00:00
2026-04-12 00:00:00+00:00,9.066,9.077,8.739,8.788,3676498.91,2026-04-12 03:59:59.999000+00:00
2026-04-12 04:00:00+00:00,8.787,8.809,8.752,8.791,1289410.33,2026-04-12 07:59:59.999000+00:00
2026-04-12 08:00:00+00:00,8.791,8.81,8.742,8.781,975833.6,2026-04-12 11:59:59.999000+00:00
2026-04-12 12:00:00+00:00,8.78,8.822,8.679,8.71,2264759.62,2026-04-12 15:59:59.999000+00:00
2026-04-12 16:00:00+00:00,8.71,8.799,8.695,8.758,1015659.13,2026-04-12 19:59:59.999000+00:00
2026-04-12 20:00:00+00:00,8.758,8.839,8.706,8.729,1677509.25,2026-04-12 23:59:59.999000+00:00
2026-04-13 00:00:00+00:00,8.73,8.833,8.716,8.776,1422230.76,2026-04-13 03:59:59.999000+00:00
2026-04-13 04:00:00+00:00,8.775,8.808,8.706,8.725,1592778.97,2026-04-13 07:59:59.999000+00:00
2026-04-13 08:00:00+00:00,8.724,8.752,8.69,8.725,1409244.26,2026-04-13 11:59:59.999000+00:00
2026-04-13 12:00:00+00:00,8.724,8.913,8.678,8.819,3952412.54,2026-04-13 15:59:59.999000+00:00
2026-04-13 16:00:00+00:00,8.819,9.035,8.772,9.017,2848502.99,2026-04-13 19:59:59.999000+00:00
2026-04-13 20:00:00+00:00,9.018,9.435,8.95,9.359,4961914.37,2026-04-13 23:59:59.999000+00:00
2026-04-14 00:00:00+00:00,9.359,9.386,9.175,9.214,2851983.26,2026-04-14 03:59:59.999000+00:00
2026-04-14 04:00:00+00:00,9.215,9.244,9.13,9.213,1938290.98,2026-04-14 07:59:59.999000+00:00
2026-04-14 08:00:00+00:00,9.214,9.252,9.158,9.171,1233035.32,2026-04-14 11:59:59.999000+00:00
2026-04-14 12:00:00+00:00,9.171,9.293,9.06,9.126,3911120.87,2026-04-14 15:59:59.999000+00:00
2026-04-14 16:00:00+00:00,9.125,9.175,8.922,8.983,2455953.65,2026-04-14 19:59:59.999000+00:00
2026-04-14 20:00:00+00:00,8.983,9.052,8.963,9.014,1193663.28,2026-04-14 23:59:59.999000+00:00
2026-04-15 00:00:00+00:00,9.014,9.106,9.011,9.066,1191076.48,2026-04-15 03:59:59.999000+00:00
2026-04-15 04:00:00+00:00,9.067,9.109,8.988,9.01,1186993.1,2026-04-15 07:59:59.999000+00:00
2026-04-15 08:00:00+00:00,9.011,9.153,8.999,9.134,1281304.79,2026-04-15 11:59:59.999000+00:00
2026-04-15 12:00:00+00:00,9.133,9.246,9.1,9.158,2291483.43,2026-04-15 15:59:59.999000+00:00
2026-04-15 16:00:00+00:00,9.158,9.37,9.148,9.323,2457304.3,2026-04-15 19:59:59.999000+00:00
2026-04-15 20:00:00+00:00,9.323,9.353,9.217,9.258,1540165.06,2026-04-15 23:59:59.999000+00:00
2026-04-16 00:00:00+00:00,9.259,9.331,9.201,9.277,1197420.35,2026-04-16 03:59:59.999000+00:00
2026-04-16 04:00:00+00:00,9.277,9.359,9.251,9.291,1874089.27,2026-04-16 07:59:59.999000+00:00
2026-04-16 08:00:00+00:00,9.291,9.327,9.207,9.283,1541127.5,2026-04-16 11:59:59.999000+00:00
2026-04-16 12:00:00+00:00,9.282,9.464,9.122,9.453,5476349.1,2026-04-16 15:59:59.999000+00:00
2026-04-16 16:00:00+00:00,9.452,9.652,9.3,9.642,3880191.96,2026-04-16 19:59:59.999000+00:00
2026-04-16 20:00:00+00:00,9.643,9.677,9.461,9.596,2493688.27,2026-04-16 23:59:59.999000+00:00
2026-04-17 00:00:00+00:00,9.595,9.612,9.389,9.411,1671375.56,2026-04-17 03:59:59.999000+00:00
2026-04-17 04:00:00+00:00,9.412,9.467,9.334,9.467,1662839.17,2026-04-17 07:59:59.999000+00:00
2026-04-17 08:00:00+00:00,9.468,9.604,9.45,9.516,2211974.62,2026-04-17 11:59:59.999000+00:00
2026-04-17 12:00:00+00:00,9.517,9.865,9.455,9.747,4751692.92,2026-04-17 15:59:59.999000+00:00
2026-04-17 16:00:00+00:00,9.747,9.829,9.625,9.665,2162252.53,2026-04-17 19:59:59.999000+00:00
2026-04-17 20:00:00+00:00,9.666,9.706,9.576,9.607,1404469.04,2026-04-17 23:59:59.999000+00:00
2026-04-18 00:00:00+00:00,9.607,9.647,9.539,9.557,1032413.88,2026-04-18 03:59:59.999000+00:00
2026-04-18 04:00:00+00:00,9.557,9.626,9.542,9.598,892365.88,2026-04-18 07:59:59.999000+00:00
2026-04-18 08:00:00+00:00,9.599,9.6,9.332,9.397,3550116.01,2026-04-18 11:59:59.999000+00:00
2026-04-18 12:00:00+00:00,9.397,9.445,9.306,9.379,2376035.66,2026-04-18 15:59:59.999000+00:00
2026-04-18 16:00:00+00:00,9.378,9.413,9.25,9.276,1913030.24,2026-04-18 19:59:59.999000+00:00
2026-04-18 20:00:00+00:00,9.276,9.342,9.258,9.277,922626.05,2026-04-18 23:59:59.999000+00:00
2026-04-19 00:00:00+00:00,9.277,9.291,9.157,9.22,2143922.47,2026-04-19 03:59:59.999000+00:00
2026-04-19 04:00:00+00:00,9.221,9.283,9.095,9.17,1988601.25,2026-04-19 07:59:59.999000+00:00
2026-04-19 08:00:00+00:00,9.17,9.22,9.103,9.212,1178271.37,2026-04-19 11:59:59.999000+00:00
2026-04-19 12:00:00+00:00,9.213,9.37,9.194,9.281,2097415.11,2026-04-19 15:59:59.999000+00:00
2026-04-19 16:00:00+00:00,9.282,9.292,9.104,9.177,1919596.72,2026-04-19 19:59:59.999000+00:00
2026-04-19 20:00:00+00:00,9.177,9.177,8.993,9.058,2151299.15,2026-04-19 23:59:59.999000+00:00
2026-04-20 00:00:00+00:00,9.059,9.202,9.045,9.188,1482874.23,2026-04-20 03:59:59.999000+00:00
2026-04-20 04:00:00+00:00,9.188,9.359,9.093,9.242,2213516.47,2026-04-20 07:59:59.999000+00:00
2026-04-20 08:00:00+00:00,9.243,9.314,9.147,9.208,3037114.69,2026-04-20 11:59:59.999000+00:00
2026-04-20 12:00:00+00:00,9.208,9.293,9.131,9.261,2146818.41,2026-04-20 15:59:59.999000+00:00
2026-04-20 16:00:00+00:00,9.262,9.358,9.202,9.318,1852272.73,2026-04-20 19:59:59.999000+00:00
2026-04-20 20:00:00+00:00,9.318,9.402,9.257,9.282,1539266.86,2026-04-20 23:59:59.999000+00:00
2026-04-21 00:00:00+00:00,9.281,9.352,9.232,9.283,1096091.06,2026-04-21 03:59:59.999000+00:00
2026-04-21 04:00:00+00:00,9.283,9.39,9.268,9.36,1205766.84,2026-04-21 07:59:59.999000+00:00
2026-04-21 08:00:00+00:00,9.359,9.487,9.343,9.409,1912954.16,2026-04-21 11:59:59.999000+00:00
2026-04-21 12:00:00+00:00,9.409,9.475,9.327,9.413,2798001.78,2026-04-21 15:59:59.999000+00:00
2026-04-21 16:00:00+00:00,9.414,9.438,9.233,9.263,2360978.2,2026-04-21 19:59:59.999000+00:00
2026-04-21 20:00:00+00:00,9.264,9.412,9.257,9.392,1638373.5,2026-04-21 23:59:59.999000+00:00
2026-04-22 00:00:00+00:00,9.392,9.525,9.372,9.503,1953759.48,2026-04-22 03:59:59.999000+00:00
2026-04-22 04:00:00+00:00,9.503,9.556,9.469,9.496,2277211.5,2026-04-22 07:59:59.999000+00:00
2026-04-22 08:00:00+00:00,9.496,9.545,9.469,9.521,1111361.6,2026-04-22 11:59:59.999000+00:00
2026-04-22 12:00:00+00:00,9.522,9.548,9.455,9.484,2185582.04,2026-04-22 15:59:59.999000+00:00
2026-04-22 16:00:00+00:00,9.485,9.504,9.372,9.411,1734141.98,2026-04-22 19:59:59.999000+00:00
2026-04-22 20:00:00+00:00,9.411,9.415,9.268,9.284,1562077.25,2026-04-22 23:59:59.999000+00:00
2026-04-23 00:00:00+00:00,9.285,9.31,9.139,9.172,2380761.84,2026-04-23 03:59:59.999000+00:00
2026-04-23 04:00:00+00:00,9.173,9.261,9.159,9.232,1338001.27,2026-04-23 07:59:59.999000+00:00
2026-04-23 08:00:00+00:00,9.231,9.273,9.158,9.258,2264049.75,2026-04-23 11:59:59.999000+00:00
2026-04-23 12:00:00+00:00,9.257,9.385,9.237,9.345,2000137.15,2026-04-23 15:59:59.999000+00:00
2026-04-23 16:00:00+00:00,9.346,9.356,9.145,9.267,2087100.31,2026-04-23 19:59:59.999000+00:00
2026-04-23 20:00:00+00:00,9.267,9.356,9.265,9.344,1214624.6,2026-04-23 23:59:59.999000+00:00
2026-04-24 00:00:00+00:00,9.345,9.391,9.25,9.289,1518118.38,2026-04-24 03:59:59.999000+00:00
2026-04-24 04:00:00+00:00,9.289,9.312,9.24,9.286,1252378.41,2026-04-24 07:59:59.999000+00:00
2026-04-24 08:00:00+00:00,9.287,9.379,9.244,9.351,1543519.22,2026-04-24 11:59:59.999000+00:00
2026-04-24 12:00:00+00:00,9.35,9.39,9.288,9.366,1737522.88,2026-04-24 15:59:59.999000+00:00
2026-04-24 16:00:00+00:00,9.365,9.432,9.322,9.403,1509528.53,2026-04-24 19:59:59.999000+00:00
2026-04-24 20:00:00+00:00,9.402,9.442,9.351,9.371,1019459.24,2026-04-24 23:59:59.999000+00:00
2026-04-25 00:00:00+00:00,9.37,9.427,9.339,9.42,800495.68,2026-04-25 03:59:59.999000+00:00
2026-04-25 04:00:00+00:00,9.42,9.443,9.389,9.397,679000.24,2026-04-25 07:59:59.999000+00:00
2026-04-25 08:00:00+00:00,9.396,9.435,9.366,9.386,809199.29,2026-04-25 11:59:59.999000+00:00
2026-04-25 12:00:00+00:00,9.386,9.415,9.325,9.341,986389.96,2026-04-25 15:59:59.999000+00:00
2026-04-25 16:00:00+00:00,9.34,9.359,9.282,9.3,1381709.13,2026-04-25 19:59:59.999000+00:00
2026-04-25 20:00:00+00:00,9.301,9.357,9.286,9.342,670827.33,2026-04-25 23:59:59.999000+00:00
2026-04-26 00:00:00+00:00,9.342,9.342,9.294,9.316,727988.31,2026-04-26 03:59:59.999000+00:00
2026-04-26 04:00:00+00:00,9.316,9.419,9.308,9.417,1062108.07,2026-04-26 07:59:59.999000+00:00
2026-04-26 08:00:00+00:00,9.418,9.485,9.4,9.464,1238018.8,2026-04-26 11:59:59.999000+00:00
2026-04-26 12:00:00+00:00,9.463,9.498,9.413,9.487,1425506.14,2026-04-26 15:59:59.999000+00:00
2026-04-26 16:00:00+00:00,9.488,9.535,9.425,9.477,1190039.13,2026-04-26 19:59:59.999000+00:00
2026-04-26 20:00:00+00:00,9.478,9.518,9.405,9.479,1159231.85,2026-04-26 23:59:59.999000+00:00
2026-04-27 00:00:00+00:00,9.48,9.588,9.434,9.54,1816249.09,2026-04-27 03:59:59.999000+00:00
2026-04-27 04:00:00+00:00,9.54,9.559,9.292,9.302,2649965.66,2026-04-27 07:59:59.999000+00:00
2026-04-27 08:00:00+00:00,9.302,9.352,9.296,9.329,977880.98,2026-04-27 11:59:59.999000+00:00
2026-04-27 12:00:00+00:00,9.329,9.369,9.146,9.178,3016285.78,2026-04-27 15:59:59.999000+00:00
2026-04-27 16:00:00+00:00,9.178,9.246,9.155,9.216,1371506.81,2026-04-27 19:59:59.999000+00:00
2026-04-27 20:00:00+00:00,9.215,9.329,9.205,9.316,905934.68,2026-04-27 23:59:59.999000+00:00
2026-04-28 00:00:00+00:00,9.317,9.325,9.241,9.281,1026762.66,2026-04-28 03:59:59.999000+00:00
2026-04-28 04:00:00+00:00,9.28,9.313,9.202,9.252,1148254.3,2026-04-28 07:59:59.999000+00:00
2026-04-28 08:00:00+00:00,9.251,9.274,9.177,9.196,886726.4,2026-04-28 11:59:59.999000+00:00
2026-04-28 12:00:00+00:00,9.197,9.243,9.14,9.219,2045860.17,2026-04-28 15:59:59.999000+00:00
2026-04-28 16:00:00+00:00,9.219,9.279,9.186,9.275,1051768.26,2026-04-28 19:59:59.999000+00:00
2026-04-28 20:00:00+00:00,9.275,9.287,9.218,9.237,630625.46,2026-04-28 23:59:59.999000+00:00
2026-04-29 00:00:00+00:00,9.237,9.317,9.207,9.304,1064233.63,2026-04-29 03:59:59.999000+00:00
2026-04-29 04:00:00+00:00,9.304,9.397,9.296,9.314,1494627.79,2026-04-29 07:59:59.999000+00:00
2026-04-29 08:00:00+00:00,9.313,9.414,9.258,9.355,1625542.32,2026-04-29 11:59:59.999000+00:00
2026-04-29 12:00:00+00:00,9.354,9.358,9.071,9.091,3377247.9,2026-04-29 15:59:59.999000+00:00
2026-04-29 16:00:00+00:00,9.09,9.158,8.904,9.009,4249950.29,2026-04-29 19:59:59.999000+00:00
2026-04-29 20:00:00+00:00,9.009,9.133,9.004,9.107,1349220.37,2026-04-29 23:59:59.999000+00:00
2026-04-30 00:00:00+00:00,9.107,9.185,9.053,9.102,1374095.62,2026-04-30 03:59:59.999000+00:00
2026-04-30 04:00:00+00:00,9.102,9.126,9.014,9.124,972645.84,2026-04-30 07:59:59.999000+00:00
2026-04-30 08:00:00+00:00,9.123,9.163,9.089,9.122,1138810.07,2026-04-30 11:59:59.999000+00:00
2026-04-30 12:00:00+00:00,9.122,9.172,9.078,9.133,1493498.76,2026-04-30 15:59:59.999000+00:00
2026-04-30 16:00:00+00:00,9.133,9.151,9.083,9.128,902863.01,2026-04-30 19:59:59.999000+00:00
2026-04-30 20:00:00+00:00,9.128,9.145,9.079,9.1,592706.31,2026-04-30 23:59:59.999000+00:00
2026-05-01 00:00:00+00:00,9.101,9.207,9.098,9.163,1200223.45,2026-05-01 03:59:59.999000+00:00
2026-05-01 04:00:00+00:00,9.164,9.178,9.125,9.148,854360.2,2026-05-01 07:59:59.999000+00:00
2026-05-01 08:00:00+00:00,9.148,9.187,9.11,9.143,1001069.79,2026-05-01 11:59:59.999000+00:00
2026-05-01 12:00:00+00:00,9.143,9.276,9.134,9.223,2613508.23,2026-05-01 15:59:59.999000+00:00
2026-05-01 16:00:00+00:00,9.224,9.25,9.16,9.17,1156235.42,2026-05-01 19:59:59.999000+00:00
2026-05-01 20:00:00+00:00,9.17,9.175,9.061,9.09,1383639.8,2026-05-01 23:59:59.999000+00:00
2026-05-02 00:00:00+00:00,9.09,9.131,9.077,9.112,827126.32,2026-05-02 03:59:59.999000+00:00
2026-05-02 04:00:00+00:00,9.112,9.114,9.06,9.08,769994.48,2026-05-02 07:59:59.999000+00:00
2026-05-02 08:00:00+00:00,9.079,9.098,9.067,9.071,581751.81,2026-05-02 11:59:59.999000+00:00
2026-05-02 12:00:00+00:00,9.071,9.2,9.069,9.158,1883064.79,2026-05-02 15:59:59.999000+00:00
2026-05-02 16:00:00+00:00,9.158,9.174,9.113,9.164,807992.12,2026-05-02 19:59:59.999000+00:00
2026-05-02 20:00:00+00:00,9.163,9.254,9.158,9.174,989536.62,2026-05-02 23:59:59.999000+00:00
2026-05-03 00:00:00+00:00,9.174,9.182,9.072,9.087,1253321.54,2026-05-03 03:59:59.999000+00:00
2026-05-03 04:00:00+00:00,9.088,9.129,9.063,9.112,1332749.41,2026-05-03 07:59:59.999000+00:00
2026-05-03 08:00:00+00:00,9.111,9.198,9.102,9.171,1156763.34,2026-05-03 11:59:59.999000+00:00
2026-05-03 12:00:00+00:00,9.171,9.207,9.118,9.15,1920840.15,2026-05-03 15:59:59.999000+00:00
2026-05-03 16:00:00+00:00,9.15,9.172,9.128,9.155,624576.13,2026-05-03 19:59:59.999000+00:00
2026-05-03 20:00:00+00:00,9.155,9.222,9.105,9.122,1707723.0,2026-05-03 23:59:59.999000+00:00
2026-05-04 00:00:00+00:00,9.122,9.354,9.083,9.346,3445581.37,2026-05-04 03:59:59.999000+00:00
2026-05-04 04:00:00+00:00,9.346,9.401,9.253,9.316,1826838.24,2026-05-04 07:59:59.999000+00:00
2026-05-04 08:00:00+00:00,9.317,9.653,9.283,9.422,8246441.5,2026-05-04 11:59:59.999000+00:00
2026-05-04 12:00:00+00:00,9.421,9.54,9.339,9.412,2793008.55,2026-05-04 15:59:59.999000+00:00
2026-05-04 16:00:00+00:00,9.413,9.509,9.337,9.391,1851681.0,2026-05-04 19:59:59.999000+00:00
2026-05-04 20:00:00+00:00,9.391,9.418,9.314,9.355,1029663.67,2026-05-04 23:59:59.999000+00:00
2026-05-05 00:00:00+00:00,9.354,9.544,9.349,9.503,1651770.57,2026-05-05 03:59:59.999000+00:00
2026-05-05 04:00:00+00:00,9.502,9.628,9.491,9.599,1701172.03,2026-05-05 07:59:59.999000+00:00
2026-05-05 08:00:00+00:00,9.599,9.734,9.506,9.731,3428470.34,2026-05-05 11:59:59.999000+00:00
2026-05-05 12:00:00+00:00,9.731,9.808,9.632,9.72,3170415.02,2026-05-05 15:59:59.999000+00:00
2026-05-05 16:00:00+00:00,9.72,9.739,9.663,9.724,1042948.55,2026-05-05 19:59:59.999000+00:00
2026-05-05 20:00:00+00:00,9.723,9.844,9.72,9.763,1945509.81,2026-05-05 23:59:59.999000+00:00
2026-05-06 00:00:00+00:00,9.763,9.869,9.755,9.854,1919873.9,2026-05-06 03:59:59.999000+00:00
2026-05-06 04:00:00+00:00,9.854,9.918,9.783,9.87,2094846.1,2026-05-06 07:59:59.999000+00:00
2026-05-06 08:00:00+00:00,9.87,10.247,9.861,10.179,5312531.08,2026-05-06 11:59:59.999000+00:00
2026-05-06 12:00:00+00:00,10.178,10.206,9.874,10.03,3971121.85,2026-05-06 15:59:59.999000+00:00
2026-05-06 16:00:00+00:00,10.029,10.075,9.938,10.014,1417802.12,2026-05-06 19:59:59.999000+00:00
2026-05-06 20:00:00+00:00,10.014,10.058,9.936,9.993,1125260.13,2026-05-06 23:59:59.999000+00:00
2026-05-07 00:00:00+00:00,9.994,10.007,9.845,9.863,1743881.7,2026-05-07 03:59:59.999000+00:00
2026-05-07 04:00:00+00:00,9.863,10.129,9.855,10.112,1908304.4,2026-05-07 07:59:59.999000+00:00
2026-05-07 08:00:00+00:00,10.113,10.118,9.946,10.02,1855078.9,2026-05-07 11:59:59.999000+00:00
2026-05-07 12:00:00+00:00,10.02,10.073,9.794,9.862,2931476.46,2026-05-07 15:59:59.999000+00:00
2026-05-07 16:00:00+00:00,9.863,9.947,9.802,9.89,1661301.32,2026-05-07 19:59:59.999000+00:00
2026-05-07 20:00:00+00:00,9.891,9.946,9.804,9.846,998506.85,2026-05-07 23:59:59.999000+00:00
2026-05-08 00:00:00+00:00,9.845,9.883,9.761,9.855,1649939.85,2026-05-08 03:59:59.999000+00:00
2026-05-08 04:00:00+00:00,9.855,9.89,9.789,9.887,1231276.6,2026-05-08 07:59:59.999000+00:00
2026-05-08 08:00:00+00:00,9.888,9.942,9.833,9.93,2358629.42,2026-05-08 11:59:59.999000+00:00
2026-05-08 12:00:00+00:00,9.931,10.093,9.879,10.09,2483934.68,2026-05-08 15:59:59.999000+00:00
2026-05-08 16:00:00+00:00,10.091,10.491,10.029,10.369,5591475.08,2026-05-08 19:59:59.999000+00:00
2026-05-08 20:00:00+00:00,10.37,10.389,10.269,10.34,1590507.98,2026-05-08 23:59:59.999000+00:00
2026-05-09 00:00:00+00:00,10.34,10.599,10.309,10.536,2840837.78,2026-05-09 03:59:59.999000+00:00
2026-05-09 04:00:00+00:00,10.537,10.606,10.447,10.456,1719253.09,2026-05-09 07:59:59.999000+00:00
2026-05-09 08:00:00+00:00,10.456,10.505,10.388,10.456,1501387.3,2026-05-09 11:59:59.999000+00:00
2026-05-09 12:00:00+00:00,10.456,10.479,10.274,10.33,2065978.63,2026-05-09 15:59:59.999000+00:00
2026-05-09 16:00:00+00:00,10.33,10.453,10.292,10.44,1563461.08,2026-05-09 19:59:59.999000+00:00
2026-05-09 20:00:00+00:00,10.44,10.444,10.347,10.368,703192.6,2026-05-09 23:59:59.999000+00:00
2026-05-10 00:00:00+00:00,10.369,10.391,10.277,10.346,1306459.61,2026-05-10 03:59:59.999000+00:00
2026-05-10 04:00:00+00:00,10.346,10.452,10.333,10.416,1073461.18,2026-05-10 07:59:59.999000+00:00
2026-05-10 08:00:00+00:00,10.416,10.547,10.409,10.473,1766665.26,2026-05-10 11:59:59.999000+00:00
2026-05-10 12:00:00+00:00,10.474,10.625,10.437,10.62,2304462.2,2026-05-10 15:59:59.999000+00:00
2026-05-10 16:00:00+00:00,10.62,10.863,10.589,10.837,3419040.48,2026-05-10 19:59:59.999000+00:00
2026-05-10 20:00:00+00:00,10.837,10.87,10.43,10.716,4397462.31,2026-05-10 23:59:59.999000+00:00
2026-05-11 00:00:00+00:00,10.716,10.755,10.43,10.523,2830526.61,2026-05-11 03:59:59.999000+00:00
2026-05-11 04:00:00+00:00,10.522,10.61,10.458,10.521,1441689.22,2026-05-11 07:59:59.999000+00:00
2026-05-11 08:00:00+00:00,10.52,10.646,10.506,10.571,1438357.72,2026-05-11 11:59:59.999000+00:00
2026-05-11 12:00:00+00:00,10.572,10.594,10.386,10.577,2429006.9,2026-05-11 15:59:59.999000+00:00
2026-05-11 16:00:00+00:00,10.576,10.695,10.531,10.676,2476965.37,2026-05-11 19:59:59.999000+00:00
2026-05-11 20:00:00+00:00,10.676,10.705,10.537,10.591,1092275.01,2026-05-11 23:59:59.999000+00:00
2026-05-12 00:00:00+00:00,10.591,10.591,10.389,10.461,1612061.33,2026-05-12 03:59:59.999000+00:00
2026-05-12 04:00:00+00:00,10.462,10.521,10.376,10.432,1263604.64,2026-05-12 07:59:59.999000+00:00
2026-05-12 08:00:00+00:00,10.433,10.445,10.221,10.261,2873994.22,2026-05-12 11:59:59.999000+00:00
2026-05-12 12:00:00+00:00,10.261,10.365,10.088,10.151,4957081.27,2026-05-12 15:59:59.999000+00:00
2026-05-12 16:00:00+00:00,10.151,10.324,10.117,10.315,1779223.86,2026-05-12 19:59:59.999000+00:00
2026-05-12 20:00:00+00:00,10.316,10.353,10.278,10.284,755205.51,2026-05-12 23:59:59.999000+00:00
2026-05-13 00:00:00+00:00,10.283,10.478,10.265,10.466,1643640.53,2026-05-13 03:59:59.999000+00:00
2026-05-13 04:00:00+00:00,10.467,10.578,10.391,10.571,1994158.43,2026-05-13 07:59:59.999000+00:00
2026-05-13 08:00:00+00:00,10.572,10.802,10.467,10.482,3712043.49,2026-05-13 11:59:59.999000+00:00
2026-05-13 12:00:00+00:00,10.481,10.512,10.031,10.063,5709483.34,2026-05-13 15:59:59.999000+00:00
2026-05-13 16:00:00+00:00,10.063,10.244,10.055,10.164,1735129.35,2026-05-13 19:59:59.999000+00:00
2026-05-13 20:00:00+00:00,10.164,10.226,10.112,10.213,925283.97,2026-05-13 23:59:59.999000+00:00
2026-05-14 00:00:00+00:00,10.213,10.268,10.089,10.107,1568593.18,2026-05-14 03:59:59.999000+00:00
2026-05-14 04:00:00+00:00,10.108,10.323,10.087,10.221,1611615.16,2026-05-14 07:59:59.999000+00:00
2026-05-14 08:00:00+00:00,10.221,10.291,10.176,10.232,1428307.93,2026-05-14 11:59:59.999000+00:00
2026-05-14 12:00:00+00:00,10.232,10.66,10.202,10.635,3990011.24,2026-05-14 15:59:59.999000+00:00
2026-05-14 16:00:00+00:00,10.635,10.769,10.56,10.625,4248741.91,2026-05-14 19:59:59.999000+00:00
2026-05-14 20:00:00+00:00,10.626,10.645,10.461,10.48,1456145.21,2026-05-14 23:59:59.999000+00:00
2026-05-15 00:00:00+00:00,10.481,10.559,10.351,10.413,2114477.1,2026-05-15 03:59:59.999000+00:00
2026-05-15 04:00:00+00:00,10.413,10.418,10.199,10.367,2428420.72,2026-05-15 07:59:59.999000+00:00
2026-05-15 08:00:00+00:00,10.368,10.371,10.244,10.301,1656898.68,2026-05-15 11:59:59.999000+00:00
2026-05-15 12:00:00+00:00,10.301,10.311,9.954,10.022,5183142.1,2026-05-15 15:59:59.999000+00:00
2026-05-15 16:00:00+00:00,10.022,10.131,9.996,10.057,1476795.46,2026-05-15 19:59:59.999000+00:00
2026-05-15 20:00:00+00:00,10.057,10.081,10.016,10.064,848892.68,2026-05-15 23:59:59.999000+00:00
2026-05-16 00:00:00+00:00,10.065,10.092,10.035,10.06,757936.49,2026-05-16 03:59:59.999000+00:00
2026-05-16 04:00:00+00:00,10.059,10.061,9.724,9.815,3413043.15,2026-05-16 07:59:59.999000+00:00
2026-05-16 08:00:00+00:00,9.815,9.832,9.609,9.645,2974107.96,2026-05-16 11:59:59.999000+00:00
2026-05-16 12:00:00+00:00,9.646,9.71,9.618,9.702,1513165.1,2026-05-16 15:59:59.999000+00:00
2026-05-16 16:00:00+00:00,9.702,9.774,9.693,9.743,1472704.06,2026-05-16 19:59:59.999000+00:00
2026-05-16 20:00:00+00:00,9.743,9.771,9.703,9.713,691506.25,2026-05-16 23:59:59.999000+00:00
2026-05-17 00:00:00+00:00,9.712,9.731,9.622,9.717,1406317.92,2026-05-17 03:59:59.999000+00:00
2026-05-17 04:00:00+00:00,9.717,9.826,9.712,9.773,1071333.12,2026-05-17 07:59:59.999000+00:00
2026-05-17 08:00:00+00:00,9.773,9.848,9.744,9.786,1005301.36,2026-05-17 11:59:59.999000+00:00
2026-05-17 12:00:00+00:00,9.786,9.834,9.649,9.709,3047155.34,2026-05-17 15:59:59.999000+00:00
2026-05-17 16:00:00+00:00,9.71,9.76,9.644,9.746,1064740.06,2026-05-17 19:59:59.999000+00:00
2026-05-17 20:00:00+00:00,9.747,9.771,9.319,9.561,3479678.8,2026-05-17 23:59:59.999000+00:00
2026-05-18 00:00:00+00:00,9.56,9.58,9.447,9.508,2221292.05,2026-05-18 03:59:59.999000+00:00
2026-05-18 04:00:00+00:00,9.508,9.57,9.42,9.469,1741760.91,2026-05-18 07:59:59.999000+00:00
2026-05-18 08:00:00+00:00,9.47,9.565,9.398,9.51,1541708.95,2026-05-18 11:59:59.999000+00:00
2026-05-18 12:00:00+00:00,9.51,9.602,9.337,9.417,3218502.76,2026-05-18 15:59:59.999000+00:00
2026-05-18 16:00:00+00:00,9.417,9.53,9.298,9.506,2961528.04,2026-05-18 19:59:59.999000+00:00
2026-05-18 20:00:00+00:00,9.507,9.615,9.466,9.602,1645985.36,2026-05-18 23:59:59.999000+00:00
2026-05-19 00:00:00+00:00,9.603,9.726,9.578,9.698,2363823.0,2026-05-19 03:59:59.999000+00:00
2026-05-19 04:00:00+00:00,9.699,9.821,9.657,9.793,2020268.78,2026-05-19 07:59:59.999000+00:00
2026-05-19 08:00:00+00:00,9.794,9.795,9.526,9.537,2583549.69,2026-05-19 11:59:59.999000+00:00
2026-05-19 12:00:00+00:00,9.538,9.617,9.43,9.483,2597460.05,2026-05-19 15:59:59.999000+00:00
2026-05-19 16:00:00+00:00,9.484,9.559,9.447,9.464,1640338.2,2026-05-19 19:59:59.999000+00:00
2026-05-19 20:00:00+00:00,9.465,9.492,9.428,9.443,962314.13,2026-05-19 23:59:59.999000+00:00
2026-05-20 00:00:00+00:00,9.444,9.509,9.372,9.486,2148002.31,2026-05-20 03:59:59.999000+00:00
2026-05-20 04:00:00+00:00,9.486,9.627,9.459,9.574,1418333.19,2026-05-20 07:59:59.999000+00:00
2026-05-20 08:00:00+00:00,9.575,9.64,9.524,9.541,1143051.12,2026-05-20 11:59:59.999000+00:00
2026-05-20 12:00:00+00:00,9.541,9.649,9.476,9.625,2627866.67,2026-05-20 15:59:59.999000+00:00
2026-05-20 16:00:00+00:00,9.626,9.685,9.557,9.651,1929337.36,2026-05-20 19:59:59.999000+00:00
2026-05-20 20:00:00+00:00,9.651,9.663,9.56,9.631,1068795.12,2026-05-20 23:59:59.999000+00:00
2026-05-21 00:00:00+00:00,9.631,9.764,9.623,9.756,2181916.6,2026-05-21 03:59:59.999000+00:00
2026-05-21 04:00:00+00:00,9.756,9.771,9.62,9.689,1465999.99,2026-05-21 07:59:59.999000+00:00
2026-05-21 08:00:00+00:00,9.689,9.759,9.512,9.545,2519118.43,2026-05-21 11:59:59.999000+00:00
2026-05-21 12:00:00+00:00,9.545,9.683,9.517,9.643,2358459.08,2026-05-21 15:59:59.999000+00:00
2026-05-21 16:00:00+00:00,9.644,9.853,9.606,9.797,3004384.63,2026-05-21 19:59:59.999000+00:00
2026-05-21 20:00:00+00:00,9.797,9.81,9.694,9.75,1590019.51,2026-05-21 23:59:59.999000+00:00
2026-05-22 00:00:00+00:00,9.751,9.833,9.706,9.821,1174208.88,2026-05-22 03:59:59.999000+00:00
2026-05-22 04:00:00+00:00,9.822,9.861,9.746,9.818,1407465.96,2026-05-22 07:59:59.999000+00:00
2026-05-22 08:00:00+00:00,9.818,9.892,9.757,9.887,1496510.98,2026-05-22 11:59:59.999000+00:00
2026-05-22 12:00:00+00:00,9.887,10.031,9.731,9.803,4676829.01,2026-05-22 15:59:59.999000+00:00
2026-05-22 16:00:00+00:00,9.802,9.855,9.366,9.461,5231060.64,2026-05-22 19:59:59.999000+00:00
2026-05-22 20:00:00+00:00,9.462,9.57,9.352,9.414,2379916.76,2026-05-22 23:59:59.999000+00:00
2026-05-23 00:00:00+00:00,9.414,9.435,9.334,9.402,1455225.37,2026-05-23 03:59:59.999000+00:00
2026-05-23 04:00:00+00:00,9.402,9.407,9.034,9.122,4192032.36,2026-05-23 07:59:59.999000+00:00
2026-05-23 08:00:00+00:00,9.122,9.216,9.091,9.179,2383918.27,2026-05-23 11:59:59.999000+00:00
2026-05-23 12:00:00+00:00,9.179,9.364,9.155,9.313,2971783.71,2026-05-23 15:59:59.999000+00:00
2026-05-23 16:00:00+00:00,9.314,9.425,9.278,9.4,1611142.65,2026-05-23 19:59:59.999000+00:00
2026-05-23 20:00:00+00:00,9.4,9.78,9.384,9.559,3658036.6,2026-05-23 23:59:59.999000+00:00
2026-05-24 00:00:00+00:00,9.559,9.617,9.519,9.535,1289520.05,2026-05-24 03:59:59.999000+00:00
2026-05-24 04:00:00+00:00,9.536,9.626,9.488,9.554,2564645.11,2026-05-24 07:59:59.999000+00:00
2026-05-24 08:00:00+00:00,9.555,9.646,9.535,9.592,1246607.67,2026-05-24 11:59:59.999000+00:00
2026-05-24 12:00:00+00:00,9.592,9.595,9.335,9.428,1806373.23,2026-05-24 15:59:59.999000+00:00
2026-05-24 16:00:00+00:00,9.428,9.483,9.406,9.427,1005370.34,2026-05-24 19:59:59.999000+00:00
2026-05-24 20:00:00+00:00,9.427,9.456,9.242,9.426,1594304.72,2026-05-24 23:59:59.999000+00:00
2026-05-25 00:00:00+00:00,9.427,9.489,9.362,9.387,1084511.07,2026-05-25 03:59:59.999000+00:00
2026-05-25 04:00:00+00:00,9.388,9.542,9.379,9.517,1194750.49,2026-05-25 07:59:59.999000+00:00
2026-05-25 08:00:00+00:00,9.518,9.605,9.49,9.528,2075020.39,2026-05-25 11:59:59.999000+00:00
2026-05-25 12:00:00+00:00,9.528,9.659,9.513,9.596,1727375.23,2026-05-25 15:59:59.999000+00:00
2026-05-25 16:00:00+00:00,9.596,9.668,9.52,9.548,1020747.19,2026-05-25 19:59:59.999000+00:00
2026-05-25 20:00:00+00:00,9.547,9.569,9.442,9.499,1045881.82,2026-05-25 23:59:59.999000+00:00
2026-05-26 00:00:00+00:00,9.499,9.504,9.354,9.408,1562968.25,2026-05-26 03:59:59.999000+00:00
2026-05-26 04:00:00+00:00,9.408,9.56,9.4,9.477,1531497.73,2026-05-26 07:59:59.999000+00:00
2026-05-26 08:00:00+00:00,9.478,9.64,9.454,9.569,2378971.34,2026-05-26 11:59:59.999000+00:00
2026-05-26 12:00:00+00:00,9.568,9.682,9.4,9.469,3574124.12,2026-05-26 15:59:59.999000+00:00
2026-05-26 16:00:00+00:00,9.469,9.476,9.335,9.398,3653727.26,2026-05-26 19:59:59.999000+00:00
2026-05-26 20:00:00+00:00,9.399,9.427,9.339,9.38,973027.32,2026-05-26 23:59:59.999000+00:00
2026-05-27 00:00:00+00:00,9.381,9.47,9.378,9.391,1309474.0,2026-05-27 03:59:59.999000+00:00
2026-05-27 04:00:00+00:00,9.39,9.45,9.279,9.436,1978499.97,2026-05-27 07:59:59.999000+00:00
2026-05-27 08:00:00+00:00,9.435,9.445,9.329,9.355,1788656.31,2026-05-27 11:59:59.999000+00:00
2026-05-27 12:00:00+00:00,9.356,9.48,9.264,9.429,3535409.78,2026-05-27 15:59:59.999000+00:00
2026-05-27 16:00:00+00:00,9.43,9.453,9.214,9.318,2123779.28,2026-05-27 19:59:59.999000+00:00
2026-05-27 20:00:00+00:00,9.319,9.351,9.1,9.13,2395029.74,2026-05-27 23:59:59.999000+00:00
2026-05-28 00:00:00+00:00,9.13,9.151,8.878,8.884,4811818.98,2026-05-28 03:59:59.999000+00:00
2026-05-28 04:00:00+00:00,8.885,8.914,8.745,8.898,4090283.68,2026-05-28 07:59:59.999000+00:00
2026-05-28 08:00:00+00:00,8.898,8.93,8.838,8.861,1324441.56,2026-05-28 11:59:59.999000+00:00
2026-05-28 12:00:00+00:00,8.861,8.963,8.786,8.894,3356051.83,2026-05-28 15:59:59.999000+00:00
2026-05-28 16:00:00+00:00,8.893,9.088,8.86,8.987,2063052.17,2026-05-28 19:59:59.999000+00:00
2026-05-28 20:00:00+00:00,8.988,9.063,8.957,8.998,1102761.09,2026-05-28 23:59:59.999000+00:00
2026-05-29 00:00:00+00:00,8.997,9.047,8.933,8.938,1219334.17,2026-05-29 03:59:59.999000+00:00
2026-05-29 04:00:00+00:00,8.939,9.039,8.903,8.998,1296988.46,2026-05-29 07:59:59.999000+00:00
2026-05-29 08:00:00+00:00,8.997,9.051,8.911,8.94,1363440.66,2026-05-29 11:59:59.999000+00:00
2026-05-29 12:00:00+00:00,8.941,9.133,8.785,9.064,4178957.03,2026-05-29 15:59:59.999000+00:00
2026-05-29 16:00:00+00:00,9.065,9.13,8.914,8.996,2306656.78,2026-05-29 19:59:59.999000+00:00
2026-05-29 20:00:00+00:00,8.996,9.042,8.946,9.017,1216062.37,2026-05-29 23:59:59.999000+00:00
2026-05-30 00:00:00+00:00,9.017,9.31,9.013,9.24,3118879.54,2026-05-30 03:59:59.999000+00:00
2026-05-30 04:00:00+00:00,9.24,9.275,9.081,9.157,2711326.31,2026-05-30 07:59:59.999000+00:00
2026-05-30 08:00:00+00:00,9.157,9.176,9.106,9.133,950851.95,2026-05-30 11:59:59.999000+00:00
2026-05-30 12:00:00+00:00,9.134,9.235,9.123,9.197,1242535.3,2026-05-30 15:59:59.999000+00:00
2026-05-30 16:00:00+00:00,9.198,9.263,9.183,9.258,1090174.49,2026-05-30 19:59:59.999000+00:00
2026-05-30 20:00:00+00:00,9.258,9.284,9.156,9.187,1063106.21,2026-05-30 23:59:59.999000+00:00
2026-05-31 00:00:00+00:00,9.187,9.298,9.177,9.256,1188324.37,2026-05-31 03:59:59.999000+00:00
2026-05-31 04:00:00+00:00,9.256,9.26,9.165,9.197,1265333.52,2026-05-31 07:59:59.999000+00:00
2026-05-31 08:00:00+00:00,9.196,9.272,9.154,9.223,1272392.14,2026-05-31 11:59:59.999000+00:00
2026-05-31 12:00:00+00:00,9.224,9.262,9.029,9.092,2185298.95,2026-05-31 15:59:59.999000+00:00
2026-05-31 16:00:00+00:00,9.091,9.108,8.984,9.034,1553865.79,2026-05-31 19:59:59.999000+00:00
2026-05-31 20:00:00+00:00,9.035,9.218,9.035,9.143,1193819.93,2026-05-31 23:59:59.999000+00:00
2026-06-01 00:00:00+00:00,9.142,9.212,9.022,9.174,1741999.61,2026-06-01 03:59:59.999000+00:00
2026-06-01 04:00:00+00:00,9.174,9.194,8.951,8.961,2128368.62,2026-06-01 07:59:59.999000+00:00
2026-06-01 08:00:00+00:00,8.962,9.046,8.927,8.996,1374998.73,2026-06-01 11:59:59.999000+00:00
2026-06-01 12:00:00+00:00,8.997,9.033,8.841,8.907,3377307.88,2026-06-01 15:59:59.999000+00:00
2026-06-01 16:00:00+00:00,8.908,9.108,8.858,9.079,2059240.56,2026-06-01 19:59:59.999000+00:00
2026-06-01 20:00:00+00:00,9.079,9.084,8.938,9.053,1169259.09,2026-06-01 23:59:59.999000+00:00
2026-06-02 00:00:00+00:00,9.053,9.069,8.801,9.014,2643742.83,2026-06-02 03:59:59.999000+00:00
2026-06-02 04:00:00+00:00,9.015,9.027,8.781,8.841,2633378.44,2026-06-02 07:59:59.999000+00:00
2026-06-02 08:00:00+00:00,8.842,8.867,8.769,8.812,1969179.8,2026-06-02 11:59:59.999000+00:00
2026-06-02 12:00:00+00:00,8.813,8.871,8.475,8.562,5952829.33,2026-06-02 15:59:59.999000+00:00
2026-06-02 16:00:00+00:00,8.562,8.738,8.37,8.521,3925481.98,2026-06-02 19:59:59.999000+00:00
2026-06-02 20:00:00+00:00,8.521,8.585,8.238,8.37,4218767.37,2026-06-02 23:59:59.999000+00:00
2026-06-03 00:00:00+00:00,8.37,8.433,8.165,8.223,3090001.88,2026-06-03 03:59:59.999000+00:00
2026-06-03 04:00:00+00:00,8.223,8.566,8.22,8.542,3470821.79,2026-06-03 07:59:59.999000+00:00
2026-06-03 08:00:00+00:00,8.542,8.616,8.463,8.532,2626240.13,2026-06-03 11:59:59.999000+00:00
2026-06-03 12:00:00+00:00,8.533,8.558,8.368,8.376,3633200.53,2026-06-03 15:59:59.999000+00:00
2026-06-03 16:00:00+00:00,8.377,8.389,8.181,8.207,4350824.76,2026-06-03 19:59:59.999000+00:00
2026-06-03 20:00:00+00:00,8.207,8.463,8.1,8.329,3964930.49,2026-06-03 23:59:59.999000+00:00
2026-06-04 00:00:00+00:00,8.329,8.395,7.79,8.293,6802043.12,2026-06-04 03:59:59.999000+00:00
2026-06-04 04:00:00+00:00,8.293,8.332,8.057,8.064,2629013.57,2026-06-04 07:59:59.999000+00:00
2026-06-04 08:00:00+00:00,8.063,8.09,7.801,7.934,4314724.88,2026-06-04 11:59:59.999000+00:00
2026-06-04 12:00:00+00:00,7.934,8.13,7.898,8.044,3707507.9,2026-06-04 15:59:59.999000+00:00
2026-06-04 16:00:00+00:00,8.044,8.128,7.952,8.054,2387576.52,2026-06-04 19:59:59.999000+00:00
2026-06-04 20:00:00+00:00,8.054,8.073,7.881,8.012,2740567.04,2026-06-04 23:59:59.999000+00:00
2026-06-05 00:00:00+00:00,8.012,8.038,7.762,7.786,3556679.45,2026-06-05 03:59:59.999000+00:00
2026-06-05 04:00:00+00:00,7.786,7.892,7.331,7.624,8108438.27,2026-06-05 07:59:59.999000+00:00
2026-06-05 08:00:00+00:00,7.624,7.676,7.498,7.555,3268499.75,2026-06-05 11:59:59.999000+00:00
2026-06-05 12:00:00+00:00,7.555,7.658,7.237,7.29,7400042.45,2026-06-05 15:59:59.999000+00:00
2026-06-05 16:00:00+00:00,7.289,7.512,7.112,7.299,7148321.08,2026-06-05 19:59:59.999000+00:00
2026-06-05 20:00:00+00:00,7.299,7.542,7.212,7.36,3897550.75,2026-06-05 23:59:59.999000+00:00
2026-06-06 00:00:00+00:00,7.361,7.45,7.243,7.27,2279623.29,2026-06-06 03:59:59.999000+00:00
2026-06-06 04:00:00+00:00,7.27,7.399,6.987,7.392,5139727.71,2026-06-06 07:59:59.999000+00:00
2026-06-06 08:00:00+00:00,7.393,7.468,7.191,7.314,3031701.57,2026-06-06 11:59:59.999000+00:00
2026-06-06 12:00:00+00:00,7.314,7.435,7.272,7.376,2814640.95,2026-06-06 15:59:59.999000+00:00
2026-06-06 16:00:00+00:00,7.376,7.412,7.288,7.297,1658501.08,2026-06-06 19:59:59.999000+00:00
2026-06-06 20:00:00+00:00,7.297,7.403,7.281,7.39,1403639.24,2026-06-06 23:59:59.999000+00:00
2026-06-07 00:00:00+00:00,7.389,7.602,7.369,7.576,2889644.23,2026-06-07 03:59:59.999000+00:00
2026-06-07 04:00:00+00:00,7.575,7.723,7.526,7.711,2292682.35,2026-06-07 07:59:59.999000+00:00
2026-06-07 08:00:00+00:00,7.711,7.846,7.662,7.757,2414748.39,2026-06-07 11:59:59.999000+00:00
2026-06-07 12:00:00+00:00,7.757,7.796,7.609,7.724,2614497.47,2026-06-07 15:59:59.999000+00:00
2026-06-07 16:00:00+00:00,7.724,7.775,7.55,7.591,1991955.23,2026-06-07 19:59:59.999000+00:00
2026-06-07 20:00:00+00:00,7.591,8.04,7.566,7.913,3412493.98,2026-06-07 23:59:59.999000+00:00
2026-06-08 00:00:00+00:00,7.913,8.013,7.815,7.852,2652998.43,2026-06-08 03:59:59.999000+00:00
2026-06-08 04:00:00+00:00,7.853,7.931,7.716,7.903,2380000.63,2026-06-08 07:59:59.999000+00:00
2026-06-08 08:00:00+00:00,7.903,8.002,7.838,7.963,1970364.66,2026-06-08 11:59:59.999000+00:00
2026-06-08 12:00:00+00:00,7.964,8.109,7.876,8.022,3047810.78,2026-06-08 15:59:59.999000+00:00
2026-06-08 16:00:00+00:00,8.023,8.073,7.96,8.057,1684542.96,2026-06-08 19:59:59.999000+00:00
2026-06-08 20:00:00+00:00,8.058,8.123,7.97,7.995,1586030.44,2026-06-08 23:59:59.999000+00:00
2026-06-09 00:00:00+00:00,7.994,8.011,7.79,7.877,2254764.98,2026-06-09 03:59:59.999000+00:00
2026-06-09 04:00:00+00:00,7.877,8.022,7.847,7.929,1994253.66,2026-06-09 07:59:59.999000+00:00
2026-06-09 08:00:00+00:00,7.929,7.934,7.831,7.88,1637547.45,2026-06-09 11:59:59.999000+00:00
2026-06-09 12:00:00+00:00,7.879,7.949,7.707,7.717,3614465.13,2026-06-09 15:59:59.999000+00:00
2026-06-09 16:00:00+00:00,7.716,7.896,7.645,7.869,2616052.32,2026-06-09 19:59:59.999000+00:00
2026-06-09 20:00:00+00:00,7.869,7.926,7.796,7.835,1053083.91,2026-06-09 23:59:59.999000+00:00
2026-06-10 00:00:00+00:00,7.836,7.871,7.711,7.744,1215956.86,2026-06-10 03:59:59.999000+00:00
2026-06-10 04:00:00+00:00,7.745,7.804,7.652,7.776,1220169.94,2026-06-10 07:59:59.999000+00:00
2026-06-10 08:00:00+00:00,7.777,7.778,7.607,7.642,2400638.31,2026-06-10 11:59:59.999000+00:00
2026-06-10 12:00:00+00:00,7.643,7.898,7.623,7.802,3581899.05,2026-06-10 15:59:59.999000+00:00
2026-06-10 16:00:00+00:00,7.803,7.82,7.592,7.614,2187118.31,2026-06-10 19:59:59.999000+00:00
2026-06-10 20:00:00+00:00,7.613,7.632,7.476,7.556,2538026.69,2026-06-10 23:59:59.999000+00:00
2026-06-11 00:00:00+00:00,7.557,7.828,7.556,7.797,2186536.29,2026-06-11 03:59:59.999000+00:00
2026-06-11 04:00:00+00:00,7.798,7.818,7.739,7.768,1349462.41,2026-06-11 07:59:59.999000+00:00
2026-06-11 08:00:00+00:00,7.768,7.878,7.768,7.851,1319935.11,2026-06-11 11:59:59.999000+00:00
2026-06-11 12:00:00+00:00,7.852,7.855,7.703,7.754,2410520.65,2026-06-11 15:59:59.999000+00:00
2026-06-11 16:00:00+00:00,7.754,7.98,7.681,7.938,2833209.95,2026-06-11 19:59:59.999000+00:00
2026-06-11 20:00:00+00:00,7.938,7.952,7.865,7.882,1163709.86,2026-06-11 23:59:59.999000+00:00
2026-06-12 00:00:00+00:00,7.882,7.93,7.843,7.901,878932.95,2026-06-12 03:59:59.999000+00:00
2026-06-12 04:00:00+00:00,7.902,7.93,7.746,7.807,1104928.14,2026-06-12 07:59:59.999000+00:00
2026-06-12 08:00:00+00:00,7.808,7.936,7.807,7.895,961345.94,2026-06-12 11:59:59.999000+00:00
2026-06-12 12:00:00+00:00,7.894,8.009,7.777,7.81,2424761.76,2026-06-12 15:59:59.999000+00:00
2026-06-12 16:00:00+00:00,7.811,7.918,7.795,7.834,1201415.28,2026-06-12 19:59:59.999000+00:00
2026-06-12 20:00:00+00:00,7.835,7.871,7.811,7.863,584429.03,2026-06-12 23:59:59.999000+00:00
2026-06-13 00:00:00+00:00,7.862,7.946,7.853,7.887,845444.19,2026-06-13 03:59:59.999000+00:00
2026-06-13 04:00:00+00:00,7.887,7.967,7.851,7.958,933940.87,2026-06-13 07:59:59.999000+00:00
2026-06-13 08:00:00+00:00,7.96,7.989,7.939,7.986,733900.71,2026-06-13 11:59:59.999000+00:00
2026-06-13 12:00:00+00:00,7.987,8.039,7.971,8.021,1046964.4,2026-06-13 15:59:59.999000+00:00
2026-06-13 16:00:00+00:00,8.022,8.026,7.934,7.987,1595392.04,2026-06-13 19:59:59.999000+00:00
2026-06-13 20:00:00+00:00,7.986,8.057,7.952,7.981,737389.91,2026-06-13 23:59:59.999000+00:00
2026-06-14 00:00:00+00:00,7.98,8.006,7.946,7.959,928227.59,2026-06-14 03:59:59.999000+00:00
2026-06-14 04:00:00+00:00,7.959,7.963,7.879,7.9,832264.04,2026-06-14 07:59:59.999000+00:00
2026-06-14 08:00:00+00:00,7.901,7.947,7.877,7.922,676368.68,2026-06-14 11:59:59.999000+00:00
2026-06-14 12:00:00+00:00,7.923,7.927,7.787,7.835,1087903.07,2026-06-14 15:59:59.999000+00:00
2026-06-14 16:00:00+00:00,7.836,7.872,7.779,7.816,997688.11,2026-06-14 19:59:59.999000+00:00
2026-06-14 20:00:00+00:00,7.817,8.181,7.802,8.177,2759137.79,2026-06-14 23:59:59.999000+00:00
2026-06-15 00:00:00+00:00,8.177,8.216,8.099,8.193,1865052.27,2026-06-15 03:59:59.999000+00:00
2026-06-15 04:00:00+00:00,8.191,8.226,8.147,8.177,991295.51,2026-06-15 07:59:59.999000+00:00
2026-06-15 08:00:00+00:00,8.178,8.45,8.159,8.304,3689668.67,2026-06-15 11:59:59.999000+00:00
2026-06-15 12:00:00+00:00,8.303,8.618,8.274,8.557,3959998.5,2026-06-15 15:59:59.999000+00:00
2026-06-15 16:00:00+00:00,8.557,8.582,8.37,8.406,2240921.6,2026-06-15 19:59:59.999000+00:00
2026-06-15 20:00:00+00:00,8.405,8.421,8.243,8.294,1645503.23,2026-06-15 23:59:59.999000+00:00
2026-06-16 00:00:00+00:00,8.294,8.334,8.144,8.247,1772919.76,2026-06-16 03:59:59.999000+00:00
2026-06-16 04:00:00+00:00,8.248,8.29,8.174,8.281,1294420.37,2026-06-16 07:59:59.999000+00:00
2026-06-16 08:00:00+00:00,8.281,8.429,8.272,8.328,1521895.77,2026-06-16 11:59:59.999000+00:00
2026-06-16 12:00:00+00:00,8.329,8.476,8.086,8.191,3801558.67,2026-06-16 15:59:59.999000+00:00
2026-06-16 16:00:00+00:00,8.191,8.325,8.157,8.253,1441080.41,2026-06-16 19:59:59.999000+00:00
2026-06-16 20:00:00+00:00,8.252,8.349,8.236,8.272,1146927.21,2026-06-16 23:59:59.999000+00:00
2026-06-17 00:00:00+00:00,8.271,8.413,8.249,8.348,1397460.99,2026-06-17 03:59:59.999000+00:00
2026-06-17 04:00:00+00:00,8.349,8.394,8.257,8.288,1043658.4,2026-06-17 07:59:59.999000+00:00
2026-06-17 08:00:00+00:00,8.287,8.295,8.105,8.15,2082504.95,2026-06-17 11:59:59.999000+00:00
2026-06-17 12:00:00+00:00,8.15,8.297,8.075,8.289,2544572.31,2026-06-17 15:59:59.999000+00:00
2026-06-17 16:00:00+00:00,8.289,8.367,7.998,8.031,5310019.71,2026-06-17 19:59:59.999000+00:00
2026-06-17 20:00:00+00:00,8.032,8.103,7.931,8.087,2182433.35,2026-06-17 23:59:59.999000+00:00
2026-06-18 00:00:00+00:00,8.087,8.132,8.009,8.024,1151284.93,2026-06-18 03:59:59.999000+00:00
2026-06-18 04:00:00+00:00,8.024,8.041,7.884,8.025,1699873.43,2026-06-18 07:59:59.999000+00:00
2026-06-18 08:00:00+00:00,8.026,8.063,7.966,7.984,1276396.34,2026-06-18 11:59:59.999000+00:00
2026-06-18 12:00:00+00:00,7.985,8.125,7.763,7.783,4290892.99,2026-06-18 15:59:59.999000+00:00
2026-06-18 16:00:00+00:00,7.783,7.935,7.775,7.914,2112953.25,2026-06-18 19:59:59.999000+00:00
2026-06-18 20:00:00+00:00,7.914,8.016,7.914,8.013,1273091.17,2026-06-18 23:59:59.999000+00:00
2026-06-19 00:00:00+00:00,8.013,8.04,7.816,7.877,2450177.07,2026-06-19 03:59:59.999000+00:00
2026-06-19 04:00:00+00:00,7.877,7.915,7.805,7.843,1167201.43,2026-06-19 07:59:59.999000+00:00
2026-06-19 08:00:00+00:00,7.843,7.875,7.796,7.81,1069294.01,2026-06-19 11:59:59.999000+00:00
2026-06-19 12:00:00+00:00,7.811,7.949,7.761,7.903,2235067.9,2026-06-19 15:59:59.999000+00:00
2026-06-19 16:00:00+00:00,7.903,7.934,7.843,7.874,1168080.52,2026-06-19 19:59:59.999000+00:00
2026-06-19 20:00:00+00:00,7.875,7.964,7.846,7.946,1061592.42,2026-06-19 23:59:59.999000+00:00
2026-06-20 00:00:00+00:00,7.945,7.957,7.858,7.89,1226294.35,2026-06-20 03:59:59.999000+00:00
2026-06-20 04:00:00+00:00,7.891,8.011,7.879,7.959,1020735.33,2026-06-20 07:59:59.999000+00:00
2026-06-20 08:00:00+00:00,7.959,7.981,7.921,7.933,898075.3,2026-06-20 11:59:59.999000+00:00
2026-06-20 12:00:00+00:00,7.933,8.007,7.818,7.963,2044248.56,2026-06-20 15:59:59.999000+00:00
2026-06-20 16:00:00+00:00,7.964,7.964,7.86,7.896,1010034.1,2026-06-20 19:59:59.999000+00:00
2026-06-20 20:00:00+00:00,7.897,8.013,7.884,7.983,740705.24,2026-06-20 23:59:59.999000+00:00
2026-06-21 00:00:00+00:00,7.984,7.99,7.932,7.967,529502.69,2026-06-21 03:59:59.999000+00:00
2026-06-21 04:00:00+00:00,7.967,7.982,7.913,7.945,536866.25,2026-06-21 07:59:59.999000+00:00
2026-06-21 08:00:00+00:00,7.946,8.009,7.891,7.931,1091831.81,2026-06-21 11:59:59.999000+00:00
2026-06-21 12:00:00+00:00,7.931,7.987,7.897,7.984,1074870.82,2026-06-21 15:59:59.999000+00:00
2026-06-21 16:00:00+00:00,7.983,7.987,7.903,7.949,918213.23,2026-06-21 19:59:59.999000+00:00
2026-06-21 20:00:00+00:00,7.95,7.955,7.762,7.778,1789939.36,2026-06-21 23:59:59.999000+00:00
2026-06-22 00:00:00+00:00,7.777,8.018,7.775,7.863,2333996.32,2026-06-22 03:59:59.999000+00:00
2026-06-22 04:00:00+00:00,7.863,7.99,7.85,7.961,1324300.23,2026-06-22 07:59:59.999000+00:00
2026-06-22 08:00:00+00:00,7.961,8.094,7.942,8.084,1683220.96,2026-06-22 11:59:59.999000+00:00
2026-06-22 12:00:00+00:00,8.084,8.153,7.969,7.983,2490209.77,2026-06-22 15:59:59.999000+00:00
2026-06-22 16:00:00+00:00,7.983,7.995,7.879,7.909,1629449.86,2026-06-22 19:59:59.999000+00:00
2026-06-22 20:00:00+00:00,7.909,7.935,7.815,7.868,1027447.04,2026-06-22 23:59:59.999000+00:00
2026-06-23 00:00:00+00:00,7.867,7.912,7.822,7.898,1514613.54,2026-06-23 03:59:59.999000+00:00
2026-06-23 04:00:00+00:00,7.899,7.903,7.63,7.657,2876136.68,2026-06-23 07:59:59.999000+00:00
2026-06-23 08:00:00+00:00,7.657,7.665,7.474,7.61,3175525.95,2026-06-23 11:59:59.999000+00:00
2026-06-23 12:00:00+00:00,7.611,7.69,7.54,7.619,4099603.72,2026-06-23 15:59:59.999000+00:00
2026-06-23 16:00:00+00:00,7.618,7.664,7.541,7.574,2134160.31,2026-06-23 19:59:59.999000+00:00
2026-06-23 20:00:00+00:00,7.574,7.644,7.567,7.629,838491.35,2026-06-23 23:59:59.999000+00:00
2026-06-24 00:00:00+00:00,7.63,7.662,7.545,7.582,1439841.55,2026-06-24 03:59:59.999000+00:00
2026-06-24 04:00:00+00:00,7.582,7.668,7.525,7.602,975718.59,2026-06-24 07:59:59.999000+00:00
2026-06-24 08:00:00+00:00,7.603,7.698,7.533,7.63,1407104.23,2026-06-24 11:59:59.999000+00:00
2026-06-24 12:00:00+00:00,7.63,7.637,7.359,7.363,4084287.88,2026-06-24 15:59:59.999000+00:00
2026-06-24 16:00:00+00:00,7.362,7.449,7.116,7.238,5330173.56,2026-06-24 19:59:59.999000+00:00
2026-06-24 20:00:00+00:00,7.238,7.479,7.228,7.422,1880924.62,2026-06-24 23:59:59.999000+00:00
2026-06-25 00:00:00+00:00,7.422,7.44,7.379,7.4,795417.48,2026-06-25 03:59:59.999000+00:00
2026-06-25 04:00:00+00:00,7.4,7.548,7.377,7.532,1512317.79,2026-06-25 07:59:59.999000+00:00
2026-06-25 08:00:00+00:00,7.532,7.533,7.419,7.436,1017122.8,2026-06-25 11:59:59.999000+00:00
2026-06-25 12:00:00+00:00,7.436,7.503,7.001,7.211,7299371.55,2026-06-25 15:59:59.999000+00:00
2026-06-25 16:00:00+00:00,7.212,7.283,7.131,7.177,2198655.49,2026-06-25 19:59:59.999000+00:00
2026-06-25 20:00:00+00:00,7.177,7.296,7.174,7.244,1170335.15,2026-06-25 23:59:59.999000+00:00
2026-06-26 00:00:00+00:00,7.245,7.262,7.009,7.201,2627799.65,2026-06-26 03:59:59.999000+00:00
2026-06-26 04:00:00+00:00,7.201,7.338,7.152,7.322,1654296.09,2026-06-26 07:59:59.999000+00:00
2026-06-26 08:00:00+00:00,7.322,7.332,7.12,7.145,1635474.4,2026-06-26 11:59:59.999000+00:00
2026-06-26 12:00:00+00:00,7.145,7.356,7.051,7.333,4319364.1,2026-06-26 15:59:59.999000+00:00
2026-06-26 16:00:00+00:00,7.333,7.399,7.284,7.323,1784725.31,2026-06-26 19:59:59.999000+00:00
2026-06-26 20:00:00+00:00,7.323,7.385,7.285,7.349,1301341.66,2026-06-26 23:59:59.999000+00:00
2026-06-27 00:00:00+00:00,7.349,7.411,7.319,7.361,891033.46,2026-06-27 03:59:59.999000+00:00
2026-06-27 04:00:00+00:00,7.362,7.402,7.34,7.381,641713.75,2026-06-27 07:59:59.999000+00:00
2026-06-27 08:00:00+00:00,7.382,7.383,7.327,7.353,719049.39,2026-06-27 11:59:59.999000+00:00
2026-06-27 12:00:00+00:00,7.353,7.473,7.336,7.451,1265785.68,2026-06-27 15:59:59.999000+00:00
2026-06-27 16:00:00+00:00,7.451,7.465,7.3,7.321,1529055.62,2026-06-27 19:59:59.999000+00:00
2026-06-27 20:00:00+00:00,7.322,7.344,7.242,7.291,1148747.46,2026-06-27 23:59:59.999000+00:00
2026-06-28 00:00:00+00:00,7.291,7.314,7.265,7.303,685475.62,2026-06-28 03:59:59.999000+00:00
2026-06-28 04:00:00+00:00,7.303,7.307,7.214,7.3,1002099.39,2026-06-28 07:59:59.999000+00:00
2026-06-28 08:00:00+00:00,7.3,7.355,7.228,7.286,1642327.45,2026-06-28 11:59:59.999000+00:00
2026-06-28 12:00:00+00:00,7.286,7.327,7.237,7.313,1128467.16,2026-06-28 15:59:59.999000+00:00
2026-06-28 16:00:00+00:00,7.314,7.317,7.191,7.225,1282551.52,2026-06-28 19:59:59.999000+00:00
2026-06-28 20:00:00+00:00,7.224,7.291,7.152,7.266,1513614.24,2026-06-28 23:59:59.999000+00:00
2026-06-29 00:00:00+00:00,7.265,7.364,7.172,7.327,1651414.42,2026-06-29 03:59:59.999000+00:00
2026-06-29 04:00:00+00:00,7.328,7.349,7.216,7.317,1265110.7,2026-06-29 07:59:59.999000+00:00
2026-06-29 08:00:00+00:00,7.318,7.361,7.273,7.302,1340990.47,2026-06-29 11:59:59.999000+00:00
2026-06-29 12:00:00+00:00,7.303,7.407,7.194,7.323,3726965.52,2026-06-29 15:59:59.999000+00:00
2026-06-29 16:00:00+00:00,7.324,7.499,7.276,7.468,2604581.75,2026-06-29 19:59:59.999000+00:00
2026-06-29 20:00:00+00:00,7.469,7.473,7.367,7.377,1060543.02,2026-06-29 23:59:59.999000+00:00
2026-06-30 00:00:00+00:00,7.376,7.393,7.267,7.287,1504505.1,2026-06-30 03:59:59.999000+00:00
2026-06-30 04:00:00+00:00,7.287,7.322,7.264,7.297,956962.04,2026-06-30 07:59:59.999000+00:00
2026-06-30 08:00:00+00:00,7.297,7.302,7.239,7.253,1225231.13,2026-06-30 11:59:59.999000+00:00
2026-06-30 12:00:00+00:00,7.253,7.268,7.116,7.153,3636007.58,2026-06-30 15:59:59.999000+00:00
2026-06-30 16:00:00+00:00,7.154,7.232,7.119,7.208,1400838.93,2026-06-30 19:59:59.999000+00:00
2026-06-30 20:00:00+00:00,7.207,7.213,7.147,7.196,774827.48,2026-06-30 23:59:59.999000+00:00
2026-07-01 00:00:00+00:00,7.197,7.305,7.07,7.287,2540196.83,2026-07-01 03:59:59.999000+00:00
2026-07-01 04:00:00+00:00,7.288,7.34,7.174,7.202,1711649.6,2026-07-01 07:59:59.999000+00:00
2026-07-01 08:00:00+00:00,7.201,7.262,7.17,7.217,1446187.96,2026-07-01 11:59:59.999000+00:00
2026-07-01 12:00:00+00:00,7.218,7.461,7.186,7.411,3256014.35,2026-07-01 15:59:59.999000+00:00
2026-07-01 16:00:00+00:00,7.411,7.445,7.346,7.375,1572822.19,2026-07-01 19:59:59.999000+00:00
2026-07-01 20:00:00+00:00,7.376,7.533,7.342,7.355,2943291.16,2026-07-01 23:59:59.999000+00:00
2026-07-02 00:00:00+00:00,7.355,7.544,7.301,7.534,2589702.39,2026-07-02 03:59:59.999000+00:00
2026-07-02 04:00:00+00:00,7.535,7.539,7.423,7.45,1129364.56,2026-07-02 07:59:59.999000+00:00
2026-07-02 08:00:00+00:00,7.449,7.663,7.444,7.655,2930303.16,2026-07-02 11:59:59.999000+00:00
2026-07-02 12:00:00+00:00,7.654,7.942,7.638,7.784,5709609.72,2026-07-02 15:59:59.999000+00:00
2026-07-02 16:00:00+00:00,7.784,7.818,7.72,7.742,2122520.29,2026-07-02 19:59:59.999000+00:00
2026-07-02 20:00:00+00:00,7.742,7.756,7.691,7.745,1291407.92,2026-07-02 23:59:59.999000+00:00
2026-07-03 00:00:00+00:00,7.744,7.829,7.717,7.762,1660103.25,2026-07-03 03:59:59.999000+00:00
2026-07-03 04:00:00+00:00,7.762,7.807,7.725,7.765,1224619.72,2026-07-03 07:59:59.999000+00:00
2026-07-03 08:00:00+00:00,7.765,7.88,7.758,7.873,1737434.93,2026-07-03 11:59:59.999000+00:00
2026-07-03 12:00:00+00:00,7.872,7.893,7.805,7.842,1730246.5,2026-07-03 15:59:59.999000+00:00
2026-07-03 16:00:00+00:00,7.842,7.973,7.81,7.944,1441413.03,2026-07-03 19:59:59.999000+00:00
2026-07-03 20:00:00+00:00,7.944,8.037,7.923,7.971,1664515.1,2026-07-03 23:59:59.999000+00:00
2026-07-04 00:00:00+00:00,7.97,7.988,7.892,7.918,1234453.3,2026-07-04 03:59:59.999000+00:00
2026-07-04 04:00:00+00:00,7.919,7.975,7.887,7.921,1066921.79,2026-07-04 07:59:59.999000+00:00
2026-07-04 08:00:00+00:00,7.921,7.944,7.874,7.908,912853.07,2026-07-04 11:59:59.999000+00:00
2026-07-04 12:00:00+00:00,7.908,8.101,7.908,8.084,2315007.12,2026-07-04 15:59:59.999000+00:00
