open_time,open,high,low,close,volume,close_time
2024-09-17 00:00:00+00:00,3.877,3.906,3.829,3.891,2645924.0,2024-09-17 03:59:59.999000+00:00
2024-09-17 04:00:00+00:00,3.891,4.015,3.89,4.007,3186592.0,2024-09-17 07:59:59.999000+00:00
2024-09-17 08:00:00+00:00,4.007,4.151,4.006,4.053,7503139.0,2024-09-17 11:59:59.999000+00:00
2024-09-17 12:00:00+00:00,4.052,4.282,4.015,4.215,10221691.0,2024-09-17 15:59:59.999000+00:00
2024-09-17 16:00:00+00:00,4.215,4.302,4.112,4.138,6441312.0,2024-09-17 19:59:59.999000+00:00
2024-09-17 20:00:00+00:00,4.138,4.189,4.108,4.131,2534098.0,2024-09-17 23:59:59.999000+00:00
2024-09-18 00:00:00+00:00,4.132,4.132,4.026,4.09,4023520.0,2024-09-18 03:59:59.999000+00:00
2024-09-18 04:00:00+00:00,4.089,4.096,4.025,4.058,2510529.0,2024-09-18 07:59:59.999000+00:00
2024-09-18 08:00:00+00:00,4.057,4.058,3.945,3.969,4669683.0,2024-09-18 11:59:59.999000+00:00
2024-09-18 12:00:00+00:00,3.969,4.056,3.932,3.947,5926565.0,2024-09-18 15:59:59.999000+00:00
2024-09-18 16:00:00+00:00,3.947,4.277,3.935,4.096,13990800.0,2024-09-18 19:59:59.999000+00:00
2024-09-18 20:00:00+00:00,4.095,4.254,4.012,4.25,5643045.0,2024-09-18 23:59:59.999000+00:00
2024-09-19 00:00:00+00:00,4.25,4.575,4.25,4.531,13596833.0,2024-09-19 03:59:59.999000+00:00
2024-09-19 04:00:00+00:00,4.531,4.584,4.448,4.527,7433037.0,2024-09-19 07:59:59.999000+00:00
2024-09-19 08:00:00+00:00,4.527,4.544,4.423,4.475,6330045.0,2024-09-19 11:59:59.999000+00:00
2024-09-19 12:00:00+00:00,4.475,4.514,4.428,4.485,7328544.0,2024-09-19 15:59:59.999000+00:00
2024-09-19 16:00:00+00:00,4.486,4.525,4.442,4.45,4358854.0,2024-09-19 19:59:59.999000+00:00
2024-09-19 20:00:00+00:00,4.45,4.46,4.333,4.363,5903638.0,2024-09-19 23:59:59.999000+00:00
2024-09-20 00:00:00+00:00,4.362,4.405,4.255,4.404,6731666.0,2024-09-20 03:59:59.999000+00:00
2024-09-20 04:00:00+00:00,4.404,4.504,4.387,4.462,10032486.0,2024-09-20 07:59:59.999000+00:00
2024-09-20 08:00:00+00:00,4.463,4.51,4.394,4.426,6469211.0,2024-09-20 11:59:59.999000+00:00
2024-09-20 12:00:00+00:00,4.425,4.493,4.337,4.38,7487441.0,2024-09-20 15:59:59.999000+00:00
2024-09-20 16:00:00+00:00,4.381,4.406,4.279,4.351,4984569.0,2024-09-20 19:59:59.999000+00:00
2024-09-20 20:00:00+00:00,4.351,4.424,4.338,4.384,2565025.0,2024-09-20 23:59:59.999000+00:00
2024-09-21 00:00:00+00:00,4.383,4.408,4.306,4.322,3725570.0,2024-09-21 03:59:59.999000+00:00
2024-09-21 04:00:00+00:00,4.321,4.352,4.283,4.345,2403545.0,2024-09-21 07:59:59.999000+00:00
2024-09-21 08:00:00+00:00,4.346,4.405,4.331,4.399,3319877.0,2024-09-21 11:59:59.999000+00:00
2024-09-21 12:00:00+00:00,4.399,4.57,4.383,4.492,8614625.0,2024-09-21 15:59:59.999000+00:00
2024-09-21 16:00:00+00:00,4.491,4.556,4.486,4.542,3422333.0,2024-09-21 19:59:59.999000+00:00
2024-09-21 20:00:00+00:00,4.542,4.692,4.515,4.664,5371927.0,2024-09-21 23:59:59.999000+00:00
2024-09-22 00:00:00+00:00,4.665,4.685,4.523,4.607,7591315.0,2024-09-22 03:59:59.999000+00:00
2024-09-22 04:00:00+00:00,4.607,4.609,4.484,4.528,3562052.0,2024-09-22 07:59:59.999000+00:00
2024-09-22 08:00:00+00:00,4.528,4.539,4.417,4.446,5451414.0,2024-09-22 11:59:59.999000+00:00
2024-09-22 12:00:00+00:00,4.445,4.476,4.402,4.421,4050411.0,2024-09-22 15:59:59.999000+00:00
2024-09-22 16:00:00+00:00,4.42,4.606,4.38,4.587,5571178.0,2024-09-22 19:59:59.999000+00:00
2024-09-22 20:00:00+00:00,4.587,4.608,4.401,4.522,7595929.0,2024-09-22 23:59:59.999000+00:00
2024-09-23 00:00:00+00:00,4.522,4.774,4.394,4.729,14280919.0,2024-09-23 03:59:59.999000+00:00
2024-09-23 04:00:00+00:00,4.729,4.955,4.638,4.844,15263919.0,2024-09-23 07:59:59.999000+00:00
2024-09-23 08:00:00+00:00,4.843,4.943,4.787,4.843,12755718.0,2024-09-23 11:59:59.999000+00:00
2024-09-23 12:00:00+00:00,4.843,5.238,4.812,5.152,24093102.0,2024-09-23 15:59:59.999000+00:00
2024-09-23 16:00:00+00:00,5.151,5.198,5.05,5.16,10632822.0,2024-09-23 19:59:59.999000+00:00
2024-09-23 20:00:00+00:00,5.161,5.273,5.05,5.173,9824988.0,2024-09-23 23:59:59.999000+00:00
2024-09-24 00:00:00+00:00,5.173,5.293,5.052,5.243,14327835.0,2024-09-24 03:59:59.999000+00:00
2024-09-24 04:00:00+00:00,5.243,5.357,5.204,5.25,12552124.0,2024-09-24 07:59:59.999000+00:00
2024-09-24 08:00:00+00:00,5.25,5.269,5.143,5.213,7901078.0,2024-09-24 11:59:59.999000+00:00
2024-09-24 12:00:00+00:00,5.214,5.26,5.079,5.233,13010438.0,2024-09-24 15:59:59.999000+00:00
2024-09-24 16:00:00+00:00,5.234,5.359,5.182,5.333,8564064.0,2024-09-24 19:59:59.999000+00:00
2024-09-24 20:00:00+00:00,5.332,5.4,5.264,5.344,6894064.0,2024-09-24 23:59:59.999000+00:00
2024-09-25 00:00:00+00:00,5.345,5.461,5.304,5.351,8735382.0,2024-09-25 03:59:59.999000+00:00
2024-09-25 04:00:00+00:00,5.351,5.368,5.191,5.201,8566136.0,2024-09-25 07:59:59.999000+00:00
2024-09-25 08:00:00+00:00,5.202,5.283,5.189,5.233,4971922.0,2024-09-25 11:59:59.999000+00:00
2024-09-25 12:00:00+00:00,5.234,5.346,5.2,5.208,7674675.0,2024-09-25 15:59:59.999000+00:00
2024-09-25 16:00:00+00:00,5.209,5.269,5.152,5.183,5968154.0,2024-09-25 19:59:59.999000+00:00
2024-09-25 20:00:00+00:00,5.184,5.25,5.108,5.142,4856452.0,2024-09-25 23:59:59.999000+00:00
2024-09-26 00:00:00+00:00,5.142,5.314,5.115,5.274,8797238.0,2024-09-26 03:59:59.999000+00:00
2024-09-26 04:00:00+00:00,5.274,5.6,5.239,5.41,14403323.0,2024-09-26 07:59:59.999000+00:00
2024-09-26 08:00:00+00:00,5.409,5.569,5.339,5.544,9455618.0,2024-09-26 11:59:59.999000+00:00
2024-09-26 12:00:00+00:00,5.545,5.867,5.511,5.846,18133906.0,2024-09-26 15:59:59.999000+00:00
2024-09-26 16:00:00+00:00,5.846,5.872,5.605,5.607,10068932.0,2024-09-26 19:59:59.999000+00:00
2024-09-26 20:00:00+00:00,5.607,5.629,5.528,5.544,6143737.0,2024-09-26 23:59:59.999000+00:00
2024-09-27 00:00:00+00:00,5.544,5.576,5.436,5.519,5634272.0,2024-09-27 03:59:59.999000+00:00
2024-09-27 04:00:00+00:00,5.519,5.752,5.506,5.635,7950112.0,2024-09-27 07:59:59.999000+00:00
2024-09-27 08:00:00+00:00,5.635,5.679,5.484,5.526,6200126.0,2024-09-27 11:59:59.999000+00:00
2024-09-27 12:00:00+00:00,5.526,5.625,5.385,5.47,13870059.0,2024-09-27 15:59:59.999000+00:00
2024-09-27 16:00:00+00:00,5.47,5.513,5.37,5.379,6948252.0,2024-09-27 19:59:59.999000+00:00
2024-09-27 20:00:00+00:00,5.38,5.483,5.361,5.452,3691863.0,2024-09-27 23:59:59.999000+00:00
2024-09-28 00:00:00+00:00,5.452,5.533,5.424,5.506,4347102.0,2024-09-28 03:59:59.999000+00:00
2024-09-28 04:00:00+00:00,5.506,5.518,5.379,5.391,4938441.0,2024-09-28 07:59:59.999000+00:00
2024-09-28 08:00:00+00:00,5.391,5.505,5.325,5.442,6338176.0,2024-09-28 11:59:59.999000+00:00
2024-09-28 12:00:00+00:00,5.443,5.565,5.388,5.524,5301975.0,2024-09-28 15:59:59.999000+00:00
2024-09-28 16:00:00+00:00,5.525,5.536,5.461,5.497,2780258.0,2024-09-28 19:59:59.999000+00:00
2024-09-28 20:00:00+00:00,5.497,5.577,5.39,5.56,4368341.0,2024-09-28 23:59:59.999000+00:00
2024-09-29 00:00:00+00:00,5.559,5.582,5.43,5.488,3620419.0,2024-09-29 03:59:59.999000+00:00
2024-09-29 04:00:00+00:00,5.488,5.504,5.365,5.377,3414921.0,2024-09-29 07:59:59.999000+00:00
2024-09-29 08:00:00+00:00,5.376,5.455,5.365,5.413,2934406.0,2024-09-29 11:59:59.999000+00:00
2024-09-29 12:00:00+00:00,5.412,5.549,5.35,5.463,6783994.0,2024-09-29 15:59:59.999000+00:00
2024-09-29 16:00:00+00:00,5.464,5.627,5.403,5.579,7002558.0,2024-09-29 19:59:59.999000+00:00
2024-09-29 20:00:00+00:00,5.578,5.616,5.427,5.5,3994270.0,2024-09-29 23:59:59.999000+00:00
2024-09-30 00:00:00+00:00,5.501,5.515,5.273,5.343,9041224.0,2024-09-30 03:59:59.999000+00:00
2024-09-30 04:00:00+00:00,5.342,5.399,5.221,5.355,6020506.0,2024-09-30 07:59:59.999000+00:00
2024-09-30 08:00:00+00:00,5.354,5.359,5.231,5.323,6832437.0,2024-09-30 11:59:59.999000+00:00
2024-09-30 12:00:00+00:00,5.323,5.404,5.266,5.294,7815084.0,2024-09-30 15:59:59.999000+00:00
2024-09-30 16:00:00+00:00,5.294,5.472,5.285,5.365,7436039.0,2024-09-30 19:59:59.999000+00:00
2024-09-30 20:00:00+00:00,5.364,5.425,5.23,5.283,6836953.0,2024-09-30 23:59:59.999000+00:00
2024-10-01 00:00:00+00:00,5.283,5.409,5.226,5.392,6380594.0,2024-10-01 03:59:59.999000+00:00
2024-10-01 04:00:00+00:00,5.392,5.56,5.382,5.478,5891960.0,2024-10-01 07:59:59.999000+00:00
2024-10-01 08:00:00+00:00,5.478,5.522,5.422,5.459,4171772.0,2024-10-01 11:59:59.999000+00:00
2024-10-01 12:00:00+00:00,5.459,5.479,4.819,5.002,25786091.0,2024-10-01 15:59:59.999000+00:00
2024-10-01 16:00:00+00:00,5.002,5.023,4.59,4.854,22782359.0,2024-10-01 19:59:59.999000+00:00
2024-10-01 20:00:00+00:00,4.855,4.887,4.728,4.834,7783592.0,2024-10-01 23:59:59.999000+00:00
2024-10-02 00:00:00+00:00,4.835,4.958,4.768,4.927,5222338.0,2024-10-02 03:59:59.999000+00:00
2024-10-02 04:00:00+00:00,4.926,5.003,4.847,4.957,5360307.0,2024-10-02 07:59:59.999000+00:00
2024-10-02 08:00:00+00:00,4.956,5.001,4.738,4.801,7246282.0,2024-10-02 11:59:59.999000+00:00
2024-10-02 12:00:00+00:00,4.8,4.852,4.67,4.774,9546414.0,2024-10-02 15:59:59.999000+00:00
2024-10-02 16:00:00+00:00,4.775,4.861,4.519,4.598,10702448.0,2024-10-02 19:59:59.999000+00:00
2024-10-02 20:00:00+00:00,4.598,4.685,4.568,4.623,3857595.0,2024-10-02 23:59:59.999000+00:00
2024-10-03 00:00:00+00:00,4.624,4.762,4.553,4.76,5190104.0,2024-10-03 03:59:59.999000+00:00
2024-10-03 04:00:00+00:00,4.759,4.767,4.594,4.601,3423505.0,2024-10-03 07:59:59.999000+00:00
2024-10-03 08:00:00+00:00,4.601,4.628,4.416,4.531,11141589.0,2024-10-03 11:59:59.999000+00:00
2024-10-03 12:00:00+00:00,4.531,4.658,4.45,4.582,10199488.0,2024-10-03 15:59:59.999000+00:00
2024-10-03 16:00:00+00:00,4.582,4.644,4.441,4.639,5388424.0,2024-10-03 19:59:59.999000+00:00
2024-10-03 20:00:00+00:00,4.638,4.663,4.524,4.637,3224330.0,2024-10-03 23:59:59.999000+00:00
2024-10-04 00:00:00+00:00,4.637,4.746,4.585,4.665,4318447.0,2024-10-04 03:59:59.999000+00:00
2024-10-04 04:00:00+00:00,4.664,4.728,4.645,4.692,3149844.0,2024-10-04 07:59:59.999000+00:00
2024-10-04 08:00:00+00:00,4.691,4.761,4.662,4.716,3959724.0,2024-10-04 11:59:59.999000+00:00
2024-10-04 12:00:00+00:00,4.717,4.807,4.632,4.767,8853518.0,2024-10-04 15:59:59.999000+00:00
2024-10-04 16:00:00+00:00,4.767,4.86,4.745,4.831,4662089.0,2024-10-04 19:59:59.999000+00:00
2024-10-04 20:00:00+00:00,4.831,4.858,4.799,4.827,1986638.0,2024-10-04 23:59:59.999000+00:00
2024-10-05 00:00:00+00:00,4.827,4.868,4.704,4.723,4241305.0,2024-10-05 03:59:59.999000+00:00
2024-10-05 04:00:00+00:00,4.723,4.807,4.694,4.761,3300072.0,2024-10-05 07:59:59.999000+00:00
2024-10-05 08:00:00+00:00,4.761,4.836,4.761,4.79,2141688.0,2024-10-05 11:59:59.999000+00:00
2024-10-05 12:00:00+00:00,4.789,4.808,4.676,4.719,3288728.0,2024-10-05 15:59:59.999000+00:00
2024-10-05 16:00:00+00:00,4.719,4.737,4.632,4.721,5387455.0,2024-10-05 19:59:59.999000+00:00
2024-10-05 20:00:00+00:00,4.722,4.794,4.69,4.775,4536114.0,2024-10-05 23:59:59.999000+00:00
2024-10-06 00:00:00+00:00,4.776,4.823,4.738,4.743,2202377.0,2024-10-06 03:59:59.999000+00:00
2024-10-06 04:00:00+00:00,4.743,4.768,4.714,4.731,1612721.0,2024-10-06 07:59:59.999000+00:00
2024-10-06 08:00:00+00:00,4.73,4.79,4.716,4.769,1709189.0,2024-10-06 11:59:59.999000+00:00
2024-10-06 12:00:00+00:00,4.769,4.921,4.76,4.9,4949131.0,2024-10-06 15:59:59.999000+00:00
2024-10-06 16:00:00+00:00,4.9,4.939,4.816,4.821,2704639.0,2024-10-06 19:59:59.999000+00:00
2024-10-06 20:00:00+00:00,4.822,4.966,4.8,4.949,2355076.0,2024-10-06 23:59:59.999000+00:00
2024-10-07 00:00:00+00:00,4.948,5.287,4.915,5.206,9336374.0,2024-10-07 03:59:59.999000+00:00
2024-10-07 04:00:00+00:00,5.207,5.264,5.168,5.208,3619156.0,2024-10-07 07:59:59.999000+00:00
2024-10-07 08:00:00+00:00,5.209,5.229,5.013,5.109,6597802.0,2024-10-07 11:59:59.999000+00:00
2024-10-07 12:00:00+00:00,5.109,5.286,5.039,5.238,9073854.0,2024-10-07 15:59:59.999000+00:00
2024-10-07 16:00:00+00:00,5.239,5.324,5.128,5.235,6375763.0,2024-10-07 19:59:59.999000+00:00
2024-10-07 20:00:00+00:00,5.236,5.238,5.03,5.042,4696924.0,2024-10-07 23:59:59.999000+00:00
2024-10-08 00:00:00+00:00,5.042,5.158,5.038,5.129,3885710.0,2024-10-08 03:59:59.999000+00:00
2024-10-08 04:00:00+00:00,5.128,5.15,4.948,5.01,5187286.0,2024-10-08 07:59:59.999000+00:00
2024-10-08 08:00:00+00:00,5.01,5.051,4.96,5.01,4478856.0,2024-10-08 11:59:59.999000+00:00
2024-10-08 12:00:00+00:00,5.009,5.086,4.887,4.942,8360646.0,2024-10-08 15:59:59.999000+00:00
2024-10-08 16:00:00+00:00,4.942,5.003,4.863,4.913,3886010.0,2024-10-08 19:59:59.999000+00:00
2024-10-08 20:00:00+00:00,4.913,4.965,4.853,4.89,2497916.0,2024-10-08 23:59:59.999000+00:00
2024-10-09 00:00:00+00:00,4.891,4.987,4.864,4.923,3167333.0,2024-10-09 03:59:59.999000+00:00
2024-10-09 04:00:00+00:00,4.922,4.974,4.869,4.881,2516463.0,2024-10-09 07:59:59.999000+00:00
2024-10-09 08:00:00+00:00,4.88,4.907,4.859,4.885,2061601.0,2024-10-09 11:59:59.999000+00:00
2024-10-09 12:00:00+00:00,4.885,4.892,4.721,4.794,8859727.0,2024-10-09 15:59:59.999000+00:00
2024-10-09 16:00:00+00:00,4.795,4.801,4.591,4.608,6408103.0,2024-10-09 19:59:59.999000+00:00
2024-10-09 20:00:00+00:00,4.607,4.62,4.548,4.605,4320580.0,2024-10-09 23:59:59.999000+00:00
2024-10-10 00:00:00+00:00,4.605,4.673,4.558,4.645,3531481.0,2024-10-10 03:59:59.999000+00:00
2024-10-10 04:00:00+00:00,4.644,4.683,4.593,4.595,2209059.0,2024-10-10 07:59:59.999000+00:00
2024-10-10 08:00:00+00:00,4.596,4.634,4.518,4.631,4407707.0,2024-10-10 11:59:59.999000+00:00
2024-10-10 12:00:00+00:00,4.63,4.639,4.476,4.526,7219653.0,2024-10-10 15:59:59.999000+00:00
2024-10-10 16:00:00+00:00,4.526,4.562,4.421,4.527,5364769.0,2024-10-10 19:59:59.999000+00:00
2024-10-10 20:00:00+00:00,4.527,4.6,4.507,4.59,2515937.0,2024-10-10 23:59:59.999000+00:00
2024-10-11 00:00:00+00:00,4.59,4.631,4.544,4.607,3169262.0,2024-10-11 03:59:59.999000+00:00
2024-10-11 04:00:00+00:00,4.607,4.66,4.579,4.64,4056186.0,2024-10-11 07:59:59.999000+00:00
2024-10-11 08:00:00+00:00,4.64,4.764,4.639,4.711,4907684.0,2024-10-11 11:59:59.999000+00:00
2024-10-11 12:00:00+00:00,4.71,4.801,4.71,4.791,6125354.0,2024-10-11 15:59:59.999000+00:00
2024-10-11 16:00:00+00:00,4.79,4.806,4.733,4.768,4351013.0,2024-10-11 19:59:59.999000+00:00
2024-10-11 20:00:00+00:00,4.767,4.794,4.716,4.734,2863430.0,2024-10-11 23:59:59.999000+00:00
2024-10-12 00:00:00+00:00,4.734,4.769,4.675,4.703,2741772.0,2024-10-12 03:59:59.999000+00:00
2024-10-12 04:00:00+00:00,4.703,4.776,4.698,4.766,2683486.0,2024-10-12 07:59:59.999000+00:00
2024-10-12 08:00:00+00:00,4.765,4.913,4.753,4.849,6037190.0,2024-10-12 11:59:59.999000+00:00
2024-10-12 12:00:00+00:00,4.848,4.92,4.8,4.858,4715722.0,2024-10-12 15:59:59.999000+00:00
2024-10-12 16:00:00+00:00,4.858,4.903,4.792,4.808,3660086.0,2024-10-12 19:59:59.999000+00:00
2024-10-12 20:00:00+00:00,4.809,4.872,4.806,4.845,2493853.0,2024-10-12 23:59:59.999000+00:00
2024-10-13 00:00:00+00:00,4.845,4.874,4.728,4.738,5150070.0,2024-10-13 03:59:59.999000+00:00
2024-10-13 04:00:00+00:00,4.738,4.792,4.728,4.761,2164687.0,2024-10-13 07:59:59.999000+00:00
2024-10-13 08:00:00+00:00,4.76,4.783,4.677,4.686,3433623.0,2024-10-13 11:59:59.999000+00:00
2024-10-13 12:00:00+00:00,4.687,4.739,4.585,4.603,5526493.0,2024-10-13 15:59:59.999000+00:00
2024-10-13 16:00:00+00:00,4.604,4.666,4.557,4.612,4607189.0,2024-10-13 19:59:59.999000+00:00
2024-10-13 20:00:00+00:00,4.612,4.721,4.6,4.699,3157015.0,2024-10-13 23:59:59.999000+00:00
2024-10-14 00:00:00+00:00,4.699,4.837,4.625,4.831,6363822.0,2024-10-14 03:59:59.999000+00:00
2024-10-14 04:00:00+00:00,4.83,4.854,4.738,4.838,6387288.0,2024-10-14 07:59:59.999000+00:00
2024-10-14 08:00:00+00:00,4.838,4.898,4.78,4.868,4525544.0,2024-10-14 11:59:59.999000+00:00
2024-10-14 12:00:00+00:00,4.868,5.051,4.841,5.009,9960894.0,2024-10-14 15:59:59.999000+00:00
2024-10-14 16:00:00+00:00,5.009,5.039,4.957,5.016,4098450.0,2024-10-14 19:59:59.999000+00:00
2024-10-14 20:00:00+00:00,5.015,5.079,5.0,5.025,3498474.0,2024-10-14 23:59:59.999000+00:00
2024-10-15 00:00:00+00:00,5.025,5.065,4.912,4.915,4905786.0,2024-10-15 03:59:59.999000+00:00
2024-10-15 04:00:00+00:00,4.915,4.979,4.884,4.958,6090763.0,2024-10-15 07:59:59.999000+00:00
2024-10-15 08:00:00+00:00,4.959,5.162,4.901,4.949,12686080.0,2024-10-15 11:59:59.999000+00:00
2024-10-15 12:00:00+00:00,4.948,5.286,4.865,5.008,26664126.0,2024-10-15 15:59:59.999000+00:00
2024-10-15 16:00:00+00:00,5.008,5.179,5.006,5.028,8930297.0,2024-10-15 19:59:59.999000+00:00
2024-10-15 20:00:00+00:00,5.027,5.07,4.912,5.063,4316142.0,2024-10-15 23:59:59.999000+00:00
2024-10-16 00:00:00+00:00,5.064,5.079,4.949,5.004,3619809.0,2024-10-16 03:59:59.999000+00:00
2024-10-16 04:00:00+00:00,5.003,5.061,4.917,4.935,4239809.0,2024-10-16 07:59:59.999000+00:00
2024-10-16 08:00:00+00:00,4.935,5.047,4.923,4.987,5338617.0,2024-10-16 11:59:59.999000+00:00
2024-10-16 12:00:00+00:00,4.987,5.015,4.889,4.917,7199446.0,2024-10-16 15:59:59.999000+00:00
2024-10-16 16:00:00+00:00,4.917,4.966,4.882,4.911,3223904.0,2024-10-16 19:59:59.999000+00:00
2024-10-16 20:00:00+00:00,4.911,5.022,4.909,4.943,2893730.0,2024-10-16 23:59:59.999000+00:00
2024-10-17 00:00:00+00:00,4.942,5.035,4.942,4.988,2833940.0,2024-10-17 03:59:59.999000+00:00
2024-10-17 04:00:00+00:00,4.989,4.996,4.821,4.847,5089092.0,2024-10-17 07:59:59.999000+00:00
2024-10-17 08:00:00+00:00,4.847,4.868,4.701,4.713,5633478.0,2024-10-17 11:59:59.999000+00:00
2024-10-17 12:00:00+00:00,4.713,4.813,4.695,4.806,6234339.0,2024-10-17 15:59:59.999000+00:00
2024-10-17 16:00:00+00:00,4.806,4.806,4.647,4.73,5477197.0,2024-10-17 19:59:59.999000+00:00
2024-10-17 20:00:00+00:00,4.73,4.769,4.719,4.768,1624171.0,2024-10-17 23:59:59.999000+00:00
2024-10-18 00:00:00+00:00,4.767,4.856,4.729,4.783,3211455.0,2024-10-18 03:59:59.999000+00:00
2024-10-18 04:00:00+00:00,4.783,4.848,4.758,4.82,2432186.0,2024-10-18 07:59:59.999000+00:00
2024-10-18 08:00:00+00:00,4.82,4.825,4.766,4.776,2528097.0,2024-10-18 11:59:59.999000+00:00
2024-10-18 12:00:00+00:00,4.775,4.885,4.735,4.877,5901079.0,2024-10-18 15:59:59.999000+00:00
2024-10-18 16:00:00+00:00,4.877,4.942,4.83,4.852,6048744.0,2024-10-18 19:59:59.999000+00:00
2024-10-18 20:00:00+00:00,4.852,4.894,4.824,4.892,2188977.0,2024-10-18 23:59:59.999000+00:00
2024-10-19 00:00:00+00:00,4.893,4.942,4.858,4.905,3349295.0,2024-10-19 03:59:59.999000+00:00
2024-10-19 04:00:00+00:00,4.905,4.926,4.871,4.876,2167688.0,2024-10-19 07:59:59.999000+00:00
2024-10-19 08:00:00+00:00,4.876,4.918,4.81,4.813,3660879.0,2024-10-19 11:59:59.999000+00:00
2024-10-19 12:00:00+00:00,4.813,4.858,4.79,4.835,2861435.0,2024-10-19 15:59:59.999000+00:00
2024-10-19 16:00:00+00:00,4.834,4.841,4.756,4.775,2786531.0,2024-10-19 19:59:59.999000+00:00
2024-10-19 20:00:00+00:00,4.774,4.839,4.769,4.814,1954168.0,2024-10-19 23:59:59.999000+00:00
2024-10-20 00:00:00+00:00,4.814,4.828,4.717,4.736,2654197.0,2024-10-20 03:59:59.999000+00:00
2024-10-20 04:00:00+00:00,4.736,4.772,4.708,4.756,2129062.0,2024-10-20 07:59:59.999000+00:00
2024-10-20 08:00:00+00:00,4.755,4.791,4.743,4.787,1701104.0,2024-10-20 11:59:59.999000+00:00
2024-10-20 12:00:00+00:00,4.786,4.947,4.744,4.913,6926281.0,2024-10-20 15:59:59.999000+00:00
2024-10-20 16:00:00+00:00,4.913,4.934,4.866,4.884,1981500.0,2024-10-20 19:59:59.999000+00:00
2024-10-20 20:00:00+00:00,4.884,5.019,4.875,4.98,4226409.0,2024-10-20 23:59:59.999000+00:00
2024-10-21 00:00:00+00:00,4.98,5.06,4.929,4.962,4225947.0,2024-10-21 03:59:59.999000+00:00
2024-10-21 04:00:00+00:00,4.961,5.049,4.942,4.986,4018566.0,2024-10-21 07:59:59.999000+00:00
2024-10-21 08:00:00+00:00,4.987,5.037,4.891,4.901,4289202.0,2024-10-21 11:59:59.999000+00:00
2024-10-21 12:00:00+00:00,4.902,4.941,4.761,4.812,7659064.0,2024-10-21 15:59:59.999000+00:00
2024-10-21 16:00:00+00:00,4.812,4.856,4.751,4.84,3107666.0,2024-10-21 19:59:59.999000+00:00
2024-10-21 20:00:00+00:00,4.84,4.86,4.773,4.778,1788410.0,2024-10-21 23:59:59.999000+00:00
2024-10-22 00:00:00+00:00,4.778,4.845,4.71,4.79,4418956.0,2024-10-22 03:59:59.999000+00:00
2024-10-22 04:00:00+00:00,4.79,4.834,4.755,4.782,2197839.0,2024-10-22 07:59:59.999000+00:00
2024-10-22 08:00:00+00:00,4.782,4.818,4.622,4.683,7574792.0,2024-10-22 11:59:59.999000+00:00
2024-10-22 12:00:00+00:00,4.682,4.719,4.62,4.682,5420538.0,2024-10-22 15:59:59.999000+00:00
2024-10-22 16:00:00+00:00,4.682,4.692,4.62,4.67,2864063.0,2024-10-22 19:59:59.999000+00:00
2024-10-22 20:00:00+00:00,4.669,4.725,4.654,4.678,2162047.0,2024-10-22 23:59:59.999000+00:00
2024-10-23 00:00:00+00:00,4.679,4.689,4.582,4.627,3293019.0,2024-10-23 03:59:59.999000+00:00
2024-10-23 04:00:00+00:00,4.627,4.671,4.59,4.604,2611618.0,2024-10-23 07:59:59.999000+00:00
2024-10-23 08:00:00+00:00,4.604,4.629,4.545,4.581,3823544.0,2024-10-23 11:59:59.999000+00:00
2024-10-23 12:00:00+00:00,4.581,4.633,4.516,4.554,4876107.0,2024-10-23 15:59:59.999000+00:00
2024-10-23 16:00:00+00:00,4.554,4.591,4.443,4.589,6085793.0,2024-10-23 19:59:59.999000+00:00
2024-10-23 20:00:00+00:00,4.589,4.664,4.566,4.648,2578415.0,2024-10-23 23:59:59.999000+00:00
2024-10-24 00:00:00+00:00,4.648,4.74,4.627,4.669,4434369.0,2024-10-24 03:59:59.999000+00:00
2024-10-24 04:00:00+00:00,4.669,4.708,4.632,4.634,2805216.0,2024-10-24 07:59:59.999000+00:00
2024-10-24 08:00:00+00:00,4.633,4.647,4.533,4.607,4956536.0,2024-10-24 11:59:59.999000+00:00
2024-10-24 12:00:00+00:00,4.608,4.672,4.605,4.633,4387059.0,2024-10-24 15:59:59.999000+00:00
2024-10-24 16:00:00+00:00,4.633,4.704,4.61,4.697,2607304.0,2024-10-24 19:59:59.999000+00:00
2024-10-24 20:00:00+00:00,4.696,4.776,4.685,4.717,4201341.0,2024-10-24 23:59:59.999000+00:00
2024-10-25 00:00:00+00:00,4.717,4.737,4.629,4.655,2768212.0,2024-10-25 03:59:59.999000+00:00
2024-10-25 04:00:00+00:00,4.654,4.658,4.511,4.548,5404697.0,2024-10-25 07:59:59.999000+00:00
2024-10-25 08:00:00+00:00,4.549,4.602,4.515,4.593,2808976.0,2024-10-25 11:59:59.999000+00:00
2024-10-25 12:00:00+00:00,4.593,4.617,4.475,4.498,5328141.0,2024-10-25 15:59:59.999000+00:00
2024-10-25 16:00:00+00:00,4.498,4.535,4.357,4.44,11085385.0,2024-10-25 19:59:59.999000+00:00
2024-10-25 20:00:00+00:00,4.44,4.471,3.95,4.166,16433005.0,2024-10-25 23:59:59.999000+00:00
2024-10-26 00:00:00+00:00,4.167,4.237,4.094,4.21,6156284.0,2024-10-26 03:59:59.999000+00:00
2024-10-26 04:00:00+00:00,4.21,4.251,4.187,4.218,3334090.0,2024-10-26 07:59:59.999000+00:00
2024-10-26 08:00:00+00:00,4.217,4.265,4.214,4.262,2604777.0,2024-10-26 11:59:59.999000+00:00
2024-10-26 12:00:00+00:00,4.262,4.268,4.125,4.162,4555676.0,2024-10-26 15:59:59.999000+00:00
2024-10-26 16:00:00+00:00,4.163,4.243,4.147,4.237,2389328.0,2024-10-26 19:59:59.999000+00:00
2024-10-26 20:00:00+00:00,4.237,4.275,4.214,4.234,1748699.0,2024-10-26 23:59:59.999000+00:00
2024-10-27 00:00:00+00:00,4.233,4.264,4.203,4.256,1818950.0,2024-10-27 03:59:59.999000+00:00
2024-10-27 04:00:00+00:00,4.256,4.266,4.225,4.238,1392298.0,2024-10-27 07:59:59.999000+00:00
2024-10-27 08:00:00+00:00,4.238,4.254,4.186,4.193,2319727.0,2024-10-27 11:59:59.999000+00:00
2024-10-27 12:00:00+00:00,4.193,4.288,4.191,4.283,2829387.0,2024-10-27 15:59:59.999000+00:00
2024-10-27 16:00:00+00:00,4.283,4.339,4.267,4.294,3364040.0,2024-10-27 19:59:59.999000+00:00
2024-10-27 20:00:00+00:00,4.294,4.38,4.291,4.305,2839448.0,2024-10-27 23:59:59.999000+00:00
2024-10-28 00:00:00+00:00,4.305,4.32,4.178,4.184,3667970.0,2024-10-28 03:59:59.999000+00:00
2024-10-28 04:00:00+00:00,4.183,4.262,4.137,4.233,3893886.0,2024-10-28 07:59:59.999000+00:00
2024-10-28 08:00:00+00:00,4.233,4.263,4.201,4.248,3274797.0,2024-10-28 11:59:59.999000+00:00
2024-10-28 12:00:00+00:00,4.248,4.257,4.137,4.139,5166708.0,2024-10-28 15:59:59.999000+00:00
2024-10-28 16:00:00+00:00,4.139,4.246,4.068,4.218,5913998.0,2024-10-28 19:59:59.999000+00:00
2024-10-28 20:00:00+00:00,4.25,4.358,4.238,4.296,3143695.0,2024-10-28 23:59:59.999000+00:00
2024-10-29 00:00:00+00:00,4.295,4.479,4.285,4.409,6667468.0,2024-10-29 03:59:59.999000+00:00
2024-10-29 04:00:00+00:00,4.41,4.461,4.407,4.434,3052053.0,2024-10-29 07:59:59.999000+00:00
2024-10-29 08:00:00+00:00,4.433,4.489,4.433,4.476,3340215.0,2024-10-29 11:59:59.999000+00:00
2024-10-29 12:00:00+00:00,4.476,4.513,4.421,4.465,6895699.0,2024-10-29 15:59:59.999000+00:00
2024-10-29 16:00:00+00:00,4.466,4.518,4.354,4.372,9564772.0,2024-10-29 19:59:59.999000+00:00
2024-10-29 20:00:00+00:00,4.373,4.452,4.326,4.436,4242051.0,2024-10-29 23:59:59.999000+00:00
2024-10-30 00:00:00+00:00,4.435,4.439,4.343,4.403,3556137.0,2024-10-30 03:59:59.999000+00:00
2024-10-30 04:00:00+00:00,4.403,4.435,4.356,4.371,6936065.0,2024-10-30 07:59:59.999000+00:00
2024-10-30 08:00:00+00:00,4.37,4.395,4.295,4.298,6115708.0,2024-10-30 11:59:59.999000+00:00
2024-10-30 12:00:00+00:00,4.298,4.419,4.267,4.326,10265722.0,2024-10-30 15:59:59.999000+00:00
2024-10-30 16:00:00+00:00,4.326,4.365,4.309,4.311,3362501.0,2024-10-30 19:59:59.999000+00:00
2024-10-30 20:00:00+00:00,4.31,4.367,4.279,4.308,3638135.0,2024-10-30 23:59:59.999000+00:00
2024-10-31 00:00:00+00:00,4.309,4.332,4.241,4.26,3328820.0,2024-10-31 03:59:59.999000+00:00
2024-10-31 04:00:00+00:00,4.26,4.289,4.229,4.253,2937624.0,2024-10-31 07:59:59.999000+00:00
2024-10-31 08:00:00+00:00,4.254,4.257,4.188,4.222,5944572.0,2024-10-31 11:59:59.999000+00:00
2024-10-31 12:00:00+00:00,4.222,4.228,4.114,4.122,9656989.0,2024-10-31 15:59:59.999000+00:00
2024-10-31 16:00:00+00:00,4.12,4.129,4.016,4.023,8014546.0,2024-10-31 19:59:59.999000+00:00
2024-10-31 20:00:00+00:00,4.022,4.093,4.02,4.052,3414894.0,2024-10-31 23:59:59.999000+00:00
2024-11-01 00:00:00+00:00,4.052,4.077,3.956,4.013,5887964.0,2024-11-01 03:59:59.999000+00:00
2024-11-01 04:00:00+00:00,4.014,4.037,3.91,3.933,6053954.0,2024-11-01 07:59:59.999000+00:00
2024-11-01 08:00:00+00:00,3.934,4.02,3.922,3.997,5146427.0,2024-11-01 11:59:59.999000+00:00
2024-11-01 12:00:00+00:00,3.997,4.159,3.907,3.961,13601106.0,2024-11-01 15:59:59.999000+00:00
2024-11-01 16:00:00+00:00,3.961,4.046,3.951,3.972,6393846.0,2024-11-01 19:59:59.999000+00:00
2024-11-01 20:00:00+00:00,3.972,3.979,3.86,3.926,5349647.0,2024-11-01 23:59:59.999000+00:00
2024-11-02 00:00:00+00:00,3.926,3.986,3.921,3.946,1917722.0,2024-11-02 03:59:59.999000+00:00
2024-11-02 04:00:00+00:00,3.945,3.977,3.937,3.97,2958196.0,2024-11-02 07:59:59.999000+00:00
2024-11-02 08:00:00+00:00,3.97,3.979,3.911,3.914,3081206.0,2024-11-02 11:59:59.999000+00:00
2024-11-02 12:00:00+00:00,3.914,3.921,3.831,3.879,6576651.0,2024-11-02 15:59:59.999000+00:00
2024-11-02 16:00:00+00:00,3.879,3.926,3.844,3.845,4406042.0,2024-11-02 19:59:59.999000+00:00
2024-11-02 20:00:00+00:00,3.846,3.853,3.765,3.806,5160550.0,2024-11-02 23:59:59.999000+00:00
2024-11-03 00:00:00+00:00,3.806,3.836,3.643,3.73,10023665.0,2024-11-03 03:59:59.999000+00:00
2024-11-03 04:00:00+00:00,3.731,3.782,3.728,3.748,2694546.0,2024-11-03 07:59:59.999000+00:00
2024-11-03 08:00:00+00:00,3.749,3.755,3.669,3.678,3384296.0,2024-11-03 11:59:59.999000+00:00
2024-11-03 12:00:00+00:00,3.678,3.704,3.555,3.631,11845103.0,2024-11-03 15:59:59.999000+00:00
2024-11-03 16:00:00+00:00,3.631,3.685,3.552,3.639,8481661.0,2024-11-03 19:59:59.999000+00:00
2024-11-03 20:00:00+00:00,3.64,3.708,3.627,3.685,3954287.0,2024-11-03 23:59:59.999000+00:00
2024-11-04 00:00:00+00:00,3.685,3.756,3.641,3.698,4779264.0,2024-11-04 03:59:59.999000+00:00
2024-11-04 04:00:00+00:00,3.697,3.722,3.615,3.624,3599360.0,2024-11-04 07:59:59.999000+00:00
2024-11-04 08:00:00+00:00,3.624,3.693,3.598,3.675,4636727.0,2024-11-04 11:59:59.999000+00:00
2024-11-04 12:00:00+00:00,3.675,3.709,3.637,3.681,8467850.0,2024-11-04 15:59:59.999000+00:00
2024-11-04 16:00:00+00:00,3.681,3.694,3.586,3.619,5600734.0,2024-11-04 19:59:59.999000+00:00
2024-11-04 20:00:00+00:00,3.619,3.623,3.502,3.618,8203246.0,2024-11-04 23:59:59.999000+00:00
2024-11-05 00:00:00+00:00,3.619,3.67,3.608,3.658,3613967.0,2024-11-05 03:59:59.999000+00:00
2024-11-05 04:00:00+00:00,3.658,3.703,3.653,3.696,2603113.0,2024-11-05 07:59:59.999000+00:00
2024-11-05 08:00:00+00:00,3.696,3.741,3.684,3.74,3651196.0,2024-11-05 11:59:59.999000+00:00
2024-11-05 12:00:00+00:00,3.74,3.935,3.72,3.863,11167820.0,2024-11-05 15:59:59.999000+00:00
2024-11-05 16:00:00+00:00,3.864,3.927,3.741,3.758,6329249.0,2024-11-05 19:59:59.999000+00:00
2024-11-05 20:00:00+00:00,3.758,3.844,3.747,3.807,3800055.0,2024-11-05 23:59:59.999000+00:00
2024-11-06 00:00:00+00:00,3.807,4.204,3.805,4.177,15050444.0,2024-11-06 03:59:59.999000+00:00
2024-11-06 04:00:00+00:00,4.177,4.252,4.105,4.142,14365841.0,2024-11-06 07:59:59.999000+00:00
2024-11-06 08:00:00+00:00,4.142,4.174,4.028,4.15,9418272.0,2024-11-06 11:59:59.999000+00:00
2024-11-06 12:00:00+00:00,4.15,4.176,4.04,4.065,6692187.0,2024-11-06 15:59:59.999000+00:00
2024-11-06 16:00:00+00:00,4.066,4.162,4.042,4.162,4947436.0,2024-11-06 19:59:59.999000+00:00
2024-11-06 20:00:00+00:00,4.162,4.291,4.16,4.234,5556847.0,2024-11-06 23:59:59.999000+00:00
2024-11-07 00:00:00+00:00,4.233,4.35,4.171,4.276,8034510.0,2024-11-07 03:59:59.999000+00:00
2024-11-07 04:00:00+00:00,4.276,4.279,4.113,4.149,6478615.0,2024-11-07 07:59:59.999000+00:00
2024-11-07 08:00:00+00:00,4.149,4.199,4.116,4.118,4834249.0,2024-11-07 11:59:59.999000+00:00
2024-11-07 12:00:00+00:00,4.117,4.233,4.082,4.232,6308683.0,2024-11-07 15:59:59.999000+00:00
2024-11-07 16:00:00+00:00,4.232,4.269,4.184,4.233,6184493.0,2024-11-07 19:59:59.999000+00:00
2024-11-07 20:00:00+00:00,4.232,4.313,4.191,4.234,4125214.0,2024-11-07 23:59:59.999000+00:00
2024-11-08 00:00:00+00:00,4.234,4.344,4.164,4.212,6604768.0,2024-11-08 03:59:59.999000+00:00
2024-11-08 04:00:00+00:00,4.211,4.247,4.165,4.199,3649692.0,2024-11-08 07:59:59.999000+00:00
2024-11-08 08:00:00+00:00,4.198,4.264,4.153,4.237,4291018.0,2024-11-08 11:59:59.999000+00:00
2024-11-08 12:00:00+00:00,4.237,4.395,4.232,4.291,10656440.0,2024-11-08 15:59:59.999000+00:00
2024-11-08 16:00:00+00:00,4.291,4.324,4.162,4.295,11871765.0,2024-11-08 19:59:59.999000+00:00
2024-11-08 20:00:00+00:00,4.295,4.358,4.216,4.334,3751194.0,2024-11-08 23:59:59.999000+00:00
2024-11-09 00:00:00+00:00,4.335,4.342,4.242,4.247,3700141.0,2024-11-09 03:59:59.999000+00:00
2024-11-09 04:00:00+00:00,4.247,4.459,4.247,4.387,6478413.0,2024-11-09 07:59:59.999000+00:00
2024-11-09 08:00:00+00:00,4.387,4.443,4.365,4.433,4652732.0,2024-11-09 11:59:59.999000+00:00
2024-11-09 12:00:00+00:00,4.432,4.448,4.294,4.34,5263963.0,2024-11-09 15:59:59.999000+00:00
2024-11-09 16:00:00+00:00,4.34,4.368,4.252,4.329,4380272.0,2024-11-09 19:59:59.999000+00:00
2024-11-09 20:00:00+00:00,4.329,4.697,4.32,4.643,15065261.0,2024-11-09 23:59:59.999000+00:00
2024-11-10 00:00:00+00:00,4.644,4.687,4.522,4.652,9678818.0,2024-11-10 03:59:59.999000+00:00
2024-11-10 04:00:00+00:00,4.652,4.818,4.637,4.758,10393300.0,2024-11-10 07:59:59.999000+00:00
2024-11-10 08:00:00+00:00,4.758,4.827,4.725,4.756,7596223.0,2024-11-10 11:59:59.999000+00:00
2024-11-10 12:00:00+00:00,4.757,4.957,4.661,4.845,20329028.0,2024-11-10 15:59:59.999000+00:00
2024-11-10 16:00:00+00:00,4.845,4.93,4.674,4.739,10920379.0,2024-11-10 19:59:59.999000+00:00
2024-11-10 20:00:00+00:00,4.739,4.756,4.446,4.726,14126171.0,2024-11-10 23:59:59.999000+00:00
2024-11-11 00:00:00+00:00,4.726,5.213,4.702,5.123,17584868.0,2024-11-11 03:59:59.999000+00:00
2024-11-11 04:00:00+00:00,5.123,5.419,5.043,5.193,27709307.0,2024-11-11 07:59:59.999000+00:00
2024-11-11 08:00:00+00:00,5.192,5.449,5.16,5.387,18585890.0,2024-11-11 11:59:59.999000+00:00
2024-11-11 12:00:00+00:00,5.387,5.426,5.137,5.217,20143093.0,2024-11-11 15:59:59.999000+00:00
2024-11-11 16:00:00+00:00,5.217,5.583,5.169,5.381,23460095.0,2024-11-11 19:59:59.999000+00:00
2024-11-11 20:00:00+00:00,5.381,5.59,5.251,5.568,24144059.0,2024-11-11 23:59:59.999000+00:00
2024-11-12 00:00:00+00:00,5.567,5.758,5.317,5.733,23790041.0,2024-11-12 03:59:59.999000+00:00
2024-11-12 04:00:00+00:00,5.733,5.76,5.475,5.557,15917090.0,2024-11-12 07:59:59.999000+00:00
2024-11-12 08:00:00+00:00,5.557,5.711,4.93,5.198,33786594.0,2024-11-12 11:59:59.999000+00:00
2024-11-12 12:00:00+00:00,5.198,5.259,5.014,5.068,22516271.0,2024-11-12 15:59:59.999000+00:00
2024-11-12 16:00:00+00:00,5.067,5.315,4.964,5.284,12636579.0,2024-11-12 19:59:59.999000+00:00
2024-11-12 20:00:00+00:00,5.285,5.423,5.167,5.341,10649532.0,2024-11-12 23:59:59.999000+00:00
2024-11-13 00:00:00+00:00,5.342,5.552,5.13,5.149,20656710.0,2024-11-13 03:59:59.999000+00:00
2024-11-13 04:00:00+00:00,5.149,5.35,4.969,5.172,21565928.0,2024-11-13 07:59:59.999000+00:00
2024-11-13 08:00:00+00:00,5.173,5.302,5.085,5.251,10148689.0,2024-11-13 11:59:59.999000+00:00
2024-11-13 12:00:00+00:00,5.251,5.541,5.183,5.505,22595349.0,2024-11-13 15:59:59.999000+00:00
2024-11-13 16:00:00+00:00,5.504,5.512,5.097,5.103,15029460.0,2024-11-13 19:59:59.999000+00:00
2024-11-13 20:00:00+00:00,5.103,5.19,4.956,5.171,14367476.0,2024-11-13 23:59:59.999000+00:00
2024-11-14 00:00:00+00:00,5.172,5.19,5.016,5.121,8449265.0,2024-11-14 03:59:59.999000+00:00
2024-11-14 04:00:00+00:00,5.121,5.385,5.091,5.368,15252665.0,2024-11-14 07:59:59.999000+00:00
2024-11-14 08:00:00+00:00,5.368,5.419,5.111,5.255,12423545.0,2024-11-14 11:59:59.999000+00:00
2024-11-14 12:00:00+00:00,5.255,5.372,5.099,5.201,17460201.0,2024-11-14 15:59:59.999000+00:00
2024-11-14 16:00:00+00:00,5.201,5.55,5.155,5.461,15859080.0,2024-11-14 19:59:59.999000+00:00
2024-11-14 20:00:00+00:00,5.46,5.656,5.239,5.42,21554995.0,2024-11-14 23:59:59.999000+00:00
2024-11-15 00:00:00+00:00,5.419,5.506,5.27,5.448,13043182.0,2024-11-15 03:59:59.999000+00:00
2024-11-15 04:00:00+00:00,5.447,5.544,5.175,5.433,16250372.0,2024-11-15 07:59:59.999000+00:00
2024-11-15 08:00:00+00:00,5.433,5.682,5.352,5.54,17519738.0,2024-11-15 11:59:59.999000+00:00
2024-11-15 12:00:00+00:00,5.54,5.614,5.306,5.355,17732599.0,2024-11-15 15:59:59.999000+00:00
2024-11-15 16:00:00+00:00,5.355,5.452,5.301,5.364,8910973.0,2024-11-15 19:59:59.999000+00:00
2024-11-15 20:00:00+00:00,5.363,5.672,5.359,5.562,14051866.0,2024-11-15 23:59:59.999000+00:00
2024-11-16 00:00:00+00:00,5.562,6.194,5.458,6.133,22031950.0,2024-11-16 03:59:59.999000+00:00
2024-11-16 04:00:00+00:00,6.133,6.232,5.95,6.186,18774865.0,2024-11-16 07:59:59.999000+00:00
2024-11-16 08:00:00+00:00,6.187,6.391,6.116,6.156,19536712.0,2024-11-16 11:59:59.999000+00:00
2024-11-16 12:00:00+00:00,6.156,6.18,5.807,5.835,14305756.0,2024-11-16 15:59:59.999000+00:00
2024-11-16 16:00:00+00:00,5.834,5.976,5.727,5.935,10798565.0,2024-11-16 19:59:59.999000+00:00
2024-11-16 20:00:00+00:00,5.936,6.01,5.855,5.949,9976310.0,2024-11-16 23:59:59.999000+00:00
2024-11-17 00:00:00+00:00,5.95,6.084,5.7,5.915,18483227.0,2024-11-17 03:59:59.999000+00:00
2024-11-17 04:00:00+00:00,5.915,6.162,5.913,6.054,14561275.0,2024-11-17 07:59:59.999000+00:00
2024-11-17 08:00:00+00:00,6.055,6.088,5.826,5.829,6794274.0,2024-11-17 11:59:59.999000+00:00
2024-11-17 12:00:00+00:00,5.83,5.966,5.821,5.926,5477640.0,2024-11-17 15:59:59.999000+00:00
2024-11-17 16:00:00+00:00,5.927,5.996,5.676,5.75,8089608.0,2024-11-17 19:59:59.999000+00:00
2024-11-17 20:00:00+00:00,5.75,5.806,5.604,5.708,6960430.0,2024-11-17 23:59:59.999000+00:00
2024-11-18 00:00:00+00:00,5.708,6.065,5.65,6.053,9809549.0,2024-11-18 03:59:59.999000+00:00
2024-11-18 04:00:00+00:00,6.054,6.061,5.841,5.915,7361945.0,2024-11-18 07:59:59.999000+00:00
2024-11-18 08:00:00+00:00,5.915,5.954,5.731,5.767,6988756.0,2024-11-18 11:59:59.999000+00:00
2024-11-18 12:00:00+00:00,5.768,6.045,5.714,6.011,10897308.0,2024-11-18 15:59:59.999000+00:00
2024-11-18 16:00:00+00:00,6.011,6.3,5.811,5.928,17809545.0,2024-11-18 19:59:59.999000+00:00
2024-11-18 20:00:00+00:00,5.928,6.089,5.862,6.024,6309631.0,2024-11-18 23:59:59.999000+00:00
2024-11-19 00:00:00+00:00,6.024,6.104,5.932,5.944,5347379.0,2024-11-19 03:59:59.999000+00:00
2024-11-19 04:00:00+00:00,5.943,5.998,5.841,5.891,5691557.0,2024-11-19 07:59:59.999000+00:00
2024-11-19 08:00:00+00:00,5.892,5.93,5.762,5.912,5778476.0,2024-11-19 11:59:59.999000+00:00
2024-11-19 12:00:00+00:00,5.911,6.02,5.724,5.799,10187655.0,2024-11-19 15:59:59.999000+00:00
2024-11-19 16:00:00+00:00,5.797,5.924,5.757,5.855,6693593.0,2024-11-19 19:59:59.999000+00:00
2024-11-19 20:00:00+00:00,5.855,5.873,5.613,5.784,8954827.0,2024-11-19 23:59:59.999000+00:00
2024-11-20 00:00:00+00:00,5.785,5.786,5.487,5.584,8117631.0,2024-11-20 03:59:59.999000+00:00
2024-11-20 04:00:00+00:00,5.583,5.639,5.522,5.613,4858704.0,2024-11-20 07:59:59.999000+00:00
2024-11-20 08:00:00+00:00,5.613,5.844,5.598,5.732,9642455.0,2024-11-20 11:59:59.999000+00:00
2024-11-20 12:00:00+00:00,5.732,5.85,5.625,5.701,9734544.0,2024-11-20 15:59:59.999000+00:00
2024-11-20 16:00:00+00:00,5.7,5.722,5.336,5.397,13697076.0,2024-11-20 19:59:59.999000+00:00
2024-11-20 20:00:00+00:00,5.398,5.603,5.366,5.478,5236012.0,2024-11-20 23:59:59.999000+00:00
2024-11-21 00:00:00+00:00,5.479,5.576,5.301,5.419,7627318.0,2024-11-21 03:59:59.999000+00:00
2024-11-21 04:00:00+00:00,5.42,5.607,5.376,5.5,8162020.0,2024-11-21 07:59:59.999000+00:00
2024-11-21 08:00:00+00:00,5.499,5.533,5.363,5.466,5209036.0,2024-11-21 11:59:59.999000+00:00
2024-11-21 12:00:00+00:00,5.465,5.863,5.459,5.597,24457860.0,2024-11-21 15:59:59.999000+00:00
2024-11-21 16:00:00+00:00,5.598,5.766,5.589,5.696,8565537.0,2024-11-21 19:59:59.999000+00:00
2024-11-21 20:00:00+00:00,5.696,5.815,5.658,5.793,4700469.0,2024-11-21 23:59:59.999000+00:00
2024-11-22 00:00:00+00:00,5.792,5.947,5.739,5.775,12862741.0,2024-11-22 03:59:59.999000+00:00
2024-11-22 04:00:00+00:00,5.775,5.885,5.654,5.667,7255491.0,2024-11-22 07:59:59.999000+00:00
2024-11-22 08:00:00+00:00,5.667,5.769,5.557,5.717,10070842.0,2024-11-22 11:59:59.999000+00:00
2024-11-22 12:00:00+00:00,5.718,5.741,5.48,5.688,12922022.0,2024-11-22 15:59:59.999000+00:00
2024-11-22 16:00:00+00:00,5.689,5.729,5.603,5.646,7218133.0,2024-11-22 19:59:59.999000+00:00
2024-11-22 20:00:00+00:00,5.645,6.189,5.63,6.141,11198381.0,2024-11-22 23:59:59.999000+00:00
2024-11-23 00:00:00+00:00,6.142,6.369,6.037,6.156,20597595.0,2024-11-23 03:59:59.999000+00:00
2024-11-23 04:00:00+00:00,6.156,6.424,6.057,6.388,12127392.0,2024-11-23 07:59:59.999000+00:00
2024-11-23 08:00:00+00:00,6.387,6.447,6.165,6.254,9703413.0,2024-11-23 11:59:59.999000+00:00
2024-11-23 12:00:00+00:00,6.254,6.589,6.249,6.467,14485794.0,2024-11-23 15:59:59.999000+00:00
2024-11-23 16:00:00+00:00,6.466,6.531,6.067,6.149,17754456.0,2024-11-23 19:59:59.999000+00:00
2024-11-23 20:00:00+00:00,6.149,6.269,6.014,6.197,7818462.0,2024-11-23 23:59:59.999000+00:00
2024-11-24 00:00:00+00:00,6.197,6.542,6.161,6.464,12466581.0,2024-11-24 03:59:59.999000+00:00
2024-11-24 04:00:00+00:00,6.465,6.846,6.334,6.675,19505969.0,2024-11-24 07:59:59.999000+00:00
2024-11-24 08:00:00+00:00,6.675,6.675,6.25,6.268,13623362.0,2024-11-24 11:59:59.999000+00:00
2024-11-24 12:00:00+00:00,6.268,6.598,6.006,6.264,28003086.0,2024-11-24 15:59:59.999000+00:00
2024-11-24 16:00:00+00:00,6.264,6.62,6.236,6.518,12209854.0,2024-11-24 19:59:59.999000+00:00
2024-11-24 20:00:00+00:00,6.517,7.011,6.499,6.881,13039472.0,2024-11-24 23:59:59.999000+00:00
2024-11-25 00:00:00+00:00,6.879,7.26,6.757,6.993,23835961.0,2024-11-25 03:59:59.999000+00:00
2024-11-25 04:00:00+00:00,6.993,7.212,6.836,6.892,13074873.0,2024-11-25 07:59:59.999000+00:00
2024-11-25 08:00:00+00:00,6.892,6.944,6.733,6.787,9131879.0,2024-11-25 11:59:59.999000+00:00
2024-11-25 12:00:00+00:00,6.786,6.855,6.455,6.705,18977990.0,2024-11-25 15:59:59.999000+00:00
2024-11-25 16:00:00+00:00,6.706,6.795,6.534,6.634,10258818.0,2024-11-25 19:59:59.999000+00:00
2024-11-25 20:00:00+00:00,6.634,6.774,6.356,6.466,14357044.0,2024-11-25 23:59:59.999000+00:00
2024-11-26 00:00:00+00:00,6.465,6.679,6.412,6.486,8855852.0,2024-11-26 03:59:59.999000+00:00
2024-11-26 04:00:00+00:00,6.487,6.624,6.368,6.405,7176830.0,2024-11-26 07:59:59.999000+00:00
2024-11-26 08:00:00+00:00,6.405,6.414,5.979,6.129,17946335.0,2024-11-26 11:59:59.999000+00:00
2024-11-26 12:00:00+00:00,6.129,6.239,6.036,6.047,16620682.0,2024-11-26 15:59:59.999000+00:00
2024-11-26 16:00:00+00:00,6.048,6.233,5.962,6.119,9384156.0,2024-11-26 19:59:59.999000+00:00
2024-11-26 20:00:00+00:00,6.119,6.593,6.108,6.523,11660225.0,2024-11-26 23:59:59.999000+00:00
2024-11-27 00:00:00+00:00,6.523,6.706,6.394,6.547,11286273.0,2024-11-27 03:59:59.999000+00:00
2024-11-27 04:00:00+00:00,6.546,6.691,6.456,6.674,8258896.0,2024-11-27 07:59:59.999000+00:00
2024-11-27 08:00:00+00:00,6.674,6.889,6.62,6.8,12640974.0,2024-11-27 11:59:59.999000+00:00
2024-11-27 12:00:00+00:00,6.8,6.817,6.647,6.771,12603535.0,2024-11-27 15:59:59.999000+00:00
2024-11-27 16:00:00+00:00,6.772,6.838,6.629,6.705,6990094.0,2024-11-27 19:59:59.999000+00:00
2024-11-27 20:00:00+00:00,6.705,6.877,6.677,6.821,6019640.0,2024-11-27 23:59:59.999000+00:00
2024-11-28 00:00:00+00:00,6.82,6.897,6.569,6.687,9272792.0,2024-11-28 03:59:59.999000+00:00
2024-11-28 04:00:00+00:00,6.688,6.73,6.545,6.583,4568132.0,2024-11-28 07:59:59.999000+00:00
2024-11-28 08:00:00+00:00,6.582,6.691,6.521,6.65,5654959.0,2024-11-28 11:59:59.999000+00:00
2024-11-28 12:00:00+00:00,6.649,6.688,6.465,6.483,6074860.0,2024-11-28 15:59:59.999000+00:00
2024-11-28 16:00:00+00:00,6.485,6.892,6.484,6.891,9788161.0,2024-11-28 19:59:59.999000+00:00
2024-11-28 20:00:00+00:00,6.89,7.18,6.746,7.022,11910752.0,2024-11-28 23:59:59.999000+00:00
2024-11-29 00:00:00+00:00,7.022,7.048,6.815,6.827,8164002.0,2024-11-29 03:59:59.999000+00:00
2024-11-29 04:00:00+00:00,6.827,6.901,6.783,6.832,4470688.0,2024-11-29 07:59:59.999000+00:00
2024-11-29 08:00:00+00:00,6.831,6.989,6.831,6.937,4977485.0,2024-11-29 11:59:59.999000+00:00
2024-11-29 12:00:00+00:00,6.938,6.98,6.841,6.914,6107227.0,2024-11-29 15:59:59.999000+00:00
2024-11-29 16:00:00+00:00,6.915,6.966,6.796,6.953,5619073.0,2024-11-29 19:59:59.999000+00:00
2024-11-29 20:00:00+00:00,6.953,7.027,6.885,6.969,4907891.0,2024-11-29 23:59:59.999000+00:00
2024-11-30 00:00:00+00:00,6.969,6.976,6.787,6.911,4899960.0,2024-11-30 03:59:59.999000+00:00
2024-11-30 04:00:00+00:00,6.91,6.97,6.85,6.959,4089804.0,2024-11-30 07:59:59.999000+00:00
2024-11-30 08:00:00+00:00,6.959,7.093,6.805,6.861,9903932.0,2024-11-30 11:59:59.999000+00:00
2024-11-30 12:00:00+00:00,6.861,7.153,6.857,7.135,8964726.0,2024-11-30 15:59:59.999000+00:00
2024-11-30 16:00:00+00:00,7.135,7.244,7.044,7.131,7505885.0,2024-11-30 19:59:59.999000+00:00
2024-11-30 20:00:00+00:00,7.131,7.173,6.996,7.011,4367654.0,2024-11-30 23:59:59.999000+00:00
2024-12-01 00:00:00+00:00,7.011,7.169,6.839,6.95,10822700.0,2024-12-01 03:59:59.999000+00:00
2024-12-01 04:00:00+00:00,6.95,7.001,6.874,6.905,3131047.0,2024-12-01 07:59:59.999000+00:00
2024-12-01 08:00:00+00:00,6.903,6.994,6.858,6.954,4335928.0,2024-12-01 11:59:59.999000+00:00
2024-12-01 12:00:00+00:00,6.953,7.001,6.907,6.97,4492593.0,2024-12-01 15:59:59.999000+00:00
2024-12-01 16:00:00+00:00,6.97,7.0,6.828,6.89,5641368.0,2024-12-01 19:59:59.999000+00:00
2024-12-01 20:00:00+00:00,6.889,7.012,6.777,6.921,7417032.0,2024-12-01 23:59:59.999000+00:00
2024-12-02 00:00:00+00:00,6.92,7.014,6.701,6.749,12401311.0,2024-12-02 03:59:59.999000+00:00
2024-12-02 04:00:00+00:00,6.749,6.875,6.607,6.763,11321823.0,2024-12-02 07:59:59.999000+00:00
2024-12-02 08:00:00+00:00,6.762,6.82,6.41,6.52,16191416.0,2024-12-02 11:59:59.999000+00:00
2024-12-02 12:00:00+00:00,6.52,6.865,6.49,6.835,12038136.0,2024-12-02 15:59:59.999000+00:00
2024-12-02 16:00:00+00:00,6.835,6.877,6.583,6.728,10259174.0,2024-12-02 19:59:59.999000+00:00
2024-12-02 20:00:00+00:00,6.728,7.5,6.717,7.488,20436421.0,2024-12-02 23:59:59.999000+00:00
2024-12-03 00:00:00+00:00,7.488,7.632,7.318,7.327,14291376.0,2024-12-03 03:59:59.999000+00:00
2024-12-03 04:00:00+00:00,7.326,7.458,7.184,7.269,9652836.0,2024-12-03 07:59:59.999000+00:00
2024-12-03 08:00:00+00:00,7.268,7.478,7.265,7.419,7812472.0,2024-12-03 11:59:59.999000+00:00
2024-12-03 12:00:00+00:00,7.419,7.429,6.737,7.077,26972630.0,2024-12-03 15:59:59.999000+00:00
2024-12-03 16:00:00+00:00,7.077,7.279,6.935,7.125,10161597.0,2024-12-03 19:59:59.999000+00:00
2024-12-03 20:00:00+00:00,7.126,7.406,7.105,7.39,10517491.0,2024-12-03 23:59:59.999000+00:00
2024-12-04 00:00:00+00:00,7.389,7.454,7.195,7.326,8935309.0,2024-12-04 03:59:59.999000+00:00
2024-12-04 04:00:00+00:00,7.325,7.499,7.318,7.429,6977471.0,2024-12-04 07:59:59.999000+00:00
2024-12-04 08:00:00+00:00,7.43,7.681,7.38,7.602,8738488.0,2024-12-04 11:59:59.999000+00:00
2024-12-04 12:00:00+00:00,7.6,7.672,7.365,7.584,14212503.0,2024-12-04 15:59:59.999000+00:00
2024-12-04 16:00:00+00:00,7.585,7.668,7.161,7.649,13730821.0,2024-12-04 19:59:59.999000+00:00
2024-12-04 20:00:00+00:00,7.65,7.722,7.368,7.477,10762557.0,2024-12-04 23:59:59.999000+00:00
2024-12-05 00:00:00+00:00,7.478,7.6,7.032,7.369,17561021.0,2024-12-05 03:59:59.999000+00:00
2024-12-05 04:00:00+00:00,7.369,7.64,7.282,7.628,7879850.0,2024-12-05 07:59:59.999000+00:00
2024-12-05 08:00:00+00:00,7.628,7.75,7.526,7.705,11126137.0,2024-12-05 11:59:59.999000+00:00
2024-12-05 12:00:00+00:00,7.705,7.992,7.661,7.847,19184533.0,2024-12-05 15:59:59.999000+00:00
2024-12-05 16:00:00+00:00,7.848,8.041,7.714,7.758,11919716.0,2024-12-05 19:59:59.999000+00:00
2024-12-05 20:00:00+00:00,7.758,7.864,7.384,7.624,14685126.0,2024-12-05 23:59:59.999000+00:00
2024-12-06 00:00:00+00:00,7.623,8.187,7.523,7.951,16091087.0,2024-12-06 03:59:59.999000+00:00
2024-12-06 04:00:00+00:00,7.951,8.255,7.888,7.933,9713682.0,2024-12-06 07:59:59.999000+00:00
2024-12-06 08:00:00+00:00,7.932,7.995,7.626,7.779,10702449.0,2024-12-06 11:59:59.999000+00:00
2024-12-06 12:00:00+00:00,7.778,7.939,7.558,7.824,11225092.0,2024-12-06 15:59:59.999000+00:00
2024-12-06 16:00:00+00:00,7.824,8.08,7.808,8.033,8128139.0,2024-12-06 19:59:59.999000+00:00
2024-12-06 20:00:00+00:00,8.033,8.148,7.945,8.029,5471220.0,2024-12-06 23:59:59.999000+00:00
2024-12-07 00:00:00+00:00,8.03,8.064,7.878,7.879,3944879.0,2024-12-07 03:59:59.999000+00:00
2024-12-07 04:00:00+00:00,7.878,7.895,7.701,7.729,6089027.0,2024-12-07 07:59:59.999000+00:00
2024-12-07 08:00:00+00:00,7.729,7.855,7.69,7.84,5382570.0,2024-12-07 11:59:59.999000+00:00
2024-12-07 12:00:00+00:00,7.84,7.898,7.762,7.825,4584122.0,2024-12-07 15:59:59.999000+00:00
2024-12-07 16:00:00+00:00,7.825,7.846,7.661,7.734,5331840.0,2024-12-07 19:59:59.999000+00:00
2024-12-07 20:00:00+00:00,7.734,7.825,7.715,7.727,2624533.0,2024-12-07 23:59:59.999000+00:00
2024-12-08 00:00:00+00:00,7.727,7.813,7.702,7.711,3505581.0,2024-12-08 03:59:59.999000+00:00
2024-12-08 04:00:00+00:00,7.711,7.74,7.553,7.705,5642332.0,2024-12-08 07:59:59.999000+00:00
2024-12-08 08:00:00+00:00,7.704,7.707,7.45,7.61,6627271.0,2024-12-08 11:59:59.999000+00:00
2024-12-08 12:00:00+00:00,7.61,7.719,7.535,7.68,5231501.0,2024-12-08 15:59:59.999000+00:00
2024-12-08 16:00:00+00:00,7.679,7.698,7.582,7.676,3799457.0,2024-12-08 19:59:59.999000+00:00
2024-12-08 20:00:00+00:00,7.676,7.867,7.629,7.826,3869357.0,2024-12-08 23:59:59.999000+00:00
2024-12-09 00:00:00+00:00,7.826,7.843,7.365,7.448,8313442.0,2024-12-09 03:59:59.999000+00:00
2024-12-09 04:00:00+00:00,7.449,7.563,7.26,7.383,6713280.0,2024-12-09 07:59:59.999000+00:00
2024-12-09 08:00:00+00:00,7.383,7.385,7.063,7.084,10949762.0,2024-12-09 11:59:59.999000+00:00
2024-12-09 12:00:00+00:00,7.084,7.345,7.019,7.089,11832551.0,2024-12-09 15:59:59.999000+00:00
2024-12-09 16:00:00+00:00,7.089,7.178,7.04,7.048,5134878.0,2024-12-09 19:59:59.999000+00:00
2024-12-09 20:00:00+00:00,7.048,7.066,5.777,6.499,52994658.0,2024-12-09 23:59:59.999000+00:00
2024-12-10 00:00:00+00:00,6.499,6.636,6.05,6.308,18932114.0,2024-12-10 03:59:59.999000+00:00
2024-12-10 04:00:00+00:00,6.308,6.695,6.141,6.672,13267722.0,2024-12-10 07:59:59.999000+00:00
2024-12-10 08:00:00+00:00,6.672,6.839,6.572,6.648,9513608.0,2024-12-10 11:59:59.999000+00:00
2024-12-10 12:00:00+00:00,6.649,6.661,6.092,6.105,19764198.0,2024-12-10 15:59:59.999000+00:00
2024-12-10 16:00:00+00:00,6.106,6.321,5.933,6.304,19616558.0,2024-12-10 19:59:59.999000+00:00
2024-12-10 20:00:00+00:00,6.303,6.506,6.273,6.422,5734682.0,2024-12-10 23:59:59.999000+00:00
2024-12-11 00:00:00+00:00,6.422,6.501,6.145,6.439,7966950.0,2024-12-11 03:59:59.999000+00:00
2024-12-11 04:00:00+00:00,6.44,6.477,6.364,6.371,2873303.0,2024-12-11 07:59:59.999000+00:00
2024-12-11 08:00:00+00:00,6.372,6.639,6.365,6.573,5985948.0,2024-12-11 11:59:59.999000+00:00
2024-12-11 12:00:00+00:00,6.573,6.915,6.573,6.876,9903885.0,2024-12-11 15:59:59.999000+00:00
2024-12-11 16:00:00+00:00,6.876,6.925,6.741,6.852,5710584.0,2024-12-11 19:59:59.999000+00:00
2024-12-11 20:00:00+00:00,6.851,6.906,6.825,6.845,3149226.0,2024-12-11 23:59:59.999000+00:00
2024-12-12 00:00:00+00:00,6.845,7.15,6.775,7.054,7133997.0,2024-12-12 03:59:59.999000+00:00
2024-12-12 04:00:00+00:00,7.053,7.215,7.04,7.08,6015021.0,2024-12-12 07:59:59.999000+00:00
2024-12-12 08:00:00+00:00,7.079,7.22,6.945,7.007,6565956.0,2024-12-12 11:59:59.999000+00:00
2024-12-12 12:00:00+00:00,7.007,7.223,6.998,7.128,10472416.0,2024-12-12 15:59:59.999000+00:00
2024-12-12 16:00:00+00:00,7.126,7.321,6.915,6.944,11384946.0,2024-12-12 19:59:59.999000+00:00
2024-12-12 20:00:00+00:00,6.944,7.049,6.833,6.912,6473619.0,2024-12-12 23:59:59.999000+00:00
2024-12-13 00:00:00+00:00,6.911,7.075,6.78,6.95,6171520.0,2024-12-13 03:59:59.999000+00:00
2024-12-13 04:00:00+00:00,6.951,6.971,6.742,6.819,5313458.0,2024-12-13 07:59:59.999000+00:00
2024-12-13 08:00:00+00:00,6.819,6.983,6.778,6.887,4642740.0,2024-12-13 11:59:59.999000+00:00
2024-12-13 12:00:00+00:00,6.888,7.048,6.804,6.823,7178742.0,2024-12-13 15:59:59.999000+00:00
2024-12-13 16:00:00+00:00,6.822,6.979,6.805,6.877,5567477.0,2024-12-13 19:59:59.999000+00:00
2024-12-13 20:00:00+00:00,6.878,6.999,6.739,6.936,4559649.0,2024-12-13 23:59:59.999000+00:00
2024-12-14 00:00:00+00:00,6.935,7.043,6.858,6.901,4787220.0,2024-12-14 03:59:59.999000+00:00
2024-12-14 04:00:00+00:00,6.901,6.94,6.824,6.839,2639576.0,2024-12-14 07:59:59.999000+00:00
2024-12-14 08:00:00+00:00,6.84,6.904,6.752,6.766,3422334.0,2024-12-14 11:59:59.999000+00:00
2024-12-14 12:00:00+00:00,6.766,6.782,6.519,6.656,8125103.0,2024-12-14 15:59:59.999000+00:00
2024-12-14 16:00:00+00:00,6.656,6.658,6.484,6.566,5386979.0,2024-12-14 19:59:59.999000+00:00
2024-12-14 20:00:00+00:00,6.566,6.711,6.492,6.678,3599491.0,2024-12-14 23:59:59.999000+00:00
2024-12-15 00:00:00+00:00,6.679,6.713,6.568,6.594,3327234.0,2024-12-15 03:59:59.999000+00:00
2024-12-15 04:00:00+00:00,6.594,6.704,6.464,6.524,4128456.0,2024-12-15 07:59:59.999000+00:00
2024-12-15 08:00:00+00:00,6.523,6.665,6.515,6.64,2663874.0,2024-12-15 11:59:59.999000+00:00
2024-12-15 12:00:00+00:00,6.641,6.859,6.624,6.805,5392780.0,2024-12-15 15:59:59.999000+00:00
2024-12-15 16:00:00+00:00,6.804,6.863,6.729,6.771,2658376.0,2024-12-15 19:59:59.999000+00:00
2024-12-15 20:00:00+00:00,6.77,6.904,6.568,6.857,6825385.0,2024-12-15 23:59:59.999000+00:00
2024-12-16 00:00:00+00:00,6.858,7.054,6.72,6.763,8395038.0,2024-12-16 03:59:59.999000+00:00
2024-12-16 04:00:00+00:00,6.763,6.864,6.731,6.795,4178466.0,2024-12-16 07:59:59.999000+00:00
2024-12-16 08:00:00+00:00,6.795,6.808,6.522,6.542,6323794.0,2024-12-16 11:59:59.999000+00:00
2024-12-16 12:00:00+00:00,6.543,6.728,6.535,6.67,7045186.0,2024-12-16 15:59:59.999000+00:00
2024-12-16 16:00:00+00:00,6.67,6.843,6.667,6.736,7060635.0,2024-12-16 19:59:59.999000+00:00
2024-12-16 20:00:00+00:00,6.737,6.773,6.595,6.617,4663854.0,2024-12-16 23:59:59.999000+00:00
2024-12-17 00:00:00+00:00,6.617,6.655,6.486,6.655,6390154.0,2024-12-17 03:59:59.999000+00:00
2024-12-17 04:00:00+00:00,6.655,6.727,6.534,6.657,6294894.0,2024-12-17 07:59:59.999000+00:00
2024-12-17 08:00:00+00:00,6.658,6.879,6.616,6.824,6258006.0,2024-12-17 11:59:59.999000+00:00
2024-12-17 12:00:00+00:00,6.823,7.01,6.618,6.656,13207217.0,2024-12-17 15:59:59.999000+00:00
2024-12-17 16:00:00+00:00,6.655,6.873,6.587,6.64,9053793.0,2024-12-17 19:59:59.999000+00:00
2024-12-17 20:00:00+00:00,6.64,6.697,6.328,6.379,9586234.0,2024-12-17 23:59:59.999000+00:00
2024-12-18 00:00:00+00:00,6.379,6.426,6.238,6.245,7601797.0,2024-12-18 03:59:59.999000+00:00
2024-12-18 04:00:00+00:00,6.244,6.275,6.139,6.221,7636442.0,2024-12-18 07:59:59.999000+00:00
2024-12-18 08:00:00+00:00,6.22,6.309,6.151,6.3,4322827.0,2024-12-18 11:59:59.999000+00:00
2024-12-18 12:00:00+00:00,6.299,6.304,6.09,6.106,10860487.0,2024-12-18 15:59:59.999000+00:00
2024-12-18 16:00:00+00:00,6.107,6.288,6.032,6.034,8695014.0,2024-12-18 19:59:59.999000+00:00
2024-12-18 20:00:00+00:00,6.033,6.089,5.604,5.684,27351166.0,2024-12-18 23:59:59.999000+00:00
2024-12-19 00:00:00+00:00,5.684,5.768,5.281,5.756,20408954.0,2024-12-19 03:59:59.999000+00:00
2024-12-19 04:00:00+00:00,5.756,5.829,5.68,5.744,5004712.0,2024-12-19 07:59:59.999000+00:00
2024-12-19 08:00:00+00:00,5.744,5.869,5.664,5.799,5077409.0,2024-12-19 11:59:59.999000+00:00
2024-12-19 12:00:00+00:00,5.8,5.818,5.422,5.533,13024116.0,2024-12-19 15:59:59.999000+00:00
2024-12-19 16:00:00+00:00,5.533,5.581,5.011,5.123,26966882.0,2024-12-19 19:59:59.999000+00:00
2024-12-19 20:00:00+00:00,5.124,5.346,4.986,5.198,14301861.0,2024-12-19 23:59:59.999000+00:00
2024-12-20 00:00:00+00:00,5.199,5.459,5.118,5.29,10558477.0,2024-12-20 03:59:59.999000+00:00
2024-12-20 04:00:00+00:00,5.29,5.323,5.041,5.131,8222374.0,2024-12-20 07:59:59.999000+00:00
2024-12-20 08:00:00+00:00,5.13,5.133,4.532,4.539,27530859.0,2024-12-20 11:59:59.999000+00:00
2024-12-20 12:00:00+00:00,4.54,5.148,4.537,5.101,17910201.0,2024-12-20 15:59:59.999000+00:00
2024-12-20 16:00:00+00:00,5.102,5.322,5.045,5.289,7860948.0,2024-12-20 19:59:59.999000+00:00
2024-12-20 20:00:00+00:00,5.289,5.399,5.165,5.353,6052116.0,2024-12-20 23:59:59.999000+00:00
2024-12-21 00:00:00+00:00,5.352,5.429,5.281,5.354,4841739.0,2024-12-21 03:59:59.999000+00:00
2024-12-21 04:00:00+00:00,5.355,5.656,5.347,5.574,6102831.0,2024-12-21 07:59:59.999000+00:00
2024-12-21 08:00:00+00:00,5.575,5.6,5.328,5.377,6869672.0,2024-12-21 11:59:59.999000+00:00
2024-12-21 12:00:00+00:00,5.378,5.387,5.019,5.16,14264431.0,2024-12-21 15:59:59.999000+00:00
2024-12-21 16:00:00+00:00,5.161,5.166,4.924,4.988,8906507.0,2024-12-21 19:59:59.999000+00:00
2024-12-21 20:00:00+00:00,4.987,5.084,4.94,5.018,6160121.0,2024-12-21 23:59:59.999000+00:00
2024-12-22 00:00:00+00:00,5.019,5.097,4.927,4.991,6342809.0,2024-12-22 03:59:59.999000+00:00
2024-12-22 04:00:00+00:00,4.99,5.004,4.836,4.978,6428187.0,2024-12-22 07:59:59.999000+00:00
2024-12-22 08:00:00+00:00,4.978,5.123,4.977,5.083,5509249.0,2024-12-22 11:59:59.999000+00:00
2024-12-22 12:00:00+00:00,5.084,5.137,4.935,5.019,8421305.0,2024-12-22 15:59:59.999000+00:00
2024-12-22 16:00:00+00:00,5.018,5.119,4.92,4.937,5101186.0,2024-12-22 19:59:59.999000+00:00
2024-12-22 20:00:00+00:00,4.937,5.102,4.871,5.035,5725663.0,2024-12-22 23:59:59.999000+00:00
2024-12-23 00:00:00+00:00,5.036,5.204,4.912,5.199,6976865.0,2024-12-23 03:59:59.999000+00:00
2024-12-23 04:00:00+00:00,5.198,5.217,4.993,5.088,5019588.0,2024-12-23 07:59:59.999000+00:00
2024-12-23 08:00:00+00:00,5.087,5.202,5.064,5.103,3931538.0,2024-12-23 11:59:59.999000+00:00
2024-12-23 12:00:00+00:00,5.103,5.172,4.998,5.006,6750868.0,2024-12-23 15:59:59.999000+00:00
2024-12-23 16:00:00+00:00,5.006,5.213,4.998,5.206,7396084.0,2024-12-23 19:59:59.999000+00:00
2024-12-23 20:00:00+00:00,5.205,5.699,5.202,5.437,14710318.0,2024-12-23 23:59:59.999000+00:00
2024-12-24 00:00:00+00:00,5.436,5.482,5.282,5.397,6221231.0,2024-12-24 03:59:59.999000+00:00
2024-12-24 04:00:00+00:00,5.398,5.488,5.371,5.418,4055347.0,2024-12-24 07:59:59.999000+00:00
2024-12-24 08:00:00+00:00,5.419,5.524,5.368,5.486,4892402.0,2024-12-24 11:59:59.999000+00:00
2024-12-24 12:00:00+00:00,5.485,5.659,5.42,5.611,7338547.0,2024-12-24 15:59:59.999000+00:00
2024-12-24 16:00:00+00:00,5.611,5.656,5.479,5.489,5580385.0,2024-12-24 19:59:59.999000+00:00
2024-12-24 20:00:00+00:00,5.489,5.591,5.441,5.55,4082232.0,2024-12-24 23:59:59.999000+00:00
2024-12-25 00:00:00+00:00,5.549,5.602,5.502,5.542,2986770.0,2024-12-25 03:59:59.999000+00:00
2024-12-25 04:00:00+00:00,5.543,5.604,5.47,5.487,2724725.0,2024-12-25 07:59:59.999000+00:00
2024-12-25 08:00:00+00:00,5.487,5.645,5.468,5.477,5431363.0,2024-12-25 11:59:59.999000+00:00
2024-12-25 12:00:00+00:00,5.477,5.561,5.45,5.469,4218021.0,2024-12-25 15:59:59.999000+00:00
2024-12-25 16:00:00+00:00,5.468,5.493,5.387,5.436,3132295.0,2024-12-25 19:59:59.999000+00:00
2024-12-25 20:00:00+00:00,5.437,5.472,5.353,5.444,3278928.0,2024-12-25 23:59:59.999000+00:00
2024-12-26 00:00:00+00:00,5.444,5.496,5.307,5.326,4596612.0,2024-12-26 03:59:59.999000+00:00
2024-12-26 04:00:00+00:00,5.325,5.325,5.224,5.234,3103807.0,2024-12-26 07:59:59.999000+00:00
2024-12-26 08:00:00+00:00,5.234,5.248,5.068,5.132,6093835.0,2024-12-26 11:59:59.999000+00:00
2024-12-26 12:00:00+00:00,5.132,5.143,5.029,5.06,4454836.0,2024-12-26 15:59:59.999000+00:00
2024-12-26 16:00:00+00:00,5.061,5.111,4.994,5.093,3510277.0,2024-12-26 19:59:59.999000+00:00
2024-12-26 20:00:00+00:00,5.092,5.133,5.028,5.084,3304516.0,2024-12-26 23:59:59.999000+00:00
2024-12-27 00:00:00+00:00,5.084,5.172,5.056,5.136,2910100.0,2024-12-27 03:59:59.999000+00:00
2024-12-27 04:00:00+00:00,5.135,5.175,5.039,5.08,3482365.0,2024-12-27 07:59:59.999000+00:00
2024-12-27 08:00:00+00:00,5.079,5.311,5.078,5.269,5912809.0,2024-12-27 11:59:59.999000+00:00
2024-12-27 12:00:00+00:00,5.27,5.279,5.036,5.07,4647858.0,2024-12-27 15:59:59.999000+00:00
2024-12-27 16:00:00+00:00,5.069,5.237,5.025,5.186,5365259.0,2024-12-27 19:59:59.999000+00:00
2024-12-27 20:00:00+00:00,5.186,5.195,5.076,5.114,2083374.0,2024-12-27 23:59:59.999000+00:00
2024-12-28 00:00:00+00:00,5.114,5.19,5.065,5.158,2073252.0,2024-12-28 03:59:59.999000+00:00
2024-12-28 04:00:00+00:00,5.158,5.187,5.11,5.12,1894087.0,2024-12-28 07:59:59.999000+00:00
2024-12-28 08:00:00+00:00,5.121,5.201,5.118,5.177,2014095.0,2024-12-28 11:59:59.999000+00:00
2024-12-28 12:00:00+00:00,5.176,5.279,5.138,5.185,4068289.0,2024-12-28 15:59:59.999000+00:00
2024-12-28 16:00:00+00:00,5.185,5.293,5.173,5.252,2510153.0,2024-12-28 19:59:59.999000+00:00
2024-12-28 20:00:00+00:00,5.252,5.368,5.242,5.341,2046459.0,2024-12-28 23:59:59.999000+00:00
2024-12-29 00:00:00+00:00,5.341,5.451,5.323,5.449,4020478.0,2024-12-29 03:59:59.999000+00:00
2024-12-29 04:00:00+00:00,5.449,5.476,5.337,5.359,2684966.0,2024-12-29 07:59:59.999000+00:00
2024-12-29 08:00:00+00:00,5.36,5.37,5.277,5.28,2200375.0,2024-12-29 11:59:59.999000+00:00
2024-12-29 12:00:00+00:00,5.279,5.319,5.224,5.238,3153377.0,2024-12-29 15:59:59.999000+00:00
2024-12-29 16:00:00+00:00,5.238,5.241,5.146,5.17,2590427.0,2024-12-29 19:59:59.999000+00:00
2024-12-29 20:00:00+00:00,5.17,5.178,5.081,5.126,2734469.0,2024-12-29 23:59:59.999000+00:00
2024-12-30 00:00:00+00:00,5.126,5.282,5.101,5.226,3775273.0,2024-12-30 03:59:59.999000+00:00
2024-12-30 04:00:00+00:00,5.226,5.267,5.14,5.192,4514354.0,2024-12-30 07:59:59.999000+00:00
2024-12-30 08:00:00+00:00,5.192,5.239,5.152,5.188,2349884.0,2024-12-30 11:59:59.999000+00:00
2024-12-30 12:00:00+00:00,5.187,5.238,4.949,4.992,7186888.0,2024-12-30 15:59:59.999000+00:00
2024-12-30 16:00:00+00:00,4.991,5.181,4.955,5.138,4928897.0,2024-12-30 19:59:59.999000+00:00
2024-12-30 20:00:00+00:00,5.138,5.2,4.995,5.044,5593856.0,2024-12-30 23:59:59.999000+00:00
2024-12-31 00:00:00+00:00,5.045,5.048,4.937,4.95,2740869.0,2024-12-31 03:59:59.999000+00:00
2024-12-31 04:00:00+00:00,4.95,5.019,4.922,4.988,2591635.0,2024-12-31 07:59:59.999000+00:00
2024-12-31 08:00:00+00:00,4.989,5.115,4.985,5.029,3904901.0,2024-12-31 11:59:59.999000+00:00
2024-12-31 12:00:00+00:00,5.029,5.158,5.013,5.108,5332197.0,2024-12-31 15:59:59.999000+00:00
2024-12-31 16:00:00+00:00,5.108,5.121,4.969,5.003,4073171.0,2024-12-31 19:59:59.999000+00:00
2024-12-31 20:00:00+00:00,5.002,5.011,4.873,4.91,3773208.0,2024-12-31 23:59:59.999000+00:00
2025-01-01 00:00:00+00:00,4.91,4.993,4.901,4.935,2119229.0,2025-01-01 03:59:59.999000+00:00
2025-01-01 04:00:00+00:00,4.935,5.004,4.921,4.965,3061956.0,2025-01-01 07:59:59.999000+00:00
2025-01-01 08:00:00+00:00,4.966,5.009,4.875,4.986,3068024.0,2025-01-01 11:59:59.999000+00:00
2025-01-01 12:00:00+00:00,4.986,5.107,4.981,5.102,4537364.0,2025-01-01 15:59:59.999000+00:00
2025-01-01 16:00:00+00:00,5.102,5.276,5.051,5.249,5029136.0,2025-01-01 19:59:59.999000+00:00
2025-01-01 20:00:00+00:00,5.25,5.332,5.218,5.285,4881992.0,2025-01-01 23:59:59.999000+00:00
2025-01-02 00:00:00+00:00,5.285,5.39,5.28,5.364,4623002.0,2025-01-02 03:59:59.999000+00:00
2025-01-02 04:00:00+00:00,5.364,5.433,5.318,5.427,4827782.0,2025-01-02 07:59:59.999000+00:00
2025-01-02 08:00:00+00:00,5.428,5.569,5.405,5.509,6654068.0,2025-01-02 11:59:59.999000+00:00
2025-01-02 12:00:00+00:00,5.509,5.544,5.408,5.433,4671421.0,2025-01-02 15:59:59.999000+00:00
2025-01-02 16:00:00+00:00,5.433,5.481,5.386,5.402,3139026.0,2025-01-02 19:59:59.999000+00:00
2025-01-02 20:00:00+00:00,5.403,5.446,5.38,5.445,2057288.0,2025-01-02 23:59:59.999000+00:00
2025-01-03 00:00:00+00:00,5.446,5.5,5.386,5.494,2759033.0,2025-01-03 03:59:59.999000+00:00
2025-01-03 04:00:00+00:00,5.494,5.528,5.432,5.437,2905214.0,2025-01-03 07:59:59.999000+00:00
2025-01-03 08:00:00+00:00,5.438,5.684,5.43,5.679,6773440.0,2025-01-03 11:59:59.999000+00:00
2025-01-03 12:00:00+00:00,5.68,5.814,5.642,5.801,9984572.0,2025-01-03 15:59:59.999000+00:00
2025-01-03 16:00:00+00:00,5.803,5.829,5.731,5.761,3650717.0,2025-01-03 19:59:59.999000+00:00
2025-01-03 20:00:00+00:00,5.761,5.817,5.708,5.816,2274301.0,2025-01-03 23:59:59.999000+00:00
2025-01-04 00:00:00+00:00,5.817,5.853,5.732,5.848,3419492.0,2025-01-04 03:59:59.999000+00:00
2025-01-04 04:00:00+00:00,5.847,5.872,5.778,5.844,1910847.0,2025-01-04 07:59:59.999000+00:00
2025-01-04 08:00:00+00:00,5.844,5.844,5.736,5.771,3000709.0,2025-01-04 11:59:59.999000+00:00
2025-01-04 12:00:00+00:00,5.771,5.933,5.729,5.76,5505632.0,2025-01-04 15:59:59.999000+00:00
2025-01-04 16:00:00+00:00,5.76,5.873,5.752,5.84,2962310.0,2025-01-04 19:59:59.999000+00:00
2025-01-04 20:00:00+00:00,5.839,5.895,5.784,5.789,1636162.0,2025-01-04 23:59:59.999000+00:00
2025-01-05 00:00:00+00:00,5.789,5.815,5.741,5.776,1886814.0,2025-01-05 03:59:59.999000+00:00
2025-01-05 04:00:00+00:00,5.775,5.841,5.769,5.786,1793864.0,2025-01-05 07:59:59.999000+00:00
2025-01-05 08:00:00+00:00,5.788,5.792,5.661,5.703,4605112.0,2025-01-05 11:59:59.999000+00:00
2025-01-05 12:00:00+00:00,5.703,5.746,5.623,5.737,3800674.0,2025-01-05 15:59:59.999000+00:00
2025-01-05 16:00:00+00:00,5.737,5.835,5.72,5.829,3315516.0,2025-01-05 19:59:59.999000+00:00
2025-01-05 20:00:00+00:00,5.83,5.985,5.788,5.907,4618384.0,2025-01-05 23:59:59.999000+00:00
2025-01-06 00:00:00+00:00,5.906,5.982,5.778,5.969,4507167.0,2025-01-06 03:59:59.999000+00:00
2025-01-06 04:00:00+00:00,5.969,5.981,5.84,5.899,2520688.0,2025-01-06 07:59:59.999000+00:00
2025-01-06 08:00:00+00:00,5.898,5.942,5.82,5.929,2948131.0,2025-01-06 11:59:59.999000+00:00
2025-01-06 12:00:00+00:00,5.929,6.048,5.855,6.045,5892101.0,2025-01-06 15:59:59.999000+00:00
2025-01-06 16:00:00+00:00,6.046,6.232,5.985,6.017,7584540.0,2025-01-06 19:59:59.999000+00:00
2025-01-06 20:00:00+00:00,6.017,6.061,5.926,6.01,2400244.0,2025-01-06 23:59:59.999000+00:00
2025-01-07 00:00:00+00:00,6.01,6.025,5.901,5.948,2370556.0,2025-01-07 03:59:59.999000+00:00
2025-01-07 04:00:00+00:00,5.948,6.012,5.907,5.961,1994375.0,2025-01-07 07:59:59.999000+00:00
2025-01-07 08:00:00+00:00,5.961,5.999,5.816,5.854,3253424.0,2025-01-07 11:59:59.999000+00:00
2025-01-07 12:00:00+00:00,5.854,5.928,5.501,5.588,13278339.0,2025-01-07 15:59:59.999000+00:00
2025-01-07 16:00:00+00:00,5.587,5.624,5.386,5.413,7057409.0,2025-01-07 19:59:59.999000+00:00
2025-01-07 20:00:00+00:00,5.412,5.46,5.341,5.36,3948589.0,2025-01-07 23:59:59.999000+00:00
2025-01-08 00:00:00+00:00,5.36,5.445,5.242,5.293,5451598.0,2025-01-08 03:59:59.999000+00:00
2025-01-08 04:00:00+00:00,5.293,5.304,5.066,5.164,6151311.0,2025-01-08 07:59:59.999000+00:00
2025-01-08 08:00:00+00:00,5.164,5.25,5.105,5.151,4628458.0,2025-01-08 11:59:59.999000+00:00
2025-01-08 12:00:00+00:00,5.152,5.202,5.07,5.139,5146211.0,2025-01-08 15:59:59.999000+00:00
2025-01-08 16:00:00+00:00,5.138,5.152,4.858,5.058,10902259.0,2025-01-08 19:59:59.999000+00:00
2025-01-08 20:00:00+00:00,5.058,5.177,5.017,5.148,3467136.0,2025-01-08 23:59:59.999000+00:00
2025-01-09 00:00:00+00:00,5.149,5.216,5.086,5.1,3712095.0,2025-01-09 03:59:59.999000+00:00
2025-01-09 04:00:00+00:00,5.099,5.119,4.949,4.967,3159178.0,2025-01-09 07:59:59.999000+00:00
2025-01-09 08:00:00+00:00,4.967,5.063,4.94,4.991,4106596.0,2025-01-09 11:59:59.999000+00:00
2025-01-09 12:00:00+00:00,4.99,5.13,4.833,5.089,7874909.0,2025-01-09 15:59:59.999000+00:00
2025-01-09 16:00:00+00:00,5.089,5.12,4.923,4.926,5318691.0,2025-01-09 19:59:59.999000+00:00
2025-01-09 20:00:00+00:00,4.926,5.005,4.858,4.974,3860348.0,2025-01-09 23:59:59.999000+00:00
2025-01-10 00:00:00+00:00,4.974,5.071,4.972,5.048,2287741.0,2025-01-10 03:59:59.999000+00:00
2025-01-10 04:00:00+00:00,5.048,5.149,5.005,5.12,3271122.0,2025-01-10 07:59:59.999000+00:00
2025-01-10 08:00:00+00:00,5.119,5.149,5.065,5.105,3235853.0,2025-01-10 11:59:59.999000+00:00
2025-01-10 12:00:00+00:00,5.104,5.11,4.884,5.008,9691757.0,2025-01-10 15:59:59.999000+00:00
2025-01-10 16:00:00+00:00,5.009,5.132,4.943,5.082,3978415.0,2025-01-10 19:59:59.999000+00:00
2025-01-10 20:00:00+00:00,5.081,5.105,5.028,5.082,1399824.0,2025-01-10 23:59:59.999000+00:00
2025-01-11 00:00:00+00:00,5.081,5.114,5.021,5.03,1571835.0,2025-01-11 03:59:59.999000+00:00
2025-01-11 04:00:00+00:00,5.03,5.078,5.012,5.033,1241485.0,2025-01-11 07:59:59.999000+00:00
2025-01-11 08:00:00+00:00,5.032,5.075,4.982,5.064,1930449.0,2025-01-11 11:59:59.999000+00:00
2025-01-11 12:00:00+00:00,5.064,5.072,4.997,5.019,1509892.0,2025-01-11 15:59:59.999000+00:00
2025-01-11 16:00:00+00:00,5.02,5.05,4.997,5.019,1261661.0,2025-01-11 19:59:59.999000+00:00
2025-01-11 20:00:00+00:00,5.02,5.166,5.006,5.082,2957208.0,2025-01-11 23:59:59.999000+00:00
2025-01-12 00:00:00+00:00,5.082,5.108,5.049,5.098,1433142.0,2025-01-12 03:59:59.999000+00:00
2025-01-12 04:00:00+00:00,5.099,5.123,5.033,5.065,1491761.0,2025-01-12 07:59:59.999000+00:00
2025-01-12 08:00:00+00:00,5.065,5.074,4.958,5.017,2209106.0,2025-01-12 11:59:59.999000+00:00
2025-01-12 12:00:00+00:00,5.018,5.083,4.994,5.072,1869459.0,2025-01-12 15:59:59.999000+00:00
2025-01-12 16:00:00+00:00,5.073,5.088,5.005,5.021,1898013.0,2025-01-12 19:59:59.999000+00:00
2025-01-12 20:00:00+00:00,5.021,5.036,4.906,4.97,1962527.0,2025-01-12 23:59:59.999000+00:00
2025-01-13 00:00:00+00:00,4.969,5.093,4.767,4.812,8533105.0,2025-01-13 03:59:59.999000+00:00
2025-01-13 04:00:00+00:00,4.811,4.895,4.648,4.712,7793131.0,2025-01-13 07:59:59.999000+00:00
2025-01-13 08:00:00+00:00,4.713,4.721,4.452,4.456,10201512.0,2025-01-13 11:59:59.999000+00:00
2025-01-13 12:00:00+00:00,4.457,4.687,4.401,4.638,13077849.0,2025-01-13 15:59:59.999000+00:00
2025-01-13 16:00:00+00:00,4.639,4.652,4.456,4.549,7579612.0,2025-01-13 19:59:59.999000+00:00
2025-01-13 20:00:00+00:00,4.548,4.788,4.512,4.747,6874987.0,2025-01-13 23:59:59.999000+00:00
2025-01-14 00:00:00+00:00,4.747,4.79,4.699,4.76,2954740.0,2025-01-14 03:59:59.999000+00:00
2025-01-14 04:00:00+00:00,4.76,4.832,4.755,4.784,2725362.0,2025-01-14 07:59:59.999000+00:00
2025-01-14 08:00:00+00:00,4.785,4.954,4.784,4.893,4266312.0,2025-01-14 11:59:59.999000+00:00
2025-01-14 12:00:00+00:00,4.893,4.997,4.845,4.937,5734540.0,2025-01-14 15:59:59.999000+00:00
2025-01-14 16:00:00+00:00,4.936,5.008,4.888,4.977,2966275.0,2025-01-14 19:59:59.999000+00:00
2025-01-14 20:00:00+00:00,4.977,5.054,4.945,5.05,2550372.0,2025-01-14 23:59:59.999000+00:00
2025-01-15 00:00:00+00:00,5.051,5.088,4.942,4.997,6347842.0,2025-01-15 03:59:59.999000+00:00
2025-01-15 04:00:00+00:00,4.998,5.045,4.95,5.013,2546142.0,2025-01-15 07:59:59.999000+00:00
2025-01-15 08:00:00+00:00,5.013,5.027,4.861,4.901,3805618.0,2025-01-15 11:59:59.999000+00:00
2025-01-15 12:00:00+00:00,4.9,5.268,4.858,5.244,13985954.0,2025-01-15 15:59:59.999000+00:00
2025-01-15 16:00:00+00:00,5.245,5.309,5.15,5.279,4616581.0,2025-01-15 19:59:59.999000+00:00
2025-01-15 20:00:00+00:00,5.28,5.334,5.248,5.313,3103055.0,2025-01-15 23:59:59.999000+00:00
2025-01-16 00:00:00+00:00,5.313,5.338,5.161,5.189,4105613.0,2025-01-16 03:59:59.999000+00:00
2025-01-16 04:00:00+00:00,5.189,5.231,5.166,5.218,1900516.0,2025-01-16 07:59:59.999000+00:00
2025-01-16 08:00:00+00:00,5.218,5.227,5.081,5.218,4802312.0,2025-01-16 11:59:59.999000+00:00
2025-01-16 12:00:00+00:00,5.218,5.356,5.118,5.276,11862182.0,2025-01-16 15:59:59.999000+00:00
2025-01-16 16:00:00+00:00,5.277,5.327,5.204,5.258,4577460.0,2025-01-16 19:59:59.999000+00:00
2025-01-16 20:00:00+00:00,5.259,5.281,5.112,5.157,2928446.0,2025-01-16 23:59:59.999000+00:00
2025-01-17 00:00:00+00:00,5.158,5.362,5.157,5.264,6159532.0,2025-01-17 03:59:59.999000+00:00
2025-01-17 04:00:00+00:00,5.263,5.44,5.249,5.399,5518387.0,2025-01-17 07:59:59.999000+00:00
2025-01-17 08:00:00+00:00,5.4,5.6,5.398,5.579,5945083.0,2025-01-17 11:59:59.999000+00:00
2025-01-17 12:00:00+00:00,5.58,5.629,5.498,5.578,7691401.0,2025-01-17 15:59:59.999000+00:00
2025-01-17 16:00:00+00:00,5.578,5.636,5.533,5.59,3297127.0,2025-01-17 19:59:59.999000+00:00
2025-01-17 20:00:00+00:00,5.59,5.794,5.586,5.751,4707739.0,2025-01-17 23:59:59.999000+00:00
2025-01-18 00:00:00+00:00,5.752,5.882,5.578,5.61,7108617.0,2025-01-18 03:59:59.999000+00:00
2025-01-18 04:00:00+00:00,5.61,5.639,5.364,5.406,7823222.0,2025-01-18 07:59:59.999000+00:00
2025-01-18 08:00:00+00:00,5.407,5.526,5.327,5.515,5208623.0,2025-01-18 11:59:59.999000+00:00
2025-01-18 12:00:00+00:00,5.515,5.54,5.391,5.436,5148236.0,2025-01-18 15:59:59.999000+00:00
2025-01-18 16:00:00+00:00,5.436,5.468,5.302,5.394,6102518.0,2025-01-18 19:59:59.999000+00:00
2025-01-18 20:00:00+00:00,5.395,5.469,5.306,5.442,3585802.0,2025-01-18 23:59:59.999000+00:00
2025-01-19 00:00:00+00:00,5.442,5.651,5.417,5.446,5991620.0,2025-01-19 03:59:59.999000+00:00
2025-01-19 04:00:00+00:00,5.446,5.454,5.25,5.279,5546350.0,2025-01-19 07:59:59.999000+00:00
2025-01-19 08:00:00+00:00,5.278,5.279,4.947,4.983,14519948.0,2025-01-19 11:59:59.999000+00:00
2025-01-19 12:00:00+00:00,4.984,5.524,4.972,5.402,13370152.0,2025-01-19 15:59:59.999000+00:00
2025-01-19 16:00:00+00:00,5.403,5.467,5.338,5.426,4836973.0,2025-01-19 19:59:59.999000+00:00
2025-01-19 20:00:00+00:00,5.427,5.462,4.879,4.977,22795232.0,2025-01-19 23:59:59.999000+00:00
2025-01-20 00:00:00+00:00,4.977,5.019,4.751,4.994,20464553.0,2025-01-20 03:59:59.999000+00:00
2025-01-20 04:00:00+00:00,4.994,5.674,4.933,5.47,19938459.0,2025-01-20 07:59:59.999000+00:00
2025-01-20 08:00:00+00:00,5.47,5.599,5.356,5.413,6968652.0,2025-01-20 11:59:59.999000+00:00
2025-01-20 12:00:00+00:00,5.413,5.476,5.213,5.32,12048934.0,2025-01-20 15:59:59.999000+00:00
2025-01-20 16:00:00+00:00,5.32,5.357,4.9,5.13,23767469.0,2025-01-20 19:59:59.999000+00:00
2025-01-20 20:00:00+00:00,5.129,5.192,4.998,5.098,5326855.0,2025-01-20 23:59:59.999000+00:00
2025-01-21 00:00:00+00:00,5.098,5.107,4.913,4.99,6971818.0,2025-01-21 03:59:59.999000+00:00
2025-01-21 04:00:00+00:00,4.991,5.025,4.876,5.009,5343776.0,2025-01-21 07:59:59.999000+00:00
2025-01-21 08:00:00+00:00,5.009,5.142,4.95,5.119,5692097.0,2025-01-21 11:59:59.999000+00:00
2025-01-21 12:00:00+00:00,5.119,5.194,5.071,5.122,6021358.0,2025-01-21 15:59:59.999000+00:00
2025-01-21 16:00:00+00:00,5.122,5.347,5.102,5.196,8528914.0,2025-01-21 19:59:59.999000+00:00
2025-01-21 20:00:00+00:00,5.196,5.32,5.164,5.25,3384269.0,2025-01-21 23:59:59.999000+00:00
2025-01-22 00:00:00+00:00,5.25,5.3,5.197,5.22,3668439.0,2025-01-22 03:59:59.999000+00:00
2025-01-22 04:00:00+00:00,5.219,5.253,5.14,5.153,3024102.0,2025-01-22 07:59:59.999000+00:00
2025-01-22 08:00:00+00:00,5.153,5.187,5.09,5.177,2862543.0,2025-01-22 11:59:59.999000+00:00
2025-01-22 12:00:00+00:00,5.177,5.208,5.076,5.147,3823932.0,2025-01-22 15:59:59.999000+00:00
2025-01-22 16:00:00+00:00,5.148,5.274,5.1,5.165,4646571.0,2025-01-22 19:59:59.999000+00:00
2025-01-22 20:00:00+00:00,5.165,5.221,5.065,5.096,3329334.0,2025-01-22 23:59:59.999000+00:00
2025-01-23 00:00:00+00:00,5.096,5.097,4.953,5.004,3941844.0,2025-01-23 03:59:59.999000+00:00
2025-01-23 04:00:00+00:00,5.004,5.036,4.963,5.035,3255755.0,2025-01-23 07:59:59.999000+00:00
2025-01-23 08:00:00+00:00,5.034,5.034,4.894,4.93,3777827.0,2025-01-23 11:59:59.999000+00:00
2025-01-23 12:00:00+00:00,4.931,5.102,4.871,5.026,8831572.0,2025-01-23 15:59:59.999000+00:00
2025-01-23 16:00:00+00:00,5.026,5.126,4.853,4.878,6997247.0,2025-01-23 19:59:59.999000+00:00
2025-01-23 20:00:00+00:00,4.878,5.054,4.855,4.977,10048398.0,2025-01-23 23:59:59.999000+00:00
2025-01-24 00:00:00+00:00,4.978,4.999,4.838,4.901,5281715.0,2025-01-24 03:59:59.999000+00:00
2025-01-24 04:00:00+00:00,4.901,5.102,4.88,5.017,4464908.0,2025-01-24 07:59:59.999000+00:00
2025-01-24 08:00:00+00:00,5.018,5.109,5.004,5.088,3864217.0,2025-01-24 11:59:59.999000+00:00
2025-01-24 12:00:00+00:00,5.088,5.153,5.04,5.15,4774595.0,2025-01-24 15:59:59.999000+00:00
2025-01-24 16:00:00+00:00,5.15,5.175,5.083,5.099,3742462.0,2025-01-24 19:59:59.999000+00:00
2025-01-24 20:00:00+00:00,5.098,5.12,4.954,4.998,4793328.0,2025-01-24 23:59:59.999000+00:00
2025-01-25 00:00:00+00:00,4.998,5.023,4.902,4.998,3667140.0,2025-01-25 03:59:59.999000+00:00
2025-01-25 04:00:00+00:00,4.997,4.998,4.874,4.892,3125927.0,2025-01-25 07:59:59.999000+00:00
2025-01-25 08:00:00+00:00,4.892,4.945,4.861,4.929,2460674.0,2025-01-25 11:59:59.999000+00:00
2025-01-25 12:00:00+00:00,4.93,4.969,4.886,4.953,2287588.0,2025-01-25 15:59:59.999000+00:00
2025-01-25 16:00:00+00:00,4.954,4.98,4.9,4.955,2680788.0,2025-01-25 19:59:59.999000+00:00
2025-01-25 20:00:00+00:00,4.955,4.994,4.918,4.925,1817962.0,2025-01-25 23:59:59.999000+00:00
2025-01-26 00:00:00+00:00,4.925,5.038,4.901,5.014,2819544.0,2025-01-26 03:59:59.999000+00:00
2025-01-26 04:00:00+00:00,5.014,5.101,4.999,5.099,3356365.0,2025-01-26 07:59:59.999000+00:00
2025-01-26 08:00:00+00:00,5.099,5.143,4.992,5.007,5235042.0,2025-01-26 11:59:59.999000+00:00
2025-01-26 12:00:00+00:00,5.007,5.043,4.971,4.993,2524512.0,2025-01-26 15:59:59.999000+00:00
2025-01-26 16:00:00+00:00,4.992,5.032,4.961,5.013,1777532.0,2025-01-26 19:59:59.999000+00:00
2025-01-26 20:00:00+00:00,5.012,5.017,4.741,4.754,6542540.0,2025-01-26 23:59:59.999000+00:00
2025-01-27 00:00:00+00:00,4.754,4.768,4.583,4.649,9604545.0,2025-01-27 03:59:59.999000+00:00
2025-01-27 04:00:00+00:00,4.649,4.649,4.351,4.504,10440753.0,2025-01-27 07:59:59.999000+00:00
2025-01-27 08:00:00+00:00,4.503,4.531,4.391,4.426,6653082.0,2025-01-27 11:59:59.999000+00:00
2025-01-27 12:00:00+00:00,4.425,4.652,4.394,4.607,8211896.0,2025-01-27 15:59:59.999000+00:00
2025-01-27 16:00:00+00:00,4.606,4.608,4.422,4.48,4827229.0,2025-01-27 19:59:59.999000+00:00
2025-01-27 20:00:00+00:00,4.479,4.698,4.479,4.637,4670608.0,2025-01-27 23:59:59.999000+00:00
2025-01-28 00:00:00+00:00,4.638,4.674,4.558,4.622,2630030.0,2025-01-28 03:59:59.999000+00:00
2025-01-28 04:00:00+00:00,4.622,4.679,4.534,4.562,3395695.0,2025-01-28 07:59:59.999000+00:00
2025-01-28 08:00:00+00:00,4.562,4.601,4.531,4.561,2536381.0,2025-01-28 11:59:59.999000+00:00
2025-01-28 12:00:00+00:00,4.56,4.601,4.489,4.542,4890372.0,2025-01-28 15:59:59.999000+00:00
2025-01-28 16:00:00+00:00,4.543,4.546,4.407,4.446,4082346.0,2025-01-28 19:59:59.999000+00:00
2025-01-28 20:00:00+00:00,4.446,4.456,4.249,4.281,5371986.0,2025-01-28 23:59:59.999000+00:00
2025-01-29 00:00:00+00:00,4.28,4.421,4.26,4.403,3055339.0,2025-01-29 03:59:59.999000+00:00
2025-01-29 04:00:00+00:00,4.404,4.472,4.389,4.465,2145297.0,2025-01-29 07:59:59.999000+00:00
2025-01-29 08:00:00+00:00,4.465,4.557,4.389,4.495,4124826.0,2025-01-29 11:59:59.999000+00:00
2025-01-29 12:00:00+00:00,4.495,4.51,4.365,4.399,4640614.0,2025-01-29 15:59:59.999000+00:00
2025-01-29 16:00:00+00:00,4.399,4.525,4.305,4.471,7861558.0,2025-01-29 19:59:59.999000+00:00
2025-01-29 20:00:00+00:00,4.47,4.581,4.404,4.416,5245238.0,2025-01-29 23:59:59.999000+00:00
2025-01-30 00:00:00+00:00,4.415,4.582,4.364,4.579,3451701.0,2025-01-30 03:59:59.999000+00:00
2025-01-30 04:00:00+00:00,4.579,4.597,4.509,4.536,3150136.0,2025-01-30 07:59:59.999000+00:00
2025-01-30 08:00:00+00:00,4.537,4.603,4.508,4.569,2824906.0,2025-01-30 11:59:59.999000+00:00
2025-01-30 12:00:00+00:00,4.57,4.659,4.518,4.618,4323057.0,2025-01-30 15:59:59.999000+00:00
2025-01-30 16:00:00+00:00,4.618,4.675,4.592,4.663,3188768.0,2025-01-30 19:59:59.999000+00:00
2025-01-30 20:00:00+00:00,4.664,4.675,4.598,4.601,1652514.0,2025-01-30 23:59:59.999000+00:00
2025-01-31 00:00:00+00:00,4.602,4.635,4.531,4.582,3393910.0,2025-01-31 03:59:59.999000+00:00
2025-01-31 04:00:00+00:00,4.582,4.72,4.543,4.637,3403395.0,2025-01-31 07:59:59.999000+00:00
2025-01-31 08:00:00+00:00,4.637,4.73,4.588,4.714,2834558.0,2025-01-31 11:59:59.999000+00:00
2025-01-31 12:00:00+00:00,4.715,4.844,4.69,4.835,4701199.0,2025-01-31 15:59:59.999000+00:00
2025-01-31 16:00:00+00:00,4.835,4.847,4.636,4.667,5108472.0,2025-01-31 19:59:59.999000+00:00
2025-01-31 20:00:00+00:00,4.666,4.67,4.567,4.619,2784898.0,2025-01-31 23:59:59.999000+00:00
2025-02-01 00:00:00+00:00,4.619,4.685,4.587,4.622,2608930.0,2025-02-01 03:59:59.999000+00:00
2025-02-01 04:00:00+00:00,4.623,4.652,4.574,4.587,1724122.0,2025-02-01 07:59:59.999000+00:00
2025-02-01 08:00:00+00:00,4.587,4.602,4.422,4.496,4660999.0,2025-02-01 11:59:59.999000+00:00
2025-02-01 12:00:00+00:00,4.495,4.51,4.407,4.457,2661655.0,2025-02-01 15:59:59.999000+00:00
2025-02-01 16:00:00+00:00,4.457,4.48,4.329,4.342,3491105.0,2025-02-01 19:59:59.999000+00:00
2025-02-01 20:00:00+00:00,4.342,4.363,4.222,4.254,5823907.0,2025-02-01 23:59:59.999000+00:00
2025-02-02 00:00:00+00:00,4.255,4.34,4.101,4.114,6494595.0,2025-02-02 03:59:59.999000+00:00
2025-02-02 04:00:00+00:00,4.115,4.221,4.101,4.145,3520969.0,2025-02-02 07:59:59.999000+00:00
2025-02-02 08:00:00+00:00,4.146,4.209,4.065,4.076,5689511.0,2025-02-02 11:59:59.999000+00:00
2025-02-02 12:00:00+00:00,4.075,4.142,4.038,4.083,4778861.0,2025-02-02 15:59:59.999000+00:00
2025-02-02 16:00:00+00:00,4.084,4.086,3.624,3.813,27777621.0,2025-02-02 19:59:59.999000+00:00
2025-02-02 20:00:00+00:00,3.813,3.87,3.498,3.747,17766458.0,2025-02-02 23:59:59.999000+00:00
2025-02-03 00:00:00+00:00,3.747,3.749,2.705,3.131,58915645.0,2025-02-03 03:59:59.999000+00:00
2025-02-03 04:00:00+00:00,3.132,3.454,3.046,3.438,18161584.0,2025-02-03 07:59:59.999000+00:00
2025-02-03 08:00:00+00:00,3.437,3.459,3.295,3.405,11881202.0,2025-02-03 11:59:59.999000+00:00
2025-02-03 12:00:00+00:00,3.404,3.592,3.271,3.56,22777655.0,2025-02-03 15:59:59.999000+00:00
2025-02-03 16:00:00+00:00,3.561,3.712,3.498,3.709,12659634.0,2025-02-03 19:59:59.999000+00:00
2025-02-03 20:00:00+00:00,3.708,3.794,3.586,3.77,9800492.0,2025-02-03 23:59:59.999000+00:00
2025-02-04 00:00:00+00:00,3.771,3.795,3.619,3.646,4610449.0,2025-02-04 03:59:59.999000+00:00
2025-02-04 04:00:00+00:00,3.646,3.685,3.298,3.304,13265369.0,2025-02-04 07:59:59.999000+00:00
2025-02-04 08:00:00+00:00,3.304,3.493,3.283,3.426,9202203.0,2025-02-04 11:59:59.999000+00:00
2025-02-04 12:00:00+00:00,3.426,3.579,3.422,3.485,10182816.0,2025-02-04 15:59:59.999000+00:00
2025-02-04 16:00:00+00:00,3.486,3.591,3.44,3.44,6601490.0,2025-02-04 19:59:59.999000+00:00
2025-02-04 20:00:00+00:00,3.44,3.476,3.274,3.392,14895058.0,2025-02-04 23:59:59.999000+00:00
2025-02-05 00:00:00+00:00,3.392,3.427,3.342,3.394,5448374.0,2025-02-05 03:59:59.999000+00:00
2025-02-05 04:00:00+00:00,3.394,3.445,3.352,3.409,4086841.0,2025-02-05 07:59:59.999000+00:00
2025-02-05 08:00:00+00:00,3.409,3.474,3.364,3.462,3796911.0,2025-02-05 11:59:59.999000+00:00
2025-02-05 12:00:00+00:00,3.461,3.477,3.347,3.385,6952113.0,2025-02-05 15:59:59.999000+00:00
2025-02-05 16:00:00+00:00,3.384,3.395,3.236,3.342,7797659.0,2025-02-05 19:59:59.999000+00:00
2025-02-05 20:00:00+00:00,3.342,3.361,3.249,3.277,4921309.0,2025-02-05 23:59:59.999000+00:00
2025-02-06 00:00:00+00:00,3.276,3.329,3.238,3.301,3628637.0,2025-02-06 03:59:59.999000+00:00
2025-02-06 04:00:00+00:00,3.302,3.382,3.294,3.339,3449817.0,2025-02-06 07:59:59.999000+00:00
2025-02-06 08:00:00+00:00,3.339,3.378,3.297,3.33,3930662.0,2025-02-06 11:59:59.999000+00:00
2025-02-06 12:00:00+00:00,3.331,3.343,3.156,3.181,9295934.0,2025-02-06 15:59:59.999000+00:00
2025-02-06 16:00:00+00:00,3.181,3.228,3.128,3.146,7921848.0,2025-02-06 19:59:59.999000+00:00
2025-02-06 20:00:00+00:00,3.146,3.209,3.113,3.141,4526699.0,2025-02-06 23:59:59.999000+00:00
2025-02-07 00:00:00+00:00,3.141,3.268,3.139,3.224,3684428.0,2025-02-07 03:59:59.999000+00:00
2025-02-07 04:00:00+00:00,3.225,3.258,3.154,3.206,3524291.0,2025-02-07 07:59:59.999000+00:00
2025-02-07 08:00:00+00:00,3.207,3.306,3.191,3.285,4472559.0,2025-02-07 11:59:59.999000+00:00
2025-02-07 12:00:00+00:00,3.284,3.404,3.243,3.329,8747164.0,2025-02-07 15:59:59.999000+00:00
2025-02-07 16:00:00+00:00,3.329,3.341,3.247,3.273,4547376.0,2025-02-07 19:59:59.999000+00:00
2025-02-07 20:00:00+00:00,3.272,3.277,3.105,3.203,6576471.0,2025-02-07 23:59:59.999000+00:00
2025-02-08 00:00:00+00:00,3.202,3.251,3.176,3.187,3408498.0,2025-02-08 03:59:59.999000+00:00
2025-02-08 04:00:00+00:00,3.187,3.269,3.16,3.251,4697903.0,2025-02-08 07:59:59.999000+00:00
2025-02-08 08:00:00+00:00,3.252,3.263,3.163,3.185,4581210.0,2025-02-08 11:59:59.999000+00:00
2025-02-08 12:00:00+00:00,3.185,3.231,3.156,3.223,4635514.0,2025-02-08 15:59:59.999000+00:00
2025-02-08 16:00:00+00:00,3.224,3.248,3.191,3.242,4955226.0,2025-02-08 19:59:59.999000+00:00
2025-02-08 20:00:00+00:00,3.243,3.312,3.223,3.282,4013377.0,2025-02-08 23:59:59.999000+00:00
2025-02-09 00:00:00+00:00,3.282,3.393,3.258,3.392,3776623.0,2025-02-09 03:59:59.999000+00:00
2025-02-09 04:00:00+00:00,3.392,3.416,3.363,3.409,4254560.0,2025-02-09 07:59:59.999000+00:00
2025-02-09 08:00:00+00:00,3.41,3.474,3.304,3.313,6992117.0,2025-02-09 11:59:59.999000+00:00
2025-02-09 12:00:00+00:00,3.312,3.331,3.222,3.274,6780607.0,2025-02-09 15:59:59.999000+00:00
2025-02-09 16:00:00+00:00,3.275,3.295,3.181,3.198,3053395.0,2025-02-09 19:59:59.999000+00:00
2025-02-09 20:00:00+00:00,3.198,3.231,3.031,3.176,9429575.0,2025-02-09 23:59:59.999000+00:00
2025-02-10 00:00:00+00:00,3.177,3.246,3.062,3.135,9133919.0,2025-02-10 03:59:59.999000+00:00
2025-02-10 04:00:00+00:00,3.136,3.221,3.11,3.198,4195672.0,2025-02-10 07:59:59.999000+00:00
2025-02-10 08:00:00+00:00,3.199,3.266,3.186,3.24,7303801.0,2025-02-10 11:59:59.999000+00:00
2025-02-10 12:00:00+00:00,3.24,3.306,3.178,3.179,8556013.0,2025-02-10 15:59:59.999000+00:00
2025-02-10 16:00:00+00:00,3.179,3.252,3.177,3.227,4759072.0,2025-02-10 19:59:59.999000+00:00
2025-02-10 20:00:00+00:00,3.227,3.254,3.169,3.207,3575775.0,2025-02-10 23:59:59.999000+00:00
2025-02-11 00:00:00+00:00,3.207,3.28,3.198,3.235,4011701.0,2025-02-11 03:59:59.999000+00:00
2025-02-11 04:00:00+00:00,3.236,3.373,3.234,3.344,6425514.0,2025-02-11 07:59:59.999000+00:00
2025-02-11 08:00:00+00:00,3.344,3.383,3.33,3.373,4035458.0,2025-02-11 11:59:59.999000+00:00
2025-02-11 12:00:00+00:00,3.373,3.387,3.274,3.304,8392045.0,2025-02-11 15:59:59.999000+00:00
2025-02-11 16:00:00+00:00,3.303,3.327,3.126,3.143,7903533.0,2025-02-11 19:59:59.999000+00:00
2025-02-11 20:00:00+00:00,3.143,3.262,3.134,3.198,5860695.0,2025-02-11 23:59:59.999000+00:00
2025-02-12 00:00:00+00:00,3.198,3.253,3.174,3.19,5823605.0,2025-02-12 03:59:59.999000+00:00
2025-02-12 04:00:00+00:00,3.189,3.232,3.172,3.209,5374240.0,2025-02-12 07:59:59.999000+00:00
2025-02-12 08:00:00+00:00,3.209,3.233,3.164,3.209,6145369.0,2025-02-12 11:59:59.999000+00:00
2025-02-12 12:00:00+00:00,3.208,3.291,3.094,3.214,18051077.0,2025-02-12 15:59:59.999000+00:00
2025-02-12 16:00:00+00:00,3.215,3.382,3.178,3.368,7260046.0,2025-02-12 19:59:59.999000+00:00
2025-02-12 20:00:00+00:00,3.368,3.469,3.365,3.429,6040582.0,2025-02-12 23:59:59.999000+00:00
2025-02-13 00:00:00+00:00,3.429,3.444,3.363,3.414,5154814.0,2025-02-13 03:59:59.999000+00:00
2025-02-13 04:00:00+00:00,3.414,3.419,3.299,3.319,3459802.0,2025-02-13 07:59:59.999000+00:00
2025-02-13 08:00:00+00:00,3.319,3.339,3.273,3.3,3632421.0,2025-02-13 11:59:59.999000+00:00
2025-02-13 12:00:00+00:00,3.301,3.349,3.249,3.323,10689428.0,2025-02-13 15:59:59.999000+00:00
2025-02-13 16:00:00+00:00,3.323,3.359,3.271,3.329,5540917.0,2025-02-13 19:59:59.999000+00:00
2025-02-13 20:00:00+00:00,3.329,3.401,3.329,3.374,3315668.0,2025-02-13 23:59:59.999000+00:00
2025-02-14 00:00:00+00:00,3.374,3.465,3.336,3.455,3359218.0,2025-02-14 03:59:59.999000+00:00
2025-02-14 04:00:00+00:00,3.455,3.486,3.374,3.45,5285719.0,2025-02-14 07:59:59.999000+00:00
2025-02-14 08:00:00+00:00,3.45,3.548,3.449,3.476,12497712.0,2025-02-14 11:59:59.999000+00:00
2025-02-14 12:00:00+00:00,3.475,3.562,3.455,3.528,7548427.0,2025-02-14 15:59:59.999000+00:00
2025-02-14 16:00:00+00:00,3.528,3.628,3.487,3.563,6604951.0,2025-02-14 19:59:59.999000+00:00
2025-02-14 20:00:00+00:00,3.564,3.585,3.494,3.551,3410143.0,2025-02-14 23:59:59.999000+00:00
2025-02-15 00:00:00+00:00,3.551,3.584,3.504,3.572,3108646.0,2025-02-15 03:59:59.999000+00:00
2025-02-15 04:00:00+00:00,3.573,3.607,3.491,3.513,2737869.0,2025-02-15 07:59:59.999000+00:00
2025-02-15 08:00:00+00:00,3.512,3.539,3.454,3.505,4261362.0,2025-02-15 11:59:59.999000+00:00
2025-02-15 12:00:00+00:00,3.505,3.536,3.401,3.442,6836995.0,2025-02-15 15:59:59.999000+00:00
2025-02-15 16:00:00+00:00,3.442,3.455,3.394,3.406,2599139.0,2025-02-15 19:59:59.999000+00:00
2025-02-15 20:00:00+00:00,3.406,3.418,3.372,3.402,1889937.0,2025-02-15 23:59:59.999000+00:00
2025-02-16 00:00:00+00:00,3.402,3.424,3.357,3.397,4553013.0,2025-02-16 03:59:59.999000+00:00
2025-02-16 04:00:00+00:00,3.397,3.424,3.358,3.368,2026999.0,2025-02-16 07:59:59.999000+00:00
2025-02-16 08:00:00+00:00,3.368,3.542,3.357,3.53,5680205.0,2025-02-16 11:59:59.999000+00:00
2025-02-16 12:00:00+00:00,3.531,3.552,3.417,3.482,5158799.0,2025-02-16 15:59:59.999000+00:00
2025-02-16 16:00:00+00:00,3.482,3.52,3.437,3.476,3685770.0,2025-02-16 19:59:59.999000+00:00
2025-02-16 20:00:00+00:00,3.476,3.498,3.373,3.413,5037361.0,2025-02-16 23:59:59.999000+00:00
2025-02-17 00:00:00+00:00,3.412,3.504,3.39,3.42,3714063.0,2025-02-17 03:59:59.999000+00:00
2025-02-17 04:00:00+00:00,3.421,3.451,3.32,3.377,6121880.0,2025-02-17 07:59:59.999000+00:00
2025-02-17 08:00:00+00:00,3.377,3.455,3.344,3.364,7995394.0,2025-02-17 11:59:59.999000+00:00
2025-02-17 12:00:00+00:00,3.363,3.499,3.318,3.324,9687787.0,2025-02-17 15:59:59.999000+00:00
2025-02-17 16:00:00+00:00,3.324,3.357,3.216,3.252,8680347.0,2025-02-17 19:59:59.999000+00:00
2025-02-17 20:00:00+00:00,3.252,3.32,3.238,3.255,4563875.0,2025-02-17 23:59:59.999000+00:00
2025-02-18 00:00:00+00:00,3.256,3.275,3.215,3.27,4282499.0,2025-02-18 03:59:59.999000+00:00
2025-02-18 04:00:00+00:00,3.27,3.309,3.14,3.163,8317421.0,2025-02-18 07:59:59.999000+00:00
2025-02-18 08:00:00+00:00,3.163,3.212,3.121,3.159,4489719.0,2025-02-18 11:59:59.999000+00:00
2025-02-18 12:00:00+00:00,3.158,3.21,3.053,3.077,7715146.0,2025-02-18 15:59:59.999000+00:00
2025-02-18 16:00:00+00:00,3.077,3.113,3.023,3.09,6402038.0,2025-02-18 19:59:59.999000+00:00
2025-02-18 20:00:00+00:00,3.091,3.139,3.074,3.138,3730952.0,2025-02-18 23:59:59.999000+00:00
2025-02-19 00:00:00+00:00,3.138,3.158,3.09,3.134,3194138.0,2025-02-19 03:59:59.999000+00:00
2025-02-19 04:00:00+00:00,3.133,3.148,3.056,3.133,5627304.0,2025-02-19 07:59:59.999000+00:00
2025-02-19 08:00:00+00:00,3.133,3.191,3.12,3.185,3765827.0,2025-02-19 11:59:59.999000+00:00
2025-02-19 12:00:00+00:00,3.185,3.188,3.102,3.121,4193861.0,2025-02-19 15:59:59.999000+00:00
2025-02-19 16:00:00+00:00,3.121,3.166,3.107,3.141,2878831.0,2025-02-19 19:59:59.999000+00:00
2025-02-19 20:00:00+00:00,3.14,3.172,3.103,3.156,2752058.0,2025-02-19 23:59:59.999000+00:00
2025-02-20 00:00:00+00:00,3.155,3.222,3.141,3.2,13825720.0,2025-02-20 03:59:59.999000+00:00
2025-02-20 04:00:00+00:00,3.2,3.254,3.175,3.19,8887899.0,2025-02-20 07:59:59.999000+00:00
2025-02-20 08:00:00+00:00,3.189,3.296,3.181,3.286,4039035.0,2025-02-20 11:59:59.999000+00:00
2025-02-20 12:00:00+00:00,3.286,3.356,3.261,3.268,7593802.0,2025-02-20 15:59:59.999000+00:00
2025-02-20 16:00:00+00:00,3.267,3.445,3.263,3.441,6613610.0,2025-02-20 19:59:59.999000+00:00
2025-02-20 20:00:00+00:00,3.44,3.505,3.414,3.465,8192338.0,2025-02-20 23:59:59.999000+00:00
2025-02-21 00:00:00+00:00,3.465,3.486,3.404,3.428,4016392.0,2025-02-21 03:59:59.999000+00:00
2025-02-21 04:00:00+00:00,3.429,3.559,3.428,3.539,4602848.0,2025-02-21 07:59:59.999000+00:00
2025-02-21 08:00:00+00:00,3.539,3.632,3.503,3.559,8471047.0,2025-02-21 11:59:59.999000+00:00
2025-02-21 12:00:00+00:00,3.559,3.623,3.451,3.522,11202155.0,2025-02-21 15:59:59.999000+00:00
2025-02-21 16:00:00+00:00,3.522,3.549,3.226,3.231,15610072.0,2025-02-21 19:59:59.999000+00:00
2025-02-21 20:00:00+00:00,3.232,3.331,3.217,3.308,7122245.0,2025-02-21 23:59:59.999000+00:00
2025-02-22 00:00:00+00:00,3.309,3.428,3.289,3.402,5678935.0,2025-02-22 03:59:59.999000+00:00
2025-02-22 04:00:00+00:00,3.402,3.505,3.387,3.467,6788729.0,2025-02-22 07:59:59.999000+00:00
2025-02-22 08:00:00+00:00,3.467,3.642,3.448,3.584,8469926.0,2025-02-22 11:59:59.999000+00:00
2025-02-22 12:00:00+00:00,3.585,3.617,3.488,3.509,5929438.0,2025-02-22 15:59:59.999000+00:00
2025-02-22 16:00:00+00:00,3.509,3.569,3.493,3.498,4291188.0,2025-02-22 19:59:59.999000+00:00
2025-02-22 20:00:00+00:00,3.497,3.5,3.463,3.466,2902700.0,2025-02-22 23:59:59.999000+00:00
2025-02-23 00:00:00+00:00,3.466,3.493,3.444,3.456,3265007.0,2025-02-23 03:59:59.999000+00:00
2025-02-23 04:00:00+00:00,3.455,3.498,3.437,3.48,2609075.0,2025-02-23 07:59:59.999000+00:00
2025-02-23 08:00:00+00:00,3.481,3.482,3.407,3.409,3405818.0,2025-02-23 11:59:59.999000+00:00
2025-02-23 12:00:00+00:00,3.409,3.418,3.347,3.352,5085992.0,2025-02-23 15:59:59.999000+00:00
2025-02-23 16:00:00+00:00,3.351,3.438,3.348,3.426,3229402.0,2025-02-23 19:59:59.999000+00:00
2025-02-23 20:00:00+00:00,3.425,3.458,3.404,3.431,3004811.0,2025-02-23 23:59:59.999000+00:00
2025-02-24 00:00:00+00:00,3.431,3.46,3.292,3.306,5760791.0,2025-02-24 03:59:59.999000+00:00
2025-02-24 04:00:00+00:00,3.306,3.409,3.265,3.352,6672249.0,2025-02-24 07:59:59.999000+00:00
2025-02-24 08:00:00+00:00,3.352,3.353,3.27,3.318,4476021.0,2025-02-24 11:59:59.999000+00:00
2025-02-24 12:00:00+00:00,3.319,3.348,3.237,3.273,7124781.0,2025-02-24 15:59:59.999000+00:00
2025-02-24 16:00:00+00:00,3.273,3.333,3.205,3.233,5067558.0,2025-02-24 19:59:59.999000+00:00
2025-02-24 20:00:00+00:00,3.234,3.288,3.022,3.063,12703373.0,2025-02-24 23:59:59.999000+00:00
2025-02-25 00:00:00+00:00,3.063,3.092,2.967,3.003,11059247.0,2025-02-25 03:59:59.999000+00:00
2025-02-25 04:00:00+00:00,3.004,3.05,2.75,2.846,22662907.0,2025-02-25 07:59:59.999000+00:00
2025-02-25 08:00:00+00:00,2.846,2.969,2.812,2.955,14616264.0,2025-02-25 11:59:59.999000+00:00
2025-02-25 12:00:00+00:00,2.956,2.976,2.836,2.904,11182741.0,2025-02-25 15:59:59.999000+00:00
2025-02-25 16:00:00+00:00,2.906,2.957,2.863,2.95,8160618.0,2025-02-25 19:59:59.999000+00:00
2025-02-25 20:00:00+00:00,2.95,3.059,2.923,3.007,6916636.0,2025-02-25 23:59:59.999000+00:00
2025-02-26 00:00:00+00:00,3.007,3.07,2.958,3.051,4821738.0,2025-02-26 03:59:59.999000+00:00
2025-02-26 04:00:00+00:00,3.051,3.104,3.007,3.036,4244221.0,2025-02-26 07:59:59.999000+00:00
2025-02-26 08:00:00+00:00,3.036,3.097,3.002,3.04,4411128.0,2025-02-26 11:59:59.999000+00:00
2025-02-26 12:00:00+00:00,3.041,3.096,2.942,3.07,11713469.0,2025-02-26 15:59:59.999000+00:00
2025-02-26 16:00:00+00:00,3.071,3.079,2.88,2.938,10497832.0,2025-02-26 19:59:59.999000+00:00
2025-02-26 20:00:00+00:00,2.938,3.083,2.895,3.021,7805323.0,2025-02-26 23:59:59.999000+00:00
2025-02-27 00:00:00+00:00,3.022,3.126,2.998,3.066,6915221.0,2025-02-27 03:59:59.999000+00:00
2025-02-27 04:00:00+00:00,3.066,3.097,3.03,3.082,3275326.0,2025-02-27 07:59:59.999000+00:00
2025-02-27 08:00:00+00:00,3.083,3.177,3.065,3.125,4926781.0,2025-02-27 11:59:59.999000+00:00
2025-02-27 12:00:00+00:00,3.124,3.142,3.039,3.088,6591883.0,2025-02-27 15:59:59.999000+00:00
2025-02-27 16:00:00+00:00,3.088,3.138,3.041,3.051,6566968.0,2025-02-27 19:59:59.999000+00:00
2025-02-27 20:00:00+00:00,3.052,3.067,3.0,3.056,5162908.0,2025-02-27 23:59:59.999000+00:00
2025-02-28 00:00:00+00:00,3.057,3.077,2.833,2.844,21187270.0,2025-02-28 03:59:59.999000+00:00
2025-02-28 04:00:00+00:00,2.843,2.859,2.763,2.811,10463477.0,2025-02-28 07:59:59.999000+00:00
2025-02-28 08:00:00+00:00,2.811,2.888,2.766,2.833,6695601.0,2025-02-28 11:59:59.999000+00:00
2025-02-28 12:00:00+00:00,2.833,3.05,2.818,3.028,11901777.0,2025-02-28 15:59:59.999000+00:00
2025-02-28 16:00:00+00:00,3.029,3.098,2.992,3.084,5497346.0,2025-02-28 19:59:59.999000+00:00
2025-02-28 20:00:00+00:00,3.084,3.102,3.054,3.065,3817435.0,2025-02-28 23:59:59.999000+00:00
2025-03-01 00:00:00+00:00,3.066,3.17,3.048,3.131,6059784.0,2025-03-01 03:59:59.999000+00:00
2025-03-01 04:00:00+00:00,3.131,3.176,3.06,3.08,6732582.0,2025-03-01 07:59:59.999000+00:00
2025-03-01 08:00:00+00:00,3.081,3.121,3.056,3.08,4490111.0,2025-03-01 11:59:59.999000+00:00
2025-03-01 12:00:00+00:00,3.079,3.138,3.06,3.12,5128780.0,2025-03-01 15:59:59.999000+00:00
2025-03-01 16:00:00+00:00,3.119,3.323,3.116,3.266,12749192.0,2025-03-01 19:59:59.999000+00:00
2025-03-01 20:00:00+00:00,3.266,3.314,3.243,3.27,8006465.0,2025-03-01 23:59:59.999000+00:00
2025-03-02 00:00:00+00:00,3.271,3.286,3.217,3.219,5248079.0,2025-03-02 03:59:59.999000+00:00
2025-03-02 04:00:00+00:00,3.219,3.315,3.2,3.266,7824970.0,2025-03-02 07:59:59.999000+00:00
2025-03-02 08:00:00+00:00,3.266,3.298,3.238,3.264,4463862.0,2025-03-02 11:59:59.999000+00:00
2025-03-02 12:00:00+00:00,3.264,3.37,3.172,3.273,14171352.0,2025-03-02 15:59:59.999000+00:00
2025-03-02 16:00:00+00:00,3.274,3.538,3.259,3.484,22678342.0,2025-03-02 19:59:59.999000+00:00
2025-03-02 20:00:00+00:00,3.484,3.562,3.476,3.553,6206854.0,2025-03-02 23:59:59.999000+00:00
2025-03-03 00:00:00+00:00,3.553,3.564,3.371,3.397,7526084.0,2025-03-03 03:59:59.999000+00:00
2025-03-03 04:00:00+00:00,3.396,3.419,3.255,3.313,6009896.0,2025-03-03 07:59:59.999000+00:00
2025-03-03 08:00:00+00:00,3.313,3.327,3.224,3.304,8345093.0,2025-03-03 11:59:59.999000+00:00
2025-03-03 12:00:00+00:00,3.304,3.348,3.214,3.253,15649865.0,2025-03-03 15:59:59.999000+00:00
2025-03-03 16:00:00+00:00,3.254,3.291,2.932,2.948,21540159.0,2025-03-03 19:59:59.999000+00:00
2025-03-03 20:00:00+00:00,2.949,3.026,2.912,2.969,10609274.0,2025-03-03 23:59:59.999000+00:00
2025-03-04 00:00:00+00:00,2.969,2.978,2.782,2.805,22838646.0,2025-03-04 03:59:59.999000+00:00
2025-03-04 04:00:00+00:00,2.806,2.87,2.796,2.818,13069951.0,2025-03-04 07:59:59.999000+00:00
2025-03-04 08:00:00+00:00,2.818,2.842,2.773,2.814,7683418.0,2025-03-04 11:59:59.999000+00:00
2025-03-04 12:00:00+00:00,2.814,2.849,2.644,2.739,20865600.0,2025-03-04 15:59:59.999000+00:00
2025-03-04 16:00:00+00:00,2.739,2.854,2.557,2.841,24011387.0,2025-03-04 19:59:59.999000+00:00
2025-03-04 20:00:00+00:00,2.842,2.918,2.795,2.81,11105586.0,2025-03-04 23:59:59.999000+00:00
2025-03-05 00:00:00+00:00,2.81,2.896,2.774,2.805,8454633.0,2025-03-05 03:59:59.999000+00:00
2025-03-05 04:00:00+00:00,2.805,2.839,2.778,2.828,5785492.0,2025-03-05 07:59:59.999000+00:00
2025-03-05 08:00:00+00:00,2.827,2.94,2.826,2.87,8506960.0,2025-03-05 11:59:59.999000+00:00
2025-03-05 12:00:00+00:00,2.871,2.92,2.825,2.846,10253974.0,2025-03-05 15:59:59.999000+00:00
2025-03-05 16:00:00+00:00,2.845,2.965,2.81,2.961,7349212.0,2025-03-05 19:59:59.999000+00:00
2025-03-05 20:00:00+00:00,2.962,3.046,2.953,2.987,6723794.0,2025-03-05 23:59:59.999000+00:00
2025-03-06 00:00:00+00:00,2.987,3.059,2.951,3.054,6740355.0,2025-03-06 03:59:59.999000+00:00
2025-03-06 04:00:00+00:00,3.054,3.14,3.001,3.004,7653980.0,2025-03-06 07:59:59.999000+00:00
2025-03-06 08:00:00+00:00,3.005,3.194,2.999,3.15,12743834.0,2025-03-06 11:59:59.999000+00:00
2025-03-06 12:00:00+00:00,3.151,3.246,3.091,3.223,18994534.0,2025-03-06 15:59:59.999000+00:00
2025-03-06 16:00:00+00:00,3.223,3.247,3.069,3.089,14326847.0,2025-03-06 19:59:59.999000+00:00
2025-03-06 20:00:00+00:00,3.089,3.164,3.051,3.054,7257743.0,2025-03-06 23:59:59.999000+00:00
2025-03-07 00:00:00+00:00,3.055,3.098,2.882,2.947,22985027.0,2025-03-07 03:59:59.999000+00:00
2025-03-07 04:00:00+00:00,2.947,3.019,2.937,3.006,7565126.0,2025-03-07 07:59:59.999000+00:00
2025-03-07 08:00:00+00:00,3.006,3.075,2.954,3.009,13557270.0,2025-03-07 11:59:59.999000+00:00
2025-03-07 12:00:00+00:00,3.01,3.077,2.964,3.001,11821006.0,2025-03-07 15:59:59.999000+00:00
2025-03-07 16:00:00+00:00,3.002,3.096,2.922,3.027,12099607.0,2025-03-07 19:59:59.999000+00:00
2025-03-07 20:00:00+00:00,3.026,3.053,2.912,2.941,9958936.0,2025-03-07 23:59:59.999000+00:00
2025-03-08 00:00:00+00:00,2.941,2.973,2.87,2.916,6200953.0,2025-03-08 03:59:59.999000+00:00
2025-03-08 04:00:00+00:00,2.916,2.948,2.885,2.891,3570488.0,2025-03-08 07:59:59.999000+00:00
2025-03-08 08:00:00+00:00,2.891,2.902,2.826,2.851,4741406.0,2025-03-08 11:59:59.999000+00:00
2025-03-08 12:00:00+00:00,2.852,2.912,2.837,2.871,8634036.0,2025-03-08 15:59:59.999000+00:00
2025-03-08 16:00:00+00:00,2.871,2.923,2.825,2.917,6079193.0,2025-03-08 19:59:59.999000+00:00
2025-03-08 20:00:00+00:00,2.918,2.941,2.868,2.883,5008379.0,2025-03-08 23:59:59.999000+00:00
2025-03-09 00:00:00+00:00,2.884,2.9,2.833,2.855,3100892.0,2025-03-09 03:59:59.999000+00:00
2025-03-09 04:00:00+00:00,2.855,2.881,2.814,2.844,3020043.0,2025-03-09 07:59:59.999000+00:00
2025-03-09 08:00:00+00:00,2.843,2.845,2.753,2.767,6004538.0,2025-03-09 11:59:59.999000+00:00
2025-03-09 12:00:00+00:00,2.767,2.781,2.695,2.718,8995209.0,2025-03-09 15:59:59.999000+00:00
2025-03-09 16:00:00+00:00,2.718,2.733,2.538,2.575,15375140.0,2025-03-09 19:59:59.999000+00:00
2025-03-09 20:00:00+00:00,2.575,2.597,2.492,2.55,9303447.0,2025-03-09 23:59:59.999000+00:00
2025-03-10 00:00:00+00:00,2.55,2.626,2.526,2.556,8753224.0,2025-03-10 03:59:59.999000+00:00
2025-03-10 04:00:00+00:00,2.556,2.603,2.55,2.584,3410849.0,2025-03-10 07:59:59.999000+00:00
2025-03-10 08:00:00+00:00,2.583,2.671,2.532,2.641,10316336.0,2025-03-10 11:59:59.999000+00:00
2025-03-10 12:00:00+00:00,2.64,2.675,2.418,2.47,23375819.0,2025-03-10 15:59:59.999000+00:00
2025-03-10 16:00:00+00:00,2.471,2.48,2.238,2.329,22636710.0,2025-03-10 19:59:59.999000+00:00
2025-03-10 20:00:00+00:00,2.329,2.347,2.275,2.283,6909363.0,2025-03-10 23:59:59.999000+00:00
2025-03-11 00:00:00+00:00,2.283,2.38,2.137,2.331,23971387.0,2025-03-11 03:59:59.999000+00:00
2025-03-11 04:00:00+00:00,2.332,2.458,2.328,2.441,8776546.0,2025-03-11 07:59:59.999000+00:00
2025-03-11 08:00:00+00:00,2.442,2.488,2.427,2.473,8863841.0,2025-03-11 11:59:59.999000+00:00
2025-03-11 12:00:00+00:00,2.474,2.497,2.369,2.484,14715988.0,2025-03-11 15:59:59.999000+00:00
2025-03-11 16:00:00+00:00,2.484,2.563,2.425,2.532,9944252.0,2025-03-11 19:59:59.999000+00:00
2025-03-11 20:00:00+00:00,2.531,2.54,2.441,2.449,6300015.0,2025-03-11 23:59:59.999000+00:00
2025-03-12 00:00:00+00:00,2.448,2.512,2.387,2.39,7154715.0,2025-03-12 03:59:59.999000+00:00
2025-03-12 04:00:00+00:00,2.39,2.45,2.345,2.444,9867479.0,2025-03-12 07:59:59.999000+00:00
2025-03-12 08:00:00+00:00,2.443,2.499,2.419,2.479,6903068.0,2025-03-12 11:59:59.999000+00:00
2025-03-12 12:00:00+00:00,2.478,2.564,2.383,2.456,16206651.0,2025-03-12 15:59:59.999000+00:00
2025-03-12 16:00:00+00:00,2.455,2.547,2.449,2.531,6700953.0,2025-03-12 19:59:59.999000+00:00
2025-03-12 20:00:00+00:00,2.532,2.574,2.516,2.554,4554191.0,2025-03-12 23:59:59.999000+00:00
2025-03-13 00:00:00+00:00,2.554,2.615,2.513,2.567,9567477.0,2025-03-13 03:59:59.999000+00:00
2025-03-13 04:00:00+00:00,2.568,2.58,2.506,2.559,4701126.0,2025-03-13 07:59:59.999000+00:00
2025-03-13 08:00:00+00:00,2.559,2.656,2.522,2.619,7866130.0,2025-03-13 11:59:59.999000+00:00
2025-03-13 12:00:00+00:00,2.618,2.655,2.543,2.551,8495776.0,2025-03-13 15:59:59.999000+00:00
2025-03-13 16:00:00+00:00,2.551,2.559,2.478,2.525,7694345.0,2025-03-13 19:59:59.999000+00:00
2025-03-13 20:00:00+00:00,2.525,2.595,2.503,2.57,4141214.0,2025-03-13 23:59:59.999000+00:00
2025-03-14 00:00:00+00:00,2.571,2.67,2.551,2.663,7875986.0,2025-03-14 03:59:59.999000+00:00
2025-03-14 04:00:00+00:00,2.664,2.685,2.612,2.635,41898839.0,2025-03-14 07:59:59.999000+00:00
2025-03-14 08:00:00+00:00,2.636,2.714,2.635,2.645,25974373.0,2025-03-14 11:59:59.999000+00:00
2025-03-14 12:00:00+00:00,2.644,2.707,2.621,2.673,7557583.0,2025-03-14 15:59:59.999000+00:00
2025-03-14 16:00:00+00:00,2.673,2.688,2.63,2.64,4123148.0,2025-03-14 19:59:59.999000+00:00
2025-03-14 20:00:00+00:00,2.639,2.645,2.601,2.607,4384555.0,2025-03-14 23:59:59.999000+00:00
2025-03-15 00:00:00+00:00,2.607,2.645,2.601,2.642,4763750.0,2025-03-15 03:59:59.999000+00:00
2025-03-15 04:00:00+00:00,2.642,2.676,2.629,2.633,5119420.0,2025-03-15 07:59:59.999000+00:00
2025-03-15 08:00:00+00:00,2.633,2.656,2.609,2.63,4033427.0,2025-03-15 11:59:59.999000+00:00
2025-03-15 12:00:00+00:00,2.631,2.666,2.623,2.649,4231101.0,2025-03-15 15:59:59.999000+00:00
2025-03-15 16:00:00+00:00,2.65,2.675,2.626,2.646,4281068.0,2025-03-15 19:59:59.999000+00:00
2025-03-15 20:00:00+00:00,2.647,2.695,2.638,2.641,3566653.0,2025-03-15 23:59:59.999000+00:00
2025-03-16 00:00:00+00:00,2.641,2.662,2.589,2.647,5345359.0,2025-03-16 03:59:59.999000+00:00
2025-03-16 04:00:00+00:00,2.647,2.667,2.629,2.654,2528340.0,2025-03-16 07:59:59.999000+00:00
2025-03-16 08:00:00+00:00,2.653,2.666,2.533,2.544,7737005.0,2025-03-16 11:59:59.999000+00:00
2025-03-16 12:00:00+00:00,2.545,2.563,2.499,2.522,6843061.0,2025-03-16 15:59:59.999000+00:00
2025-03-16 16:00:00+00:00,2.522,2.615,2.489,2.519,10496367.0,2025-03-16 19:59:59.999000+00:00
2025-03-16 20:00:00+00:00,2.52,2.541,2.483,2.514,4239132.0,2025-03-16 23:59:59.999000+00:00
2025-03-17 00:00:00+00:00,2.514,2.568,2.511,2.562,3411097.0,2025-03-17 03:59:59.999000+00:00
2025-03-17 04:00:00+00:00,2.562,2.579,2.505,2.553,3186464.0,2025-03-17 07:59:59.999000+00:00
2025-03-17 08:00:00+00:00,2.554,2.59,2.523,2.568,3871991.0,2025-03-17 11:59:59.999000+00:00
2025-03-17 12:00:00+00:00,2.568,2.604,2.517,2.574,7916344.0,2025-03-17 15:59:59.999000+00:00
2025-03-17 16:00:00+00:00,2.574,2.684,2.56,2.67,6058888.0,2025-03-17 19:59:59.999000+00:00
2025-03-17 20:00:00+00:00,2.669,2.681,2.628,2.635,3372712.0,2025-03-17 23:59:59.999000+00:00
2025-03-18 00:00:00+00:00,2.636,2.653,2.546,2.549,5132755.0,2025-03-18 03:59:59.999000+00:00
2025-03-18 04:00:00+00:00,2.549,2.578,2.52,2.564,3827638.0,2025-03-18 07:59:59.999000+00:00
2025-03-18 08:00:00+00:00,2.563,2.595,2.525,2.536,3835275.0,2025-03-18 11:59:59.999000+00:00
2025-03-18 12:00:00+00:00,2.536,2.578,2.515,2.532,8132966.0,2025-03-18 15:59:59.999000+00:00
2025-03-18 16:00:00+00:00,2.532,2.558,2.5,2.549,4886954.0,2025-03-18 19:59:59.999000+00:00
2025-03-18 20:00:00+00:00,2.548,2.594,2.516,2.584,3362096.0,2025-03-18 23:59:59.999000+00:00
2025-03-19 00:00:00+00:00,2.584,2.613,2.558,2.596,2867441.0,2025-03-19 03:59:59.999000+00:00
2025-03-19 04:00:00+00:00,2.596,2.604,2.563,2.566,2039059.0,2025-03-19 07:59:59.999000+00:00
2025-03-19 08:00:00+00:00,2.567,2.722,2.565,2.722,32111939.0,2025-03-19 11:59:59.999000+00:00
2025-03-19 12:00:00+00:00,2.722,2.793,2.697,2.783,15976782.0,2025-03-19 15:59:59.999000+00:00
2025-03-19 16:00:00+00:00,2.783,2.823,2.742,2.782,10164444.0,2025-03-19 19:59:59.999000+00:00
2025-03-19 20:00:00+00:00,2.783,2.8,2.761,2.79,3247360.0,2025-03-19 23:59:59.999000+00:00
2025-03-20 00:00:00+00:00,2.791,2.814,2.717,2.719,5013123.0,2025-03-20 03:59:59.999000+00:00
2025-03-20 04:00:00+00:00,2.718,2.739,2.706,2.731,4768973.0,2025-03-20 07:59:59.999000+00:00
2025-03-20 08:00:00+00:00,2.731,2.757,2.681,2.702,5506583.0,2025-03-20 11:59:59.999000+00:00
2025-03-20 12:00:00+00:00,2.701,2.762,2.691,2.709,5371528.0,2025-03-20 15:59:59.999000+00:00
2025-03-20 16:00:00+00:00,2.708,2.747,2.674,2.72,4292892.0,2025-03-20 19:59:59.999000+00:00
2025-03-20 20:00:00+00:00,2.719,2.749,2.713,2.74,2082317.0,2025-03-20 23:59:59.999000+00:00
2025-03-21 00:00:00+00:00,2.739,2.754,2.717,2.721,2670227.0,2025-03-21 03:59:59.999000+00:00
2025-03-21 04:00:00+00:00,2.721,2.768,2.721,2.742,3384283.0,2025-03-21 07:59:59.999000+00:00
2025-03-21 08:00:00+00:00,2.743,2.763,2.687,2.703,3296433.0,2025-03-21 11:59:59.999000+00:00
2025-03-21 12:00:00+00:00,2.702,2.729,2.682,2.701,4762562.0,2025-03-21 15:59:59.999000+00:00
2025-03-21 16:00:00+00:00,2.702,2.783,2.692,2.719,4314433.0,2025-03-21 19:59:59.999000+00:00
2025-03-21 20:00:00+00:00,2.719,2.768,2.701,2.713,3164182.0,2025-03-21 23:59:59.999000+00:00
2025-03-22 00:00:00+00:00,2.714,2.759,2.71,2.734,2566678.0,2025-03-22 03:59:59.999000+00:00
2025-03-22 04:00:00+00:00,2.735,2.767,2.725,2.756,2433599.0,2025-03-22 07:59:59.999000+00:00
2025-03-22 08:00:00+00:00,2.756,2.793,2.748,2.779,2814088.0,2025-03-22 11:59:59.999000+00:00
2025-03-22 12:00:00+00:00,2.779,2.792,2.723,2.739,3643362.0,2025-03-22 15:59:59.999000+00:00
2025-03-22 16:00:00+00:00,2.739,2.786,2.734,2.769,2664374.0,2025-03-22 19:59:59.999000+00:00
2025-03-22 20:00:00+00:00,2.769,2.775,2.712,2.73,2674512.0,2025-03-22 23:59:59.999000+00:00
2025-03-23 00:00:00+00:00,2.73,2.793,2.718,2.792,3042270.0,2025-03-23 03:59:59.999000+00:00
2025-03-23 04:00:00+00:00,2.792,2.795,2.759,2.786,2851156.0,2025-03-23 07:59:59.999000+00:00
2025-03-23 08:00:00+00:00,2.787,2.794,2.763,2.772,2922535.0,2025-03-23 11:59:59.999000+00:00
2025-03-23 12:00:00+00:00,2.772,2.79,2.75,2.758,3167956.0,2025-03-23 15:59:59.999000+00:00
2025-03-23 16:00:00+00:00,2.757,2.76,2.718,2.732,3273375.0,2025-03-23 19:59:59.999000+00:00
2025-03-23 20:00:00+00:00,2.733,2.779,2.711,2.778,2930045.0,2025-03-23 23:59:59.999000+00:00
2025-03-24 00:00:00+00:00,2.777,2.869,2.756,2.843,6862775.0,2025-03-24 03:59:59.999000+00:00
2025-03-24 04:00:00+00:00,2.843,2.918,2.843,2.884,5249287.0,2025-03-24 07:59:59.999000+00:00
2025-03-24 08:00:00+00:00,2.884,2.959,2.884,2.933,5892002.0,2025-03-24 11:59:59.999000+00:00
2025-03-24 12:00:00+00:00,2.933,3.03,2.912,2.97,11611896.0,2025-03-24 15:59:59.999000+00:00
2025-03-24 16:00:00+00:00,2.97,2.973,2.918,2.938,4287317.0,2025-03-24 19:59:59.999000+00:00
2025-03-24 20:00:00+00:00,2.939,2.949,2.892,2.92,2670471.0,2025-03-24 23:59:59.999000+00:00
2025-03-25 00:00:00+00:00,2.921,2.952,2.895,2.908,4230401.0,2025-03-25 03:59:59.999000+00:00
2025-03-25 04:00:00+00:00,2.907,2.95,2.897,2.925,2628533.0,2025-03-25 07:59:59.999000+00:00
2025-03-25 08:00:00+00:00,2.925,2.992,2.92,2.981,3732251.0,2025-03-25 11:59:59.999000+00:00
2025-03-25 12:00:00+00:00,2.982,3.025,2.972,3.012,6560002.0,2025-03-25 15:59:59.999000+00:00
2025-03-25 16:00:00+00:00,3.012,3.064,2.984,3.052,5301813.0,2025-03-25 19:59:59.999000+00:00
2025-03-25 20:00:00+00:00,3.052,3.075,3.013,3.024,4002169.0,2025-03-25 23:59:59.999000+00:00
2025-03-26 00:00:00+00:00,3.024,3.073,3.01,3.02,3474565.0,2025-03-26 03:59:59.999000+00:00
2025-03-26 04:00:00+00:00,3.02,3.065,3.009,3.059,3287066.0,2025-03-26 07:59:59.999000+00:00
2025-03-26 08:00:00+00:00,3.059,3.069,3.017,3.028,3953343.0,2025-03-26 11:59:59.999000+00:00
2025-03-26 12:00:00+00:00,3.029,3.057,2.971,2.977,8173502.0,2025-03-26 15:59:59.999000+00:00
2025-03-26 16:00:00+00:00,2.976,3.016,2.931,2.98,7462140.0,2025-03-26 19:59:59.999000+00:00
2025-03-26 20:00:00+00:00,2.979,3.021,2.963,2.982,2722542.0,2025-03-26 23:59:59.999000+00:00
2025-03-27 00:00:00+00:00,2.983,3.09,2.98,3.06,7263543.0,2025-03-27 03:59:59.999000+00:00
2025-03-27 04:00:00+00:00,3.061,3.064,2.99,2.994,3827234.0,2025-03-27 07:59:59.999000+00:00
2025-03-27 08:00:00+00:00,2.993,3.032,2.976,2.978,3723151.0,2025-03-27 11:59:59.999000+00:00
2025-03-27 12:00:00+00:00,2.978,3.013,2.934,3.0,9671855.0,2025-03-27 15:59:59.999000+00:00
2025-03-27 16:00:00+00:00,3.0,3.036,2.99,3.021,4057471.0,2025-03-27 19:59:59.999000+00:00
2025-03-27 20:00:00+00:00,3.02,3.038,3.003,3.009,1884030.0,2025-03-27 23:59:59.999000+00:00
2025-03-28 00:00:00+00:00,3.01,3.04,2.968,2.978,8757913.0,2025-03-28 03:59:59.999000+00:00
2025-03-28 04:00:00+00:00,2.977,2.981,2.806,2.813,7629058.0,2025-03-28 07:59:59.999000+00:00
2025-03-28 08:00:00+00:00,2.812,2.822,2.762,2.8,5928899.0,2025-03-28 11:59:59.999000+00:00
2025-03-28 12:00:00+00:00,2.801,2.805,2.731,2.744,7285734.0,2025-03-28 15:59:59.999000+00:00
2025-03-28 16:00:00+00:00,2.743,2.755,2.698,2.703,3987343.0,2025-03-28 19:59:59.999000+00:00
2025-03-28 20:00:00+00:00,2.704,2.741,2.666,2.73,4362419.0,2025-03-28 23:59:59.999000+00:00
2025-03-29 00:00:00+00:00,2.73,2.758,2.701,2.756,3608112.0,2025-03-29 03:59:59.999000+00:00
2025-03-29 04:00:00+00:00,2.756,2.769,2.653,2.665,3881627.0,2025-03-29 07:59:59.999000+00:00
2025-03-29 08:00:00+00:00,2.664,2.694,2.587,2.597,16441695.0,2025-03-29 11:59:59.999000+00:00
2025-03-29 12:00:00+00:00,2.598,2.632,2.573,2.576,4904636.0,2025-03-29 15:59:59.999000+00:00
2025-03-29 16:00:00+00:00,2.577,2.582,2.518,2.549,5966498.0,2025-03-29 19:59:59.999000+00:00
2025-03-29 20:00:00+00:00,2.549,2.572,2.525,2.564,3428418.0,2025-03-29 23:59:59.999000+00:00
2025-03-30 00:00:00+00:00,2.565,2.661,2.544,2.621,4585504.0,2025-03-30 03:59:59.999000+00:00
2025-03-30 04:00:00+00:00,2.622,2.649,2.592,2.644,3854723.0,2025-03-30 07:59:59.999000+00:00
2025-03-30 08:00:00+00:00,2.643,2.731,2.63,2.718,6944300.0,2025-03-30 11:59:59.999000+00:00
2025-03-30 12:00:00+00:00,2.718,2.775,2.615,2.636,13521770.0,2025-03-30 15:59:59.999000+00:00
2025-03-30 16:00:00+00:00,2.636,2.667,2.582,2.629,6641303.0,2025-03-30 19:59:59.999000+00:00
2025-03-30 20:00:00+00:00,2.628,2.632,2.558,2.591,4140526.0,2025-03-30 23:59:59.999000+00:00
2025-03-31 00:00:00+00:00,2.592,2.614,2.532,2.561,4412240.0,2025-03-31 03:59:59.999000+00:00
2025-03-31 04:00:00+00:00,2.561,2.608,2.52,2.547,6286138.0,2025-03-31 07:59:59.999000+00:00
2025-03-31 08:00:00+00:00,2.547,2.569,2.466,2.536,10628446.0,2025-03-31 11:59:59.999000+00:00
2025-03-31 12:00:00+00:00,2.537,2.629,2.505,2.598,7907551.0,2025-03-31 15:59:59.999000+00:00
2025-03-31 16:00:00+00:00,2.599,2.619,2.508,2.512,10955597.0,2025-03-31 19:59:59.999000+00:00
2025-03-31 20:00:00+00:00,2.513,2.536,2.481,2.507,4355715.0,2025-03-31 23:59:59.999000+00:00
2025-04-01 00:00:00+00:00,2.507,2.576,2.48,2.567,4817084.0,2025-04-01 03:59:59.999000+00:00
2025-04-01 04:00:00+00:00,2.567,2.584,2.526,2.563,3595582.0,2025-04-01 07:59:59.999000+00:00
2025-04-01 08:00:00+00:00,2.563,2.654,2.563,2.625,11059859.0,2025-04-01 11:59:59.999000+00:00
2025-04-01 12:00:00+00:00,2.625,2.699,2.581,2.683,8329798.0,2025-04-01 15:59:59.999000+00:00
2025-04-01 16:00:00+00:00,2.683,2.69,2.633,2.67,4815398.0,2025-04-01 19:59:59.999000+00:00
2025-04-01 20:00:00+00:00,2.67,2.695,2.637,2.648,3286260.0,2025-04-01 23:59:59.999000+00:00
2025-04-02 00:00:00+00:00,2.649,2.652,2.575,2.584,5984924.0,2025-04-02 03:59:59.999000+00:00
2025-04-02 04:00:00+00:00,2.584,2.591,2.516,2.541,4782421.0,2025-04-02 07:59:59.999000+00:00
2025-04-02 08:00:00+00:00,2.541,2.608,2.527,2.566,4948647.0,2025-04-02 11:59:59.999000+00:00
2025-04-02 12:00:00+00:00,2.567,2.726,2.552,2.696,17554884.0,2025-04-02 15:59:59.999000+00:00
2025-04-02 16:00:00+00:00,2.696,2.723,2.606,2.652,8354189.0,2025-04-02 19:59:59.999000+00:00
2025-04-02 20:00:00+00:00,2.653,2.744,2.401,2.447,19583890.0,2025-04-02 23:59:59.999000+00:00
2025-04-03 00:00:00+00:00,2.448,2.548,2.438,2.513,6404182.0,2025-04-03 03:59:59.999000+00:00
2025-04-03 04:00:00+00:00,2.512,2.544,2.45,2.474,4685478.0,2025-04-03 07:59:59.999000+00:00
2025-04-03 08:00:00+00:00,2.473,2.488,2.368,2.371,9255927.0,2025-04-03 11:59:59.999000+00:00
2025-04-03 12:00:00+00:00,2.371,2.439,2.361,2.401,19806688.0,2025-04-03 15:59:59.999000+00:00
2025-04-03 16:00:00+00:00,2.402,2.48,2.392,2.478,6380357.0,2025-04-03 19:59:59.999000+00:00
2025-04-03 20:00:00+00:00,2.479,2.521,2.463,2.508,4307252.0,2025-04-03 23:59:59.999000+00:00
2025-04-04 00:00:00+00:00,2.509,2.52,2.456,2.481,4656523.0,2025-04-04 03:59:59.999000+00:00
2025-04-04 04:00:00+00:00,2.481,2.55,2.445,2.545,6464447.0,2025-04-04 07:59:59.999000+00:00
2025-04-04 08:00:00+00:00,2.544,2.571,2.398,2.433,13010092.0,2025-04-04 11:59:59.999000+00:00
2025-04-04 12:00:00+00:00,2.433,2.516,2.415,2.462,13547727.0,2025-04-04 15:59:59.999000+00:00
2025-04-04 16:00:00+00:00,2.462,2.519,2.427,2.492,12020594.0,2025-04-04 19:59:59.999000+00:00
2025-04-04 20:00:00+00:00,2.492,2.522,2.471,2.506,3413166.0,2025-04-04 23:59:59.999000+00:00
2025-04-05 00:00:00+00:00,2.507,2.532,2.488,2.494,2357796.0,2025-04-05 03:59:59.999000+00:00
2025-04-05 04:00:00+00:00,2.494,2.513,2.46,2.482,6676306.0,2025-04-05 07:59:59.999000+00:00
2025-04-05 08:00:00+00:00,2.482,2.492,2.461,2.461,2405798.0,2025-04-05 11:59:59.999000+00:00
2025-04-05 12:00:00+00:00,2.461,2.467,2.414,2.428,5302143.0,2025-04-05 15:59:59.999000+00:00
2025-04-05 16:00:00+00:00,2.429,2.447,2.409,2.411,2996014.0,2025-04-05 19:59:59.999000+00:00
2025-04-05 20:00:00+00:00,2.411,2.448,2.402,2.441,2972799.0,2025-04-05 23:59:59.999000+00:00
2025-04-06 00:00:00+00:00,2.441,2.453,2.41,2.42,2175666.0,2025-04-06 03:59:59.999000+00:00
2025-04-06 04:00:00+00:00,2.421,2.435,2.389,2.391,2470064.0,2025-04-06 07:59:59.999000+00:00
2025-04-06 08:00:00+00:00,2.391,2.412,2.372,2.39,3115616.0,2025-04-06 11:59:59.999000+00:00
2025-04-06 12:00:00+00:00,2.389,2.394,2.291,2.336,13680164.0,2025-04-06 15:59:59.999000+00:00
2025-04-06 16:00:00+00:00,2.336,2.337,2.153,2.186,17719792.0,2025-04-06 19:59:59.999000+00:00
2025-04-06 20:00:00+00:00,2.185,2.198,2.108,2.16,15756412.0,2025-04-06 23:59:59.999000+00:00
2025-04-07 00:00:00+00:00,2.16,2.222,2.088,2.12,11580255.0,2025-04-07 03:59:59.999000+00:00
2025-04-07 04:00:00+00:00,2.119,2.166,1.983,1.988,32205135.0,2025-04-07 07:59:59.999000+00:00
2025-04-07 08:00:00+00:00,1.988,2.093,1.976,2.018,24585529.0,2025-04-07 11:59:59.999000+00:00
2025-04-07 12:00:00+00:00,2.018,2.259,1.987,2.13,60070126.0,2025-04-07 15:59:59.999000+00:00
2025-04-07 16:00:00+00:00,2.129,2.133,2.037,2.087,17673945.0,2025-04-07 19:59:59.999000+00:00
2025-04-07 20:00:00+00:00,2.087,2.15,2.086,2.116,6489086.0,2025-04-07 23:59:59.999000+00:00
2025-04-08 00:00:00+00:00,2.117,2.168,2.061,2.116,10932950.0,2025-04-08 03:59:59.999000+00:00
2025-04-08 04:00:00+00:00,2.117,2.159,2.07,2.093,7792437.0,2025-04-08 07:59:59.999000+00:00
2025-04-08 08:00:00+00:00,2.093,2.154,2.05,2.145,9815366.0,2025-04-08 11:59:59.999000+00:00
2025-04-08 12:00:00+00:00,2.145,2.154,2.055,2.068,25341234.0,2025-04-08 15:59:59.999000+00:00
2025-04-08 16:00:00+00:00,2.067,2.067,1.877,1.897,29078606.0,2025-04-08 19:59:59.999000+00:00
2025-04-08 20:00:00+00:00,1.897,1.918,1.873,1.905,10640912.0,2025-04-08 23:59:59.999000+00:00
2025-04-09 00:00:00+00:00,1.905,1.921,1.818,1.856,19682417.0,2025-04-09 03:59:59.999000+00:00
2025-04-09 04:00:00+00:00,1.856,1.936,1.851,1.919,15318038.0,2025-04-09 07:59:59.999000+00:00
2025-04-09 08:00:00+00:00,1.919,1.933,1.839,1.851,14823285.0,2025-04-09 11:59:59.999000+00:00
2025-04-09 12:00:00+00:00,1.851,1.925,1.826,1.902,20782801.0,2025-04-09 15:59:59.999000+00:00
2025-04-09 16:00:00+00:00,1.902,2.144,1.896,2.067,61651698.0,2025-04-09 19:59:59.999000+00:00
2025-04-09 20:00:00+00:00,2.068,2.132,2.068,2.101,10000242.0,2025-04-09 23:59:59.999000+00:00
2025-04-10 00:00:00+00:00,2.102,2.105,2.019,2.048,10184961.0,2025-04-10 03:59:59.999000+00:00
2025-04-10 04:00:00+00:00,2.048,2.092,2.027,2.06,9352318.0,2025-04-10 07:59:59.999000+00:00
2025-04-10 08:00:00+00:00,2.061,2.066,2.023,2.045,8267194.0,2025-04-10 11:59:59.999000+00:00
2025-04-10 12:00:00+00:00,2.045,2.084,1.931,1.949,21711048.0,2025-04-10 15:59:59.999000+00:00
2025-04-10 16:00:00+00:00,1.949,2.001,1.939,1.987,12332330.0,2025-04-10 19:59:59.999000+00:00
2025-04-10 20:00:00+00:00,1.987,2.018,1.986,2.001,4886239.0,2025-04-10 23:59:59.999000+00:00
2025-04-11 00:00:00+00:00,2.001,2.05,1.998,2.022,6836921.0,2025-04-11 03:59:59.999000+00:00
2025-04-11 04:00:00+00:00,2.022,2.053,2.017,2.045,5630615.0,2025-04-11 07:59:59.999000+00:00
2025-04-11 08:00:00+00:00,2.046,2.08,2.023,2.049,9505536.0,2025-04-11 11:59:59.999000+00:00
2025-04-11 12:00:00+00:00,2.05,2.094,2.039,2.066,13768509.0,2025-04-11 15:59:59.999000+00:00
2025-04-11 16:00:00+00:00,2.067,2.106,2.049,2.099,8444295.0,2025-04-11 19:59:59.999000+00:00
2025-04-11 20:00:00+00:00,2.1,2.121,2.086,2.087,4344322.0,2025-04-11 23:59:59.999000+00:00
2025-04-12 00:00:00+00:00,2.088,2.095,2.059,2.071,3985841.0,2025-04-12 03:59:59.999000+00:00
2025-04-12 04:00:00+00:00,2.071,2.134,2.062,2.129,7061366.0,2025-04-12 07:59:59.999000+00:00
2025-04-12 08:00:00+00:00,2.129,2.149,2.094,2.117,7579564.0,2025-04-12 11:59:59.999000+00:00
2025-04-12 12:00:00+00:00,2.117,2.217,2.109,2.205,12489444.0,2025-04-12 15:59:59.999000+00:00
2025-04-12 16:00:00+00:00,2.205,2.233,2.187,2.206,8501165.0,2025-04-12 19:59:59.999000+00:00
2025-04-12 20:00:00+00:00,2.206,2.234,2.201,2.21,4425422.0,2025-04-12 23:59:59.999000+00:00
2025-04-13 00:00:00+00:00,2.211,2.221,2.178,2.19,5420356.0,2025-04-13 03:59:59.999000+00:00
2025-04-13 04:00:00+00:00,2.191,2.192,2.155,2.169,5861044.0,2025-04-13 07:59:59.999000+00:00
2025-04-13 08:00:00+00:00,2.169,2.209,2.159,2.176,6939435.0,2025-04-13 11:59:59.999000+00:00
2025-04-13 12:00:00+00:00,2.176,2.187,2.124,2.144,8766876.0,2025-04-13 15:59:59.999000+00:00
2025-04-13 16:00:00+00:00,2.144,2.245,2.121,2.149,14215730.0,2025-04-13 19:59:59.999000+00:00
2025-04-13 20:00:00+00:00,2.149,2.172,2.075,2.094,10207346.0,2025-04-13 23:59:59.999000+00:00
2025-04-14 00:00:00+00:00,2.093,2.188,2.087,2.108,13066069.0,2025-04-14 03:59:59.999000+00:00
2025-04-14 04:00:00+00:00,2.107,2.151,2.074,2.123,8823961.0,2025-04-14 07:59:59.999000+00:00
2025-04-14 08:00:00+00:00,2.123,2.209,2.112,2.184,9814497.0,2025-04-14 11:59:59.999000+00:00
2025-04-14 12:00:00+00:00,2.184,2.21,2.101,2.109,10724549.0,2025-04-14 15:59:59.999000+00:00
2025-04-14 16:00:00+00:00,2.109,2.176,2.099,2.154,8360515.0,2025-04-14 19:59:59.999000+00:00
2025-04-14 20:00:00+00:00,2.155,2.158,2.1,2.113,3733734.0,2025-04-14 23:59:59.999000+00:00
2025-04-15 00:00:00+00:00,2.113,2.127,2.082,2.127,7257279.0,2025-04-15 03:59:59.999000+00:00
2025-04-15 04:00:00+00:00,2.126,2.141,2.094,2.116,5425966.0,2025-04-15 07:59:59.999000+00:00
2025-04-15 08:00:00+00:00,2.116,2.127,2.085,2.091,5531868.0,2025-04-15 11:59:59.999000+00:00
2025-04-15 12:00:00+00:00,2.092,2.144,2.052,2.064,13071950.0,2025-04-15 15:59:59.999000+00:00
2025-04-15 16:00:00+00:00,2.064,2.075,2.026,2.043,7544981.0,2025-04-15 19:59:59.999000+00:00
2025-04-15 20:00:00+00:00,2.044,2.059,2.012,2.036,4061109.0,2025-04-15 23:59:59.999000+00:00
2025-04-16 00:00:00+00:00,2.036,2.06,2.015,2.043,4060738.0,2025-04-16 03:59:59.999000+00:00
2025-04-16 04:00:00+00:00,2.043,2.049,2.001,2.006,4182654.0,2025-04-16 07:59:59.999000+00:00
2025-04-16 08:00:00+00:00,2.005,2.038,1.991,2.015,5954159.0,2025-04-16 11:59:59.999000+00:00
2025-04-16 12:00:00+00:00,2.015,2.06,1.985,2.015,10665017.0,2025-04-16 15:59:59.999000+00:00
2025-04-16 16:00:00+00:00,2.015,2.022,1.911,1.993,26342993.0,2025-04-16 19:59:59.999000+00:00
2025-04-16 20:00:00+00:00,1.993,2.01,1.952,1.965,7650429.0,2025-04-16 23:59:59.999000+00:00
2025-04-17 00:00:00+00:00,1.965,1.987,1.956,1.967,4102282.0,2025-04-17 03:59:59.999000+00:00
2025-04-17 04:00:00+00:00,1.966,2.033,1.96,2.024,4707291.0,2025-04-17 07:59:59.999000+00:00
2025-04-17 08:00:00+00:00,2.025,2.041,2.007,2.027,6035725.0,2025-04-17 11:59:59.999000+00:00
2025-04-17 12:00:00+00:00,2.028,2.047,1.999,2.034,9135480.0,2025-04-17 15:59:59.999000+00:00
2025-04-17 16:00:00+00:00,2.034,2.095,2.021,2.048,11764981.0,2025-04-17 19:59:59.999000+00:00
2025-04-17 20:00:00+00:00,2.049,2.067,2.029,2.051,3916379.0,2025-04-17 23:59:59.999000+00:00
2025-04-18 00:00:00+00:00,2.051,2.057,2.024,2.038,4946559.0,2025-04-18 03:59:59.999000+00:00
2025-04-18 04:00:00+00:00,2.038,2.078,2.033,2.073,7206857.0,2025-04-18 07:59:59.999000+00:00
2025-04-18 08:00:00+00:00,2.073,2.09,2.056,2.066,4277547.0,2025-04-18 11:59:59.999000+00:00
2025-04-18 12:00:00+00:00,2.066,2.077,2.046,2.054,4889688.0,2025-04-18 15:59:59.999000+00:00
2025-04-18 16:00:00+00:00,2.054,2.071,2.041,2.054,4496991.0,2025-04-18 19:59:59.999000+00:00
2025-04-18 20:00:00+00:00,2.054,2.063,2.036,2.053,3179122.0,2025-04-18 23:59:59.999000+00:00
2025-04-19 00:00:00+00:00,2.053,2.099,2.047,2.096,7450810.0,2025-04-19 03:59:59.999000+00:00
2025-04-19 04:00:00+00:00,2.096,2.115,2.075,2.111,4799253.0,2025-04-19 07:59:59.999000+00:00
2025-04-19 08:00:00+00:00,2.112,2.124,2.086,2.096,5416715.0,2025-04-19 11:59:59.999000+00:00
2025-04-19 12:00:00+00:00,2.096,2.132,2.093,2.121,4061242.0,2025-04-19 15:59:59.999000+00:00
2025-04-19 16:00:00+00:00,2.122,2.173,2.109,2.162,5891131.0,2025-04-19 19:59:59.999000+00:00
2025-04-19 20:00:00+00:00,2.163,2.198,2.162,2.181,4074402.0,2025-04-19 23:59:59.999000+00:00
2025-04-20 00:00:00+00:00,2.182,2.199,2.168,2.196,4124291.0,2025-04-20 03:59:59.999000+00:00
2025-04-20 04:00:00+00:00,2.197,2.206,2.17,2.173,5823967.0,2025-04-20 07:59:59.999000+00:00
2025-04-20 08:00:00+00:00,2.174,2.189,2.143,2.153,6567063.0,2025-04-20 11:59:59.999000+00:00
2025-04-20 12:00:00+00:00,2.153,2.194,2.151,2.175,5262110.0,2025-04-20 15:59:59.999000+00:00
2025-04-20 16:00:00+00:00,2.174,2.25,2.173,2.248,5605514.0,2025-04-20 19:59:59.999000+00:00
2025-04-20 20:00:00+00:00,2.248,2.275,2.212,2.243,5776062.0,2025-04-20 23:59:59.999000+00:00
2025-04-21 00:00:00+00:00,2.243,2.315,2.238,2.266,8198702.0,2025-04-21 03:59:59.999000+00:00
2025-04-21 04:00:00+00:00,2.266,2.317,2.256,2.295,6661638.0,2025-04-21 07:59:59.999000+00:00
2025-04-21 08:00:00+00:00,2.296,2.335,2.283,2.289,9120139.0,2025-04-21 11:59:59.999000+00:00
2025-04-21 12:00:00+00:00,2.288,2.32,2.271,2.287,8753978.0,2025-04-21 15:59:59.999000+00:00
2025-04-21 16:00:00+00:00,2.288,2.302,2.216,2.252,8828900.0,2025-04-21 19:59:59.999000+00:00
2025-04-21 20:00:00+00:00,2.252,2.253,2.198,2.215,3945335.0,2025-04-21 23:59:59.999000+00:00
2025-04-22 00:00:00+00:00,2.215,2.232,2.166,2.187,8381350.0,2025-04-22 03:59:59.999000+00:00
2025-04-22 04:00:00+00:00,2.186,2.208,2.147,2.194,7452443.0,2025-04-22 07:59:59.999000+00:00
2025-04-22 08:00:00+00:00,2.195,2.243,2.175,2.234,7513397.0,2025-04-22 11:59:59.999000+00:00
2025-04-22 12:00:00+00:00,2.235,2.332,2.226,2.295,14026017.0,2025-04-22 15:59:59.999000+00:00
2025-04-22 16:00:00+00:00,2.295,2.325,2.274,2.32,5729653.0,2025-04-22 19:59:59.999000+00:00
2025-04-22 20:00:00+00:00,2.32,2.425,2.309,2.403,8844774.0,2025-04-22 23:59:59.999000+00:00
2025-04-23 00:00:00+00:00,2.403,2.446,2.39,2.441,7029858.0,2025-04-23 03:59:59.999000+00:00
2025-04-23 04:00:00+00:00,2.441,2.495,2.423,2.491,6727261.0,2025-04-23 07:59:59.999000+00:00
2025-04-23 08:00:00+00:00,2.49,2.509,2.465,2.479,6062640.0,2025-04-23 11:59:59.999000+00:00
2025-04-23 12:00:00+00:00,2.478,2.549,2.435,2.49,16432973.0,2025-04-23 15:59:59.999000+00:00
2025-04-23 16:00:00+00:00,2.49,2.532,2.453,2.491,7402593.0,2025-04-23 19:59:59.999000+00:00
2025-04-23 20:00:00+00:00,2.49,2.516,2.454,2.469,3181003.0,2025-04-23 23:59:59.999000+00:00
2025-04-24 00:00:00+00:00,2.469,2.483,2.396,2.4,5731862.0,2025-04-24 03:59:59.999000+00:00
2025-04-24 04:00:00+00:00,2.399,2.431,2.379,2.396,5460754.0,2025-04-24 07:59:59.999000+00:00
2025-04-24 08:00:00+00:00,2.396,2.435,2.358,2.42,10134027.0,2025-04-24 11:59:59.999000+00:00
2025-04-24 12:00:00+00:00,2.421,2.588,2.403,2.517,14021741.0,2025-04-24 15:59:59.999000+00:00
2025-04-24 16:00:00+00:00,2.516,2.556,2.481,2.515,5836794.0,2025-04-24 19:59:59.999000+00:00
2025-04-24 20:00:00+00:00,2.516,2.545,2.504,2.542,3928339.0,2025-04-24 23:59:59.999000+00:00
2025-04-25 00:00:00+00:00,2.542,2.568,2.484,2.526,5605030.0,2025-04-25 03:59:59.999000+00:00
2025-04-25 04:00:00+00:00,2.525,2.599,2.519,2.58,5585455.0,2025-04-25 07:59:59.999000+00:00
2025-04-25 08:00:00+00:00,2.58,2.642,2.565,2.621,8217542.0,2025-04-25 11:59:59.999000+00:00
2025-04-25 12:00:00+00:00,2.622,2.646,2.562,2.6,14782472.0,2025-04-25 15:59:59.999000+00:00
2025-04-25 16:00:00+00:00,2.601,2.628,2.573,2.617,5193555.0,2025-04-25 19:59:59.999000+00:00
2025-04-25 20:00:00+00:00,2.616,2.648,2.599,2.618,3581773.0,2025-04-25 23:59:59.999000+00:00
2025-04-26 00:00:00+00:00,2.618,2.72,2.618,2.712,6416224.0,2025-04-26 03:59:59.999000+00:00
2025-04-26 04:00:00+00:00,2.712,2.727,2.669,2.677,4546371.0,2025-04-26 07:59:59.999000+00:00
2025-04-26 08:00:00+00:00,2.676,2.712,2.601,2.608,9796784.0,2025-04-26 11:59:59.999000+00:00
2025-04-26 12:00:00+00:00,2.608,2.621,2.551,2.603,11375737.0,2025-04-26 15:59:59.999000+00:00
2025-04-26 16:00:00+00:00,2.603,2.617,2.58,2.615,3716375.0,2025-04-26 19:59:59.999000+00:00
2025-04-26 20:00:00+00:00,2.615,2.634,2.596,2.62,3692007.0,2025-04-26 23:59:59.999000+00:00
2025-04-27 00:00:00+00:00,2.621,2.656,2.576,2.606,7371578.0,2025-04-27 03:59:59.999000+00:00
2025-04-27 04:00:00+00:00,2.605,2.613,2.538,2.566,5547177.0,2025-04-27 07:59:59.999000+00:00
2025-04-27 08:00:00+00:00,2.566,2.594,2.545,2.55,4025582.0,2025-04-27 11:59:59.999000+00:00
2025-04-27 12:00:00+00:00,2.55,2.584,2.505,2.512,7645225.0,2025-04-27 15:59:59.999000+00:00
2025-04-27 16:00:00+00:00,2.513,2.543,2.491,2.543,4004756.0,2025-04-27 19:59:59.999000+00:00
2025-04-27 20:00:00+00:00,2.543,2.544,2.485,2.487,3333599.0,2025-04-27 23:59:59.999000+00:00
2025-04-28 00:00:00+00:00,2.488,2.507,2.418,2.497,8624747.0,2025-04-28 03:59:59.999000+00:00
2025-04-28 04:00:00+00:00,2.497,2.574,2.493,2.558,11135430.0,2025-04-28 07:59:59.999000+00:00
2025-04-28 08:00:00+00:00,2.558,2.595,2.537,2.575,8761871.0,2025-04-28 11:59:59.999000+00:00
2025-04-28 12:00:00+00:00,2.575,2.585,2.46,2.49,12188558.0,2025-04-28 15:59:59.999000+00:00
2025-04-28 16:00:00+00:00,2.489,2.598,2.462,2.596,11856533.0,2025-04-28 19:59:59.999000+00:00
2025-04-28 20:00:00+00:00,2.596,2.627,2.575,2.584,6156152.0,2025-04-28 23:59:59.999000+00:00
2025-04-29 00:00:00+00:00,2.584,2.607,2.531,2.559,7819211.0,2025-04-29 03:59:59.999000+00:00
2025-04-29 04:00:00+00:00,2.558,2.608,2.516,2.592,7577034.0,2025-04-29 07:59:59.999000+00:00
2025-04-29 08:00:00+00:00,2.592,2.618,2.565,2.573,6948053.0,2025-04-29 11:59:59.999000+00:00
2025-04-29 12:00:00+00:00,2.574,2.611,2.549,2.568,7275822.0,2025-04-29 15:59:59.999000+00:00
2025-04-29 16:00:00+00:00,2.567,2.589,2.539,2.559,4133995.0,2025-04-29 19:59:59.999000+00:00
2025-04-29 20:00:00+00:00,2.559,2.566,2.484,2.528,7391316.0,2025-04-29 23:59:59.999000+00:00
2025-04-30 00:00:00+00:00,2.528,2.549,2.501,2.539,3657533.0,2025-04-30 03:59:59.999000+00:00
2025-04-30 04:00:00+00:00,2.54,2.547,2.5,2.51,2957320.0,2025-04-30 07:59:59.999000+00:00
2025-04-30 08:00:00+00:00,2.51,2.533,2.497,2.52,5203125.0,2025-04-30 11:59:59.999000+00:00
2025-04-30 12:00:00+00:00,2.52,2.523,2.373,2.419,15219448.0,2025-04-30 15:59:59.999000+00:00
2025-04-30 16:00:00+00:00,2.418,2.477,2.407,2.463,4594073.0,2025-04-30 19:59:59.999000+00:00
2025-04-30 20:00:00+00:00,2.463,2.491,2.446,2.462,3132904.0,2025-04-30 23:59:59.999000+00:00
2025-05-01 00:00:00+00:00,2.462,2.501,2.457,2.476,2984557.0,2025-05-01 03:59:59.999000+00:00
2025-05-01 04:00:00+00:00,2.476,2.501,2.462,2.498,2942988.0,2025-05-01 07:59:59.999000+00:00
2025-05-01 08:00:00+00:00,2.499,2.593,2.492,2.584,7855866.0,2025-05-01 11:59:59.999000+00:00
2025-05-01 12:00:00+00:00,2.583,2.589,2.531,2.552,7792762.0,2025-05-01 15:59:59.999000+00:00
2025-05-01 16:00:00+00:00,2.552,2.606,2.552,2.584,5469785.0,2025-05-01 19:59:59.999000+00:00
2025-05-01 20:00:00+00:00,2.584,2.596,2.531,2.54,3130034.0,2025-05-01 23:59:59.999000+00:00
2025-05-02 00:00:00+00:00,2.541,2.634,2.534,2.579,5285060.0,2025-05-02 03:59:59.999000+00:00
2025-05-02 04:00:00+00:00,2.579,2.587,2.52,2.525,4558494.0,2025-05-02 07:59:59.999000+00:00
2025-05-02 08:00:00+00:00,2.524,2.569,2.52,2.544,3857639.0,2025-05-02 11:59:59.999000+00:00
2025-05-02 12:00:00+00:00,2.543,2.592,2.521,2.578,6145181.0,2025-05-02 15:59:59.999000+00:00
2025-05-02 16:00:00+00:00,2.579,2.616,2.501,2.511,5716939.0,2025-05-02 19:59:59.999000+00:00
2025-05-02 20:00:00+00:00,2.51,2.523,2.484,2.508,3287400.0,2025-05-02 23:59:59.999000+00:00
2025-05-03 00:00:00+00:00,2.509,2.509,2.463,2.473,3815492.0,2025-05-03 03:59:59.999000+00:00
2025-05-03 04:00:00+00:00,2.473,2.503,2.466,2.468,3929993.0,2025-05-03 07:59:59.999000+00:00
2025-05-03 08:00:00+00:00,2.468,2.513,2.444,2.445,6982407.0,2025-05-03 11:59:59.999000+00:00
2025-05-03 12:00:00+00:00,2.446,2.488,2.444,2.458,6600290.0,2025-05-03 15:59:59.999000+00:00
2025-05-03 16:00:00+00:00,2.458,2.469,2.396,2.46,5613853.0,2025-05-03 19:59:59.999000+00:00
2025-05-03 20:00:00+00:00,2.46,2.466,2.419,2.419,2341782.0,2025-05-03 23:59:59.999000+00:00
2025-05-04 00:00:00+00:00,2.42,2.453,2.401,2.425,5313379.0,2025-05-04 03:59:59.999000+00:00
2025-05-04 04:00:00+00:00,2.426,2.436,2.404,2.42,2908991.0,2025-05-04 07:59:59.999000+00:00
2025-05-04 08:00:00+00:00,2.42,2.421,2.377,2.387,3833115.0,2025-05-04 11:59:59.999000+00:00
2025-05-04 12:00:00+00:00,2.386,2.396,2.345,2.352,5607938.0,2025-05-04 15:59:59.999000+00:00
2025-05-04 16:00:00+00:00,2.351,2.358,2.308,2.322,6559507.0,2025-05-04 19:59:59.999000+00:00
2025-05-04 20:00:00+00:00,2.322,2.351,2.302,2.319,3685935.0,2025-05-04 23:59:59.999000+00:00
2025-05-05 00:00:00+00:00,2.318,2.358,2.3,2.334,4932783.0,2025-05-05 03:59:59.999000+00:00
2025-05-05 04:00:00+00:00,2.334,2.386,2.329,2.386,3702423.0,2025-05-05 07:59:59.999000+00:00
2025-05-05 08:00:00+00:00,2.385,2.395,2.323,2.337,5644502.0,2025-05-05 11:59:59.999000+00:00
2025-05-05 12:00:00+00:00,2.337,2.348,2.301,2.314,5983942.0,2025-05-05 15:59:59.999000+00:00
2025-05-05 16:00:00+00:00,2.314,2.368,2.309,2.329,4178015.0,2025-05-05 19:59:59.999000+00:00
2025-05-05 20:00:00+00:00,2.33,2.346,2.283,2.313,4171937.0,2025-05-05 23:59:59.999000+00:00
2025-05-06 00:00:00+00:00,2.313,2.347,2.29,2.328,4532461.0,2025-05-06 03:59:59.999000+00:00
2025-05-06 04:00:00+00:00,2.328,2.338,2.313,2.32,3210956.0,2025-05-06 07:59:59.999000+00:00
2025-05-06 08:00:00+00:00,2.32,2.32,2.259,2.275,8745197.0,2025-05-06 11:59:59.999000+00:00
2025-05-06 12:00:00+00:00,2.276,2.31,2.246,2.272,7310185.0,2025-05-06 15:59:59.999000+00:00
2025-05-06 16:00:00+00:00,2.271,2.323,2.258,2.29,8787163.0,2025-05-06 19:59:59.999000+00:00
2025-05-06 20:00:00+00:00,2.291,2.339,2.229,2.327,8241167.0,2025-05-06 23:59:59.999000+00:00
2025-05-07 00:00:00+00:00,2.327,2.383,2.282,2.309,11789497.0,2025-05-07 03:59:59.999000+00:00
2025-05-07 04:00:00+00:00,2.309,2.345,2.279,2.345,7524604.0,2025-05-07 07:59:59.999000+00:00
2025-05-07 08:00:00+00:00,2.345,2.347,2.315,2.33,4881161.0,2025-05-07 11:59:59.999000+00:00
2025-05-07 12:00:00+00:00,2.331,2.333,2.269,2.275,7551774.0,2025-05-07 15:59:59.999000+00:00
2025-05-07 16:00:00+00:00,2.275,2.283,2.221,2.239,12123413.0,2025-05-07 19:59:59.999000+00:00
2025-05-07 20:00:00+00:00,2.239,2.298,2.231,2.284,4363023.0,2025-05-07 23:59:59.999000+00:00
2025-05-08 00:00:00+00:00,2.283,2.402,2.273,2.401,10496596.0,2025-05-08 03:59:59.999000+00:00
2025-05-08 04:00:00+00:00,2.402,2.448,2.396,2.438,9377944.0,2025-05-08 07:59:59.999000+00:00
2025-05-08 08:00:00+00:00,2.438,2.503,2.435,2.496,9425705.0,2025-05-08 11:59:59.999000+00:00
2025-05-08 12:00:00+00:00,2.496,2.611,2.491,2.586,14194937.0,2025-05-08 15:59:59.999000+00:00
2025-05-08 16:00:00+00:00,2.586,2.633,2.582,2.626,11144971.0,2025-05-08 19:59:59.999000+00:00
2025-05-08 20:00:00+00:00,2.626,2.742,2.608,2.734,13821139.0,2025-05-08 23:59:59.999000+00:00
2025-05-09 00:00:00+00:00,2.734,2.825,2.722,2.751,11289673.0,2025-05-09 03:59:59.999000+00:00
2025-05-09 04:00:00+00:00,2.751,2.907,2.742,2.884,12211259.0,2025-05-09 07:59:59.999000+00:00
2025-05-09 08:00:00+00:00,2.883,2.987,2.843,2.925,22669847.0,2025-05-09 11:59:59.999000+00:00
2025-05-09 12:00:00+00:00,2.924,2.976,2.84,2.895,17624380.0,2025-05-09 15:59:59.999000+00:00
2025-05-09 16:00:00+00:00,2.895,2.92,2.839,2.89,9082621.0,2025-05-09 19:59:59.999000+00:00
2025-05-09 20:00:00+00:00,2.891,2.914,2.876,2.901,3806557.0,2025-05-09 23:59:59.999000+00:00
2025-05-10 00:00:00+00:00,2.901,2.954,2.873,2.944,7103401.0,2025-05-10 03:59:59.999000+00:00
2025-05-10 04:00:00+00:00,2.944,3.0,2.924,2.989,8990376.0,2025-05-10 07:59:59.999000+00:00
2025-05-10 08:00:00+00:00,2.989,3.03,2.917,2.925,11388315.0,2025-05-10 11:59:59.999000+00:00
2025-05-10 12:00:00+00:00,2.925,3.018,2.924,2.962,6412997.0,2025-05-10 15:59:59.999000+00:00
2025-05-10 16:00:00+00:00,2.962,3.091,2.956,3.072,9764080.0,2025-05-10 19:59:59.999000+00:00
2025-05-10 20:00:00+00:00,3.071,3.382,3.052,3.348,19208678.0,2025-05-10 23:59:59.999000+00:00
2025-05-11 00:00:00+00:00,3.348,3.369,3.218,3.306,17032797.0,2025-05-11 03:59:59.999000+00:00
2025-05-11 04:00:00+00:00,3.305,3.324,3.158,3.184,11144888.0,2025-05-11 07:59:59.999000+00:00
2025-05-11 08:00:00+00:00,3.184,3.225,3.158,3.204,6642925.0,2025-05-11 11:59:59.999000+00:00
2025-05-11 12:00:00+00:00,3.204,3.209,3.089,3.114,10154692.0,2025-05-11 15:59:59.999000+00:00
2025-05-11 16:00:00+00:00,3.114,3.175,3.063,3.162,8183989.0,2025-05-11 19:59:59.999000+00:00
2025-05-11 20:00:00+00:00,3.162,3.168,3.114,3.14,4347126.0,2025-05-11 23:59:59.999000+00:00
2025-05-12 00:00:00+00:00,3.14,3.209,3.093,3.187,8076795.0,2025-05-12 03:59:59.999000+00:00
2025-05-12 04:00:00+00:00,3.186,3.34,3.141,3.218,13230402.0,2025-05-12 07:59:59.999000+00:00
2025-05-12 08:00:00+00:00,3.218,3.274,3.156,3.172,12357162.0,2025-05-12 11:59:59.999000+00:00
2025-05-12 12:00:00+00:00,3.171,3.295,3.118,3.137,19811172.0,2025-05-12 15:59:59.999000+00:00
2025-05-12 16:00:00+00:00,3.136,3.208,3.009,3.132,17269533.0,2025-05-12 19:59:59.999000+00:00
2025-05-12 20:00:00+00:00,3.132,3.212,3.1,3.185,6256120.0,2025-05-12 23:59:59.999000+00:00
2025-05-13 00:00:00+00:00,3.185,3.2,2.99,3.01,10531133.0,2025-05-13 03:59:59.999000+00:00
2025-05-13 04:00:00+00:00,3.01,3.109,3.001,3.054,7886248.0,2025-05-13 07:59:59.999000+00:00
2025-05-13 08:00:00+00:00,3.053,3.118,3.031,3.083,6403680.0,2025-05-13 11:59:59.999000+00:00
2025-05-13 12:00:00+00:00,3.082,3.171,3.06,3.149,11747785.0,2025-05-13 15:59:59.999000+00:00
2025-05-13 16:00:00+00:00,3.15,3.292,3.134,3.251,11388429.0,2025-05-13 19:59:59.999000+00:00
2025-05-13 20:00:00+00:00,3.25,3.264,3.202,3.208,6101680.0,2025-05-13 23:59:59.999000+00:00
2025-05-14 00:00:00+00:00,3.208,3.293,3.184,3.231,7851566.0,2025-05-14 03:59:59.999000+00:00
2025-05-14 04:00:00+00:00,3.23,3.274,3.181,3.19,4967483.0,2025-05-14 07:59:59.999000+00:00
2025-05-14 08:00:00+00:00,3.189,3.202,3.084,3.146,10111242.0,2025-05-14 11:59:59.999000+00:00
2025-05-14 12:00:00+00:00,3.145,3.154,3.046,3.091,11269199.0,2025-05-14 15:59:59.999000+00:00
2025-05-14 16:00:00+00:00,3.092,3.1,3.017,3.067,7217856.0,2025-05-14 19:59:59.999000+00:00
2025-05-14 20:00:00+00:00,3.067,3.076,3.019,3.049,3224904.0,2025-05-14 23:59:59.999000+00:00
2025-05-15 00:00:00+00:00,3.048,3.097,3.001,3.008,6232881.0,2025-05-15 03:59:59.999000+00:00
2025-05-15 04:00:00+00:00,3.007,3.026,2.859,2.864,12012023.0,2025-05-15 07:59:59.999000+00:00
2025-05-15 08:00:00+00:00,2.863,2.94,2.837,2.88,9264184.0,2025-05-15 11:59:59.999000+00:00
2025-05-15 12:00:00+00:00,2.88,2.941,2.811,2.937,12552366.0,2025-05-15 15:59:59.999000+00:00
2025-05-15 16:00:00+00:00,2.937,2.996,2.872,2.92,12712854.0,2025-05-15 19:59:59.999000+00:00
2025-05-15 20:00:00+00:00,2.921,2.949,2.821,2.881,8746136.0,2025-05-15 23:59:59.999000+00:00
2025-05-16 00:00:00+00:00,2.881,2.938,2.857,2.93,6655400.0,2025-05-16 03:59:59.999000+00:00
2025-05-16 04:00:00+00:00,2.931,2.95,2.899,2.924,4729532.0,2025-05-16 07:59:59.999000+00:00
2025-05-16 08:00:00+00:00,2.925,2.988,2.866,2.939,7634385.0,2025-05-16 11:59:59.999000+00:00
2025-05-16 12:00:00+00:00,2.94,2.946,2.854,2.888,8985946.0,2025-05-16 15:59:59.999000+00:00
2025-05-16 16:00:00+00:00,2.889,2.91,2.832,2.858,6415720.0,2025-05-16 19:59:59.999000+00:00
2025-05-16 20:00:00+00:00,2.858,2.858,2.766,2.793,7626419.0,2025-05-16 23:59:59.999000+00:00
2025-05-17 00:00:00+00:00,2.794,2.805,2.7,2.763,12005986.0,2025-05-17 03:59:59.999000+00:00
2025-05-17 04:00:00+00:00,2.763,2.798,2.749,2.773,5062468.0,2025-05-17 07:59:59.999000+00:00
2025-05-17 08:00:00+00:00,2.772,2.781,2.72,2.733,5131837.0,2025-05-17 11:59:59.999000+00:00
2025-05-17 12:00:00+00:00,2.734,2.742,2.674,2.707,6294868.0,2025-05-17 15:59:59.999000+00:00
2025-05-17 16:00:00+00:00,2.708,2.723,2.656,2.677,6972744.0,2025-05-17 19:59:59.999000+00:00
2025-05-17 20:00:00+00:00,2.676,2.729,2.655,2.69,5081920.0,2025-05-17 23:59:59.999000+00:00
2025-05-18 00:00:00+00:00,2.691,2.715,2.667,2.685,4192760.0,2025-05-18 03:59:59.999000+00:00
2025-05-18 04:00:00+00:00,2.685,2.784,2.683,2.781,5988187.0,2025-05-18 07:59:59.999000+00:00
2025-05-18 08:00:00+00:00,2.781,2.815,2.748,2.751,6059291.0,2025-05-18 11:59:59.999000+00:00
2025-05-18 12:00:00+00:00,2.751,2.943,2.731,2.928,13635545.0,2025-05-18 15:59:59.999000+00:00
2025-05-18 16:00:00+00:00,2.929,2.942,2.688,2.692,15264205.0,2025-05-18 19:59:59.999000+00:00
2025-05-18 20:00:00+00:00,2.691,2.879,2.637,2.864,13518020.0,2025-05-18 23:59:59.999000+00:00
2025-05-19 00:00:00+00:00,2.865,2.877,2.689,2.692,12805922.0,2025-05-19 03:59:59.999000+00:00
2025-05-19 04:00:00+00:00,2.692,2.734,2.647,2.713,9864311.0,2025-05-19 07:59:59.999000+00:00
2025-05-19 08:00:00+00:00,2.712,2.729,2.666,2.685,6405456.0,2025-05-19 11:59:59.999000+00:00
2025-05-19 12:00:00+00:00,2.684,2.761,2.642,2.745,8959551.0,2025-05-19 15:59:59.999000+00:00
2025-05-19 16:00:00+00:00,2.745,2.814,2.716,2.768,9612720.0,2025-05-19 19:59:59.999000+00:00
2025-05-19 20:00:00+00:00,2.768,2.776,2.724,2.768,4437772.0,2025-05-19 23:59:59.999000+00:00
2025-05-20 00:00:00+00:00,2.768,2.887,2.743,2.816,9813731.0,2025-05-20 03:59:59.999000+00:00
2025-05-20 04:00:00+00:00,2.816,2.854,2.771,2.781,5427733.0,2025-05-20 07:59:59.999000+00:00
2025-05-20 08:00:00+00:00,2.781,2.796,2.706,2.731,6445703.0,2025-05-20 11:59:59.999000+00:00
2025-05-20 12:00:00+00:00,2.731,2.738,2.693,2.722,7464729.0,2025-05-20 15:59:59.999000+00:00
2025-05-20 16:00:00+00:00,2.721,2.77,2.672,2.756,7279325.0,2025-05-20 19:59:59.999000+00:00
2025-05-20 20:00:00+00:00,2.757,2.842,2.742,2.811,7478212.0,2025-05-20 23:59:59.999000+00:00
2025-05-21 00:00:00+00:00,2.811,2.834,2.758,2.82,5990903.0,2025-05-21 03:59:59.999000+00:00
2025-05-21 04:00:00+00:00,2.82,2.863,2.776,2.798,10144767.0,2025-05-21 07:59:59.999000+00:00
2025-05-21 08:00:00+00:00,2.798,2.829,2.754,2.808,8206407.0,2025-05-21 11:59:59.999000+00:00
2025-05-21 12:00:00+00:00,2.808,2.888,2.768,2.879,13380684.0,2025-05-21 15:59:59.999000+00:00
2025-05-21 16:00:00+00:00,2.88,2.965,2.76,2.831,25614628.0,2025-05-21 19:59:59.999000+00:00
2025-05-21 20:00:00+00:00,2.83,2.912,2.802,2.862,8769851.0,2025-05-21 23:59:59.999000+00:00
2025-05-22 00:00:00+00:00,2.862,2.957,2.861,2.944,8887222.0,2025-05-22 03:59:59.999000+00:00
2025-05-22 04:00:00+00:00,2.945,2.98,2.911,2.967,9414331.0,2025-05-22 07:59:59.999000+00:00
2025-05-22 08:00:00+00:00,2.967,3.051,2.961,3.025,11691984.0,2025-05-22 11:59:59.999000+00:00
2025-05-22 12:00:00+00:00,3.025,3.1,2.961,3.058,12975788.0,2025-05-22 15:59:59.999000+00:00
2025-05-22 16:00:00+00:00,3.059,3.094,3.032,3.069,7632206.0,2025-05-22 19:59:59.999000+00:00
2025-05-22 20:00:00+00:00,3.07,3.102,3.016,3.077,6543028.0,2025-05-22 23:59:59.999000+00:00
2025-05-23 00:00:00+00:00,3.077,3.157,3.038,3.152,9412907.0,2025-05-23 03:59:59.999000+00:00
2025-05-23 04:00:00+00:00,3.152,3.161,3.026,3.041,9351655.0,2025-05-23 07:59:59.999000+00:00
2025-05-23 08:00:00+00:00,3.042,3.129,2.908,2.923,15149739.0,2025-05-23 11:59:59.999000+00:00
2025-05-23 12:00:00+00:00,2.924,2.982,2.84,2.915,18792569.0,2025-05-23 15:59:59.999000+00:00
2025-05-23 16:00:00+00:00,2.916,2.957,2.884,2.913,6934919.0,2025-05-23 19:59:59.999000+00:00
2025-05-23 20:00:00+00:00,2.913,2.913,2.78,2.795,8952102.0,2025-05-23 23:59:59.999000+00:00
2025-05-24 00:00:00+00:00,2.795,2.843,2.783,2.83,7526467.0,2025-05-24 03:59:59.999000+00:00
2025-05-24 04:00:00+00:00,2.831,2.853,2.806,2.817,5204568.0,2025-05-24 07:59:59.999000+00:00
2025-05-24 08:00:00+00:00,2.817,2.857,2.795,2.836,6306538.0,2025-05-24 11:59:59.999000+00:00
2025-05-24 12:00:00+00:00,2.835,2.839,2.787,2.804,5130128.0,2025-05-24 15:59:59.999000+00:00
2025-05-24 16:00:00+00:00,2.804,2.824,2.775,2.793,4305879.0,2025-05-24 19:59:59.999000+00:00
2025-05-24 20:00:00+00:00,2.793,2.808,2.753,2.774,4421746.0,2025-05-24 23:59:59.999000+00:00
2025-05-25 00:00:00+00:00,2.774,2.785,2.721,2.763,6651044.0,2025-05-25 03:59:59.999000+00:00
2025-05-25 04:00:00+00:00,2.763,2.79,2.738,2.748,2997089.0,2025-05-25 07:59:59.999000+00:00
2025-05-25 08:00:00+00:00,2.749,2.749,2.681,2.693,6961925.0,2025-05-25 11:59:59.999000+00:00
2025-05-25 12:00:00+00:00,2.693,2.722,2.633,2.678,8664870.0,2025-05-25 15:59:59.999000+00:00
2025-05-25 16:00:00+00:00,2.678,2.703,2.646,2.69,4452531.0,2025-05-25 19:59:59.999000+00:00
2025-05-25 20:00:00+00:00,2.691,2.813,2.666,2.794,8428045.0,2025-05-25 23:59:59.999000+00:00
2025-05-26 00:00:00+00:00,2.795,2.843,2.774,2.808,6061621.0,2025-05-26 03:59:59.999000+00:00
2025-05-26 04:00:00+00:00,2.808,2.869,2.79,2.856,7191343.0,2025-05-26 07:59:59.999000+00:00
2025-05-26 08:00:00+00:00,2.856,2.862,2.798,2.807,7007552.0,2025-05-26 11:59:59.999000+00:00
2025-05-26 12:00:00+00:00,2.807,2.851,2.757,2.816,9589881.0,2025-05-26 15:59:59.999000+00:00
2025-05-26 16:00:00+00:00,2.815,2.834,2.74,2.753,7164141.0,2025-05-26 19:59:59.999000+00:00
2025-05-26 20:00:00+00:00,2.753,2.79,2.733,2.766,4925679.0,2025-05-26 23:59:59.999000+00:00
2025-05-27 00:00:00+00:00,2.767,2.816,2.691,2.785,8878670.0,2025-05-27 03:59:59.999000+00:00
2025-05-27 04:00:00+00:00,2.785,2.862,2.765,2.85,7525844.0,2025-05-27 07:59:59.999000+00:00
2025-05-27 08:00:00+00:00,2.85,2.897,2.843,2.878,8508643.0,2025-05-27 11:59:59.999000+00:00
2025-05-27 12:00:00+00:00,2.877,2.925,2.823,2.88,11576264.0,2025-05-27 15:59:59.999000+00:00
2025-05-27 16:00:00+00:00,2.88,2.911,2.852,2.862,6176121.0,2025-05-27 19:59:59.999000+00:00
2025-05-27 20:00:00+00:00,2.863,2.877,2.806,2.816,5007352.0,2025-05-27 23:59:59.999000+00:00
2025-05-28 00:00:00+00:00,2.816,2.838,2.786,2.827,6980019.0,2025-05-28 03:59:59.999000+00:00
2025-05-28 04:00:00+00:00,2.826,2.844,2.802,2.827,4468480.0,2025-05-28 07:59:59.999000+00:00
2025-05-28 08:00:00+00:00,2.828,2.878,2.808,2.867,6813168.0,2025-05-28 11:59:59.999000+00:00
2025-05-28 12:00:00+00:00,2.867,2.898,2.769,2.778,12800446.0,2025-05-28 15:59:59.999000+00:00
2025-05-28 16:00:00+00:00,2.779,2.842,2.739,2.746,8146344.0,2025-05-28 19:59:59.999000+00:00
2025-05-28 20:00:00+00:00,2.745,2.872,2.734,2.87,7096423.0,2025-05-28 23:59:59.999000+00:00
2025-05-29 00:00:00+00:00,2.869,2.989,2.844,2.945,16216489.0,2025-05-29 03:59:59.999000+00:00
2025-05-29 04:00:00+00:00,2.945,2.963,2.881,2.937,7148648.0,2025-05-29 07:59:59.999000+00:00
2025-05-29 08:00:00+00:00,2.938,2.966,2.912,2.944,10331517.0,2025-05-29 11:59:59.999000+00:00
2025-05-29 12:00:00+00:00,2.943,2.947,2.807,2.832,16216501.0,2025-05-29 15:59:59.999000+00:00
2025-05-29 16:00:00+00:00,2.833,2.848,2.759,2.773,12781883.0,2025-05-29 19:59:59.999000+00:00
2025-05-29 20:00:00+00:00,2.773,2.829,2.732,2.753,7265875.0,2025-05-29 23:59:59.999000+00:00
2025-05-30 00:00:00+00:00,2.753,2.768,2.569,2.668,20489379.0,2025-05-30 03:59:59.999000+00:00
2025-05-30 04:00:00+00:00,2.669,2.669,2.594,2.614,9287441.0,2025-05-30 07:59:59.999000+00:00
2025-05-30 08:00:00+00:00,2.615,2.65,2.597,2.644,9702937.0,2025-05-30 11:59:59.999000+00:00
2025-05-30 12:00:00+00:00,2.645,2.653,2.577,2.58,12579539.0,2025-05-30 15:59:59.999000+00:00
2025-05-30 16:00:00+00:00,2.58,2.592,2.473,2.524,17076733.0,2025-05-30 19:59:59.999000+00:00
2025-05-30 20:00:00+00:00,2.523,2.529,2.407,2.441,11283028.0,2025-05-30 23:59:59.999000+00:00
2025-05-31 00:00:00+00:00,2.441,2.451,2.331,2.367,16019408.0,2025-05-31 03:59:59.999000+00:00
2025-05-31 04:00:00+00:00,2.367,2.417,2.347,2.409,8854029.0,2025-05-31 07:59:59.999000+00:00
2025-05-31 08:00:00+00:00,2.41,2.42,2.366,2.377,8346542.0,2025-05-31 11:59:59.999000+00:00
2025-05-31 12:00:00+00:00,2.377,2.465,2.373,2.431,9499641.0,2025-05-31 15:59:59.999000+00:00
2025-05-31 16:00:00+00:00,2.432,2.461,2.405,2.421,7190885.0,2025-05-31 19:59:59.999000+00:00
2025-05-31 20:00:00+00:00,2.421,2.449,2.408,2.419,5731949.0,2025-05-31 23:59:59.999000+00:00
2025-06-01 00:00:00+00:00,2.418,2.433,2.38,2.41,4931434.0,2025-06-01 03:59:59.999000+00:00
2025-06-01 04:00:00+00:00,2.409,2.442,2.396,2.408,3445241.0,2025-06-01 07:59:59.999000+00:00
2025-06-01 08:00:00+00:00,2.407,2.416,2.349,2.391,5611536.0,2025-06-01 11:59:59.999000+00:00
2025-06-01 12:00:00+00:00,2.391,2.44,2.368,2.429,5065377.0,2025-06-01 15:59:59.999000+00:00
2025-06-01 16:00:00+00:00,2.429,2.47,2.383,2.431,8824740.0,2025-06-01 19:59:59.999000+00:00
2025-06-01 20:00:00+00:00,2.431,2.473,2.419,2.46,4284801.0,2025-06-01 23:59:59.999000+00:00
2025-06-02 00:00:00+00:00,2.46,2.478,2.411,2.419,4914531.0,2025-06-02 03:59:59.999000+00:00
2025-06-02 04:00:00+00:00,2.418,2.447,2.396,2.429,3828582.0,2025-06-02 07:59:59.999000+00:00
2025-06-02 08:00:00+00:00,2.429,2.442,2.372,2.386,7184500.0,2025-06-02 11:59:59.999000+00:00
2025-06-02 12:00:00+00:00,2.387,2.444,2.379,2.422,8809793.0,2025-06-02 15:59:59.999000+00:00
2025-06-02 16:00:00+00:00,2.422,2.442,2.386,2.402,5410590.0,2025-06-02 19:59:59.999000+00:00
2025-06-02 20:00:00+00:00,2.403,2.515,2.402,2.502,9488068.0,2025-06-02 23:59:59.999000+00:00
2025-06-03 00:00:00+00:00,2.502,2.577,2.494,2.511,9334686.0,2025-06-03 03:59:59.999000+00:00
2025-06-03 04:00:00+00:00,2.511,2.52,2.489,2.493,4764028.0,2025-06-03 07:59:59.999000+00:00
2025-06-03 08:00:00+00:00,2.493,2.527,2.474,2.51,4983527.0,2025-06-03 11:59:59.999000+00:00
2025-06-03 12:00:00+00:00,2.51,2.59,2.499,2.569,10164060.0,2025-06-03 15:59:59.999000+00:00
2025-06-03 16:00:00+00:00,2.569,2.583,2.536,2.557,6149820.0,2025-06-03 19:59:59.999000+00:00
2025-06-03 20:00:00+00:00,2.558,2.559,2.488,2.506,5328549.0,2025-06-03 23:59:59.999000+00:00
2025-06-04 00:00:00+00:00,2.505,2.576,2.489,2.544,6867547.0,2025-06-04 03:59:59.999000+00:00
2025-06-04 04:00:00+00:00,2.544,2.547,2.506,2.542,4309232.0,2025-06-04 07:59:59.999000+00:00
2025-06-04 08:00:00+00:00,2.541,2.562,2.507,2.509,5132963.0,2025-06-04 11:59:59.999000+00:00
2025-06-04 12:00:00+00:00,2.509,2.538,2.462,2.532,8952089.0,2025-06-04 15:59:59.999000+00:00
2025-06-04 16:00:00+00:00,2.532,2.537,2.477,2.478,4845887.0,2025-06-04 19:59:59.999000+00:00
2025-06-04 20:00:00+00:00,2.478,2.48,2.417,2.433,7043848.0,2025-06-04 23:59:59.999000+00:00
2025-06-05 00:00:00+00:00,2.433,2.473,2.422,2.451,4288109.0,2025-06-05 03:59:59.999000+00:00
2025-06-05 04:00:00+00:00,2.451,2.463,2.423,2.45,5018429.0,2025-06-05 07:59:59.999000+00:00
2025-06-05 08:00:00+00:00,2.45,2.477,2.43,2.465,5250307.0,2025-06-05 11:59:59.999000+00:00
2025-06-05 12:00:00+00:00,2.464,2.518,2.428,2.442,10508063.0,2025-06-05 15:59:59.999000+00:00
2025-06-05 16:00:00+00:00,2.443,2.446,2.288,2.324,16866240.0,2025-06-05 19:59:59.999000+00:00
2025-06-05 20:00:00+00:00,2.324,2.333,2.222,2.244,20012185.0,2025-06-05 23:59:59.999000+00:00
2025-06-06 00:00:00+00:00,2.245,2.306,2.24,2.304,7314036.0,2025-06-06 03:59:59.999000+00:00
2025-06-06 04:00:00+00:00,2.304,2.318,2.282,2.287,7123493.0,2025-06-06 07:59:59.999000+00:00
2025-06-06 08:00:00+00:00,2.287,2.312,2.269,2.288,6611099.0,2025-06-06 11:59:59.999000+00:00
2025-06-06 12:00:00+00:00,2.288,2.365,2.285,2.335,9082695.0,2025-06-06 15:59:59.999000+00:00
2025-06-06 16:00:00+00:00,2.334,2.357,2.293,2.301,7926277.0,2025-06-06 19:59:59.999000+00:00
2025-06-06 20:00:00+00:00,2.301,2.339,2.298,2.313,3387987.0,2025-06-06 23:59:59.999000+00:00
2025-06-07 00:00:00+00:00,2.312,2.387,2.299,2.381,5348826.0,2025-06-07 03:59:59.999000+00:00
2025-06-07 04:00:00+00:00,2.381,2.414,2.371,2.413,4878430.0,2025-06-07 07:59:59.999000+00:00
2025-06-07 08:00:00+00:00,2.413,2.454,2.393,2.429,7486641.0,2025-06-07 11:59:59.999000+00:00
2025-06-07 12:00:00+00:00,2.429,2.463,2.424,2.443,8284417.0,2025-06-07 15:59:59.999000+00:00
2025-06-07 16:00:00+00:00,2.442,2.447,2.406,2.416,6834103.0,2025-06-07 19:59:59.999000+00:00
2025-06-07 20:00:00+00:00,2.416,2.445,2.415,2.422,3008532.0,2025-06-07 23:59:59.999000+00:00
2025-06-08 00:00:00+00:00,2.422,2.427,2.396,2.397,7576511.0,2025-06-08 03:59:59.999000+00:00
2025-06-08 04:00:00+00:00,2.397,2.41,2.388,2.392,5156132.0,2025-06-08 07:59:59.999000+00:00
2025-06-08 08:00:00+00:00,2.392,2.413,2.37,2.412,4770949.0,2025-06-08 11:59:59.999000+00:00
2025-06-08 12:00:00+00:00,2.412,2.446,2.399,2.417,5877044.0,2025-06-08 15:59:59.999000+00:00
2025-06-08 16:00:00+00:00,2.416,2.447,2.416,2.441,3711431.0,2025-06-08 19:59:59.999000+00:00
2025-06-08 20:00:00+00:00,2.441,2.462,2.415,2.42,4047846.0,2025-06-08 23:59:59.999000+00:00
2025-06-09 00:00:00+00:00,2.42,2.434,2.387,2.398,5272733.0,2025-06-09 03:59:59.999000+00:00
2025-06-09 04:00:00+00:00,2.398,2.404,2.37,2.394,4466430.0,2025-06-09 07:59:59.999000+00:00
2025-06-09 08:00:00+00:00,2.395,2.482,2.386,2.472,9592450.0,2025-06-09 11:59:59.999000+00:00
2025-06-09 12:00:00+00:00,2.472,2.474,2.421,2.446,7576246.0,2025-06-09 15:59:59.999000+00:00
2025-06-09 16:00:00+00:00,2.445,2.491,2.445,2.469,6869677.0,2025-06-09 19:59:59.999000+00:00
2025-06-09 20:00:00+00:00,2.469,2.551,2.463,2.543,8291048.0,2025-06-09 23:59:59.999000+00:00
2025-06-10 00:00:00+00:00,2.543,2.569,2.533,2.541,6067222.0,2025-06-10 03:59:59.999000+00:00
2025-06-10 04:00:00+00:00,2.541,2.548,2.5,2.527,4981069.0,2025-06-10 07:59:59.999000+00:00
2025-06-10 08:00:00+00:00,2.527,2.627,2.502,2.625,10343638.0,2025-06-10 11:59:59.999000+00:00
2025-06-10 12:00:00+00:00,2.624,2.659,2.539,2.583,16570062.0,2025-06-10 15:59:59.999000+00:00
2025-06-10 16:00:00+00:00,2.584,2.644,2.581,2.61,8969020.0,2025-06-10 19:59:59.999000+00:00
2025-06-10 20:00:00+00:00,2.61,2.665,2.586,2.662,7741401.0,2025-06-10 23:59:59.999000+00:00
2025-06-11 00:00:00+00:00,2.662,2.669,2.607,2.64,5947445.0,2025-06-11 03:59:59.999000+00:00
2025-06-11 04:00:00+00:00,2.64,2.66,2.619,2.642,4948119.0,2025-06-11 07:59:59.999000+00:00
2025-06-11 08:00:00+00:00,2.641,2.648,2.585,2.604,6751971.0,2025-06-11 11:59:59.999000+00:00
2025-06-11 12:00:00+00:00,2.603,2.73,2.588,2.721,17405887.0,2025-06-11 15:59:59.999000+00:00
2025-06-11 16:00:00+00:00,2.721,2.723,2.604,2.613,14702576.0,2025-06-11 19:59:59.999000+00:00
2025-06-11 20:00:00+00:00,2.612,2.64,2.556,2.572,8597129.0,2025-06-11 23:59:59.999000+00:00
2025-06-12 00:00:00+00:00,2.573,2.58,2.507,2.518,8558131.0,2025-06-12 03:59:59.999000+00:00
2025-06-12 04:00:00+00:00,2.518,2.532,2.496,2.507,5179313.0,2025-06-12 07:59:59.999000+00:00
2025-06-12 08:00:00+00:00,2.506,2.535,2.441,2.445,13018085.0,2025-06-12 11:59:59.999000+00:00
2025-06-12 12:00:00+00:00,2.446,2.502,2.44,2.447,11262380.0,2025-06-12 15:59:59.999000+00:00
2025-06-12 16:00:00+00:00,2.448,2.501,2.404,2.413,9022329.0,2025-06-12 19:59:59.999000+00:00
2025-06-12 20:00:00+00:00,2.413,2.42,2.362,2.367,12123173.0,2025-06-12 23:59:59.999000+00:00
2025-06-13 00:00:00+00:00,2.367,2.368,2.163,2.243,43732615.0,2025-06-13 03:59:59.999000+00:00
2025-06-13 04:00:00+00:00,2.242,2.244,2.194,2.238,13892395.0,2025-06-13 07:59:59.999000+00:00
2025-06-13 08:00:00+00:00,2.238,2.275,2.196,2.242,21466097.0,2025-06-13 11:59:59.999000+00:00
2025-06-13 12:00:00+00:00,2.242,2.255,2.181,2.238,19167245.0,2025-06-13 15:59:59.999000+00:00
2025-06-13 16:00:00+00:00,2.239,2.276,2.156,2.181,18820973.0,2025-06-13 19:59:59.999000+00:00
2025-06-13 20:00:00+00:00,2.182,2.24,2.175,2.237,9125930.0,2025-06-13 23:59:59.999000+00:00
2025-06-14 00:00:00+00:00,2.238,2.243,2.206,2.218,7525445.0,2025-06-14 03:59:59.999000+00:00
2025-06-14 04:00:00+00:00,2.219,2.244,2.204,2.225,5684690.0,2025-06-14 07:59:59.999000+00:00
2025-06-14 08:00:00+00:00,2.226,2.243,2.211,2.234,5726147.0,2025-06-14 11:59:59.999000+00:00
2025-06-14 12:00:00+00:00,2.233,2.247,2.185,2.2,8830082.0,2025-06-14 15:59:59.999000+00:00
2025-06-14 16:00:00+00:00,2.2,2.211,2.157,2.185,11407940.0,2025-06-14 19:59:59.999000+00:00
2025-06-14 20:00:00+00:00,2.185,2.242,2.168,2.231,7349662.0,2025-06-14 23:59:59.999000+00:00
2025-06-15 00:00:00+00:00,2.231,2.247,2.225,2.237,4804185.0,2025-06-15 03:59:59.999000+00:00
2025-06-15 04:00:00+00:00,2.236,2.272,2.228,2.238,7296896.0,2025-06-15 07:59:59.999000+00:00
2025-06-15 08:00:00+00:00,2.237,2.241,2.193,2.202,8500279.0,2025-06-15 11:59:59.999000+00:00
2025-06-15 12:00:00+00:00,2.203,2.244,2.198,2.214,8473304.0,2025-06-15 15:59:59.999000+00:00
2025-06-15 16:00:00+00:00,2.214,2.226,2.184,2.194,7010851.0,2025-06-15 19:59:59.999000+00:00
2025-06-15 20:00:00+00:00,2.195,2.232,2.168,2.227,7318078.0,2025-06-15 23:59:59.999000+00:00
2025-06-16 00:00:00+00:00,2.227,2.269,2.204,2.247,7471712.0,2025-06-16 03:59:59.999000+00:00
2025-06-16 04:00:00+00:00,2.247,2.324,2.247,2.308,10208121.0,2025-06-16 07:59:59.999000+00:00
2025-06-16 08:00:00+00:00,2.308,2.328,2.29,2.316,8219573.0,2025-06-16 11:59:59.999000+00:00
2025-06-16 12:00:00+00:00,2.316,2.365,2.302,2.352,12525290.0,2025-06-16 15:59:59.999000+00:00
2025-06-16 16:00:00+00:00,2.352,2.384,2.351,2.368,7517543.0,2025-06-16 19:59:59.999000+00:00
2025-06-16 20:00:00+00:00,2.367,2.386,2.265,2.272,15225718.0,2025-06-16 23:59:59.999000+00:00
2025-06-17 00:00:00+00:00,2.272,2.299,2.208,2.271,21077606.0,2025-06-17 03:59:59.999000+00:00
2025-06-17 04:00:00+00:00,2.272,2.275,2.228,2.234,8784191.0,2025-06-17 07:59:59.999000+00:00
2025-06-17 08:00:00+00:00,2.234,2.238,2.186,2.196,11590975.0,2025-06-17 11:59:59.999000+00:00
2025-06-17 12:00:00+00:00,2.196,2.222,2.131,2.152,19439339.0,2025-06-17 15:59:59.999000+00:00
2025-06-17 16:00:00+00:00,2.152,2.194,2.094,2.174,23518352.0,2025-06-17 19:59:59.999000+00:00
2025-06-17 20:00:00+00:00,2.174,2.183,2.115,2.138,8751325.0,2025-06-17 23:59:59.999000+00:00
2025-06-18 00:00:00+00:00,2.138,2.165,2.121,2.149,7431743.0,2025-06-18 03:59:59.999000+00:00
2025-06-18 04:00:00+00:00,2.15,2.181,2.147,2.156,5423227.0,2025-06-18 07:59:59.999000+00:00
2025-06-18 08:00:00+00:00,2.156,2.171,2.083,2.121,10674180.0,2025-06-18 11:59:59.999000+00:00
2025-06-18 12:00:00+00:00,2.121,2.154,2.07,2.125,18160031.0,2025-06-18 15:59:59.999000+00:00
2025-06-18 16:00:00+00:00,2.126,2.161,2.105,2.112,13931867.0,2025-06-18 19:59:59.999000+00:00
2025-06-18 20:00:00+00:00,2.112,2.201,2.104,2.186,8506735.0,2025-06-18 23:59:59.999000+00:00
2025-06-19 00:00:00+00:00,2.186,2.212,2.164,2.192,6128677.0,2025-06-19 03:59:59.999000+00:00
2025-06-19 04:00:00+00:00,2.191,2.207,2.171,2.174,5236621.0,2025-06-19 07:59:59.999000+00:00
2025-06-19 08:00:00+00:00,2.173,2.191,2.155,2.159,6376009.0,2025-06-19 11:59:59.999000+00:00
2025-06-19 12:00:00+00:00,2.158,2.187,2.15,2.154,7836253.0,2025-06-19 15:59:59.999000+00:00
2025-06-19 16:00:00+00:00,2.154,2.201,2.14,2.189,10778121.0,2025-06-19 19:59:59.999000+00:00
2025-06-19 20:00:00+00:00,2.189,2.205,2.17,2.18,6713141.0,2025-06-19 23:59:59.999000+00:00
2025-06-20 00:00:00+00:00,2.18,2.189,2.134,2.143,7221310.0,2025-06-20 03:59:59.999000+00:00
2025-06-20 04:00:00+00:00,2.143,2.183,2.116,2.181,7475241.0,2025-06-20 07:59:59.999000+00:00
2025-06-20 08:00:00+00:00,2.18,2.199,2.166,2.185,6401392.0,2025-06-20 11:59:59.999000+00:00
2025-06-20 12:00:00+00:00,2.185,2.194,2.109,2.118,10325889.0,2025-06-20 15:59:59.999000+00:00
2025-06-20 16:00:00+00:00,2.119,2.122,2.016,2.079,19641174.0,2025-06-20 19:59:59.999000+00:00
2025-06-20 20:00:00+00:00,2.079,2.108,2.048,2.073,7334031.0,2025-06-20 23:59:59.999000+00:00
2025-06-21 00:00:00+00:00,2.074,2.103,2.067,2.098,5845440.0,2025-06-21 03:59:59.999000+00:00
2025-06-21 04:00:00+00:00,2.098,2.104,2.072,2.077,4041744.0,2025-06-21 07:59:59.999000+00:00
2025-06-21 08:00:00+00:00,2.077,2.095,2.07,2.082,4400253.0,2025-06-21 11:59:59.999000+00:00
2025-06-21 12:00:00+00:00,2.081,2.084,2.021,2.043,11190863.0,2025-06-21 15:59:59.999000+00:00
2025-06-21 16:00:00+00:00,2.042,2.054,1.977,1.98,11934854.0,2025-06-21 19:59:59.999000+00:00
2025-06-21 20:00:00+00:00,1.979,2.001,1.902,1.972,21752332.0,2025-06-21 23:59:59.999000+00:00
2025-06-22 00:00:00+00:00,1.972,2.008,1.922,1.933,16221575.0,2025-06-22 03:59:59.999000+00:00
2025-06-22 04:00:00+00:00,1.933,1.962,1.925,1.94,9266110.0,2025-06-22 07:59:59.999000+00:00
2025-06-22 08:00:00+00:00,1.94,1.949,1.892,1.916,15913339.0,2025-06-22 11:59:59.999000+00:00
2025-06-22 12:00:00+00:00,1.916,1.93,1.824,1.858,43597527.0,2025-06-22 15:59:59.999000+00:00
2025-06-22 16:00:00+00:00,1.858,1.868,1.826,1.842,16587734.0,2025-06-22 19:59:59.999000+00:00
2025-06-22 20:00:00+00:00,1.842,1.899,1.791,1.895,20189830.0,2025-06-22 23:59:59.999000+00:00
2025-06-23 00:00:00+00:00,1.896,1.923,1.884,1.901,9207812.0,2025-06-23 03:59:59.999000+00:00
2025-06-23 04:00:00+00:00,1.901,1.941,1.897,1.92,7954931.0,2025-06-23 07:59:59.999000+00:00
2025-06-23 08:00:00+00:00,1.92,1.925,1.892,1.91,7187245.0,2025-06-23 11:59:59.999000+00:00
2025-06-23 12:00:00+00:00,1.91,1.984,1.898,1.932,25044467.0,2025-06-23 15:59:59.999000+00:00
2025-06-23 16:00:00+00:00,1.932,2.026,1.861,2.02,31810819.0,2025-06-23 19:59:59.999000+00:00
2025-06-23 20:00:00+00:00,2.019,2.147,2.014,2.121,21371793.0,2025-06-23 23:59:59.999000+00:00
2025-06-24 00:00:00+00:00,2.122,2.142,2.11,2.138,9806480.0,2025-06-24 03:59:59.999000+00:00
2025-06-24 04:00:00+00:00,2.137,2.212,2.125,2.166,15528897.0,2025-06-24 07:59:59.999000+00:00
2025-06-24 08:00:00+00:00,2.166,2.203,2.152,2.176,10572411.0,2025-06-24 11:59:59.999000+00:00
2025-06-24 12:00:00+00:00,2.176,2.203,2.159,2.191,12331293.0,2025-06-24 15:59:59.999000+00:00
2025-06-24 16:00:00+00:00,2.191,2.229,2.159,2.173,10676794.0,2025-06-24 19:59:59.999000+00:00
2025-06-24 20:00:00+00:00,2.172,2.196,2.16,2.19,4840708.0,2025-06-24 23:59:59.999000+00:00
2025-06-25 00:00:00+00:00,2.19,2.195,2.169,2.181,6742555.0,2025-06-25 03:59:59.999000+00:00
2025-06-25 04:00:00+00:00,2.182,2.197,2.163,2.185,5235297.0,2025-06-25 07:59:59.999000+00:00
2025-06-25 08:00:00+00:00,2.185,2.19,2.135,2.178,8935969.0,2025-06-25 11:59:59.999000+00:00
2025-06-25 12:00:00+00:00,2.178,2.196,2.118,2.122,11220883.0,2025-06-25 15:59:59.999000+00:00
2025-06-25 16:00:00+00:00,2.123,2.159,2.113,2.148,7634407.0,2025-06-25 19:59:59.999000+00:00
2025-06-25 20:00:00+00:00,2.149,2.171,2.12,2.136,4426143.0,2025-06-25 23:59:59.999000+00:00
2025-06-26 00:00:00+00:00,2.137,2.19,2.118,2.149,9604592.0,2025-06-26 03:59:59.999000+00:00
2025-06-26 04:00:00+00:00,2.15,2.167,2.122,2.155,5326313.0,2025-06-26 07:59:59.999000+00:00
2025-06-26 08:00:00+00:00,2.155,2.175,2.087,2.089,11364644.0,2025-06-26 11:59:59.999000+00:00
2025-06-26 12:00:00+00:00,2.089,2.092,2.039,2.056,12456512.0,2025-06-26 15:59:59.999000+00:00
2025-06-26 16:00:00+00:00,2.056,2.068,2.023,2.062,8371246.0,2025-06-26 19:59:59.999000+00:00
2025-06-26 20:00:00+00:00,2.062,2.108,2.043,2.048,8948434.0,2025-06-26 23:59:59.999000+00:00
2025-06-27 00:00:00+00:00,2.049,2.086,2.021,2.079,8365805.0,2025-06-27 03:59:59.999000+00:00
2025-06-27 04:00:00+00:00,2.079,2.11,2.059,2.064,7993490.0,2025-06-27 07:59:59.999000+00:00
2025-06-27 08:00:00+00:00,2.064,2.099,2.061,2.076,7852938.0,2025-06-27 11:59:59.999000+00:00
2025-06-27 12:00:00+00:00,2.076,2.092,2.047,2.086,9815575.0,2025-06-27 15:59:59.999000+00:00
2025-06-27 16:00:00+00:00,2.086,2.128,2.038,2.066,12322879.0,2025-06-27 19:59:59.999000+00:00
2025-06-27 20:00:00+00:00,2.067,2.117,2.062,2.111,7045604.0,2025-06-27 23:59:59.999000+00:00
2025-06-28 00:00:00+00:00,2.112,2.124,2.098,2.107,4325575.0,2025-06-28 03:59:59.999000+00:00
2025-06-28 04:00:00+00:00,2.106,2.116,2.095,2.106,3798887.0,2025-06-28 07:59:59.999000+00:00
2025-06-28 08:00:00+00:00,2.107,2.115,2.092,2.102,3144167.0,2025-06-28 11:59:59.999000+00:00
2025-06-28 12:00:00+00:00,2.103,2.129,2.088,2.126,4070511.0,2025-06-28 15:59:59.999000+00:00
2025-06-28 16:00:00+00:00,2.127,2.163,2.123,2.143,6971420.0,2025-06-28 19:59:59.999000+00:00
2025-06-28 20:00:00+00:00,2.144,2.182,2.14,2.164,4419792.0,2025-06-28 23:59:59.999000+00:00
2025-06-29 00:00:00+00:00,2.164,2.181,2.131,2.132,6225388.0,2025-06-29 03:59:59.999000+00:00
2025-06-29 04:00:00+00:00,2.133,2.15,2.129,2.15,3987911.0,2025-06-29 07:59:59.999000+00:00
2025-06-29 08:00:00+00:00,2.151,2.16,2.132,2.148,6930276.0,2025-06-29 11:59:59.999000+00:00
2025-06-29 12:00:00+00:00,2.148,2.153,2.109,2.117,7190220.0,2025-06-29 15:59:59.999000+00:00
2025-06-29 16:00:00+00:00,2.117,2.164,2.114,2.162,5225372.0,2025-06-29 19:59:59.999000+00:00
2025-06-29 20:00:00+00:00,2.162,2.296,2.145,2.257,18413370.0,2025-06-29 23:59:59.999000+00:00
2025-06-30 00:00:00+00:00,2.257,2.276,2.198,2.204,8938206.0,2025-06-30 03:59:59.999000+00:00
2025-06-30 04:00:00+00:00,2.205,2.212,2.17,2.204,7724950.0,2025-06-30 07:59:59.999000+00:00
2025-06-30 08:00:00+00:00,2.204,2.21,2.157,2.167,8614924.0,2025-06-30 11:59:59.999000+00:00
2025-06-30 12:00:00+00:00,2.168,2.184,2.129,2.153,15230137.0,2025-06-30 15:59:59.999000+00:00
2025-06-30 16:00:00+00:00,2.152,2.178,2.11,2.174,12816848.0,2025-06-30 19:59:59.999000+00:00
2025-06-30 20:00:00+00:00,2.173,2.185,2.136,2.146,5738957.0,2025-06-30 23:59:59.999000+00:00
2025-07-01 00:00:00+00:00,2.147,2.164,2.132,2.14,5025308.0,2025-07-01 03:59:59.999000+00:00
2025-07-01 04:00:00+00:00,2.141,2.141,2.075,2.106,9171315.0,2025-07-01 07:59:59.999000+00:00
2025-07-01 08:00:00+00:00,2.105,2.106,2.081,2.088,4548517.0,2025-07-01 11:59:59.999000+00:00
2025-07-01 12:00:00+00:00,2.088,2.11,2.068,2.079,10571149.0,2025-07-01 15:59:59.999000+00:00
2025-07-01 16:00:00+00:00,2.08,2.088,2.028,2.029,8187221.0,2025-07-01 19:59:59.999000+00:00
2025-07-01 20:00:00+00:00,2.029,2.053,2.016,2.039,5043684.0,2025-07-01 23:59:59.999000+00:00
2025-07-02 00:00:00+00:00,2.038,2.074,2.02,2.061,5879562.0,2025-07-02 03:59:59.999000+00:00
2025-07-02 04:00:00+00:00,2.061,2.175,2.059,2.161,14557564.0,2025-07-02 07:59:59.999000+00:00
2025-07-02 08:00:00+00:00,2.162,2.17,2.115,2.117,9344051.0,2025-07-02 11:59:59.999000+00:00
2025-07-02 12:00:00+00:00,2.118,2.164,2.108,2.153,10556708.0,2025-07-02 15:59:59.999000+00:00
2025-07-02 16:00:00+00:00,2.152,2.241,2.151,2.24,19139131.0,2025-07-02 19:59:59.999000+00:00
2025-07-02 20:00:00+00:00,2.239,2.271,2.214,2.221,10349784.0,2025-07-02 23:59:59.999000+00:00
2025-07-03 00:00:00+00:00,2.22,2.268,2.213,2.262,7660067.0,2025-07-03 03:59:59.999000+00:00
2025-07-03 04:00:00+00:00,2.263,2.344,2.261,2.334,13490895.0,2025-07-03 07:59:59.999000+00:00
2025-07-03 08:00:00+00:00,2.335,2.361,2.287,2.293,12861847.0,2025-07-03 11:59:59.999000+00:00
2025-07-03 12:00:00+00:00,2.292,2.344,2.25,2.255,20524336.0,2025-07-03 15:59:59.999000+00:00
2025-07-03 16:00:00+00:00,2.254,2.278,2.247,2.276,10793904.0,2025-07-03 19:59:59.999000+00:00
2025-07-03 20:00:00+00:00,2.276,2.288,2.263,2.275,4620548.0,2025-07-03 23:59:59.999000+00:00
2025-07-04 00:00:00+00:00,2.274,2.298,2.24,2.243,6428173.0,2025-07-04 03:59:59.999000+00:00
2025-07-04 04:00:00+00:00,2.242,2.248,2.169,2.17,10478357.0,2025-07-04 07:59:59.999000+00:00
2025-07-04 08:00:00+00:00,2.17,2.201,2.159,2.185,7414809.0,2025-07-04 11:59:59.999000+00:00
2025-07-04 12:00:00+00:00,2.185,2.195,2.138,2.142,9750133.0,2025-07-04 15:59:59.999000+00:00
2025-07-04 16:00:00+00:00,2.142,2.144,2.097,2.103,10831431.0,2025-07-04 19:59:59.999000+00:00
2025-07-04 20:00:00+00:00,2.104,2.139,2.099,2.132,7014188.0,2025-07-04 23:59:59.999000+00:00
2025-07-05 00:00:00+00:00,2.132,2.151,2.111,2.135,5882585.0,2025-07-05 03:59:59.999000+00:00
2025-07-05 04:00:00+00:00,2.135,2.14,2.11,2.128,4105386.0,2025-07-05 07:59:59.999000+00:00
2025-07-05 08:00:00+00:00,2.127,2.143,2.11,2.131,4162975.0,2025-07-05 11:59:59.999000+00:00
2025-07-05 12:00:00+00:00,2.132,2.137,2.112,2.121,4824453.0,2025-07-05 15:59:59.999000+00:00
2025-07-05 16:00:00+00:00,2.121,2.134,2.094,2.123,5707346.0,2025-07-05 19:59:59.999000+00:00
2025-07-05 20:00:00+00:00,2.122,2.16,2.116,2.147,5027136.0,2025-07-05 23:59:59.999000+00:00
2025-07-06 00:00:00+00:00,2.147,2.149,2.117,2.121,4028054.0,2025-07-06 03:59:59.999000+00:00
2025-07-06 04:00:00+00:00,2.122,2.135,2.111,2.122,3846418.0,2025-07-06 07:59:59.999000+00:00
2025-07-06 08:00:00+00:00,2.121,2.141,2.115,2.14,4697006.0,2025-07-06 11:59:59.999000+00:00
2025-07-06 12:00:00+00:00,2.14,2.197,2.13,2.174,9802757.0,2025-07-06 15:59:59.999000+00:00
2025-07-06 16:00:00+00:00,2.175,2.192,2.154,2.174,5390397.0,2025-07-06 19:59:59.999000+00:00
2025-07-06 20:00:00+00:00,2.174,2.223,2.17,2.179,7517647.0,2025-07-06 23:59:59.999000+00:00
2025-07-07 00:00:00+00:00,2.18,2.214,2.166,2.189,5062099.0,2025-07-07 03:59:59.999000+00:00
2025-07-07 04:00:00+00:00,2.189,2.2,2.154,2.186,5115747.0,2025-07-07 07:59:59.999000+00:00
2025-07-07 08:00:00+00:00,2.185,2.192,2.159,2.166,4696794.0,2025-07-07 11:59:59.999000+00:00
2025-07-07 12:00:00+00:00,2.166,2.197,2.149,2.163,9374220.0,2025-07-07 15:59:59.999000+00:00
2025-07-07 16:00:00+00:00,2.163,2.177,2.131,2.162,11160403.0,2025-07-07 19:59:59.999000+00:00
2025-07-07 20:00:00+00:00,2.162,2.162,2.131,2.157,5615630.0,2025-07-07 23:59:59.999000+00:00
2025-07-08 00:00:00+00:00,2.157,2.171,2.119,2.132,7435420.0,2025-07-08 03:59:59.999000+00:00
2025-07-08 04:00:00+00:00,2.133,2.145,2.123,2.138,4503584.0,2025-07-08 07:59:59.999000+00:00
2025-07-08 08:00:00+00:00,2.138,2.179,2.118,2.166,6923542.0,2025-07-08 11:59:59.999000+00:00
2025-07-08 12:00:00+00:00,2.167,2.194,2.149,2.16,6248246.0,2025-07-08 15:59:59.999000+00:00
2025-07-08 16:00:00+00:00,2.16,2.249,2.152,2.246,9671989.0,2025-07-08 19:59:59.999000+00:00
2025-07-08 20:00:00+00:00,2.246,2.258,2.225,2.244,5939499.0,2025-07-08 23:59:59.999000+00:00
2025-07-09 00:00:00+00:00,2.244,2.248,2.203,2.211,6268668.0,2025-07-09 03:59:59.999000+00:00
2025-07-09 04:00:00+00:00,2.211,2.267,2.208,2.263,8656252.0,2025-07-09 07:59:59.999000+00:00
2025-07-09 08:00:00+00:00,2.263,2.273,2.241,2.261,7191043.0,2025-07-09 11:59:59.999000+00:00
2025-07-09 12:00:00+00:00,2.262,2.29,2.244,2.264,10182741.0,2025-07-09 15:59:59.999000+00:00
2025-07-09 16:00:00+00:00,2.264,2.342,2.263,2.332,11700688.0,2025-07-09 19:59:59.999000+00:00
2025-07-09 20:00:00+00:00,2.332,2.36,2.312,2.338,11844909.0,2025-07-09 23:59:59.999000+00:00
2025-07-10 00:00:00+00:00,2.339,2.357,2.318,2.352,5669510.0,2025-07-10 03:59:59.999000+00:00
2025-07-10 04:00:00+00:00,2.351,2.385,2.338,2.374,6904257.0,2025-07-10 07:59:59.999000+00:00
2025-07-10 08:00:00+00:00,2.374,2.381,2.348,2.36,6527723.0,2025-07-10 11:59:59.999000+00:00
2025-07-10 12:00:00+00:00,2.361,2.379,2.334,2.349,7250592.0,2025-07-10 15:59:59.999000+00:00
2025-07-10 16:00:00+00:00,2.349,2.436,2.345,2.419,16766351.0,2025-07-10 19:59:59.999000+00:00
2025-07-10 20:00:00+00:00,2.42,2.536,2.418,2.515,16112019.0,2025-07-10 23:59:59.999000+00:00
2025-07-11 00:00:00+00:00,2.515,2.559,2.474,2.549,12343874.0,2025-07-11 03:59:59.999000+00:00
2025-07-11 04:00:00+00:00,2.549,2.601,2.528,2.534,15467690.0,2025-07-11 07:59:59.999000+00:00
2025-07-11 08:00:00+00:00,2.533,2.596,2.533,2.573,8299994.0,2025-07-11 11:59:59.999000+00:00
2025-07-11 12:00:00+00:00,2.573,2.641,2.538,2.55,17397366.0,2025-07-11 15:59:59.999000+00:00
2025-07-11 16:00:00+00:00,2.55,2.629,2.545,2.612,11249177.0,2025-07-11 19:59:59.999000+00:00
2025-07-11 20:00:00+00:00,2.613,2.62,2.45,2.506,14723248.0,2025-07-11 23:59:59.999000+00:00
2025-07-12 00:00:00+00:00,2.505,2.55,2.456,2.525,9424167.0,2025-07-12 03:59:59.999000+00:00
2025-07-12 04:00:00+00:00,2.525,2.555,2.46,2.514,17003013.0,2025-07-12 07:59:59.999000+00:00
2025-07-12 08:00:00+00:00,2.513,2.538,2.499,2.522,6942242.0,2025-07-12 11:59:59.999000+00:00
2025-07-12 12:00:00+00:00,2.522,2.536,2.407,2.422,14740083.0,2025-07-12 15:59:59.999000+00:00
2025-07-12 16:00:00+00:00,2.423,2.495,2.408,2.486,5916646.0,2025-07-12 19:59:59.999000+00:00
2025-07-12 20:00:00+00:00,2.486,2.492,2.439,2.482,4292477.0,2025-07-12 23:59:59.999000+00:00
2025-07-13 00:00:00+00:00,2.483,2.498,2.468,2.486,5470441.0,2025-07-13 03:59:59.999000+00:00
2025-07-13 04:00:00+00:00,2.486,2.532,2.473,2.523,8369874.0,2025-07-13 07:59:59.999000+00:00
2025-07-13 08:00:00+00:00,2.522,2.536,2.492,2.526,6229877.0,2025-07-13 11:59:59.999000+00:00
2025-07-13 12:00:00+00:00,2.526,2.588,2.514,2.551,13288200.0,2025-07-13 15:59:59.999000+00:00
2025-07-13 16:00:00+00:00,2.55,2.591,2.52,2.562,7370291.0,2025-07-13 19:59:59.999000+00:00
2025-07-13 20:00:00+00:00,2.561,2.58,2.502,2.529,7120631.0,2025-07-13 23:59:59.999000+00:00
2025-07-14 00:00:00+00:00,2.53,2.659,2.523,2.634,10550911.0,2025-07-14 03:59:59.999000+00:00
2025-07-14 04:00:00+00:00,2.634,2.696,2.618,2.667,13776299.0,2025-07-14 07:59:59.999000+00:00
2025-07-14 08:00:00+00:00,2.668,2.677,2.618,2.651,8774032.0,2025-07-14 11:59:59.999000+00:00
2025-07-14 12:00:00+00:00,2.65,2.689,2.577,2.598,14300019.0,2025-07-14 15:59:59.999000+00:00
2025-07-14 16:00:00+00:00,2.598,2.629,2.56,2.576,9164793.0,2025-07-14 19:59:59.999000+00:00
2025-07-14 20:00:00+00:00,2.576,2.604,2.539,2.578,6338277.0,2025-07-14 23:59:59.999000+00:00
2025-07-15 00:00:00+00:00,2.579,2.6,2.486,2.517,13425478.0,2025-07-15 03:59:59.999000+00:00
2025-07-15 04:00:00+00:00,2.516,2.549,2.491,2.516,7665682.0,2025-07-15 07:59:59.999000+00:00
2025-07-15 08:00:00+00:00,2.516,2.543,2.49,2.513,8777934.0,2025-07-15 11:59:59.999000+00:00
2025-07-15 12:00:00+00:00,2.513,2.581,2.477,2.555,16575893.0,2025-07-15 15:59:59.999000+00:00
2025-07-15 16:00:00+00:00,2.555,2.667,2.552,2.573,15042391.0,2025-07-15 19:59:59.999000+00:00
2025-07-15 20:00:00+00:00,2.573,2.673,2.56,2.671,7809261.0,2025-07-15 23:59:59.999000+00:00
2025-07-16 00:00:00+00:00,2.671,2.708,2.621,2.635,8761680.0,2025-07-16 03:59:59.999000+00:00
2025-07-16 04:00:00+00:00,2.634,2.703,2.609,2.691,6345329.0,2025-07-16 07:59:59.999000+00:00
2025-07-16 08:00:00+00:00,2.691,2.697,2.648,2.661,6068125.0,2025-07-16 11:59:59.999000+00:00
2025-07-16 12:00:00+00:00,2.661,2.725,2.648,2.686,14336810.0,2025-07-16 15:59:59.999000+00:00
2025-07-16 16:00:00+00:00,2.686,2.798,2.674,2.76,13920835.0,2025-07-16 19:59:59.999000+00:00
2025-07-16 20:00:00+00:00,2.76,2.82,2.722,2.73,11280350.0,2025-07-16 23:59:59.999000+00:00
2025-07-17 00:00:00+00:00,2.731,2.776,2.658,2.675,10420729.0,2025-07-17 03:59:59.999000+00:00
2025-07-17 04:00:00+00:00,2.674,2.773,2.665,2.74,9836144.0,2025-07-17 07:59:59.999000+00:00
2025-07-17 08:00:00+00:00,2.74,2.834,2.736,2.786,13097484.0,2025-07-17 11:59:59.999000+00:00
2025-07-17 12:00:00+00:00,2.786,2.857,2.763,2.811,16811884.0,2025-07-17 15:59:59.999000+00:00
2025-07-17 16:00:00+00:00,2.811,2.822,2.745,2.751,16403501.0,2025-07-17 19:59:59.999000+00:00
2025-07-17 20:00:00+00:00,2.75,2.864,2.705,2.816,16863845.0,2025-07-17 23:59:59.999000+00:00
2025-07-18 00:00:00+00:00,2.816,2.923,2.793,2.914,16068760.0,2025-07-18 03:59:59.999000+00:00
2025-07-18 04:00:00+00:00,2.915,3.043,2.9,2.954,19772786.0,2025-07-18 07:59:59.999000+00:00
2025-07-18 08:00:00+00:00,2.953,3.013,2.902,2.929,14424884.0,2025-07-18 11:59:59.999000+00:00
2025-07-18 12:00:00+00:00,2.929,2.988,2.821,2.841,19316121.0,2025-07-18 15:59:59.999000+00:00
2025-07-18 16:00:00+00:00,2.841,2.886,2.784,2.802,13230669.0,2025-07-18 19:59:59.999000+00:00
2025-07-18 20:00:00+00:00,2.803,2.818,2.72,2.803,13939823.0,2025-07-18 23:59:59.999000+00:00
2025-07-19 00:00:00+00:00,2.804,2.888,2.737,2.886,10185444.0,2025-07-19 03:59:59.999000+00:00
2025-07-19 04:00:00+00:00,2.887,2.924,2.866,2.884,7843170.0,2025-07-19 07:59:59.999000+00:00
2025-07-19 08:00:00+00:00,2.884,2.891,2.816,2.823,7638841.0,2025-07-19 11:59:59.999000+00:00
2025-07-19 12:00:00+00:00,2.824,2.84,2.773,2.821,6418811.0,2025-07-19 15:59:59.999000+00:00
2025-07-19 16:00:00+00:00,2.821,2.947,2.808,2.942,10787421.0,2025-07-19 19:59:59.999000+00:00
2025-07-19 20:00:00+00:00,2.942,2.943,2.878,2.916,6882811.0,2025-07-19 23:59:59.999000+00:00
2025-07-20 00:00:00+00:00,2.916,2.939,2.881,2.907,7194934.0,2025-07-20 03:59:59.999000+00:00
2025-07-20 04:00:00+00:00,2.907,2.961,2.896,2.937,6382313.0,2025-07-20 07:59:59.999000+00:00
2025-07-20 08:00:00+00:00,2.937,3.014,2.937,2.992,10933992.0,2025-07-20 11:59:59.999000+00:00
2025-07-20 12:00:00+00:00,2.991,3.057,2.968,3.047,9147121.0,2025-07-20 15:59:59.999000+00:00
2025-07-20 16:00:00+00:00,3.046,3.07,2.996,3.015,11870974.0,2025-07-20 19:59:59.999000+00:00
2025-07-20 20:00:00+00:00,3.015,3.026,2.919,2.974,10134113.0,2025-07-20 23:59:59.999000+00:00
2025-07-21 00:00:00+00:00,2.975,3.015,2.909,3.009,9859548.0,2025-07-21 03:59:59.999000+00:00
2025-07-21 04:00:00+00:00,3.009,3.06,2.986,3.045,7487127.0,2025-07-21 07:59:59.999000+00:00
2025-07-21 08:00:00+00:00,3.044,3.068,2.989,3.03,10712433.0,2025-07-21 11:59:59.999000+00:00
2025-07-21 12:00:00+00:00,3.03,3.101,2.987,3.042,17529704.0,2025-07-21 15:59:59.999000+00:00
2025-07-21 16:00:00+00:00,3.042,3.064,2.953,2.966,15989201.0,2025-07-21 19:59:59.999000+00:00
2025-07-21 20:00:00+00:00,2.965,3.042,2.944,3.021,7236964.0,2025-07-21 23:59:59.999000+00:00
2025-07-22 00:00:00+00:00,3.022,3.053,2.911,2.958,16061362.0,2025-07-22 03:59:59.999000+00:00
2025-07-22 04:00:00+00:00,2.958,2.972,2.863,2.928,14792027.0,2025-07-22 07:59:59.999000+00:00
2025-07-22 08:00:00+00:00,2.928,2.977,2.85,2.964,14044181.0,2025-07-22 11:59:59.999000+00:00
2025-07-22 12:00:00+00:00,2.963,2.998,2.866,2.954,19561587.0,2025-07-22 15:59:59.999000+00:00
2025-07-22 16:00:00+00:00,2.954,3.003,2.912,2.922,12058021.0,2025-07-22 19:59:59.999000+00:00
2025-07-22 20:00:00+00:00,2.921,3.037,2.914,3.031,8767790.0,2025-07-22 23:59:59.999000+00:00
2025-07-23 00:00:00+00:00,3.032,3.039,2.965,2.991,8299132.0,2025-07-23 03:59:59.999000+00:00
2025-07-23 04:00:00+00:00,2.99,3.039,2.953,2.965,6882587.0,2025-07-23 07:59:59.999000+00:00
2025-07-23 08:00:00+00:00,2.965,2.995,2.896,2.912,11554900.0,2025-07-23 11:59:59.999000+00:00
2025-07-23 12:00:00+00:00,2.912,2.924,2.747,2.823,28614233.0,2025-07-23 15:59:59.999000+00:00
2025-07-23 16:00:00+00:00,2.822,2.822,2.703,2.743,15209858.0,2025-07-23 19:59:59.999000+00:00
2025-07-23 20:00:00+00:00,2.743,2.77,2.654,2.752,17204079.0,2025-07-23 23:59:59.999000+00:00
2025-07-24 00:00:00+00:00,2.752,2.808,2.73,2.771,8849714.0,2025-07-24 03:59:59.999000+00:00
2025-07-24 04:00:00+00:00,2.771,2.789,2.577,2.663,24147807.0,2025-07-24 07:59:59.999000+00:00
2025-07-24 08:00:00+00:00,2.663,2.729,2.626,2.719,14172901.0,2025-07-24 11:59:59.999000+00:00
2025-07-24 12:00:00+00:00,2.719,2.827,2.661,2.788,18060314.0,2025-07-24 15:59:59.999000+00:00
2025-07-24 16:00:00+00:00,2.788,2.804,2.706,2.764,12252279.0,2025-07-24 19:59:59.999000+00:00
2025-07-24 20:00:00+00:00,2.764,2.804,2.704,2.715,7916329.0,2025-07-24 23:59:59.999000+00:00
2025-07-25 00:00:00+00:00,2.716,2.72,2.601,2.638,13537229.0,2025-07-25 03:59:59.999000+00:00
2025-07-25 04:00:00+00:00,2.637,2.7,2.607,2.669,10853299.0,2025-07-25 07:59:59.999000+00:00
2025-07-25 08:00:00+00:00,2.669,2.793,2.666,2.776,11966587.0,2025-07-25 11:59:59.999000+00:00
2025-07-25 12:00:00+00:00,2.776,2.8,2.653,2.686,15676817.0,2025-07-25 15:59:59.999000+00:00
2025-07-25 16:00:00+00:00,2.685,2.752,2.667,2.731,7940806.0,2025-07-25 19:59:59.999000+00:00
2025-07-25 20:00:00+00:00,2.731,2.868,2.728,2.853,9048702.0,2025-07-25 23:59:59.999000+00:00
2025-07-26 00:00:00+00:00,2.853,2.907,2.842,2.866,6659713.0,2025-07-26 03:59:59.999000+00:00
2025-07-26 04:00:00+00:00,2.866,2.88,2.84,2.844,3289073.0,2025-07-26 07:59:59.999000+00:00
2025-07-26 08:00:00+00:00,2.844,2.881,2.831,2.863,5724266.0,2025-07-26 11:59:59.999000+00:00
2025-07-26 12:00:00+00:00,2.863,2.891,2.85,2.891,6253724.0,2025-07-26 15:59:59.999000+00:00
2025-07-26 16:00:00+00:00,2.89,2.935,2.856,2.928,8858095.0,2025-07-26 19:59:59.999000+00:00
2025-07-26 20:00:00+00:00,2.929,2.935,2.877,2.882,3782280.0,2025-07-26 23:59:59.999000+00:00
2025-07-27 00:00:00+00:00,2.882,2.928,2.877,2.909,5076330.0,2025-07-27 03:59:59.999000+00:00
2025-07-27 04:00:00+00:00,2.909,2.936,2.897,2.906,3969498.0,2025-07-27 07:59:59.999000+00:00
2025-07-27 08:00:00+00:00,2.906,2.936,2.879,2.903,6204970.0,2025-07-27 11:59:59.999000+00:00
2025-07-27 12:00:00+00:00,2.903,2.933,2.878,2.905,6843976.0,2025-07-27 15:59:59.999000+00:00
2025-07-27 16:00:00+00:00,2.905,2.947,2.893,2.906,7906426.0,2025-07-27 19:59:59.999000+00:00
2025-07-27 20:00:00+00:00,2.907,2.978,2.892,2.963,6550510.0,2025-07-27 23:59:59.999000+00:00
2025-07-28 00:00:00+00:00,2.962,2.995,2.91,2.957,7433520.0,2025-07-28 03:59:59.999000+00:00
2025-07-28 04:00:00+00:00,2.958,3.014,2.934,2.988,7369819.0,2025-07-28 07:59:59.999000+00:00
2025-07-28 08:00:00+00:00,2.988,3.017,2.936,2.959,6384881.0,2025-07-28 11:59:59.999000+00:00
2025-07-28 12:00:00+00:00,2.959,2.964,2.806,2.825,14873353.0,2025-07-28 15:59:59.999000+00:00
2025-07-28 16:00:00+00:00,2.825,2.846,2.758,2.782,12166563.0,2025-07-28 19:59:59.999000+00:00
2025-07-28 20:00:00+00:00,2.781,2.787,2.717,2.749,8629938.0,2025-07-28 23:59:59.999000+00:00
2025-07-29 00:00:00+00:00,2.749,2.777,2.675,2.734,10840242.0,2025-07-29 03:59:59.999000+00:00
2025-07-29 04:00:00+00:00,2.735,2.832,2.711,2.827,8392016.0,2025-07-29 07:59:59.999000+00:00
2025-07-29 08:00:00+00:00,2.827,2.827,2.723,2.753,8150227.0,2025-07-29 11:59:59.999000+00:00
2025-07-29 12:00:00+00:00,2.752,2.801,2.682,2.712,13093611.0,2025-07-29 15:59:59.999000+00:00
2025-07-29 16:00:00+00:00,2.712,2.745,2.667,2.681,11188695.0,2025-07-29 19:59:59.999000+00:00
2025-07-29 20:00:00+00:00,2.682,2.737,2.655,2.72,7791130.0,2025-07-29 23:59:59.999000+00:00
2025-07-30 00:00:00+00:00,2.721,2.735,2.666,2.713,5508172.0,2025-07-30 03:59:59.999000+00:00
2025-07-30 04:00:00+00:00,2.714,2.728,2.676,2.695,4557932.0,2025-07-30 07:59:59.999000+00:00
2025-07-30 08:00:00+00:00,2.695,2.718,2.605,2.621,9740008.0,2025-07-30 11:59:59.999000+00:00
2025-07-30 12:00:00+00:00,2.621,2.677,2.598,2.641,11072952.0,2025-07-30 15:59:59.999000+00:00
2025-07-30 16:00:00+00:00,2.641,2.69,2.507,2.622,20914612.0,2025-07-30 19:59:59.999000+00:00
2025-07-30 20:00:00+00:00,2.623,2.662,2.589,2.656,7663558.0,2025-07-30 23:59:59.999000+00:00
2025-07-31 00:00:00+00:00,2.655,2.715,2.64,2.705,5805201.0,2025-07-31 03:59:59.999000+00:00
2025-07-31 04:00:00+00:00,2.706,2.723,2.689,2.716,4221778.0,2025-07-31 07:59:59.999000+00:00
2025-07-31 08:00:00+00:00,2.716,2.736,2.688,2.696,5526871.0,2025-07-31 11:59:59.999000+00:00
2025-07-31 12:00:00+00:00,2.696,2.7,2.583,2.626,13819205.0,2025-07-31 15:59:59.999000+00:00
2025-07-31 16:00:00+00:00,2.626,2.699,2.592,2.602,12338488.0,2025-07-31 19:59:59.999000+00:00
2025-07-31 20:00:00+00:00,2.602,2.61,2.522,2.533,13514718.0,2025-07-31 23:59:59.999000+00:00
2025-08-01 00:00:00+00:00,2.534,2.547,2.452,2.529,17223951.0,2025-08-01 03:59:59.999000+00:00
2025-08-01 04:00:00+00:00,2.529,2.53,2.465,2.484,7603539.0,2025-08-01 07:59:59.999000+00:00
2025-08-01 08:00:00+00:00,2.485,2.489,2.428,2.477,12945811.0,2025-08-01 11:59:59.999000+00:00
2025-08-01 12:00:00+00:00,2.476,2.516,2.407,2.479,15338167.0,2025-08-01 15:59:59.999000+00:00
2025-08-01 16:00:00+00:00,2.479,2.498,2.404,2.47,13494641.0,2025-08-01 19:59:59.999000+00:00
2025-08-01 20:00:00+00:00,2.471,2.479,2.349,2.413,16103890.0,2025-08-01 23:59:59.999000+00:00
2025-08-02 00:00:00+00:00,2.413,2.444,2.406,2.436,3679613.0,2025-08-02 03:59:59.999000+00:00
2025-08-02 04:00:00+00:00,2.436,2.451,2.367,2.425,7583884.0,2025-08-02 07:59:59.999000+00:00
2025-08-02 08:00:00+00:00,2.426,2.433,2.368,2.4,5924601.0,2025-08-02 11:59:59.999000+00:00
2025-08-02 12:00:00+00:00,2.399,2.411,2.354,2.363,6338732.0,2025-08-02 15:59:59.999000+00:00
2025-08-02 16:00:00+00:00,2.363,2.385,2.3,2.33,12886426.0,2025-08-02 19:59:59.999000+00:00
2025-08-02 20:00:00+00:00,2.329,2.368,2.322,2.346,4442406.0,2025-08-02 23:59:59.999000+00:00
2025-08-03 00:00:00+00:00,2.346,2.388,2.312,2.383,5379158.0,2025-08-03 03:59:59.999000+00:00
2025-08-03 04:00:00+00:00,2.383,2.405,2.374,2.402,3196499.0,2025-08-03 07:59:59.999000+00:00
2025-08-03 08:00:00+00:00,2.402,2.444,2.397,2.429,3761007.0,2025-08-03 11:59:59.999000+00:00
2025-08-03 12:00:00+00:00,2.429,2.435,2.406,2.429,3877220.0,2025-08-03 15:59:59.999000+00:00
2025-08-03 16:00:00+00:00,2.428,2.453,2.415,2.437,3681834.0,2025-08-03 19:59:59.999000+00:00
2025-08-03 20:00:00+00:00,2.437,2.459,2.429,2.442,2935620.0,2025-08-03 23:59:59.999000+00:00
2025-08-04 00:00:00+00:00,2.442,2.5,2.44,2.466,5023951.0,2025-08-04 03:59:59.999000+00:00
2025-08-04 04:00:00+00:00,2.467,2.488,2.454,2.48,3958942.0,2025-08-04 07:59:59.999000+00:00
2025-08-04 08:00:00+00:00,2.48,2.491,2.46,2.467,4719653.0,2025-08-04 11:59:59.999000+00:00
2025-08-04 12:00:00+00:00,2.467,2.54,2.465,2.521,9061744.0,2025-08-04 15:59:59.999000+00:00
2025-08-04 16:00:00+00:00,2.521,2.568,2.502,2.508,8794316.0,2025-08-04 19:59:59.999000+00:00
2025-08-04 20:00:00+00:00,2.508,2.568,2.506,2.553,4530742.0,2025-08-04 23:59:59.999000+00:00
2025-08-05 00:00:00+00:00,2.552,2.557,2.495,2.495,4799541.0,2025-08-05 03:59:59.999000+00:00
2025-08-05 04:00:00+00:00,2.496,2.511,2.435,2.444,7289883.0,2025-08-05 07:59:59.999000+00:00
2025-08-05 08:00:00+00:00,2.444,2.544,2.437,2.539,7218186.0,2025-08-05 11:59:59.999000+00:00
2025-08-05 12:00:00+00:00,2.538,2.544,2.452,2.463,18146586.0,2025-08-05 15:59:59.999000+00:00
2025-08-05 16:00:00+00:00,2.463,2.487,2.411,2.417,10712218.0,2025-08-05 19:59:59.999000+00:00
2025-08-05 20:00:00+00:00,2.418,2.47,2.389,2.466,5527243.0,2025-08-05 23:59:59.999000+00:00
2025-08-06 00:00:00+00:00,2.466,2.467,2.393,2.394,5307769.0,2025-08-06 03:59:59.999000+00:00
2025-08-06 04:00:00+00:00,2.395,2.491,2.383,2.486,8122537.0,2025-08-06 07:59:59.999000+00:00
2025-08-06 08:00:00+00:00,2.486,2.494,2.45,2.458,5625600.0,2025-08-06 11:59:59.999000+00:00
2025-08-06 12:00:00+00:00,2.459,2.523,2.433,2.515,12062272.0,2025-08-06 15:59:59.999000+00:00
2025-08-06 16:00:00+00:00,2.515,2.527,2.476,2.512,6275757.0,2025-08-06 19:59:59.999000+00:00
2025-08-06 20:00:00+00:00,2.512,2.514,2.486,2.487,3144146.0,2025-08-06 23:59:59.999000+00:00
2025-08-07 00:00:00+00:00,2.488,2.509,2.466,2.472,4262436.0,2025-08-07 03:59:59.999000+00:00
2025-08-07 04:00:00+00:00,2.471,2.518,2.47,2.502,4325790.0,2025-08-07 07:59:59.999000+00:00
2025-08-07 08:00:00+00:00,2.502,2.602,2.495,2.596,11026257.0,2025-08-07 11:59:59.999000+00:00
2025-08-07 12:00:00+00:00,2.596,2.61,2.563,2.584,7920098.0,2025-08-07 15:59:59.999000+00:00
2025-08-07 16:00:00+00:00,2.583,2.607,2.526,2.607,8689262.0,2025-08-07 19:59:59.999000+00:00
2025-08-07 20:00:00+00:00,2.608,2.655,2.599,2.649,7330705.0,2025-08-07 23:59:59.999000+00:00
2025-08-08 00:00:00+00:00,2.649,2.688,2.606,2.659,20938923.0,2025-08-08 03:59:59.999000+00:00
2025-08-08 04:00:00+00:00,2.658,2.692,2.629,2.681,6673981.0,2025-08-08 07:59:59.999000+00:00
2025-08-08 08:00:00+00:00,2.681,2.698,2.658,2.667,5726673.0,2025-08-08 11:59:59.999000+00:00
2025-08-08 12:00:00+00:00,2.667,2.716,2.618,2.642,11741799.0,2025-08-08 15:59:59.999000+00:00
2025-08-08 16:00:00+00:00,2.642,2.733,2.638,2.722,9588020.0,2025-08-08 19:59:59.999000+00:00
2025-08-08 20:00:00+00:00,2.722,2.728,2.7,2.711,4019094.0,2025-08-08 23:59:59.999000+00:00
2025-08-09 00:00:00+00:00,2.712,2.742,2.704,2.734,3785429.0,2025-08-09 03:59:59.999000+00:00
2025-08-09 04:00:00+00:00,2.734,2.81,2.729,2.794,11976728.0,2025-08-09 07:59:59.999000+00:00
2025-08-09 08:00:00+00:00,2.794,2.823,2.789,2.817,6511585.0,2025-08-09 11:59:59.999000+00:00
2025-08-09 12:00:00+00:00,2.817,2.839,2.764,2.788,8050978.0,2025-08-09 15:59:59.999000+00:00
2025-08-09 16:00:00+00:00,2.787,2.832,2.787,2.823,6449340.0,2025-08-09 19:59:59.999000+00:00
2025-08-09 20:00:00+00:00,2.822,2.858,2.814,2.829,6494876.0,2025-08-09 23:59:59.999000+00:00
2025-08-10 00:00:00+00:00,2.83,2.869,2.798,2.833,6951779.0,2025-08-10 03:59:59.999000+00:00
2025-08-10 04:00:00+00:00,2.834,2.856,2.726,2.728,10356291.0,2025-08-10 07:59:59.999000+00:00
2025-08-10 08:00:00+00:00,2.729,2.772,2.695,2.728,8336851.0,2025-08-10 11:59:59.999000+00:00
2025-08-10 12:00:00+00:00,2.728,2.793,2.708,2.76,8900456.0,2025-08-10 15:59:59.999000+00:00
2025-08-10 16:00:00+00:00,2.76,2.761,2.723,2.735,7573420.0,2025-08-10 19:59:59.999000+00:00
2025-08-10 20:00:00+00:00,2.735,2.755,2.692,2.751,5181186.0,2025-08-10 23:59:59.999000+00:00
2025-08-11 00:00:00+00:00,2.751,2.82,2.733,2.802,8894782.0,2025-08-11 03:59:59.999000+00:00
2025-08-11 04:00:00+00:00,2.803,2.829,2.743,2.748,7569303.0,2025-08-11 07:59:59.999000+00:00
2025-08-11 08:00:00+00:00,2.748,2.768,2.644,2.657,14169354.0,2025-08-11 11:59:59.999000+00:00
2025-08-11 12:00:00+00:00,2.658,2.714,2.636,2.682,14371527.0,2025-08-11 15:59:59.999000+00:00
2025-08-11 16:00:00+00:00,2.682,2.728,2.623,2.643,11731331.0,2025-08-11 19:59:59.999000+00:00
2025-08-11 20:00:00+00:00,2.643,2.649,2.575,2.6,8277826.0,2025-08-11 23:59:59.999000+00:00
2025-08-12 00:00:00+00:00,2.599,2.644,2.593,2.616,5917225.0,2025-08-12 03:59:59.999000+00:00
2025-08-12 04:00:00+00:00,2.617,2.632,2.58,2.63,5481877.0,2025-08-12 07:59:59.999000+00:00
2025-08-12 08:00:00+00:00,2.631,2.639,2.564,2.603,7225667.0,2025-08-12 11:59:59.999000+00:00
2025-08-12 12:00:00+00:00,2.602,2.747,2.591,2.746,20818390.0,2025-08-12 15:59:59.999000+00:00
2025-08-12 16:00:00+00:00,2.746,2.796,2.721,2.792,13173624.0,2025-08-12 19:59:59.999000+00:00
2025-08-12 20:00:00+00:00,2.793,2.825,2.778,2.787,8948866.0,2025-08-12 23:59:59.999000+00:00
2025-08-13 00:00:00+00:00,2.788,2.839,2.754,2.828,9870401.0,2025-08-13 03:59:59.999000+00:00
2025-08-13 04:00:00+00:00,2.827,2.855,2.796,2.853,7605389.0,2025-08-13 07:59:59.999000+00:00
2025-08-13 08:00:00+00:00,2.852,2.937,2.85,2.899,14206723.0,2025-08-13 11:59:59.999000+00:00
2025-08-13 12:00:00+00:00,2.899,2.95,2.87,2.913,17222584.0,2025-08-13 15:59:59.999000+00:00
2025-08-13 16:00:00+00:00,2.913,2.987,2.897,2.964,14532684.0,2025-08-13 19:59:59.999000+00:00
2025-08-13 20:00:00+00:00,2.964,3.049,2.944,2.997,15208935.0,2025-08-13 23:59:59.999000+00:00
2025-08-14 00:00:00+00:00,2.998,3.053,2.971,3.043,12481645.0,2025-08-14 03:59:59.999000+00:00
2025-08-14 04:00:00+00:00,3.043,3.06,2.952,3.046,15716340.0,2025-08-14 07:59:59.999000+00:00
2025-08-14 08:00:00+00:00,3.045,3.045,2.913,2.924,17806702.0,2025-08-14 11:59:59.999000+00:00
2025-08-14 12:00:00+00:00,2.925,2.941,2.73,2.817,41557304.0,2025-08-14 15:59:59.999000+00:00
2025-08-14 16:00:00+00:00,2.817,2.818,2.741,2.759,12902042.0,2025-08-14 19:59:59.999000+00:00
2025-08-14 20:00:00+00:00,2.758,2.774,2.688,2.756,9087469.0,2025-08-14 23:59:59.999000+00:00
2025-08-15 00:00:00+00:00,2.756,2.812,2.746,2.799,7737054.0,2025-08-15 03:59:59.999000+00:00
2025-08-15 04:00:00+00:00,2.799,2.847,2.765,2.803,9535186.0,2025-08-15 07:59:59.999000+00:00
2025-08-15 08:00:00+00:00,2.803,2.811,2.753,2.761,8559657.0,2025-08-15 11:59:59.999000+00:00
2025-08-15 12:00:00+00:00,2.761,2.811,2.638,2.653,23803644.0,2025-08-15 15:59:59.999000+00:00
2025-08-15 16:00:00+00:00,2.654,2.712,2.624,2.651,13973685.0,2025-08-15 19:59:59.999000+00:00
2025-08-15 20:00:00+00:00,2.651,2.739,2.64,2.705,5984909.0,2025-08-15 23:59:59.999000+00:00
2025-08-16 00:00:00+00:00,2.705,2.756,2.703,2.717,5493900.0,2025-08-16 03:59:59.999000+00:00
2025-08-16 04:00:00+00:00,2.718,2.753,2.706,2.734,6076900.0,2025-08-16 07:59:59.999000+00:00
2025-08-16 08:00:00+00:00,2.735,2.741,2.688,2.689,6029481.0,2025-08-16 11:59:59.999000+00:00
2025-08-16 12:00:00+00:00,2.69,2.764,2.68,2.75,6496511.0,2025-08-16 15:59:59.999000+00:00
2025-08-16 16:00:00+00:00,2.75,2.758,2.719,2.734,4786812.0,2025-08-16 19:59:59.999000+00:00
2025-08-16 20:00:00+00:00,2.733,2.757,2.726,2.741,2653670.0,2025-08-16 23:59:59.999000+00:00
2025-08-17 00:00:00+00:00,2.741,2.743,2.701,2.729,3974973.0,2025-08-17 03:59:59.999000+00:00
2025-08-17 04:00:00+00:00,2.73,2.773,2.724,2.752,6117046.0,2025-08-17 07:59:59.999000+00:00
2025-08-17 08:00:00+00:00,2.753,2.799,2.747,2.797,7535625.0,2025-08-17 11:59:59.999000+00:00
2025-08-17 12:00:00+00:00,2.796,2.829,2.745,2.826,8346704.0,2025-08-17 15:59:59.999000+00:00
2025-08-17 16:00:00+00:00,2.827,2.842,2.709,2.719,10887266.0,2025-08-17 19:59:59.999000+00:00
2025-08-17 20:00:00+00:00,2.718,2.738,2.685,2.7,6950219.0,2025-08-17 23:59:59.999000+00:00
2025-08-18 00:00:00+00:00,2.7,2.7,2.559,2.585,23848401.0,2025-08-18 03:59:59.999000+00:00
2025-08-18 04:00:00+00:00,2.585,2.606,2.541,2.56,11003137.0,2025-08-18 07:59:59.999000+00:00
2025-08-18 08:00:00+00:00,2.56,2.588,2.546,2.57,8829955.0,2025-08-18 11:59:59.999000+00:00
2025-08-18 12:00:00+00:00,2.57,2.614,2.548,2.575,12156226.0,2025-08-18 15:59:59.999000+00:00
2025-08-18 16:00:00+00:00,2.576,2.615,2.548,2.583,8521288.0,2025-08-18 19:59:59.999000+00:00
2025-08-18 20:00:00+00:00,2.584,2.624,2.558,2.574,6513584.0,2025-08-18 23:59:59.999000+00:00
2025-08-19 00:00:00+00:00,2.574,2.6,2.491,2.503,12853283.0,2025-08-19 03:59:59.999000+00:00
2025-08-19 04:00:00+00:00,2.503,2.539,2.487,2.509,7699556.0,2025-08-19 07:59:59.999000+00:00
2025-08-19 08:00:00+00:00,2.509,2.541,2.483,2.541,7723681.0,2025-08-19 11:59:59.999000+00:00
2025-08-19 12:00:00+00:00,2.541,2.546,2.465,2.479,14795981.0,2025-08-19 15:59:59.999000+00:00
2025-08-19 16:00:00+00:00,2.478,2.484,2.43,2.449,10878309.0,2025-08-19 19:59:59.999000+00:00
2025-08-19 20:00:00+00:00,2.448,2.466,2.416,2.422,6588370.0,2025-08-19 23:59:59.999000+00:00
2025-08-20 00:00:00+00:00,2.422,2.459,2.412,2.443,7594591.0,2025-08-20 03:59:59.999000+00:00
2025-08-20 04:00:00+00:00,2.443,2.465,2.434,2.447,7961379.0,2025-08-20 07:59:59.999000+00:00
2025-08-20 08:00:00+00:00,2.447,2.485,2.429,2.461,6865545.0,2025-08-20 11:59:59.999000+00:00
2025-08-20 12:00:00+00:00,2.462,2.526,2.411,2.498,15547831.0,2025-08-20 15:59:59.999000+00:00
2025-08-20 16:00:00+00:00,2.498,2.558,2.49,2.556,9727989.0,2025-08-20 19:59:59.999000+00:00
2025-08-20 20:00:00+00:00,2.556,2.563,2.536,2.546,5366429.0,2025-08-20 23:59:59.999000+00:00
2025-08-21 00:00:00+00:00,2.545,2.569,2.514,2.533,5822074.0,2025-08-21 03:59:59.999000+00:00
2025-08-21 04:00:00+00:00,2.532,2.544,2.498,2.522,4337360.0,2025-08-21 07:59:59.999000+00:00
2025-08-21 08:00:00+00:00,2.522,2.525,2.472,2.48,5576131.0,2025-08-21 11:59:59.999000+00:00
2025-08-21 12:00:00+00:00,2.481,2.51,2.448,2.454,10709755.0,2025-08-21 15:59:59.999000+00:00
2025-08-21 16:00:00+00:00,2.454,2.473,2.434,2.452,6388349.0,2025-08-21 19:59:59.999000+00:00
2025-08-21 20:00:00+00:00,2.453,2.475,2.434,2.444,4018134.0,2025-08-21 23:59:59.999000+00:00
2025-08-22 00:00:00+00:00,2.445,2.485,2.424,2.439,5839001.0,2025-08-22 03:59:59.999000+00:00
2025-08-22 04:00:00+00:00,2.439,2.464,2.43,2.459,4603925.0,2025-08-22 07:59:59.999000+00:00
2025-08-22 08:00:00+00:00,2.458,2.476,2.407,2.408,8128913.0,2025-08-22 11:59:59.999000+00:00
2025-08-22 12:00:00+00:00,2.409,2.613,2.367,2.586,45567931.0,2025-08-22 15:59:59.999000+00:00
2025-08-22 16:00:00+00:00,2.587,2.7,2.586,2.69,20828273.0,2025-08-22 19:59:59.999000+00:00
2025-08-22 20:00:00+00:00,2.691,2.721,2.677,2.689,8854638.0,2025-08-22 23:59:59.999000+00:00
2025-08-23 00:00:00+00:00,2.688,2.703,2.604,2.629,9520495.0,2025-08-23 03:59:59.999000+00:00
2025-08-23 04:00:00+00:00,2.629,2.712,2.627,2.666,7300529.0,2025-08-23 07:59:59.999000+00:00
2025-08-23 08:00:00+00:00,2.666,2.695,2.656,2.674,5350733.0,2025-08-23 11:59:59.999000+00:00
2025-08-23 12:00:00+00:00,2.674,2.696,2.658,2.674,6852593.0,2025-08-23 15:59:59.999000+00:00
2025-08-23 16:00:00+00:00,2.675,2.716,2.653,2.715,5467609.0,2025-08-23 19:59:59.999000+00:00
2025-08-23 20:00:00+00:00,2.715,2.718,2.679,2.699,3968175.0,2025-08-23 23:59:59.999000+00:00
2025-08-24 00:00:00+00:00,2.7,2.714,2.666,2.678,5152634.0,2025-08-24 03:59:59.999000+00:00
2025-08-24 04:00:00+00:00,2.679,2.685,2.63,2.633,5000065.0,2025-08-24 07:59:59.999000+00:00
2025-08-24 08:00:00+00:00,2.633,2.65,2.575,2.588,7258591.0,2025-08-24 11:59:59.999000+00:00
2025-08-24 12:00:00+00:00,2.589,2.657,2.585,2.631,6997547.0,2025-08-24 15:59:59.999000+00:00
2025-08-24 16:00:00+00:00,2.63,2.788,2.624,2.689,26081762.0,2025-08-24 19:59:59.999000+00:00
2025-08-24 20:00:00+00:00,2.69,2.701,2.618,2.654,14086320.0,2025-08-24 23:59:59.999000+00:00
2025-08-25 00:00:00+00:00,2.654,2.688,2.597,2.651,9378694.0,2025-08-25 03:59:59.999000+00:00
2025-08-25 04:00:00+00:00,2.651,2.659,2.509,2.52,13646252.0,2025-08-25 07:59:59.999000+00:00
2025-08-25 08:00:00+00:00,2.521,2.537,2.479,2.512,13955195.0,2025-08-25 11:59:59.999000+00:00
2025-08-25 12:00:00+00:00,2.512,2.529,2.471,2.474,12334515.0,2025-08-25 15:59:59.999000+00:00
2025-08-25 16:00:00+00:00,2.475,2.496,2.421,2.426,12282487.0,2025-08-25 19:59:59.999000+00:00
2025-08-25 20:00:00+00:00,2.426,2.435,2.346,2.394,22320672.0,2025-08-25 23:59:59.999000+00:00
2025-08-26 00:00:00+00:00,2.394,2.439,2.373,2.403,10690693.0,2025-08-26 03:59:59.999000+00:00
2025-08-26 04:00:00+00:00,2.403,2.44,2.394,2.421,6509562.0,2025-08-26 07:59:59.999000+00:00
2025-08-26 08:00:00+00:00,2.421,2.437,2.404,2.429,5028572.0,2025-08-26 11:59:59.999000+00:00
2025-08-26 12:00:00+00:00,2.43,2.488,2.415,2.466,14388145.0,2025-08-26 15:59:59.999000+00:00
2025-08-26 16:00:00+00:00,2.466,2.545,2.466,2.536,11850817.0,2025-08-26 19:59:59.999000+00:00
2025-08-26 20:00:00+00:00,2.537,2.547,2.511,2.525,5930966.0,2025-08-26 23:59:59.999000+00:00
2025-08-27 00:00:00+00:00,2.525,2.552,2.502,2.538,5695053.0,2025-08-27 03:59:59.999000+00:00
2025-08-27 04:00:00+00:00,2.538,2.568,2.506,2.515,6191965.0,2025-08-27 07:59:59.999000+00:00
2025-08-27 08:00:00+00:00,2.515,2.523,2.491,2.519,6545386.0,2025-08-27 11:59:59.999000+00:00
2025-08-27 12:00:00+00:00,2.519,2.555,2.493,2.543,9229887.0,2025-08-27 15:59:59.999000+00:00
2025-08-27 16:00:00+00:00,2.543,2.561,2.513,2.535,6513222.0,2025-08-27 19:59:59.999000+00:00
2025-08-27 20:00:00+00:00,2.536,2.576,2.507,2.517,13658537.0,2025-08-27 23:59:59.999000+00:00
2025-08-28 00:00:00+00:00,2.517,2.53,2.492,2.526,4876503.0,2025-08-28 03:59:59.999000+00:00
2025-08-28 04:00:00+00:00,2.527,2.543,2.503,2.52,5394744.0,2025-08-28 07:59:59.999000+00:00
2025-08-28 08:00:00+00:00,2.52,2.543,2.498,2.523,6365304.0,2025-08-28 11:59:59.999000+00:00
2025-08-28 12:00:00+00:00,2.523,2.567,2.513,2.519,12425270.0,2025-08-28 15:59:59.999000+00:00
2025-08-28 16:00:00+00:00,2.519,2.539,2.478,2.48,7463346.0,2025-08-28 19:59:59.999000+00:00
2025-08-28 20:00:00+00:00,2.481,2.552,2.474,2.544,5265308.0,2025-08-28 23:59:59.999000+00:00
2025-08-29 00:00:00+00:00,2.544,2.551,2.499,2.518,6160620.0,2025-08-29 03:59:59.999000+00:00
2025-08-29 04:00:00+00:00,2.519,2.523,2.427,2.437,12360680.0,2025-08-29 07:59:59.999000+00:00
2025-08-29 08:00:00+00:00,2.437,2.446,2.391,2.438,10433477.0,2025-08-29 11:59:59.999000+00:00
2025-08-29 12:00:00+00:00,2.438,2.51,2.408,2.432,18237192.0,2025-08-29 15:59:59.999000+00:00
2025-08-29 16:00:00+00:00,2.432,2.446,2.39,2.416,7053664.0,2025-08-29 19:59:59.999000+00:00
2025-08-29 20:00:00+00:00,2.416,2.437,2.388,2.428,4055898.0,2025-08-29 23:59:59.999000+00:00
2025-08-30 00:00:00+00:00,2.429,2.463,2.39,2.452,6055826.0,2025-08-30 03:59:59.999000+00:00
2025-08-30 04:00:00+00:00,2.452,2.456,2.435,2.453,3213650.0,2025-08-30 07:59:59.999000+00:00
2025-08-30 08:00:00+00:00,2.454,2.454,2.433,2.445,2810823.0,2025-08-30 11:59:59.999000+00:00
2025-08-30 12:00:00+00:00,2.445,2.446,2.403,2.441,4625780.0,2025-08-30 15:59:59.999000+00:00
2025-08-30 16:00:00+00:00,2.442,2.442,2.414,2.427,2611571.0,2025-08-30 19:59:59.999000+00:00
2025-08-30 20:00:00+00:00,2.427,2.438,2.412,2.433,1854701.0,2025-08-30 23:59:59.999000+00:00
2025-08-31 00:00:00+00:00,2.434,2.481,2.433,2.479,5260703.0,2025-08-31 03:59:59.999000+00:00
2025-08-31 04:00:00+00:00,2.48,2.481,2.437,2.44,3745824.0,2025-08-31 07:59:59.999000+00:00
2025-08-31 08:00:00+00:00,2.439,2.46,2.424,2.444,3467564.0,2025-08-31 11:59:59.999000+00:00
2025-08-31 12:00:00+00:00,2.444,2.447,2.418,2.44,3270381.0,2025-08-31 15:59:59.999000+00:00
2025-08-31 16:00:00+00:00,2.44,2.441,2.416,2.417,3150249.0,2025-08-31 19:59:59.999000+00:00
2025-08-31 20:00:00+00:00,2.418,2.428,2.362,2.365,7459155.0,2025-08-31 23:59:59.999000+00:00
2025-09-01 00:00:00+00:00,2.365,2.37,2.325,2.341,11856987.0,2025-09-01 03:59:59.999000+00:00
2025-09-01 04:00:00+00:00,2.342,2.412,2.318,2.411,7282649.0,2025-09-01 07:59:59.999000+00:00
2025-09-01 08:00:00+00:00,2.411,2.453,2.373,2.379,11043601.0,2025-09-01 11:59:59.999000+00:00
2025-09-01 12:00:00+00:00,2.379,2.395,2.347,2.354,6998717.0,2025-09-01 15:59:59.999000+00:00
2025-09-01 16:00:00+00:00,2.353,2.368,2.331,2.367,5163622.0,2025-09-01 19:59:59.999000+00:00
2025-09-01 20:00:00+00:00,2.367,2.368,2.276,2.34,12280654.0,2025-09-01 23:59:59.999000+00:00
2025-09-02 00:00:00+00:00,2.339,2.384,2.322,2.38,6093409.0,2025-09-02 03:59:59.999000+00:00
2025-09-02 04:00:00+00:00,2.379,2.386,2.354,2.358,3950581.0,2025-09-02 07:59:59.999000+00:00
2025-09-02 08:00:00+00:00,2.359,2.379,2.355,2.363,3507734.0,2025-09-02 11:59:59.999000+00:00
2025-09-02 12:00:00+00:00,2.363,2.413,2.317,2.349,12984436.0,2025-09-02 15:59:59.999000+00:00
2025-09-02 16:00:00+00:00,2.349,2.398,2.349,2.376,4787872.0,2025-09-02 19:59:59.999000+00:00
2025-09-02 20:00:00+00:00,2.377,2.439,2.372,2.437,5555734.0,2025-09-02 23:59:59.999000+00:00
2025-09-03 00:00:00+00:00,2.438,2.471,2.429,2.444,6277555.0,2025-09-03 03:59:59.999000+00:00
2025-09-03 04:00:00+00:00,2.445,2.45,2.419,2.428,4436615.0,2025-09-03 07:59:59.999000+00:00
2025-09-03 08:00:00+00:00,2.427,2.459,2.425,2.455,5048974.0,2025-09-03 11:59:59.999000+00:00
2025-09-03 12:00:00+00:00,2.455,2.483,2.439,2.475,8186835.0,2025-09-03 15:59:59.999000+00:00
2025-09-03 16:00:00+00:00,2.475,2.488,2.461,2.487,3919588.0,2025-09-03 19:59:59.999000+00:00
2025-09-03 20:00:00+00:00,2.488,2.493,2.465,2.467,2995188.0,2025-09-03 23:59:59.999000+00:00
2025-09-04 00:00:00+00:00,2.468,2.476,2.438,2.441,3798551.0,2025-09-04 03:59:59.999000+00:00
2025-09-04 04:00:00+00:00,2.441,2.451,2.399,2.408,6592827.0,2025-09-04 07:59:59.999000+00:00
2025-09-04 08:00:00+00:00,2.408,2.421,2.395,2.404,4569897.0,2025-09-04 11:59:59.999000+00:00
2025-09-04 12:00:00+00:00,2.405,2.425,2.37,2.377,8008025.0,2025-09-04 15:59:59.999000+00:00
2025-09-04 16:00:00+00:00,2.377,2.388,2.357,2.364,4854215.0,2025-09-04 19:59:59.999000+00:00
2025-09-04 20:00:00+00:00,2.364,2.403,2.361,2.374,3488281.0,2025-09-04 23:59:59.999000+00:00
2025-09-05 00:00:00+00:00,2.373,2.394,2.364,2.394,3907928.0,2025-09-05 03:59:59.999000+00:00
2025-09-05 04:00:00+00:00,2.393,2.432,2.378,2.429,4948620.0,2025-09-05 07:59:59.999000+00:00
2025-09-05 08:00:00+00:00,2.428,2.438,2.398,2.432,9386639.0,2025-09-05 11:59:59.999000+00:00
2025-09-05 12:00:00+00:00,2.431,2.479,2.379,2.395,22783050.0,2025-09-05 15:59:59.999000+00:00
2025-09-05 16:00:00+00:00,2.395,2.41,2.372,2.41,5376515.0,2025-09-05 19:59:59.999000+00:00
2025-09-05 20:00:00+00:00,2.41,2.419,2.384,2.399,5326194.0,2025-09-05 23:59:59.999000+00:00
2025-09-06 00:00:00+00:00,2.399,2.41,2.387,2.402,2578158.0,2025-09-06 03:59:59.999000+00:00
2025-09-06 04:00:00+00:00,2.402,2.402,2.383,2.391,2912961.0,2025-09-06 07:59:59.999000+00:00
2025-09-06 08:00:00+00:00,2.391,2.394,2.373,2.391,3158632.0,2025-09-06 11:59:59.999000+00:00
2025-09-06 12:00:00+00:00,2.39,2.406,2.384,2.386,3355887.0,2025-09-06 15:59:59.999000+00:00
2025-09-06 16:00:00+00:00,2.387,2.408,2.374,2.377,3309879.0,2025-09-06 19:59:59.999000+00:00
2025-09-06 20:00:00+00:00,2.377,2.411,2.376,2.401,2620907.0,2025-09-06 23:59:59.999000+00:00
2025-09-07 00:00:00+00:00,2.401,2.441,2.398,2.432,3986188.0,2025-09-07 03:59:59.999000+00:00
2025-09-07 04:00:00+00:00,2.432,2.458,2.43,2.437,3670925.0,2025-09-07 07:59:59.999000+00:00
2025-09-07 08:00:00+00:00,2.436,2.45,2.43,2.443,2988742.0,2025-09-07 11:59:59.999000+00:00
2025-09-07 12:00:00+00:00,2.442,2.486,2.436,2.476,6371970.0,2025-09-07 15:59:59.999000+00:00
2025-09-07 16:00:00+00:00,2.476,2.481,2.445,2.458,3954191.0,2025-09-07 19:59:59.999000+00:00
2025-09-07 20:00:00+00:00,2.457,2.477,2.45,2.464,3631289.0,2025-09-07 23:59:59.999000+00:00
2025-09-08 00:00:00+00:00,2.464,2.511,2.451,2.496,6102141.0,2025-09-08 03:59:59.999000+00:00
2025-09-08 04:00:00+00:00,2.495,2.51,2.478,2.488,5441388.0,2025-09-08 07:59:59.999000+00:00
2025-09-08 08:00:00+00:00,2.489,2.536,2.488,2.505,7905037.0,2025-09-08 11:59:59.999000+00:00
2025-09-08 12:00:00+00:00,2.504,2.572,2.5,2.564,10020251.0,2025-09-08 15:59:59.999000+00:00
2025-09-08 16:00:00+00:00,2.564,2.573,2.542,2.553,5596446.0,2025-09-08 19:59:59.999000+00:00
2025-09-08 20:00:00+00:00,2.554,2.597,2.537,2.577,5086911.0,2025-09-08 23:59:59.999000+00:00
2025-09-09 00:00:00+00:00,2.577,2.629,2.575,2.62,11253359.0,2025-09-09 03:59:59.999000+00:00
2025-09-09 04:00:00+00:00,2.62,2.709,2.607,2.69,15118103.0,2025-09-09 07:59:59.999000+00:00
2025-09-09 08:00:00+00:00,2.69,2.795,2.681,2.734,15718339.0,2025-09-09 11:59:59.999000+00:00
2025-09-09 12:00:00+00:00,2.735,2.763,2.644,2.658,22050452.0,2025-09-09 15:59:59.999000+00:00
2025-09-09 16:00:00+00:00,2.659,2.668,2.634,2.653,6688525.0,2025-09-09 19:59:59.999000+00:00
2025-09-09 20:00:00+00:00,2.654,2.66,2.628,2.634,4343618.0,2025-09-09 23:59:59.999000+00:00
2025-09-10 00:00:00+00:00,2.635,2.693,2.616,2.676,8777922.0,2025-09-10 03:59:59.999000+00:00
2025-09-10 04:00:00+00:00,2.676,2.677,2.642,2.66,5401708.0,2025-09-10 07:59:59.999000+00:00
2025-09-10 08:00:00+00:00,2.66,2.68,2.642,2.652,6216625.0,2025-09-10 11:59:59.999000+00:00
2025-09-10 12:00:00+00:00,2.652,2.733,2.652,2.701,12373815.0,2025-09-10 15:59:59.999000+00:00
2025-09-10 16:00:00+00:00,2.701,2.716,2.655,2.669,7012052.0,2025-09-10 19:59:59.999000+00:00
2025-09-10 20:00:00+00:00,2.669,2.733,2.668,2.726,4561118.0,2025-09-10 23:59:59.999000+00:00
2025-09-11 00:00:00+00:00,2.725,2.77,2.72,2.741,6512394.0,2025-09-11 03:59:59.999000+00:00
2025-09-11 04:00:00+00:00,2.741,2.747,2.706,2.736,4636309.0,2025-09-11 07:59:59.999000+00:00
2025-09-11 08:00:00+00:00,2.737,2.741,2.704,2.707,4509494.0,2025-09-11 11:59:59.999000+00:00
2025-09-11 12:00:00+00:00,2.707,2.75,2.672,2.689,12079000.0,2025-09-11 15:59:59.999000+00:00
2025-09-11 16:00:00+00:00,2.689,2.722,2.689,2.717,3359068.0,2025-09-11 19:59:59.999000+00:00
2025-09-11 20:00:00+00:00,2.718,2.755,2.712,2.745,3572106.0,2025-09-11 23:59:59.999000+00:00
2025-09-12 00:00:00+00:00,2.745,2.774,2.723,2.738,6012917.0,2025-09-12 03:59:59.999000+00:00
2025-09-12 04:00:00+00:00,2.738,2.781,2.728,2.744,5426510.0,2025-09-12 07:59:59.999000+00:00
2025-09-12 08:00:00+00:00,2.745,2.745,2.692,2.7,6035148.0,2025-09-12 11:59:59.999000+00:00
2025-09-12 12:00:00+00:00,2.701,2.746,2.685,2.72,6573154.0,2025-09-12 15:59:59.999000+00:00
2025-09-12 16:00:00+00:00,2.721,2.805,2.717,2.802,7338426.0,2025-09-12 19:59:59.999000+00:00
2025-09-12 20:00:00+00:00,2.801,2.813,2.766,2.79,6649884.0,2025-09-12 23:59:59.999000+00:00
2025-09-13 00:00:00+00:00,2.79,2.811,2.776,2.805,5211783.0,2025-09-13 03:59:59.999000+00:00
2025-09-13 04:00:00+00:00,2.806,2.844,2.792,2.816,6986762.0,2025-09-13 07:59:59.999000+00:00
2025-09-13 08:00:00+00:00,2.817,2.884,2.813,2.88,8686246.0,2025-09-13 11:59:59.999000+00:00
2025-09-13 12:00:00+00:00,2.88,2.888,2.79,2.819,13953145.0,2025-09-13 15:59:59.999000+00:00
2025-09-13 16:00:00+00:00,2.819,2.829,2.759,2.801,7605692.0,2025-09-13 19:59:59.999000+00:00
2025-09-13 20:00:00+00:00,2.8,2.821,2.797,2.81,3177125.0,2025-09-13 23:59:59.999000+00:00
2025-09-14 00:00:00+00:00,2.809,2.817,2.754,2.759,6126328.0,2025-09-14 03:59:59.999000+00:00
2025-09-14 04:00:00+00:00,2.758,2.786,2.732,2.755,5810672.0,2025-09-14 07:59:59.999000+00:00
2025-09-14 08:00:00+00:00,2.756,2.765,2.704,2.709,6424519.0,2025-09-14 11:59:59.999000+00:00
2025-09-14 12:00:00+00:00,2.71,2.726,2.671,2.687,10333458.0,2025-09-14 15:59:59.999000+00:00
2025-09-14 16:00:00+00:00,2.687,2.726,2.68,2.704,4273972.0,2025-09-14 19:59:59.999000+00:00
2025-09-14 20:00:00+00:00,2.703,2.74,2.689,2.704,4731821.0,2025-09-14 23:59:59.999000+00:00
2025-09-15 00:00:00+00:00,2.704,2.736,2.672,2.731,5693338.0,2025-09-15 03:59:59.999000+00:00
2025-09-15 04:00:00+00:00,2.731,2.776,2.664,2.67,10959523.0,2025-09-15 07:59:59.999000+00:00
2025-09-15 08:00:00+00:00,2.671,2.672,2.596,2.628,17509240.0,2025-09-15 11:59:59.999000+00:00
2025-09-15 12:00:00+00:00,2.629,2.643,2.584,2.602,8749039.0,2025-09-15 15:59:59.999000+00:00
2025-09-15 16:00:00+00:00,2.602,2.625,2.575,2.618,5931243.0,2025-09-15 19:59:59.999000+00:00
2025-09-15 20:00:00+00:00,2.617,2.634,2.614,2.625,2922020.0,2025-09-15 23:59:59.999000+00:00
2025-09-16 00:00:00+00:00,2.625,2.631,2.599,2.599,3199412.0,2025-09-16 03:59:59.999000+00:00
2025-09-16 04:00:00+00:00,2.6,2.676,2.577,2.662,9059897.0,2025-09-16 07:59:59.999000+00:00
2025-09-16 08:00:00+00:00,2.661,2.701,2.659,2.695,9555198.0,2025-09-16 11:59:59.999000+00:00
2025-09-16 12:00:00+00:00,2.694,2.728,2.662,2.711,12583807.0,2025-09-16 15:59:59.999000+00:00
2025-09-16 16:00:00+00:00,2.712,2.735,2.692,2.702,6928308.0,2025-09-16 19:59:59.999000+00:00
2025-09-16 20:00:00+00:00,2.703,2.725,2.696,2.707,3546303.0,2025-09-16 23:59:59.999000+00:00
2025-09-17 00:00:00+00:00,2.707,2.73,2.685,2.7,5017056.0,2025-09-17 03:59:59.999000+00:00
2025-09-17 04:00:00+00:00,2.7,2.748,2.678,2.747,5337470.0,2025-09-17 07:59:59.999000+00:00
2025-09-17 08:00:00+00:00,2.747,2.768,2.703,2.705,11826021.0,2025-09-17 11:59:59.999000+00:00
2025-09-17 12:00:00+00:00,2.706,2.717,2.662,2.665,6382034.0,2025-09-17 15:59:59.999000+00:00
2025-09-17 16:00:00+00:00,2.665,2.776,2.647,2.771,17911180.0,2025-09-17 19:59:59.999000+00:00
2025-09-17 20:00:00+00:00,2.772,2.836,2.724,2.823,12451845.0,2025-09-17 23:59:59.999000+00:00
2025-09-18 00:00:00+00:00,2.824,2.897,2.801,2.882,11025172.0,2025-09-18 03:59:59.999000+00:00
2025-09-18 04:00:00+00:00,2.882,2.928,2.863,2.902,12007450.0,2025-09-18 07:59:59.999000+00:00
2025-09-18 08:00:00+00:00,2.902,2.947,2.896,2.913,10466960.0,2025-09-18 11:59:59.999000+00:00
2025-09-18 12:00:00+00:00,2.913,3.002,2.899,2.994,13689340.0,2025-09-18 15:59:59.999000+00:00
2025-09-18 16:00:00+00:00,2.995,3.221,2.972,3.201,40437362.0,2025-09-18 19:59:59.999000+00:00
2025-09-18 20:00:00+00:00,3.201,3.265,3.134,3.175,29816879.0,2025-09-18 23:59:59.999000+00:00
2025-09-19 00:00:00+00:00,3.174,3.276,3.174,3.193,22251601.0,2025-09-19 03:59:59.999000+00:00
2025-09-19 04:00:00+00:00,3.192,3.247,3.139,3.206,18264741.0,2025-09-19 07:59:59.999000+00:00
2025-09-19 08:00:00+00:00,3.206,3.338,3.146,3.162,40343150.0,2025-09-19 11:59:59.999000+00:00
2025-09-19 12:00:00+00:00,3.162,3.215,3.118,3.146,26407523.0,2025-09-19 15:59:59.999000+00:00
2025-09-19 16:00:00+00:00,3.146,3.178,3.089,3.118,12869923.0,2025-09-19 19:59:59.999000+00:00
2025-09-19 20:00:00+00:00,3.117,3.176,3.106,3.119,8650944.0,2025-09-19 23:59:59.999000+00:00
2025-09-20 00:00:00+00:00,3.119,3.164,3.049,3.099,18214230.0,2025-09-20 03:59:59.999000+00:00
2025-09-20 04:00:00+00:00,3.099,3.143,3.098,3.134,8113455.0,2025-09-20 07:59:59.999000+00:00
2025-09-20 08:00:00+00:00,3.134,3.141,3.063,3.079,8603233.0,2025-09-20 11:59:59.999000+00:00
2025-09-20 12:00:00+00:00,3.08,3.279,3.069,3.174,20450884.0,2025-09-20 15:59:59.999000+00:00
2025-09-20 16:00:00+00:00,3.174,3.204,3.142,3.159,10915757.0,2025-09-20 19:59:59.999000+00:00
2025-09-20 20:00:00+00:00,3.159,3.201,3.141,3.154,5533043.0,2025-09-20 23:59:59.999000+00:00
2025-09-21 00:00:00+00:00,3.155,3.156,3.107,3.122,5633654.0,2025-09-21 03:59:59.999000+00:00
2025-09-21 04:00:00+00:00,3.123,3.146,3.105,3.137,5463211.0,2025-09-21 07:59:59.999000+00:00
2025-09-21 08:00:00+00:00,3.137,3.158,3.087,3.093,8670335.0,2025-09-21 11:59:59.999000+00:00
2025-09-21 12:00:00+00:00,3.093,3.13,3.09,3.1,5372592.0,2025-09-21 15:59:59.999000+00:00
2025-09-21 16:00:00+00:00,3.099,3.155,3.068,3.155,8031990.0,2025-09-21 19:59:59.999000+00:00
2025-09-21 20:00:00+00:00,3.155,3.168,3.119,3.127,4739788.0,2025-09-21 23:59:59.999000+00:00
2025-09-22 00:00:00+00:00,3.127,3.16,2.954,2.985,25917059.0,2025-09-22 03:59:59.999000+00:00
2025-09-22 04:00:00+00:00,2.984,2.99,2.72,2.842,33156612.0,2025-09-22 07:59:59.999000+00:00
2025-09-22 08:00:00+00:00,2.843,2.908,2.814,2.875,15819266.0,2025-09-22 11:59:59.999000+00:00
2025-09-22 12:00:00+00:00,2.875,2.946,2.859,2.89,14910294.0,2025-09-22 15:59:59.999000+00:00
2025-09-22 16:00:00+00:00,2.89,2.916,2.845,2.856,8488560.0,2025-09-22 19:59:59.999000+00:00
2025-09-22 20:00:00+00:00,2.856,2.994,2.853,2.961,9738234.0,2025-09-22 23:59:59.999000+00:00
2025-09-23 00:00:00+00:00,2.961,3.035,2.854,2.947,17818923.0,2025-09-23 03:59:59.999000+00:00
2025-09-23 04:00:00+00:00,2.948,3.122,2.879,3.085,25277716.0,2025-09-23 07:59:59.999000+00:00
2025-09-23 08:00:00+00:00,3.086,3.132,3.003,3.008,16097060.0,2025-09-23 11:59:59.999000+00:00
2025-09-23 12:00:00+00:00,3.007,3.071,2.993,3.045,14300683.0,2025-09-23 15:59:59.999000+00:00
2025-09-23 16:00:00+00:00,3.045,3.055,2.931,2.938,13545468.0,2025-09-23 19:59:59.999000+00:00
2025-09-23 20:00:00+00:00,2.939,2.998,2.91,2.918,8247020.0,2025-09-23 23:59:59.999000+00:00
2025-09-24 00:00:00+00:00,2.918,2.989,2.904,2.905,12063843.0,2025-09-24 03:59:59.999000+00:00
2025-09-24 04:00:00+00:00,2.905,3.026,2.863,2.988,17014421.0,2025-09-24 07:59:59.999000+00:00
2025-09-24 08:00:00+00:00,2.988,3.056,2.985,3.024,13324046.0,2025-09-24 11:59:59.999000+00:00
2025-09-24 12:00:00+00:00,3.024,3.1,3.008,3.071,15874601.0,2025-09-24 15:59:59.999000+00:00
2025-09-24 16:00:00+00:00,3.072,3.117,3.052,3.065,9031532.0,2025-09-24 19:59:59.999000+00:00
2025-09-24 20:00:00+00:00,3.066,3.073,3.014,3.021,7932949.0,2025-09-24 23:59:59.999000+00:00
2025-09-25 00:00:00+00:00,3.021,3.035,2.907,2.927,16598714.0,2025-09-25 03:59:59.999000+00:00
2025-09-25 04:00:00+00:00,2.926,2.934,2.846,2.862,22095981.0,2025-09-25 07:59:59.999000+00:00
2025-09-25 08:00:00+00:00,2.862,2.908,2.824,2.834,16168539.0,2025-09-25 11:59:59.999000+00:00
2025-09-25 12:00:00+00:00,2.834,2.92,2.788,2.866,22274734.0,2025-09-25 15:59:59.999000+00:00
2025-09-25 16:00:00+00:00,2.865,2.872,2.771,2.815,22787805.0,2025-09-25 19:59:59.999000+00:00
2025-09-25 20:00:00+00:00,2.815,2.818,2.704,2.727,14244490.0,2025-09-25 23:59:59.999000+00:00
2025-09-26 00:00:00+00:00,2.727,2.764,2.694,2.755,12611412.0,2025-09-26 03:59:59.999000+00:00
2025-09-26 04:00:00+00:00,2.755,2.766,2.64,2.698,19205604.0,2025-09-26 07:59:59.999000+00:00
2025-09-26 08:00:00+00:00,2.698,2.719,2.65,2.659,9015313.0,2025-09-26 11:59:59.999000+00:00
2025-09-26 12:00:00+00:00,2.659,2.738,2.622,2.735,16848544.0,2025-09-26 15:59:59.999000+00:00
2025-09-26 16:00:00+00:00,2.735,2.796,2.717,2.733,11784268.0,2025-09-26 19:59:59.999000+00:00
2025-09-26 20:00:00+00:00,2.734,2.79,2.728,2.775,4017819.0,2025-09-26 23:59:59.999000+00:00
2025-09-27 00:00:00+00:00,2.775,2.776,2.74,2.746,3722194.0,2025-09-27 03:59:59.999000+00:00
2025-09-27 04:00:00+00:00,2.746,2.756,2.706,2.713,3213140.0,2025-09-27 07:59:59.999000+00:00
2025-09-27 08:00:00+00:00,2.712,2.716,2.688,2.706,5137764.0,2025-09-27 11:59:59.999000+00:00
2025-09-27 12:00:00+00:00,2.706,2.741,2.698,2.739,4889270.0,2025-09-27 15:59:59.999000+00:00
2025-09-27 16:00:00+00:00,2.739,2.74,2.683,2.713,4538446.0,2025-09-27 19:59:59.999000+00:00
2025-09-27 20:00:00+00:00,2.713,2.756,2.704,2.726,3027445.0,2025-09-27 23:59:59.999000+00:00
2025-09-28 00:00:00+00:00,2.726,2.736,2.678,2.689,4443855.0,2025-09-28 03:59:59.999000+00:00
2025-09-28 04:00:00+00:00,2.689,2.7,2.657,2.681,4089247.0,2025-09-28 07:59:59.999000+00:00
2025-09-28 08:00:00+00:00,2.68,2.694,2.657,2.672,5259711.0,2025-09-28 11:59:59.999000+00:00
2025-09-28 12:00:00+00:00,2.671,2.715,2.646,2.698,6867466.0,2025-09-28 15:59:59.999000+00:00
2025-09-28 16:00:00+00:00,2.698,2.728,2.694,2.717,5131314.0,2025-09-28 19:59:59.999000+00:00
2025-09-28 20:00:00+00:00,2.717,2.814,2.712,2.798,9332156.0,2025-09-28 23:59:59.999000+00:00
2025-09-29 00:00:00+00:00,2.798,2.833,2.78,2.808,7542725.0,2025-09-29 03:59:59.999000+00:00
2025-09-29 04:00:00+00:00,2.809,2.81,2.737,2.756,7701037.0,2025-09-29 07:59:59.999000+00:00
2025-09-29 08:00:00+00:00,2.756,2.801,2.725,2.745,8473866.0,2025-09-29 11:59:59.999000+00:00
2025-09-29 12:00:00+00:00,2.746,2.827,2.69,2.786,16447852.0,2025-09-29 15:59:59.999000+00:00
2025-09-29 16:00:00+00:00,2.786,2.804,2.736,2.784,7619482.0,2025-09-29 19:59:59.999000+00:00
2025-09-29 20:00:00+00:00,2.783,2.822,2.771,2.773,5703209.0,2025-09-29 23:59:59.999000+00:00
2025-09-30 00:00:00+00:00,2.773,2.788,2.715,2.72,6999567.0,2025-09-30 03:59:59.999000+00:00
2025-09-30 04:00:00+00:00,2.721,2.726,2.661,2.672,9046405.0,2025-09-30 07:59:59.999000+00:00
2025-09-30 08:00:00+00:00,2.672,2.678,2.626,2.65,9774648.0,2025-09-30 11:59:59.999000+00:00
2025-09-30 12:00:00+00:00,2.65,2.655,2.566,2.591,16160882.0,2025-09-30 15:59:59.999000+00:00
2025-09-30 16:00:00+00:00,2.591,2.632,2.561,2.623,9825077.0,2025-09-30 19:59:59.999000+00:00
2025-09-30 20:00:00+00:00,2.622,2.651,2.597,2.626,7724359.0,2025-09-30 23:59:59.999000+00:00
2025-10-01 00:00:00+00:00,2.627,2.682,2.613,2.622,8536887.0,2025-10-01 03:59:59.999000+00:00
2025-10-01 04:00:00+00:00,2.621,2.677,2.619,2.658,6902914.0,2025-10-01 07:59:59.999000+00:00
2025-10-01 08:00:00+00:00,2.657,2.826,2.653,2.804,22904627.0,2025-10-01 11:59:59.999000+00:00
2025-10-01 12:00:00+00:00,2.804,2.847,2.774,2.843,10468220.0,2025-10-01 15:59:59.999000+00:00
2025-10-01 16:00:00+00:00,2.843,2.875,2.821,2.84,13863843.0,2025-10-01 19:59:59.999000+00:00
2025-10-01 20:00:00+00:00,2.839,2.843,2.803,2.832,6312740.0,2025-10-01 23:59:59.999000+00:00
2025-10-02 00:00:00+00:00,2.833,2.91,2.831,2.899,9995058.0,2025-10-02 03:59:59.999000+00:00
2025-10-02 04:00:00+00:00,2.899,2.93,2.876,2.878,9566045.0,2025-10-02 07:59:59.999000+00:00
2025-10-02 08:00:00+00:00,2.879,2.915,2.872,2.891,7208607.0,2025-10-02 11:59:59.999000+00:00
2025-10-02 12:00:00+00:00,2.891,2.904,2.82,2.881,13261172.0,2025-10-02 15:59:59.999000+00:00
2025-10-02 16:00:00+00:00,2.881,2.958,2.876,2.947,12025664.0,2025-10-02 19:59:59.999000+00:00
2025-10-02 20:00:00+00:00,2.948,2.985,2.933,2.967,7755549.0,2025-10-02 23:59:59.999000+00:00
2025-10-03 00:00:00+00:00,2.968,2.981,2.901,2.92,9557205.0,2025-10-03 03:59:59.999000+00:00
2025-10-03 04:00:00+00:00,2.92,2.954,2.89,2.913,6929160.0,2025-10-03 07:59:59.999000+00:00
2025-10-03 08:00:00+00:00,2.914,2.951,2.887,2.92,6407187.0,2025-10-03 11:59:59.999000+00:00
2025-10-03 12:00:00+00:00,2.92,3.019,2.902,3.016,11248256.0,2025-10-03 15:59:59.999000+00:00
2025-10-03 16:00:00+00:00,3.016,3.081,2.971,3.037,21471308.0,2025-10-03 19:59:59.999000+00:00
2025-10-03 20:00:00+00:00,3.038,3.056,3.02,3.032,4087079.0,2025-10-03 23:59:59.999000+00:00
2025-10-04 00:00:00+00:00,3.031,3.043,2.973,2.981,6836108.0,2025-10-04 03:59:59.999000+00:00
2025-10-04 04:00:00+00:00,2.981,3.014,2.962,2.978,7435434.0,2025-10-04 07:59:59.999000+00:00
2025-10-04 08:00:00+00:00,2.979,2.984,2.921,2.932,7044682.0,2025-10-04 11:59:59.999000+00:00
2025-10-04 12:00:00+00:00,2.931,2.971,2.882,2.89,9268039.0,2025-10-04 15:59:59.999000+00:00
2025-10-04 16:00:00+00:00,2.89,2.919,2.876,2.917,4336509.0,2025-10-04 19:59:59.999000+00:00
2025-10-04 20:00:00+00:00,2.917,2.973,2.916,2.958,3305704.0,2025-10-04 23:59:59.999000+00:00
2025-10-05 00:00:00+00:00,2.959,3.063,2.93,3.008,10883049.0,2025-10-05 03:59:59.999000+00:00
2025-10-05 04:00:00+00:00,3.008,3.161,3.002,3.156,18230933.0,2025-10-05 07:59:59.999000+00:00
2025-10-05 08:00:00+00:00,3.157,3.179,3.04,3.061,18734350.0,2025-10-05 11:59:59.999000+00:00
2025-10-05 12:00:00+00:00,3.062,3.064,3.004,3.029,9355604.0,2025-10-05 15:59:59.999000+00:00
2025-10-05 16:00:00+00:00,3.03,3.035,2.946,2.947,9833389.0,2025-10-05 19:59:59.999000+00:00
2025-10-05 20:00:00+00:00,2.948,2.975,2.937,2.955,5610470.0,2025-10-05 23:59:59.999000+00:00
2025-10-06 00:00:00+00:00,2.956,2.998,2.931,2.965,9584274.0,2025-10-06 03:59:59.999000+00:00
2025-10-06 04:00:00+00:00,2.965,2.978,2.93,2.951,6926958.0,2025-10-06 07:59:59.999000+00:00
2025-10-06 08:00:00+00:00,2.951,2.995,2.938,2.979,7438881.0,2025-10-06 11:59:59.999000+00:00
2025-10-06 12:00:00+00:00,2.978,3.075,2.973,3.059,15996895.0,2025-10-06 15:59:59.999000+00:00
2025-10-06 16:00:00+00:00,3.059,3.085,3.028,3.073,7896146.0,2025-10-06 19:59:59.999000+00:00
2025-10-06 20:00:00+00:00,3.073,3.087,3.039,3.049,5299627.0,2025-10-06 23:59:59.999000+00:00
2025-10-07 00:00:00+00:00,3.049,3.072,3.011,3.021,6088320.0,2025-10-07 03:59:59.999000+00:00
2025-10-07 04:00:00+00:00,3.021,3.058,2.976,2.996,14148804.0,2025-10-07 07:59:59.999000+00:00
2025-10-07 08:00:00+00:00,2.996,3.028,2.96,3.018,9071615.0,2025-10-07 11:59:59.999000+00:00
2025-10-07 12:00:00+00:00,3.017,3.071,2.901,2.919,29083708.0,2025-10-07 15:59:59.999000+00:00
2025-10-07 16:00:00+00:00,2.919,2.972,2.904,2.917,8716605.0,2025-10-07 19:59:59.999000+00:00
2025-10-07 20:00:00+00:00,2.918,2.981,2.916,2.947,8436731.0,2025-10-07 23:59:59.999000+00:00
2025-10-08 00:00:00+00:00,2.946,3.012,2.912,2.924,11623905.0,2025-10-08 03:59:59.999000+00:00
2025-10-08 04:00:00+00:00,2.925,2.959,2.897,2.954,9178148.0,2025-10-08 07:59:59.999000+00:00
2025-10-08 08:00:00+00:00,2.955,2.974,2.93,2.934,6746163.0,2025-10-08 11:59:59.999000+00:00
2025-10-08 12:00:00+00:00,2.935,2.981,2.903,2.911,13278952.0,2025-10-08 15:59:59.999000+00:00
2025-10-08 16:00:00+00:00,2.911,3.023,2.906,2.996,12165521.0,2025-10-08 19:59:59.999000+00:00
2025-10-08 20:00:00+00:00,2.995,3.005,2.953,2.964,4584621.0,2025-10-08 23:59:59.999000+00:00
2025-10-09 00:00:00+00:00,2.964,2.967,2.869,2.923,15130257.0,2025-10-09 03:59:59.999000+00:00
2025-10-09 04:00:00+00:00,2.922,2.95,2.878,2.882,9231671.0,2025-10-09 07:59:59.999000+00:00
2025-10-09 08:00:00+00:00,2.882,2.897,2.835,2.875,11072520.0,2025-10-09 11:59:59.999000+00:00
2025-10-09 12:00:00+00:00,2.875,2.93,2.827,2.838,14826677.0,2025-10-09 15:59:59.999000+00:00
2025-10-09 16:00:00+00:00,2.838,2.869,2.807,2.861,8430173.0,2025-10-09 19:59:59.999000+00:00
2025-10-09 20:00:00+00:00,2.861,2.909,2.848,2.878,5663652.0,2025-10-09 23:59:59.999000+00:00
2025-10-10 00:00:00+00:00,2.879,2.986,2.875,2.963,9615068.0,2025-10-10 03:59:59.999000+00:00
2025-10-10 04:00:00+00:00,2.963,3.121,2.963,2.981,28916107.0,2025-10-10 07:59:59.999000+00:00
2025-10-10 08:00:00+00:00,2.982,3.162,2.966,3.155,22555024.0,2025-10-10 11:59:59.999000+00:00
2025-10-10 12:00:00+00:00,3.155,3.227,3.009,3.049,45875520.0,2025-10-10 15:59:59.999000+00:00
2025-10-10 16:00:00+00:00,3.049,3.117,2.936,2.964,25656300.0,2025-10-10 19:59:59.999000+00:00
2025-10-10 20:00:00+00:00,2.964,2.987,1.543,2.378,157584405.0,2025-10-10 23:59:59.999000+00:00
2025-10-11 00:00:00+00:00,2.377,2.497,2.308,2.403,33691673.0,2025-10-11 03:59:59.999000+00:00
2025-10-11 04:00:00+00:00,2.403,2.487,2.385,2.458,17020568.0,2025-10-11 07:59:59.999000+00:00
2025-10-11 08:00:00+00:00,2.457,2.578,2.446,2.478,17165718.0,2025-10-11 11:59:59.999000+00:00
2025-10-11 12:00:00+00:00,2.478,2.483,2.375,2.393,17187423.0,2025-10-11 15:59:59.999000+00:00
2025-10-11 16:00:00+00:00,2.393,2.403,2.251,2.276,19427853.0,2025-10-11 19:59:59.999000+00:00
2025-10-11 20:00:00+00:00,2.276,2.307,2.182,2.298,24363765.0,2025-10-11 23:59:59.999000+00:00
2025-10-12 00:00:00+00:00,2.298,2.298,2.216,2.261,15478409.0,2025-10-12 03:59:59.999000+00:00
2025-10-12 04:00:00+00:00,2.26,2.342,2.254,2.322,13804518.0,2025-10-12 07:59:59.999000+00:00
2025-10-12 08:00:00+00:00,2.322,2.334,2.263,2.286,11425523.0,2025-10-12 11:59:59.999000+00:00
2025-10-12 12:00:00+00:00,2.287,2.445,2.233,2.432,39812146.0,2025-10-12 15:59:59.999000+00:00
2025-10-12 16:00:00+00:00,2.432,2.509,2.415,2.505,25012225.0,2025-10-12 19:59:59.999000+00:00
2025-10-12 20:00:00+00:00,2.504,2.517,2.427,2.455,13277933.0,2025-10-12 23:59:59.999000+00:00
2025-10-13 00:00:00+00:00,2.454,2.487,2.413,2.44,10190401.0,2025-10-13 03:59:59.999000+00:00
2025-10-13 04:00:00+00:00,2.44,2.527,2.418,2.487,10023209.0,2025-10-13 07:59:59.999000+00:00
2025-10-13 08:00:00+00:00,2.486,2.554,2.41,2.46,20334002.0,2025-10-13 11:59:59.999000+00:00
2025-10-13 12:00:00+00:00,2.46,2.571,2.443,2.533,21169321.0,2025-10-13 15:59:59.999000+00:00
2025-10-13 16:00:00+00:00,2.534,2.665,2.504,2.651,18369138.0,2025-10-13 19:59:59.999000+00:00
2025-10-13 20:00:00+00:00,2.651,2.68,2.607,2.618,8097106.0,2025-10-13 23:59:59.999000+00:00
2025-10-14 00:00:00+00:00,2.619,2.636,2.532,2.556,10773895.0,2025-10-14 03:59:59.999000+00:00
2025-10-14 04:00:00+00:00,2.555,2.57,2.373,2.409,24510464.0,2025-10-14 07:59:59.999000+00:00
2025-10-14 08:00:00+00:00,2.408,2.452,2.351,2.401,14911450.0,2025-10-14 11:59:59.999000+00:00
2025-10-14 12:00:00+00:00,2.401,2.467,2.336,2.464,23844665.0,2025-10-14 15:59:59.999000+00:00
2025-10-14 16:00:00+00:00,2.464,2.501,2.411,2.452,21201631.0,2025-10-14 19:59:59.999000+00:00
2025-10-14 20:00:00+00:00,2.452,2.479,2.431,2.46,7283158.0,2025-10-14 23:59:59.999000+00:00
2025-10-15 00:00:00+00:00,2.459,2.49,2.423,2.442,8283518.0,2025-10-15 03:59:59.999000+00:00
2025-10-15 04:00:00+00:00,2.442,2.477,2.426,2.473,7064597.0,2025-10-15 07:59:59.999000+00:00
2025-10-15 08:00:00+00:00,2.473,2.52,2.402,2.416,12450406.0,2025-10-15 11:59:59.999000+00:00
2025-10-15 12:00:00+00:00,2.415,2.427,2.327,2.345,22879667.0,2025-10-15 15:59:59.999000+00:00
2025-10-15 16:00:00+00:00,2.345,2.375,2.317,2.328,12465129.0,2025-10-15 19:59:59.999000+00:00
2025-10-15 20:00:00+00:00,2.329,2.341,2.289,2.323,11672405.0,2025-10-15 23:59:59.999000+00:00
2025-10-16 00:00:00+00:00,2.324,2.355,2.31,2.331,6714142.0,2025-10-16 03:59:59.999000+00:00
2025-10-16 04:00:00+00:00,2.331,2.356,2.311,2.319,7805692.0,2025-10-16 07:59:59.999000+00:00
2025-10-16 08:00:00+00:00,2.32,2.375,2.218,2.36,21425079.0,2025-10-16 11:59:59.999000+00:00
2025-10-16 12:00:00+00:00,2.36,2.378,2.238,2.248,19888195.0,2025-10-16 15:59:59.999000+00:00
2025-10-16 16:00:00+00:00,2.249,2.3,2.192,2.217,19320518.0,2025-10-16 19:59:59.999000+00:00
2025-10-16 20:00:00+00:00,2.217,2.228,2.181,2.198,10910511.0,2025-10-16 23:59:59.999000+00:00
2025-10-17 00:00:00+00:00,2.197,2.234,2.189,2.228,8196259.0,2025-10-17 03:59:59.999000+00:00
2025-10-17 04:00:00+00:00,2.229,2.233,2.087,2.093,21591209.0,2025-10-17 07:59:59.999000+00:00
2025-10-17 08:00:00+00:00,2.094,2.189,2.055,2.167,32353076.0,2025-10-17 11:59:59.999000+00:00
2025-10-17 12:00:00+00:00,2.166,2.182,2.108,2.17,19540696.0,2025-10-17 15:59:59.999000+00:00
2025-10-17 16:00:00+00:00,2.17,2.198,2.132,2.141,11772952.0,2025-10-17 19:59:59.999000+00:00
2025-10-17 20:00:00+00:00,2.142,2.175,2.133,2.149,5834588.0,2025-10-17 23:59:59.999000+00:00
2025-10-18 00:00:00+00:00,2.149,2.186,2.143,2.172,4821283.0,2025-10-18 03:59:59.999000+00:00
2025-10-18 04:00:00+00:00,2.171,2.184,2.137,2.151,7197367.0,2025-10-18 07:59:59.999000+00:00
2025-10-18 08:00:00+00:00,2.152,2.169,2.143,2.164,5729872.0,2025-10-18 11:59:59.999000+00:00
2025-10-18 12:00:00+00:00,2.164,2.173,2.12,2.131,7012802.0,2025-10-18 15:59:59.999000+00:00
2025-10-18 16:00:00+00:00,2.132,2.156,2.11,2.155,6072295.0,2025-10-18 19:59:59.999000+00:00
2025-10-18 20:00:00+00:00,2.154,2.175,2.146,2.164,3920131.0,2025-10-18 23:59:59.999000+00:00
2025-10-19 00:00:00+00:00,2.165,2.186,2.147,2.179,5189589.0,2025-10-19 03:59:59.999000+00:00
2025-10-19 04:00:00+00:00,2.18,2.185,2.152,2.163,3960787.0,2025-10-19 07:59:59.999000+00:00
2025-10-19 08:00:00+00:00,2.162,2.242,2.133,2.219,19644680.0,2025-10-19 11:59:59.999000+00:00
2025-10-19 12:00:00+00:00,2.22,2.284,2.202,2.262,14257150.0,2025-10-19 15:59:59.999000+00:00
2025-10-19 16:00:00+00:00,2.262,2.274,2.238,2.265,8051657.0,2025-10-19 19:59:59.999000+00:00
2025-10-19 20:00:00+00:00,2.266,2.298,2.251,2.257,6527633.0,2025-10-19 23:59:59.999000+00:00
2025-10-20 00:00:00+00:00,2.257,2.304,2.21,2.298,9754326.0,2025-10-20 03:59:59.999000+00:00
2025-10-20 04:00:00+00:00,2.298,2.337,2.284,2.311,10705970.0,2025-10-20 07:59:59.999000+00:00
2025-10-20 08:00:00+00:00,2.31,2.317,2.283,2.307,6627766.0,2025-10-20 11:59:59.999000+00:00
2025-10-20 12:00:00+00:00,2.306,2.331,2.292,2.293,8227578.0,2025-10-20 15:59:59.999000+00:00
2025-10-20 16:00:00+00:00,2.293,2.301,2.248,2.289,13036126.0,2025-10-20 19:59:59.999000+00:00
2025-10-20 20:00:00+00:00,2.288,2.303,2.253,2.259,5827411.0,2025-10-20 23:59:59.999000+00:00
2025-10-21 00:00:00+00:00,2.258,2.267,2.216,2.221,7997255.0,2025-10-21 03:59:59.999000+00:00
2025-10-21 04:00:00+00:00,2.221,2.224,2.162,2.195,12692486.0,2025-10-21 07:59:59.999000+00:00
2025-10-21 08:00:00+00:00,2.196,2.207,2.163,2.202,8252747.0,2025-10-21 11:59:59.999000+00:00
2025-10-21 12:00:00+00:00,2.201,2.363,2.199,2.346,25926666.0,2025-10-21 15:59:59.999000+00:00
2025-10-21 16:00:00+00:00,2.346,2.353,2.284,2.298,14346037.0,2025-10-21 19:59:59.999000+00:00
2025-10-21 20:00:00+00:00,2.299,2.303,2.212,2.217,12557158.0,2025-10-21 23:59:59.999000+00:00
2025-10-22 00:00:00+00:00,2.216,2.235,2.196,2.218,9794577.0,2025-10-22 03:59:59.999000+00:00
2025-10-22 04:00:00+00:00,2.218,2.244,2.187,2.213,9909055.0,2025-10-22 07:59:59.999000+00:00
2025-10-22 08:00:00+00:00,2.213,2.22,2.151,2.199,13199224.0,2025-10-22 11:59:59.999000+00:00
2025-10-22 12:00:00+00:00,2.198,2.24,2.178,2.209,16704262.0,2025-10-22 15:59:59.999000+00:00
2025-10-22 16:00:00+00:00,2.209,2.212,2.159,2.181,12932478.0,2025-10-22 19:59:59.999000+00:00
2025-10-22 20:00:00+00:00,2.182,2.187,2.093,2.164,17748968.0,2025-10-22 23:59:59.999000+00:00
2025-10-23 00:00:00+00:00,2.164,2.172,2.145,2.148,5990972.0,2025-10-23 03:59:59.999000+00:00
2025-10-23 04:00:00+00:00,2.149,2.197,2.143,2.192,7748915.0,2025-10-23 07:59:59.999000+00:00
2025-10-23 08:00:00+00:00,2.193,2.206,2.172,2.176,6432623.0,2025-10-23 11:59:59.999000+00:00
2025-10-23 12:00:00+00:00,2.175,2.214,2.153,2.197,14505890.0,2025-10-23 15:59:59.999000+00:00
2025-10-23 16:00:00+00:00,2.196,2.243,2.193,2.21,9606653.0,2025-10-23 19:59:59.999000+00:00
2025-10-23 20:00:00+00:00,2.209,2.21,2.171,2.201,5760642.0,2025-10-23 23:59:59.999000+00:00
2025-10-24 00:00:00+00:00,2.201,2.218,2.19,2.197,4739210.0,2025-10-24 03:59:59.999000+00:00
2025-10-24 04:00:00+00:00,2.197,2.266,2.191,2.245,10491040.0,2025-10-24 07:59:59.999000+00:00
2025-10-24 08:00:00+00:00,2.245,2.271,2.22,2.244,7951143.0,2025-10-24 11:59:59.999000+00:00
2025-10-24 12:00:00+00:00,2.244,2.304,2.206,2.214,16297867.0,2025-10-24 15:59:59.999000+00:00
2025-10-24 16:00:00+00:00,2.215,2.278,2.199,2.255,6906041.0,2025-10-24 19:59:59.999000+00:00
2025-10-24 20:00:00+00:00,2.256,2.276,2.253,2.271,4057755.0,2025-10-24 23:59:59.999000+00:00
2025-10-25 00:00:00+00:00,2.27,2.271,2.234,2.238,4851518.0,2025-10-25 03:59:59.999000+00:00
2025-10-25 04:00:00+00:00,2.237,2.251,2.223,2.225,3681674.0,2025-10-25 07:59:59.999000+00:00
2025-10-25 08:00:00+00:00,2.224,2.252,2.223,2.249,4632202.0,2025-10-25 11:59:59.999000+00:00
2025-10-25 12:00:00+00:00,2.25,2.281,2.248,2.271,6255864.0,2025-10-25 15:59:59.999000+00:00
2025-10-25 16:00:00+00:00,2.271,2.296,2.263,2.294,4275964.0,2025-10-25 19:59:59.999000+00:00
2025-10-25 20:00:00+00:00,2.294,2.298,2.271,2.278,3582191.0,2025-10-25 23:59:59.999000+00:00
2025-10-26 00:00:00+00:00,2.277,2.281,2.251,2.267,4933130.0,2025-10-26 03:59:59.999000+00:00
2025-10-26 04:00:00+00:00,2.266,2.307,2.263,2.3,4390541.0,2025-10-26 07:59:59.999000+00:00
2025-10-26 08:00:00+00:00,2.301,2.36,2.299,2.355,9675163.0,2025-10-26 11:59:59.999000+00:00
2025-10-26 12:00:00+00:00,2.355,2.366,2.333,2.359,8972583.0,2025-10-26 15:59:59.999000+00:00
2025-10-26 16:00:00+00:00,2.358,2.36,2.337,2.346,3547867.0,2025-10-26 19:59:59.999000+00:00
2025-10-26 20:00:00+00:00,2.345,2.398,2.322,2.368,10199040.0,2025-10-26 23:59:59.999000+00:00
2025-10-27 00:00:00+00:00,2.368,2.399,2.362,2.388,7691261.0,2025-10-27 03:59:59.999000+00:00
2025-10-27 04:00:00+00:00,2.388,2.418,2.375,2.394,7649944.0,2025-10-27 07:59:59.999000+00:00
2025-10-27 08:00:00+00:00,2.394,2.407,2.345,2.371,10437913.0,2025-10-27 11:59:59.999000+00:00
2025-10-27 12:00:00+00:00,2.371,2.373,2.309,2.355,12479386.0,2025-10-27 15:59:59.999000+00:00
2025-10-27 16:00:00+00:00,2.356,2.4,2.356,2.359,9411986.0,2025-10-27 19:59:59.999000+00:00
2025-10-27 20:00:00+00:00,2.358,2.362,2.313,2.331,7178094.0,2025-10-27 23:59:59.999000+00:00
2025-10-28 00:00:00+00:00,2.33,2.344,2.298,2.316,7237781.0,2025-10-28 03:59:59.999000+00:00
2025-10-28 04:00:00+00:00,2.315,2.362,2.303,2.326,9127353.0,2025-10-28 07:59:59.999000+00:00
2025-10-28 08:00:00+00:00,2.327,2.342,2.317,2.321,4171532.0,2025-10-28 11:59:59.999000+00:00
2025-10-28 12:00:00+00:00,2.321,2.382,2.277,2.322,17236962.0,2025-10-28 15:59:59.999000+00:00
2025-10-28 16:00:00+00:00,2.321,2.354,2.252,2.267,13416285.0,2025-10-28 19:59:59.999000+00:00
2025-10-28 20:00:00+00:00,2.267,2.268,2.198,2.233,15751606.0,2025-10-28 23:59:59.999000+00:00
2025-10-29 00:00:00+00:00,2.233,2.252,2.223,2.232,4850722.0,2025-10-29 03:59:59.999000+00:00
2025-10-29 04:00:00+00:00,2.232,2.252,2.231,2.247,5276696.0,2025-10-29 07:59:59.999000+00:00
2025-10-29 08:00:00+00:00,2.247,2.311,2.234,2.296,9541405.0,2025-10-29 11:59:59.999000+00:00
2025-10-29 12:00:00+00:00,2.295,2.322,2.251,2.27,10753284.0,2025-10-29 15:59:59.999000+00:00
2025-10-29 16:00:00+00:00,2.269,2.347,2.227,2.314,28229191.0,2025-10-29 19:59:59.999000+00:00
2025-10-29 20:00:00+00:00,2.315,2.339,2.262,2.274,8694460.0,2025-10-29 23:59:59.999000+00:00
2025-10-30 00:00:00+00:00,2.275,2.305,2.261,2.276,8500696.0,2025-10-30 03:59:59.999000+00:00
2025-10-30 04:00:00+00:00,2.277,2.277,2.191,2.26,16677052.0,2025-10-30 07:59:59.999000+00:00
2025-10-30 08:00:00+00:00,2.26,2.261,2.184,2.189,14052773.0,2025-10-30 11:59:59.999000+00:00
2025-10-30 12:00:00+00:00,2.19,2.193,2.086,2.094,21331664.0,2025-10-30 15:59:59.999000+00:00
2025-10-30 16:00:00+00:00,2.094,2.111,2.029,2.036,17338536.0,2025-10-30 19:59:59.999000+00:00
2025-10-30 20:00:00+00:00,2.035,2.1,2.028,2.097,12830269.0,2025-10-30 23:59:59.999000+00:00
2025-10-31 00:00:00+00:00,2.098,2.129,2.089,2.12,10335314.0,2025-10-31 03:59:59.999000+00:00
2025-10-31 04:00:00+00:00,2.119,2.14,2.099,2.109,7283740.0,2025-10-31 07:59:59.999000+00:00
2025-10-31 08:00:00+00:00,2.109,2.13,2.09,2.127,6789372.0,2025-10-31 11:59:59.999000+00:00
2025-10-31 12:00:00+00:00,2.127,2.158,2.101,2.136,10529447.0,2025-10-31 15:59:59.999000+00:00
2025-10-31 16:00:00+00:00,2.136,2.14,2.067,2.131,13652827.0,2025-10-31 19:59:59.999000+00:00
2025-10-31 20:00:00+00:00,2.131,2.134,2.092,2.097,4925759.0,2025-10-31 23:59:59.999000+00:00
2025-11-01 00:00:00+00:00,2.098,2.13,2.086,2.127,4202588.0,2025-11-01 03:59:59.999000+00:00
2025-11-01 04:00:00+00:00,2.128,2.143,2.104,2.138,5007150.0,2025-11-01 07:59:59.999000+00:00
2025-11-01 08:00:00+00:00,2.139,2.166,2.128,2.161,8274750.0,2025-11-01 11:59:59.999000+00:00
2025-11-01 12:00:00+00:00,2.161,2.184,2.139,2.16,13078094.0,2025-11-01 15:59:59.999000+00:00
2025-11-01 16:00:00+00:00,2.16,2.176,2.151,2.167,4667121.0,2025-11-01 19:59:59.999000+00:00
2025-11-01 20:00:00+00:00,2.168,2.182,2.146,2.171,4594155.0,2025-11-01 23:59:59.999000+00:00
2025-11-02 00:00:00+00:00,2.172,2.173,2.152,2.158,2960717.0,2025-11-02 03:59:59.999000+00:00
2025-11-02 04:00:00+00:00,2.159,2.198,2.156,2.192,4049632.0,2025-11-02 07:59:59.999000+00:00
2025-11-02 08:00:00+00:00,2.191,2.194,2.144,2.185,5881583.0,2025-11-02 11:59:59.999000+00:00
2025-11-02 12:00:00+00:00,2.185,2.187,2.105,2.12,7203377.0,2025-11-02 15:59:59.999000+00:00
2025-11-02 16:00:00+00:00,2.12,2.141,2.101,2.121,4056135.0,2025-11-02 19:59:59.999000+00:00
2025-11-02 20:00:00+00:00,2.121,2.201,2.111,2.189,7829024.0,2025-11-02 23:59:59.999000+00:00
2025-11-03 00:00:00+00:00,2.189,2.202,2.035,2.038,14444941.0,2025-11-03 03:59:59.999000+00:00
2025-11-03 04:00:00+00:00,2.039,2.069,2.0,2.04,21664343.0,2025-11-03 07:59:59.999000+00:00
2025-11-03 08:00:00+00:00,2.039,2.054,1.972,2.001,16091149.0,2025-11-03 11:59:59.999000+00:00
2025-11-03 12:00:00+00:00,2.001,2.032,1.82,1.899,34784129.0,2025-11-03 15:59:59.999000+00:00
2025-11-03 16:00:00+00:00,1.9,1.971,1.888,1.911,18973743.0,2025-11-03 19:59:59.999000+00:00
2025-11-03 20:00:00+00:00,1.911,1.923,1.876,1.91,13890052.0,2025-11-03 23:59:59.999000+00:00
2025-11-04 00:00:00+00:00,1.91,1.945,1.889,1.941,9983000.0,2025-11-04 03:59:59.999000+00:00
2025-11-04 04:00:00+00:00,1.941,1.95,1.823,1.839,25332310.0,2025-11-04 07:59:59.999000+00:00
2025-11-04 08:00:00+00:00,1.838,1.914,1.831,1.893,13792769.0,2025-11-04 11:59:59.999000+00:00
2025-11-04 12:00:00+00:00,1.893,1.941,1.864,1.897,16986880.0,2025-11-04 15:59:59.999000+00:00
2025-11-04 16:00:00+00:00,1.896,1.911,1.765,1.795,33536180.0,2025-11-04 19:59:59.999000+00:00
2025-11-04 20:00:00+00:00,1.795,1.856,1.719,1.83,38645373.0,2025-11-04 23:59:59.999000+00:00
2025-11-05 00:00:00+00:00,1.83,1.867,1.735,1.861,27484754.0,2025-11-05 03:59:59.999000+00:00
2025-11-05 04:00:00+00:00,1.861,1.869,1.839,1.862,9331626.0,2025-11-05 07:59:59.999000+00:00
2025-11-05 08:00:00+00:00,1.863,1.883,1.827,1.879,13803515.0,2025-11-05 11:59:59.999000+00:00
2025-11-05 12:00:00+00:00,1.879,1.909,1.866,1.908,12841784.0,2025-11-05 15:59:59.999000+00:00
2025-11-05 16:00:00+00:00,1.909,1.953,1.887,1.935,12308107.0,2025-11-05 19:59:59.999000+00:00
2025-11-05 20:00:00+00:00,1.934,1.972,1.925,1.95,12484392.0,2025-11-05 23:59:59.999000+00:00
2025-11-06 00:00:00+00:00,1.951,1.954,1.911,1.922,10349271.0,2025-11-06 03:59:59.999000+00:00
2025-11-06 04:00:00+00:00,1.922,1.942,1.888,1.897,7811474.0,2025-11-06 07:59:59.999000+00:00
2025-11-06 08:00:00+00:00,1.896,1.911,1.886,1.901,5278357.0,2025-11-06 11:59:59.999000+00:00
2025-11-06 12:00:00+00:00,1.901,2.038,1.895,1.97,42325334.0,2025-11-06 15:59:59.999000+00:00
2025-11-06 16:00:00+00:00,1.97,2.078,1.903,2.066,38780998.0,2025-11-06 19:59:59.999000+00:00
2025-11-06 20:00:00+00:00,2.067,2.102,2.035,2.094,25091921.0,2025-11-06 23:59:59.999000+00:00
2025-11-07 00:00:00+00:00,2.094,2.168,2.072,2.15,34088221.0,2025-11-07 03:59:59.999000+00:00
2025-11-07 04:00:00+00:00,2.151,2.272,2.117,2.241,25406660.0,2025-11-07 07:59:59.999000+00:00
2025-11-07 08:00:00+00:00,2.241,2.353,2.206,2.275,44089454.0,2025-11-07 11:59:59.999000+00:00
2025-11-07 12:00:00+00:00,2.275,2.587,2.246,2.517,60254484.0,2025-11-07 15:59:59.999000+00:00
2025-11-07 16:00:00+00:00,2.517,2.944,2.509,2.793,98800636.0,2025-11-07 19:59:59.999000+00:00
2025-11-07 20:00:00+00:00,2.793,2.963,2.741,2.766,41131068.0,2025-11-07 23:59:59.999000+00:00
2025-11-08 00:00:00+00:00,2.767,2.834,2.583,2.687,44460983.0,2025-11-08 03:59:59.999000+00:00
2025-11-08 04:00:00+00:00,2.688,2.763,2.605,2.66,25447545.0,2025-11-08 07:59:59.999000+00:00
2025-11-08 08:00:00+00:00,2.66,3.184,2.618,3.004,73695987.0,2025-11-08 11:59:59.999000+00:00
2025-11-08 12:00:00+00:00,3.005,3.039,2.789,2.809,46149551.0,2025-11-08 15:59:59.999000+00:00
2025-11-08 16:00:00+00:00,2.809,2.92,2.721,2.844,32064412.0,2025-11-08 19:59:59.999000+00:00
2025-11-08 20:00:00+00:00,2.843,2.96,2.809,2.932,15401576.0,2025-11-08 23:59:59.999000+00:00
2025-11-09 00:00:00+00:00,2.932,3.081,2.806,2.819,55755167.0,2025-11-09 03:59:59.999000+00:00
2025-11-09 04:00:00+00:00,2.818,2.871,2.734,2.78,26899442.0,2025-11-09 07:59:59.999000+00:00
2025-11-09 08:00:00+00:00,2.78,2.8,2.667,2.728,31110518.0,2025-11-09 11:59:59.999000+00:00
2025-11-09 12:00:00+00:00,2.727,2.969,2.689,2.883,33742855.0,2025-11-09 15:59:59.999000+00:00
2025-11-09 16:00:00+00:00,2.883,3.03,2.841,3.023,26196484.0,2025-11-09 19:59:59.999000+00:00
2025-11-09 20:00:00+00:00,3.023,3.082,2.881,3.073,19588431.0,2025-11-09 23:59:59.999000+00:00
2025-11-10 00:00:00+00:00,3.073,3.074,2.896,3.016,28706211.0,2025-11-10 03:59:59.999000+00:00
2025-11-10 04:00:00+00:00,3.015,3.152,2.903,2.98,32352630.0,2025-11-10 07:59:59.999000+00:00
2025-11-10 08:00:00+00:00,2.98,3.069,2.822,2.881,28741397.0,2025-11-10 11:59:59.999000+00:00
2025-11-10 12:00:00+00:00,2.882,2.902,2.798,2.842,24017423.0,2025-11-10 15:59:59.999000+00:00
2025-11-10 16:00:00+00:00,2.842,2.882,2.806,2.846,10841887.0,2025-11-10 19:59:59.999000+00:00
2025-11-10 20:00:00+00:00,2.846,2.881,2.751,2.785,19137233.0,2025-11-10 23:59:59.999000+00:00
2025-11-11 00:00:00+00:00,2.786,2.822,2.724,2.815,17236865.0,2025-11-11 03:59:59.999000+00:00
2025-11-11 04:00:00+00:00,2.814,2.834,2.638,2.661,20345840.0,2025-11-11 07:59:59.999000+00:00
2025-11-11 08:00:00+00:00,2.66,2.695,2.631,2.664,12845940.0,2025-11-11 11:59:59.999000+00:00
2025-11-11 12:00:00+00:00,2.664,2.728,2.636,2.707,15006123.0,2025-11-11 15:59:59.999000+00:00
2025-11-11 16:00:00+00:00,2.708,2.723,2.611,2.621,10566071.0,2025-11-11 19:59:59.999000+00:00
2025-11-11 20:00:00+00:00,2.62,2.629,2.527,2.546,15090040.0,2025-11-11 23:59:59.999000+00:00
2025-11-12 00:00:00+00:00,2.547,2.594,2.536,2.575,9344029.0,2025-11-12 03:59:59.999000+00:00
2025-11-12 04:00:00+00:00,2.575,2.605,2.555,2.563,6259619.0,2025-11-12 07:59:59.999000+00:00
2025-11-12 08:00:00+00:00,2.564,2.662,2.561,2.638,12117418.0,2025-11-12 11:59:59.999000+00:00
2025-11-12 12:00:00+00:00,2.638,2.658,2.508,2.529,16690145.0,2025-11-12 15:59:59.999000+00:00
2025-11-12 16:00:00+00:00,2.528,2.54,2.476,2.504,13789733.0,2025-11-12 19:59:59.999000+00:00
2025-11-12 20:00:00+00:00,2.504,2.572,2.498,2.533,7051886.0,2025-11-12 23:59:59.999000+00:00
2025-11-13 00:00:00+00:00,2.532,2.581,2.495,2.552,7046417.0,2025-11-13 03:59:59.999000+00:00
2025-11-13 04:00:00+00:00,2.553,2.604,2.535,2.557,8048417.0,2025-11-13 07:59:59.999000+00:00
2025-11-13 08:00:00+00:00,2.557,2.592,2.535,2.537,4663007.0,2025-11-13 11:59:59.999000+00:00
2025-11-13 12:00:00+00:00,2.538,2.602,2.495,2.518,11386045.0,2025-11-13 15:59:59.999000+00:00
2025-11-13 16:00:00+00:00,2.517,2.526,2.393,2.407,20290250.0,2025-11-13 19:59:59.999000+00:00
2025-11-13 20:00:00+00:00,2.407,2.467,2.39,2.446,9350605.0,2025-11-13 23:59:59.999000+00:00
2025-11-14 00:00:00+00:00,2.447,2.449,2.373,2.388,9573083.0,2025-11-14 03:59:59.999000+00:00
2025-11-14 04:00:00+00:00,2.389,2.437,2.304,2.396,17711311.0,2025-11-14 07:59:59.999000+00:00
2025-11-14 08:00:00+00:00,2.396,2.401,2.354,2.373,7814954.0,2025-11-14 11:59:59.999000+00:00
2025-11-14 12:00:00+00:00,2.372,2.461,2.331,2.441,17720704.0,2025-11-14 15:59:59.999000+00:00
2025-11-14 16:00:00+00:00,2.442,2.45,2.39,2.438,8512586.0,2025-11-14 19:59:59.999000+00:00
2025-11-14 20:00:00+00:00,2.437,2.439,2.315,2.353,10233434.0,2025-11-14 23:59:59.999000+00:00
2025-11-15 00:00:00+00:00,2.354,2.49,2.35,2.478,10167322.0,2025-11-15 03:59:59.999000+00:00
2025-11-15 04:00:00+00:00,2.477,2.622,2.471,2.532,27423709.0,2025-11-15 07:59:59.999000+00:00
2025-11-15 08:00:00+00:00,2.532,2.539,2.446,2.486,12522360.0,2025-11-15 11:59:59.999000+00:00
2025-11-15 12:00:00+00:00,2.486,2.553,2.473,2.477,14284302.0,2025-11-15 15:59:59.999000+00:00
2025-11-15 16:00:00+00:00,2.477,2.486,2.444,2.453,8373560.0,2025-11-15 19:59:59.999000+00:00
2025-11-15 20:00:00+00:00,2.454,2.456,2.389,2.406,8295130.0,2025-11-15 23:59:59.999000+00:00
2025-11-16 00:00:00+00:00,2.405,2.441,2.361,2.439,9070988.0,2025-11-16 03:59:59.999000+00:00
2025-11-16 04:00:00+00:00,2.44,2.508,2.416,2.473,9759144.0,2025-11-16 07:59:59.999000+00:00
2025-11-16 08:00:00+00:00,2.472,2.561,2.447,2.482,16129929.0,2025-11-16 11:59:59.999000+00:00
2025-11-16 12:00:00+00:00,2.481,2.514,2.335,2.341,18540420.0,2025-11-16 15:59:59.999000+00:00
2025-11-16 16:00:00+00:00,2.34,2.36,2.264,2.274,18894436.0,2025-11-16 19:59:59.999000+00:00
2025-11-16 20:00:00+00:00,2.274,2.316,2.228,2.288,17573142.0,2025-11-16 23:59:59.999000+00:00
2025-11-17 00:00:00+00:00,2.288,2.351,2.247,2.314,13698973.0,2025-11-17 03:59:59.999000+00:00
2025-11-17 04:00:00+00:00,2.315,2.334,2.294,2.317,6575458.0,2025-11-17 07:59:59.999000+00:00
2025-11-17 08:00:00+00:00,2.316,2.336,2.291,2.308,6716479.0,2025-11-17 11:59:59.999000+00:00
2025-11-17 12:00:00+00:00,2.307,2.337,2.212,2.271,22379664.0,2025-11-17 15:59:59.999000+00:00
2025-11-17 16:00:00+00:00,2.271,2.332,2.174,2.197,26214978.0,2025-11-17 19:59:59.999000+00:00
2025-11-17 20:00:00+00:00,2.197,2.272,2.175,2.27,11743043.0,2025-11-17 23:59:59.999000+00:00
2025-11-18 00:00:00+00:00,2.27,2.327,2.23,2.307,16560759.0,2025-11-18 03:59:59.999000+00:00
2025-11-18 04:00:00+00:00,2.307,2.309,2.229,2.258,11774474.0,2025-11-18 07:59:59.999000+00:00
2025-11-18 08:00:00+00:00,2.257,2.293,2.215,2.22,16000293.0,2025-11-18 11:59:59.999000+00:00
2025-11-18 12:00:00+00:00,2.221,2.294,2.201,2.263,21973323.0,2025-11-18 15:59:59.999000+00:00
2025-11-18 16:00:00+00:00,2.263,2.354,2.254,2.306,14511498.0,2025-11-18 19:59:59.999000+00:00
2025-11-18 20:00:00+00:00,2.305,2.312,2.265,2.276,6911372.0,2025-11-18 23:59:59.999000+00:00
2025-11-19 00:00:00+00:00,2.275,2.309,2.25,2.258,6736404.0,2025-11-19 03:59:59.999000+00:00
2025-11-19 04:00:00+00:00,2.258,2.27,2.189,2.241,11325952.0,2025-11-19 07:59:59.999000+00:00
2025-11-19 08:00:00+00:00,2.241,2.309,2.222,2.301,10296954.0,2025-11-19 11:59:59.999000+00:00
2025-11-19 12:00:00+00:00,2.301,2.319,2.221,2.231,16101165.0,2025-11-19 15:59:59.999000+00:00
2025-11-19 16:00:00+00:00,2.23,2.252,2.147,2.199,26581636.0,2025-11-19 19:59:59.999000+00:00
2025-11-19 20:00:00+00:00,2.199,2.405,2.176,2.375,23045684.0,2025-11-19 23:59:59.999000+00:00
2025-11-20 00:00:00+00:00,2.375,2.412,2.337,2.36,15115616.0,2025-11-20 03:59:59.999000+00:00
2025-11-20 04:00:00+00:00,2.36,2.4,2.347,2.396,11773124.0,2025-11-20 07:59:59.999000+00:00
2025-11-20 08:00:00+00:00,2.395,2.396,2.331,2.35,8624504.0,2025-11-20 11:59:59.999000+00:00
2025-11-20 12:00:00+00:00,2.35,2.373,2.253,2.257,22424429.0,2025-11-20 15:59:59.999000+00:00
2025-11-20 16:00:00+00:00,2.258,2.26,2.095,2.12,39377859.0,2025-11-20 19:59:59.999000+00:00
2025-11-20 20:00:00+00:00,2.119,2.164,2.065,2.073,15753762.0,2025-11-20 23:59:59.999000+00:00
2025-11-21 00:00:00+00:00,2.074,2.09,2.035,2.052,15618258.0,2025-11-21 03:59:59.999000+00:00
2025-11-21 04:00:00+00:00,2.051,2.057,1.816,1.952,28904097.0,2025-11-21 07:59:59.999000+00:00
2025-11-21 08:00:00+00:00,1.951,1.99,1.893,1.9,20985651.0,2025-11-21 11:59:59.999000+00:00
2025-11-21 12:00:00+00:00,1.9,1.962,1.861,1.891,30413756.0,2025-11-21 15:59:59.999000+00:00
2025-11-21 16:00:00+00:00,1.891,1.933,1.85,1.869,24408860.0,2025-11-21 19:59:59.999000+00:00
2025-11-21 20:00:00+00:00,1.869,1.891,1.819,1.863,20824000.0,2025-11-21 23:59:59.999000+00:00
2025-11-22 00:00:00+00:00,1.863,1.901,1.839,1.88,11386983.0,2025-11-22 03:59:59.999000+00:00
2025-11-22 04:00:00+00:00,1.879,1.881,1.829,1.846,10384780.0,2025-11-22 07:59:59.999000+00:00
2025-11-22 08:00:00+00:00,1.845,1.856,1.809,1.839,11382669.0,2025-11-22 11:59:59.999000+00:00
2025-11-22 12:00:00+00:00,1.838,1.847,1.797,1.814,11927156.0,2025-11-22 15:59:59.999000+00:00
2025-11-22 16:00:00+00:00,1.814,1.833,1.799,1.809,5755294.0,2025-11-22 19:59:59.999000+00:00
2025-11-22 20:00:00+00:00,1.809,1.869,1.798,1.84,6543727.0,2025-11-22 23:59:59.999000+00:00
2025-11-23 00:00:00+00:00,1.84,1.908,1.839,1.897,10610781.0,2025-11-23 03:59:59.999000+00:00
2025-11-23 04:00:00+00:00,1.896,1.914,1.849,1.857,7173105.0,2025-11-23 07:59:59.999000+00:00
2025-11-23 08:00:00+00:00,1.857,1.881,1.827,1.847,6894709.0,2025-11-23 11:59:59.999000+00:00
2025-11-23 12:00:00+00:00,1.846,1.877,1.838,1.861,8277681.0,2025-11-23 15:59:59.999000+00:00
2025-11-23 16:00:00+00:00,1.861,1.869,1.813,1.847,7757669.0,2025-11-23 19:59:59.999000+00:00
2025-11-23 20:00:00+00:00,1.847,1.865,1.817,1.821,6909297.0,2025-11-23 23:59:59.999000+00:00
2025-11-24 00:00:00+00:00,1.821,1.886,1.796,1.871,13812368.0,2025-11-24 03:59:59.999000+00:00
2025-11-24 04:00:00+00:00,1.87,1.891,1.831,1.848,9706250.0,2025-11-24 07:59:59.999000+00:00
2025-11-24 08:00:00+00:00,1.848,1.87,1.823,1.865,8558602.0,2025-11-24 11:59:59.999000+00:00
2025-11-24 12:00:00+00:00,1.865,1.945,1.843,1.926,25683014.0,2025-11-24 15:59:59.999000+00:00
2025-11-24 16:00:00+00:00,1.926,1.986,1.913,1.95,15782004.0,2025-11-24 19:59:59.999000+00:00
2025-11-24 20:00:00+00:00,1.95,1.967,1.903,1.905,8997941.0,2025-11-24 23:59:59.999000+00:00
2025-11-25 00:00:00+00:00,1.904,1.948,1.897,1.908,9605047.0,2025-11-25 03:59:59.999000+00:00
2025-11-25 04:00:00+00:00,1.908,1.914,1.845,1.849,10772115.0,2025-11-25 07:59:59.999000+00:00
2025-11-25 08:00:00+00:00,1.849,1.866,1.837,1.854,11172208.0,2025-11-25 11:59:59.999000+00:00
2025-11-25 12:00:00+00:00,1.854,1.881,1.815,1.841,15809564.0,2025-11-25 15:59:59.999000+00:00
2025-11-25 16:00:00+00:00,1.841,1.934,1.837,1.892,15812605.0,2025-11-25 19:59:59.999000+00:00
2025-11-25 20:00:00+00:00,1.892,1.934,1.87,1.912,13382333.0,2025-11-25 23:59:59.999000+00:00
2025-11-26 00:00:00+00:00,1.912,1.929,1.879,1.881,7623921.0,2025-11-26 03:59:59.999000+00:00
2025-11-26 04:00:00+00:00,1.882,1.897,1.871,1.888,4920577.0,2025-11-26 07:59:59.999000+00:00
2025-11-26 08:00:00+00:00,1.888,1.889,1.842,1.856,7338891.0,2025-11-26 11:59:59.999000+00:00
2025-11-26 12:00:00+00:00,1.857,1.89,1.836,1.859,9399282.0,2025-11-26 15:59:59.999000+00:00
2025-11-26 16:00:00+00:00,1.859,1.959,1.858,1.943,15726503.0,2025-11-26 19:59:59.999000+00:00
2025-11-26 20:00:00+00:00,1.943,1.95,1.926,1.936,6114207.0,2025-11-26 23:59:59.999000+00:00
2025-11-27 00:00:00+00:00,1.936,1.954,1.91,1.915,7618832.0,2025-11-27 03:59:59.999000+00:00
2025-11-27 04:00:00+00:00,1.915,1.939,1.912,1.924,3748780.0,2025-11-27 07:59:59.999000+00:00
2025-11-27 08:00:00+00:00,1.924,1.944,1.912,1.918,5517274.0,2025-11-27 11:59:59.999000+00:00
2025-11-27 12:00:00+00:00,1.917,1.937,1.9,1.934,6310573.0,2025-11-27 15:59:59.999000+00:00
2025-11-27 16:00:00+00:00,1.933,1.95,1.927,1.937,4826691.0,2025-11-27 19:59:59.999000+00:00
2025-11-27 20:00:00+00:00,1.938,1.944,1.897,1.904,4336036.0,2025-11-27 23:59:59.999000+00:00
2025-11-28 00:00:00+00:00,1.905,1.918,1.865,1.888,5779942.0,2025-11-28 03:59:59.999000+00:00
2025-11-28 04:00:00+00:00,1.889,1.894,1.872,1.885,3952307.0,2025-11-28 07:59:59.999000+00:00
2025-11-28 08:00:00+00:00,1.885,1.939,1.882,1.898,8258415.0,2025-11-28 11:59:59.999000+00:00
2025-11-28 12:00:00+00:00,1.897,1.955,1.886,1.933,10904879.0,2025-11-28 15:59:59.999000+00:00
2025-11-28 16:00:00+00:00,1.932,1.936,1.846,1.886,12657623.0,2025-11-28 19:59:59.999000+00:00
2025-11-28 20:00:00+00:00,1.886,1.89,1.862,1.877,4636882.0,2025-11-28 23:59:59.999000+00:00
2025-11-29 00:00:00+00:00,1.877,1.885,1.864,1.876,3952583.0,2025-11-29 03:59:59.999000+00:00
2025-11-29 04:00:00+00:00,1.877,1.904,1.869,1.871,5359763.0,2025-11-29 07:59:59.999000+00:00
2025-11-29 08:00:00+00:00,1.872,1.897,1.865,1.889,3611574.0,2025-11-29 11:59:59.999000+00:00
2025-11-29 12:00:00+00:00,1.889,1.892,1.859,1.877,5818045.0,2025-11-29 15:59:59.999000+00:00
2025-11-29 16:00:00+00:00,1.876,1.878,1.829,1.842,9125952.0,2025-11-29 19:59:59.999000+00:00
2025-11-29 20:00:00+00:00,1.842,1.855,1.835,1.849,3047867.0,2025-11-29 23:59:59.999000+00:00
2025-11-30 00:00:00+00:00,1.849,1.865,1.824,1.853,4950889.0,2025-11-30 03:59:59.999000+00:00
2025-11-30 04:00:00+00:00,1.854,1.858,1.834,1.851,3479127.0,2025-11-30 07:59:59.999000+00:00
2025-11-30 08:00:00+00:00,1.85,1.859,1.833,1.835,5521593.0,2025-11-30 11:59:59.999000+00:00
2025-11-30 12:00:00+00:00,1.834,1.866,1.825,1.843,10041207.0,2025-11-30 15:59:59.999000+00:00
2025-11-30 16:00:00+00:00,1.843,1.867,1.841,1.855,5318659.0,2025-11-30 19:59:59.999000+00:00
2025-11-30 20:00:00+00:00,1.854,1.866,1.801,1.803,9881518.0,2025-11-30 23:59:59.999000+00:00
2025-12-01 00:00:00+00:00,1.803,1.81,1.668,1.673,30985532.0,2025-12-01 03:59:59.999000+00:00
2025-12-01 04:00:00+00:00,1.673,1.683,1.647,1.665,10440895.0,2025-12-01 07:59:59.999000+00:00
2025-12-01 08:00:00+00:00,1.664,1.674,1.627,1.633,9473221.0,2025-12-01 11:59:59.999000+00:00
2025-12-01 12:00:00+00:00,1.634,1.639,1.583,1.614,19944216.0,2025-12-01 15:59:59.999000+00:00
2025-12-01 16:00:00+00:00,1.614,1.621,1.592,1.603,9383191.0,2025-12-01 19:59:59.999000+00:00
2025-12-01 20:00:00+00:00,1.604,1.64,1.604,1.624,7844134.0,2025-12-01 23:59:59.999000+00:00
2025-12-02 00:00:00+00:00,1.625,1.662,1.622,1.656,9007445.0,2025-12-02 03:59:59.999000+00:00
2025-12-02 04:00:00+00:00,1.656,1.681,1.649,1.68,8012181.0,2025-12-02 07:59:59.999000+00:00
2025-12-02 08:00:00+00:00,1.681,1.725,1.664,1.721,11370394.0,2025-12-02 11:59:59.999000+00:00
2025-12-02 12:00:00+00:00,1.721,1.834,1.72,1.82,25677844.0,2025-12-02 15:59:59.999000+00:00
2025-12-02 16:00:00+00:00,1.821,1.83,1.795,1.806,13010109.0,2025-12-02 19:59:59.999000+00:00
2025-12-02 20:00:00+00:00,1.805,1.826,1.787,1.804,7730194.0,2025-12-02 23:59:59.999000+00:00
2025-12-03 00:00:00+00:00,1.804,1.824,1.787,1.814,8801577.0,2025-12-03 03:59:59.999000+00:00
2025-12-03 04:00:00+00:00,1.814,1.847,1.803,1.814,9597077.0,2025-12-03 07:59:59.999000+00:00
2025-12-03 08:00:00+00:00,1.814,1.823,1.786,1.799,7816406.0,2025-12-03 11:59:59.999000+00:00
2025-12-03 12:00:00+00:00,1.8,1.818,1.755,1.802,16922853.0,2025-12-03 15:59:59.999000+00:00
2025-12-03 16:00:00+00:00,1.802,1.831,1.786,1.823,9487026.0,2025-12-03 19:59:59.999000+00:00
2025-12-03 20:00:00+00:00,1.823,1.871,1.809,1.845,8967858.0,2025-12-03 23:59:59.999000+00:00
2025-12-04 00:00:00+00:00,1.844,1.875,1.833,1.86,7552331.0,2025-12-04 03:59:59.999000+00:00
2025-12-04 04:00:00+00:00,1.86,1.885,1.841,1.856,8141073.0,2025-12-04 07:59:59.999000+00:00
2025-12-04 08:00:00+00:00,1.856,1.898,1.85,1.862,10124075.0,2025-12-04 11:59:59.999000+00:00
2025-12-04 12:00:00+00:00,1.862,1.868,1.814,1.834,11023485.0,2025-12-04 15:59:59.999000+00:00
2025-12-04 16:00:00+00:00,1.833,1.839,1.746,1.788,13609193.0,2025-12-04 19:59:59.999000+00:00
2025-12-04 20:00:00+00:00,1.787,1.809,1.775,1.795,4945770.0,2025-12-04 23:59:59.999000+00:00
2025-12-05 00:00:00+00:00,1.796,1.817,1.792,1.794,4878241.0,2025-12-05 03:59:59.999000+00:00
2025-12-05 04:00:00+00:00,1.794,1.799,1.771,1.789,6110863.0,2025-12-05 07:59:59.999000+00:00
2025-12-05 08:00:00+00:00,1.788,1.789,1.723,1.736,11162613.0,2025-12-05 11:59:59.999000+00:00
2025-12-05 12:00:00+00:00,1.736,1.752,1.689,1.711,19848016.0,2025-12-05 15:59:59.999000+00:00
2025-12-05 16:00:00+00:00,1.711,1.716,1.657,1.679,17173538.0,2025-12-05 19:59:59.999000+00:00
2025-12-05 20:00:00+00:00,1.679,1.692,1.666,1.68,4247020.0,2025-12-05 23:59:59.999000+00:00
2025-12-06 00:00:00+00:00,1.681,1.697,1.668,1.683,4165046.0,2025-12-06 03:59:59.999000+00:00
2025-12-06 04:00:00+00:00,1.684,1.689,1.667,1.681,4262797.0,2025-12-06 07:59:59.999000+00:00
2025-12-06 08:00:00+00:00,1.681,1.713,1.678,1.703,5998379.0,2025-12-06 11:59:59.999000+00:00
2025-12-06 12:00:00+00:00,1.702,1.747,1.7,1.709,9137151.0,2025-12-06 15:59:59.999000+00:00
2025-12-06 16:00:00+00:00,1.708,1.74,1.708,1.713,5124728.0,2025-12-06 19:59:59.999000+00:00
2025-12-06 20:00:00+00:00,1.712,1.723,1.697,1.707,3453224.0,2025-12-06 23:59:59.999000+00:00
2025-12-07 00:00:00+00:00,1.708,1.728,1.706,1.717,2954122.0,2025-12-07 03:59:59.999000+00:00
2025-12-07 04:00:00+00:00,1.716,1.724,1.702,1.707,3302821.0,2025-12-07 07:59:59.999000+00:00
2025-12-07 08:00:00+00:00,1.707,1.716,1.68,1.688,5855188.0,2025-12-07 11:59:59.999000+00:00
2025-12-07 12:00:00+00:00,1.687,1.7,1.637,1.697,15198582.0,2025-12-07 15:59:59.999000+00:00
2025-12-07 16:00:00+00:00,1.697,1.747,1.683,1.737,10987052.0,2025-12-07 19:59:59.999000+00:00
2025-12-07 20:00:00+00:00,1.738,1.772,1.683,1.701,11685520.0,2025-12-07 23:59:59.999000+00:00
2025-12-08 00:00:00+00:00,1.701,1.741,1.689,1.721,6103109.0,2025-12-08 03:59:59.999000+00:00
2025-12-08 04:00:00+00:00,1.722,1.802,1.722,1.78,9306760.0,2025-12-08 07:59:59.999000+00:00
2025-12-08 08:00:00+00:00,1.779,1.797,1.766,1.779,6266908.0,2025-12-08 11:59:59.999000+00:00
2025-12-08 12:00:00+00:00,1.779,1.792,1.743,1.753,9620699.0,2025-12-08 15:59:59.999000+00:00
2025-12-08 16:00:00+00:00,1.753,1.786,1.737,1.75,7896086.0,2025-12-08 19:59:59.999000+00:00
2025-12-08 20:00:00+00:00,1.749,1.78,1.734,1.744,5971729.0,2025-12-08 23:59:59.999000+00:00
2025-12-09 00:00:00+00:00,1.743,1.751,1.711,1.732,5663584.0,2025-12-09 03:59:59.999000+00:00
2025-12-09 04:00:00+00:00,1.732,1.735,1.691,1.732,7299078.0,2025-12-09 07:59:59.999000+00:00
2025-12-09 08:00:00+00:00,1.731,1.734,1.71,1.725,4829362.0,2025-12-09 11:59:59.999000+00:00
2025-12-09 12:00:00+00:00,1.724,1.842,1.719,1.833,19709394.0,2025-12-09 15:59:59.999000+00:00
2025-12-09 16:00:00+00:00,1.834,1.885,1.834,1.847,18664740.0,2025-12-09 19:59:59.999000+00:00
2025-12-09 20:00:00+00:00,1.847,1.85,1.782,1.81,9783104.0,2025-12-09 23:59:59.999000+00:00
2025-12-10 00:00:00+00:00,1.81,1.814,1.786,1.795,4793004.0,2025-12-10 03:59:59.999000+00:00
2025-12-10 04:00:00+00:00,1.795,1.799,1.769,1.782,4895524.0,2025-12-10 07:59:59.999000+00:00
2025-12-10 08:00:00+00:00,1.782,1.782,1.741,1.753,9717200.0,2025-12-10 11:59:59.999000+00:00
2025-12-10 12:00:00+00:00,1.752,1.764,1.733,1.756,7879245.0,2025-12-10 15:59:59.999000+00:00
2025-12-10 16:00:00+00:00,1.756,1.824,1.749,1.815,16011874.0,2025-12-10 19:59:59.999000+00:00
2025-12-10 20:00:00+00:00,1.815,1.864,1.746,1.758,16918329.0,2025-12-10 23:59:59.999000+00:00
2025-12-11 00:00:00+00:00,1.758,1.762,1.657,1.665,14647114.0,2025-12-11 03:59:59.999000+00:00
2025-12-11 04:00:00+00:00,1.665,1.693,1.657,1.674,8078645.0,2025-12-11 07:59:59.999000+00:00
2025-12-11 08:00:00+00:00,1.674,1.678,1.649,1.664,7591056.0,2025-12-11 11:59:59.999000+00:00
2025-12-11 12:00:00+00:00,1.663,1.674,1.643,1.653,12448880.0,2025-12-11 15:59:59.999000+00:00
2025-12-11 16:00:00+00:00,1.652,1.682,1.628,1.659,13502927.0,2025-12-11 19:59:59.999000+00:00
2025-12-11 20:00:00+00:00,1.66,1.725,1.658,1.673,13287700.0,2025-12-11 23:59:59.999000+00:00
2025-12-12 00:00:00+00:00,1.672,1.699,1.645,1.681,8863166.0,2025-12-12 03:59:59.999000+00:00
2025-12-12 04:00:00+00:00,1.68,1.719,1.67,1.703,7677735.0,2025-12-12 07:59:59.999000+00:00
2025-12-12 08:00:00+00:00,1.703,1.709,1.684,1.702,5851591.0,2025-12-12 11:59:59.999000+00:00
2025-12-12 12:00:00+00:00,1.702,1.709,1.597,1.608,16850605.0,2025-12-12 15:59:59.999000+00:00
2025-12-12 16:00:00+00:00,1.608,1.632,1.582,1.609,16246911.0,2025-12-12 19:59:59.999000+00:00
2025-12-12 20:00:00+00:00,1.61,1.637,1.607,1.636,4645641.0,2025-12-12 23:59:59.999000+00:00
2025-12-13 00:00:00+00:00,1.636,1.653,1.631,1.648,3550443.0,2025-12-13 03:59:59.999000+00:00
2025-12-13 04:00:00+00:00,1.649,1.658,1.641,1.651,3764928.0,2025-12-13 07:59:59.999000+00:00
2025-12-13 08:00:00+00:00,1.65,1.684,1.65,1.675,7447647.0,2025-12-13 11:59:59.999000+00:00
2025-12-13 12:00:00+00:00,1.676,1.678,1.649,1.656,7593395.0,2025-12-13 15:59:59.999000+00:00
2025-12-13 16:00:00+00:00,1.655,1.669,1.652,1.66,4106775.0,2025-12-13 19:59:59.999000+00:00
2025-12-13 20:00:00+00:00,1.66,1.667,1.638,1.664,4713423.0,2025-12-13 23:59:59.999000+00:00
2025-12-14 00:00:00+00:00,1.663,1.67,1.646,1.649,3318599.0,2025-12-14 03:59:59.999000+00:00
2025-12-14 04:00:00+00:00,1.65,1.651,1.625,1.633,4477616.0,2025-12-14 07:59:59.999000+00:00
2025-12-14 08:00:00+00:00,1.632,1.638,1.606,1.624,6676564.0,2025-12-14 11:59:59.999000+00:00
2025-12-14 12:00:00+00:00,1.623,1.636,1.601,1.607,7468658.0,2025-12-14 15:59:59.999000+00:00
2025-12-14 16:00:00+00:00,1.607,1.621,1.584,1.594,7954586.0,2025-12-14 19:59:59.999000+00:00
2025-12-14 20:00:00+00:00,1.594,1.606,1.569,1.59,9907274.0,2025-12-14 23:59:59.999000+00:00
2025-12-15 00:00:00+00:00,1.591,1.646,1.587,1.623,7826968.0,2025-12-15 03:59:59.999000+00:00
2025-12-15 04:00:00+00:00,1.624,1.637,1.613,1.62,4641058.0,2025-12-15 07:59:59.999000+00:00
2025-12-15 08:00:00+00:00,1.62,1.633,1.613,1.618,4773019.0,2025-12-15 11:59:59.999000+00:00
2025-12-15 12:00:00+00:00,1.618,1.625,1.525,1.532,25180099.0,2025-12-15 15:59:59.999000+00:00
2025-12-15 16:00:00+00:00,1.532,1.539,1.487,1.525,22671132.0,2025-12-15 19:59:59.999000+00:00
2025-12-15 20:00:00+00:00,1.525,1.553,1.51,1.542,13574482.0,2025-12-15 23:59:59.999000+00:00
2025-12-16 00:00:00+00:00,1.542,1.552,1.529,1.542,6913995.0,2025-12-16 03:59:59.999000+00:00
2025-12-16 04:00:00+00:00,1.542,1.545,1.515,1.52,7086346.0,2025-12-16 07:59:59.999000+00:00
2025-12-16 08:00:00+00:00,1.519,1.554,1.517,1.543,8630326.0,2025-12-16 11:59:59.999000+00:00
2025-12-16 12:00:00+00:00,1.543,1.562,1.505,1.557,16895881.0,2025-12-16 15:59:59.999000+00:00
2025-12-16 16:00:00+00:00,1.557,1.599,1.547,1.581,16121895.0,2025-12-16 19:59:59.999000+00:00
2025-12-16 20:00:00+00:00,1.581,1.62,1.561,1.569,11469365.0,2025-12-16 23:59:59.999000+00:00
2025-12-17 00:00:00+00:00,1.57,1.575,1.552,1.555,6273801.0,2025-12-17 03:59:59.999000+00:00
2025-12-17 04:00:00+00:00,1.555,1.559,1.534,1.547,6889113.0,2025-12-17 07:59:59.999000+00:00
2025-12-17 08:00:00+00:00,1.546,1.547,1.526,1.538,6320527.0,2025-12-17 11:59:59.999000+00:00
2025-12-17 12:00:00+00:00,1.537,1.613,1.516,1.537,30031934.0,2025-12-17 15:59:59.999000+00:00
2025-12-17 16:00:00+00:00,1.537,1.547,1.465,1.485,31184078.0,2025-12-17 19:59:59.999000+00:00
2025-12-17 20:00:00+00:00,1.485,1.498,1.467,1.481,6773315.0,2025-12-17 23:59:59.999000+00:00
2025-12-18 00:00:00+00:00,1.481,1.486,1.459,1.464,7736567.0,2025-12-18 03:59:59.999000+00:00
2025-12-18 04:00:00+00:00,1.464,1.477,1.451,1.475,6869809.0,2025-12-18 07:59:59.999000+00:00
2025-12-18 08:00:00+00:00,1.476,1.489,1.464,1.475,9648527.0,2025-12-18 11:59:59.999000+00:00
2025-12-18 12:00:00+00:00,1.475,1.589,1.469,1.567,25351079.0,2025-12-18 15:59:59.999000+00:00
2025-12-18 16:00:00+00:00,1.567,1.6,1.423,1.428,41616632.0,2025-12-18 19:59:59.999000+00:00
2025-12-18 20:00:00+00:00,1.428,1.456,1.418,1.428,23366262.0,2025-12-18 23:59:59.999000+00:00
2025-12-19 00:00:00+00:00,1.427,1.486,1.404,1.474,18108556.0,2025-12-19 03:59:59.999000+00:00
2025-12-19 04:00:00+00:00,1.475,1.504,1.459,1.49,10846429.0,2025-12-19 07:59:59.999000+00:00
2025-12-19 08:00:00+00:00,1.49,1.51,1.483,1.507,10870760.0,2025-12-19 11:59:59.999000+00:00
2025-12-19 12:00:00+00:00,1.506,1.542,1.487,1.514,21627005.0,2025-12-19 15:59:59.999000+00:00
2025-12-19 16:00:00+00:00,1.515,1.559,1.501,1.551,18955153.0,2025-12-19 19:59:59.999000+00:00
2025-12-19 20:00:00+00:00,1.551,1.56,1.533,1.538,5940531.0,2025-12-19 23:59:59.999000+00:00
2025-12-20 00:00:00+00:00,1.538,1.539,1.511,1.515,5095600.0,2025-12-20 03:59:59.999000+00:00
2025-12-20 04:00:00+00:00,1.514,1.539,1.504,1.534,6619154.0,2025-12-20 07:59:59.999000+00:00
2025-12-20 08:00:00+00:00,1.534,1.546,1.513,1.522,5856014.0,2025-12-20 11:59:59.999000+00:00
2025-12-20 12:00:00+00:00,1.521,1.523,1.503,1.516,7094429.0,2025-12-20 15:59:59.999000+00:00
2025-12-20 16:00:00+00:00,1.517,1.525,1.512,1.517,3663571.0,2025-12-20 19:59:59.999000+00:00
2025-12-20 20:00:00+00:00,1.517,1.526,1.513,1.522,4658150.0,2025-12-20 23:59:59.999000+00:00
2025-12-21 00:00:00+00:00,1.523,1.528,1.491,1.506,7116653.0,2025-12-21 03:59:59.999000+00:00
2025-12-21 04:00:00+00:00,1.505,1.521,1.504,1.516,3635143.0,2025-12-21 07:59:59.999000+00:00
2025-12-21 08:00:00+00:00,1.515,1.536,1.509,1.513,6076635.0,2025-12-21 11:59:59.999000+00:00
2025-12-21 12:00:00+00:00,1.513,1.522,1.453,1.463,17228374.0,2025-12-21 15:59:59.999000+00:00
2025-12-21 16:00:00+00:00,1.462,1.49,1.454,1.487,8890458.0,2025-12-21 19:59:59.999000+00:00
2025-12-21 20:00:00+00:00,1.488,1.529,1.466,1.508,10977213.0,2025-12-21 23:59:59.999000+00:00
2025-12-22 00:00:00+00:00,1.509,1.543,1.491,1.515,13424881.0,2025-12-22 03:59:59.999000+00:00
2025-12-22 04:00:00+00:00,1.514,1.536,1.514,1.534,7096935.0,2025-12-22 07:59:59.999000+00:00
2025-12-22 08:00:00+00:00,1.535,1.569,1.532,1.558,12785401.0,2025-12-22 11:59:59.999000+00:00
2025-12-22 12:00:00+00:00,1.559,1.586,1.541,1.558,17533592.0,2025-12-22 15:59:59.999000+00:00
2025-12-22 16:00:00+00:00,1.557,1.573,1.504,1.504,11316178.0,2025-12-22 19:59:59.999000+00:00
2025-12-22 20:00:00+00:00,1.505,1.52,1.49,1.504,14410507.0,2025-12-22 23:59:59.999000+00:00
2025-12-23 00:00:00+00:00,1.505,1.524,1.476,1.492,12085059.0,2025-12-23 03:59:59.999000+00:00
2025-12-23 04:00:00+00:00,1.492,1.498,1.472,1.477,8696629.0,2025-12-23 07:59:59.999000+00:00
2025-12-23 08:00:00+00:00,1.478,1.499,1.471,1.492,6445407.0,2025-12-23 11:59:59.999000+00:00
2025-12-23 12:00:00+00:00,1.492,1.498,1.461,1.486,17792437.0,2025-12-23 15:59:59.999000+00:00
2025-12-23 16:00:00+00:00,1.487,1.531,1.482,1.504,23125629.0,2025-12-23 19:59:59.999000+00:00
2025-12-23 20:00:00+00:00,1.505,1.531,1.482,1.486,7147166.0,2025-12-23 23:59:59.999000+00:00
2025-12-24 00:00:00+00:00,1.486,1.489,1.451,1.468,14744571.0,2025-12-24 03:59:59.999000+00:00
2025-12-24 04:00:00+00:00,1.469,1.478,1.443,1.444,9937151.0,2025-12-24 07:59:59.999000+00:00
2025-12-24 08:00:00+00:00,1.444,1.453,1.44,1.445,6917502.0,2025-12-24 11:59:59.999000+00:00
2025-12-24 12:00:00+00:00,1.446,1.468,1.434,1.466,12429482.0,2025-12-24 15:59:59.999000+00:00
2025-12-24 16:00:00+00:00,1.466,1.471,1.443,1.457,8696601.0,2025-12-24 19:59:59.999000+00:00
2025-12-24 20:00:00+00:00,1.458,1.474,1.45,1.453,6258157.0,2025-12-24 23:59:59.999000+00:00
2025-12-25 00:00:00+00:00,1.454,1.503,1.452,1.499,11420548.0,2025-12-25 03:59:59.999000+00:00
2025-12-25 04:00:00+00:00,1.498,1.513,1.486,1.5,8437978.0,2025-12-25 07:59:59.999000+00:00
2025-12-25 08:00:00+00:00,1.5,1.511,1.462,1.472,8297939.0,2025-12-25 11:59:59.999000+00:00
2025-12-25 12:00:00+00:00,1.471,1.508,1.467,1.499,8695586.0,2025-12-25 15:59:59.999000+00:00
2025-12-25 16:00:00+00:00,1.5,1.509,1.481,1.504,6984509.0,2025-12-25 19:59:59.999000+00:00
2025-12-25 20:00:00+00:00,1.504,1.506,1.431,1.436,11854273.0,2025-12-25 23:59:59.999000+00:00
2025-12-26 00:00:00+00:00,1.436,1.542,1.43,1.527,27354533.0,2025-12-26 03:59:59.999000+00:00
2025-12-26 04:00:00+00:00,1.527,1.563,1.517,1.523,16983192.0,2025-12-26 07:59:59.999000+00:00
2025-12-26 08:00:00+00:00,1.523,1.537,1.517,1.526,7470854.0,2025-12-26 11:59:59.999000+00:00
2025-12-26 12:00:00+00:00,1.527,1.534,1.485,1.511,14180991.0,2025-12-26 15:59:59.999000+00:00
2025-12-26 16:00:00+00:00,1.511,1.53,1.496,1.525,8295838.0,2025-12-26 19:59:59.999000+00:00
2025-12-26 20:00:00+00:00,1.525,1.529,1.512,1.518,4685008.0,2025-12-26 23:59:59.999000+00:00
2025-12-27 00:00:00+00:00,1.518,1.538,1.509,1.538,5530176.0,2025-12-27 03:59:59.999000+00:00
2025-12-27 04:00:00+00:00,1.537,1.546,1.518,1.519,4846113.0,2025-12-27 07:59:59.999000+00:00
2025-12-27 08:00:00+00:00,1.518,1.534,1.499,1.531,7004440.0,2025-12-27 11:59:59.999000+00:00
2025-12-27 12:00:00+00:00,1.531,1.554,1.525,1.552,5970347.0,2025-12-27 15:59:59.999000+00:00
2025-12-27 16:00:00+00:00,1.552,1.583,1.546,1.55,7935328.0,2025-12-27 19:59:59.999000+00:00
2025-12-27 20:00:00+00:00,1.549,1.605,1.546,1.593,7424636.0,2025-12-27 23:59:59.999000+00:00
2025-12-28 00:00:00+00:00,1.593,1.597,1.583,1.591,4811917.0,2025-12-28 03:59:59.999000+00:00
2025-12-28 04:00:00+00:00,1.592,1.614,1.591,1.604,6093239.0,2025-12-28 07:59:59.999000+00:00
2025-12-28 08:00:00+00:00,1.605,1.615,1.586,1.594,6882131.0,2025-12-28 11:59:59.999000+00:00
2025-12-28 12:00:00+00:00,1.594,1.595,1.567,1.589,8909945.0,2025-12-28 15:59:59.999000+00:00
2025-12-28 16:00:00+00:00,1.589,1.592,1.553,1.555,9858186.0,2025-12-28 19:59:59.999000+00:00
2025-12-28 20:00:00+00:00,1.556,1.583,1.553,1.581,5869197.0,2025-12-28 23:59:59.999000+00:00
2025-12-29 00:00:00+00:00,1.581,1.611,1.575,1.605,13052944.0,2025-12-29 03:59:59.999000+00:00
2025-12-29 04:00:00+00:00,1.605,1.609,1.572,1.585,8116873.0,2025-12-29 07:59:59.999000+00:00
2025-12-29 08:00:00+00:00,1.584,1.586,1.53,1.538,13492957.0,2025-12-29 11:59:59.999000+00:00
2025-12-29 12:00:00+00:00,1.538,1.541,1.51,1.524,17891815.0,2025-12-29 15:59:59.999000+00:00
2025-12-29 16:00:00+00:00,1.524,1.531,1.511,1.518,8031835.0,2025-12-29 19:59:59.999000+00:00
2025-12-29 20:00:00+00:00,1.517,1.528,1.511,1.522,5146144.0,2025-12-29 23:59:59.999000+00:00
2025-12-30 00:00:00+00:00,1.522,1.533,1.511,1.523,7198085.0,2025-12-30 03:59:59.999000+00:00
2025-12-30 04:00:00+00:00,1.524,1.535,1.514,1.53,4233138.0,2025-12-30 07:59:59.999000+00:00
2025-12-30 08:00:00+00:00,1.529,1.561,1.529,1.544,9809756.0,2025-12-30 11:59:59.999000+00:00
2025-12-30 12:00:00+00:00,1.545,1.558,1.523,1.546,9365921.0,2025-12-30 15:59:59.999000+00:00
2025-12-30 16:00:00+00:00,1.546,1.551,1.514,1.528,7970506.0,2025-12-30 19:59:59.999000+00:00
2025-12-30 20:00:00+00:00,1.529,1.529,1.511,1.515,5205152.0,2025-12-30 23:59:59.999000+00:00
2025-12-31 00:00:00+00:00,1.514,1.531,1.503,1.518,6784267.0,2025-12-31 03:59:59.999000+00:00
2025-12-31 04:00:00+00:00,1.517,1.525,1.513,1.519,3523356.0,2025-12-31 07:59:59.999000+00:00
2025-12-31 08:00:00+00:00,1.518,1.525,1.496,1.518,9332767.0,2025-12-31 11:59:59.999000+00:00
2025-12-31 12:00:00+00:00,1.518,1.529,1.504,1.507,9566670.0,2025-12-31 15:59:59.999000+00:00
2025-12-31 16:00:00+00:00,1.508,1.509,1.467,1.488,11100385.0,2025-12-31 19:59:59.999000+00:00
2025-12-31 20:00:00+00:00,1.489,1.53,1.477,1.513,11377098.0,2025-12-31 23:59:59.999000+00:00
2026-01-01 00:00:00+00:00,1.513,1.529,1.505,1.506,6611365.0,2026-01-01 03:59:59.999000+00:00
2026-01-01 04:00:00+00:00,1.507,1.515,1.5,1.512,3115764.0,2026-01-01 07:59:59.999000+00:00
2026-01-01 08:00:00+00:00,1.512,1.534,1.51,1.53,4960404.0,2026-01-01 11:59:59.999000+00:00
2026-01-01 12:00:00+00:00,1.53,1.584,1.521,1.572,14783121.0,2026-01-01 15:59:59.999000+00:00
2026-01-01 16:00:00+00:00,1.573,1.613,1.569,1.613,15594524.0,2026-01-01 19:59:59.999000+00:00
2026-01-01 20:00:00+00:00,1.613,1.635,1.597,1.627,14317248.0,2026-01-01 23:59:59.999000+00:00
2026-01-02 00:00:00+00:00,1.627,1.661,1.624,1.655,10854285.0,2026-01-02 03:59:59.999000+00:00
2026-01-02 04:00:00+00:00,1.655,1.658,1.626,1.629,6299265.0,2026-01-02 07:59:59.999000+00:00
2026-01-02 08:00:00+00:00,1.629,1.665,1.627,1.636,8853970.0,2026-01-02 11:59:59.999000+00:00
2026-01-02 12:00:00+00:00,1.636,1.653,1.613,1.636,11724209.0,2026-01-02 15:59:59.999000+00:00
2026-01-02 16:00:00+00:00,1.636,1.691,1.63,1.684,14400569.0,2026-01-02 19:59:59.999000+00:00
2026-01-02 20:00:00+00:00,1.684,1.697,1.673,1.69,7103301.0,2026-01-02 23:59:59.999000+00:00
2026-01-03 00:00:00+00:00,1.691,1.711,1.683,1.708,7297512.0,2026-01-03 03:59:59.999000+00:00
2026-01-03 04:00:00+00:00,1.708,1.718,1.657,1.668,8132581.0,2026-01-03 07:59:59.999000+00:00
2026-01-03 08:00:00+00:00,1.668,1.68,1.658,1.674,5394122.0,2026-01-03 11:59:59.999000+00:00
2026-01-03 12:00:00+00:00,1.674,1.707,1.671,1.681,6203838.0,2026-01-03 15:59:59.999000+00:00
2026-01-03 16:00:00+00:00,1.681,1.712,1.679,1.703,5205873.0,2026-01-03 19:59:59.999000+00:00
2026-01-03 20:00:00+00:00,1.703,1.716,1.693,1.709,3060871.0,2026-01-03 23:59:59.999000+00:00
2026-01-04 00:00:00+00:00,1.709,1.731,1.691,1.711,7817696.0,2026-01-04 03:59:59.999000+00:00
2026-01-04 04:00:00+00:00,1.711,1.716,1.69,1.711,7584669.0,2026-01-04 07:59:59.999000+00:00
2026-01-04 08:00:00+00:00,1.712,1.729,1.697,1.723,8110183.0,2026-01-04 11:59:59.999000+00:00
2026-01-04 12:00:00+00:00,1.723,1.741,1.707,1.733,8905633.0,2026-01-04 15:59:59.999000+00:00
2026-01-04 16:00:00+00:00,1.733,1.742,1.704,1.724,8506019.0,2026-01-04 19:59:59.999000+00:00
2026-01-04 20:00:00+00:00,1.724,1.736,1.71,1.727,4400050.0,2026-01-04 23:59:59.999000+00:00
2026-01-05 00:00:00+00:00,1.728,1.798,1.721,1.791,17207313.0,2026-01-05 03:59:59.999000+00:00
2026-01-05 04:00:00+00:00,1.791,1.8,1.731,1.746,14802393.0,2026-01-05 07:59:59.999000+00:00
2026-01-05 08:00:00+00:00,1.746,1.759,1.706,1.719,9361273.0,2026-01-05 11:59:59.999000+00:00
2026-01-05 12:00:00+00:00,1.718,1.764,1.71,1.756,11383029.0,2026-01-05 15:59:59.999000+00:00
2026-01-05 16:00:00+00:00,1.757,1.783,1.72,1.766,11050956.0,2026-01-05 19:59:59.999000+00:00
2026-01-05 20:00:00+00:00,1.767,1.795,1.751,1.771,7993414.0,2026-01-05 23:59:59.999000+00:00
2026-01-06 00:00:00+00:00,1.772,1.789,1.743,1.777,9285451.0,2026-01-06 03:59:59.999000+00:00
2026-01-06 04:00:00+00:00,1.778,1.797,1.746,1.756,8629222.0,2026-01-06 07:59:59.999000+00:00
2026-01-06 08:00:00+00:00,1.757,1.825,1.756,1.819,8206520.0,2026-01-06 11:59:59.999000+00:00
2026-01-06 12:00:00+00:00,1.82,1.84,1.782,1.795,16447233.0,2026-01-06 15:59:59.999000+00:00
2026-01-06 16:00:00+00:00,1.794,1.805,1.726,1.751,16109342.0,2026-01-06 19:59:59.999000+00:00
2026-01-06 20:00:00+00:00,1.751,1.828,1.751,1.808,8231956.0,2026-01-06 23:59:59.999000+00:00
2026-01-07 00:00:00+00:00,1.808,1.808,1.751,1.769,6594536.0,2026-01-07 03:59:59.999000+00:00
2026-01-07 04:00:00+00:00,1.77,1.79,1.755,1.789,4839584.0,2026-01-07 07:59:59.999000+00:00
2026-01-07 08:00:00+00:00,1.79,1.803,1.757,1.772,8534500.0,2026-01-07 11:59:59.999000+00:00
2026-01-07 12:00:00+00:00,1.772,1.772,1.71,1.718,13241278.0,2026-01-07 15:59:59.999000+00:00
2026-01-07 16:00:00+00:00,1.718,1.736,1.71,1.73,6904284.0,2026-01-07 19:59:59.999000+00:00
2026-01-07 20:00:00+00:00,1.73,1.733,1.699,1.721,5297932.0,2026-01-07 23:59:59.999000+00:00
2026-01-08 00:00:00+00:00,1.721,1.728,1.696,1.699,6203715.0,2026-01-08 03:59:59.999000+00:00
2026-01-08 04:00:00+00:00,1.7,1.719,1.664,1.708,11168161.0,2026-01-08 07:59:59.999000+00:00
2026-01-08 08:00:00+00:00,1.709,1.718,1.675,1.69,11022102.0,2026-01-08 11:59:59.999000+00:00
2026-01-08 12:00:00+00:00,1.69,1.715,1.656,1.714,11385264.0,2026-01-08 15:59:59.999000+00:00
2026-01-08 16:00:00+00:00,1.714,1.718,1.679,1.684,7585335.0,2026-01-08 19:59:59.999000+00:00
2026-01-08 20:00:00+00:00,1.683,1.707,1.664,1.684,3798054.0,2026-01-08 23:59:59.999000+00:00
2026-01-09 00:00:00+00:00,1.684,1.708,1.672,1.694,7580564.0,2026-01-09 03:59:59.999000+00:00
2026-01-09 04:00:00+00:00,1.694,1.707,1.684,1.696,3983374.0,2026-01-09 07:59:59.999000+00:00
2026-01-09 08:00:00+00:00,1.695,1.699,1.66,1.683,5177532.0,2026-01-09 11:59:59.999000+00:00
2026-01-09 12:00:00+00:00,1.682,1.749,1.668,1.722,14422901.0,2026-01-09 15:59:59.999000+00:00
2026-01-09 16:00:00+00:00,1.723,1.755,1.676,1.684,11160154.0,2026-01-09 19:59:59.999000+00:00
2026-01-09 20:00:00+00:00,1.683,1.72,1.681,1.703,5299837.0,2026-01-09 23:59:59.999000+00:00
2026-01-10 00:00:00+00:00,1.702,1.704,1.675,1.686,4126431.0,2026-01-10 03:59:59.999000+00:00
2026-01-10 04:00:00+00:00,1.686,1.705,1.673,1.702,4331715.0,2026-01-10 07:59:59.999000+00:00
2026-01-10 08:00:00+00:00,1.703,1.715,1.696,1.713,3814408.0,2026-01-10 11:59:59.999000+00:00
2026-01-10 12:00:00+00:00,1.713,1.733,1.704,1.708,4809740.0,2026-01-10 15:59:59.999000+00:00
2026-01-10 16:00:00+00:00,1.707,1.715,1.688,1.714,4079705.0,2026-01-10 19:59:59.999000+00:00
2026-01-10 20:00:00+00:00,1.714,1.716,1.681,1.687,3235759.0,2026-01-10 23:59:59.999000+00:00
2026-01-11 00:00:00+00:00,1.688,1.698,1.682,1.693,3046004.0,2026-01-11 03:59:59.999000+00:00
2026-01-11 04:00:00+00:00,1.693,1.695,1.678,1.688,3061994.0,2026-01-11 07:59:59.999000+00:00
2026-01-11 08:00:00+00:00,1.688,1.705,1.684,1.703,4213890.0,2026-01-11 11:59:59.999000+00:00
2026-01-11 12:00:00+00:00,1.704,1.722,1.687,1.694,6396580.0,2026-01-11 15:59:59.999000+00:00
2026-01-11 16:00:00+00:00,1.695,1.738,1.692,1.72,8899567.0,2026-01-11 19:59:59.999000+00:00
2026-01-11 20:00:00+00:00,1.719,1.72,1.669,1.701,7717051.0,2026-01-11 23:59:59.999000+00:00
2026-01-12 00:00:00+00:00,1.701,1.769,1.675,1.735,11911424.0,2026-01-12 03:59:59.999000+00:00
2026-01-12 04:00:00+00:00,1.735,1.759,1.714,1.716,10419782.0,2026-01-12 07:59:59.999000+00:00
2026-01-12 08:00:00+00:00,1.716,1.722,1.664,1.681,15977218.0,2026-01-12 11:59:59.999000+00:00
2026-01-12 12:00:00+00:00,1.68,1.72,1.643,1.714,16905243.0,2026-01-12 15:59:59.999000+00:00
2026-01-12 16:00:00+00:00,1.713,1.738,1.679,1.695,13007741.0,2026-01-12 19:59:59.999000+00:00
2026-01-12 20:00:00+00:00,1.695,1.71,1.661,1.672,6562537.0,2026-01-12 23:59:59.999000+00:00
2026-01-13 00:00:00+00:00,1.673,1.726,1.672,1.696,9361705.0,2026-01-13 03:59:59.999000+00:00
2026-01-13 04:00:00+00:00,1.695,1.752,1.695,1.739,10320609.0,2026-01-13 07:59:59.999000+00:00
2026-01-13 08:00:00+00:00,1.74,1.79,1.729,1.768,14208037.0,2026-01-13 11:59:59.999000+00:00
2026-01-13 12:00:00+00:00,1.768,1.825,1.755,1.811,20678880.0,2026-01-13 15:59:59.999000+00:00
2026-01-13 16:00:00+00:00,1.811,1.853,1.804,1.848,17956177.0,2026-01-13 19:59:59.999000+00:00
2026-01-13 20:00:00+00:00,1.848,1.894,1.819,1.858,14712109.0,2026-01-13 23:59:59.999000+00:00
2026-01-14 00:00:00+00:00,1.858,1.878,1.849,1.859,7491722.0,2026-01-14 03:59:59.999000+00:00
2026-01-14 04:00:00+00:00,1.859,1.861,1.822,1.839,7850195.0,2026-01-14 07:59:59.999000+00:00
2026-01-14 08:00:00+00:00,1.84,1.863,1.824,1.828,9700829.0,2026-01-14 11:59:59.999000+00:00
2026-01-14 12:00:00+00:00,1.829,1.853,1.808,1.841,13583867.0,2026-01-14 15:59:59.999000+00:00
2026-01-14 16:00:00+00:00,1.841,1.862,1.797,1.823,16932602.0,2026-01-14 19:59:59.999000+00:00
2026-01-14 20:00:00+00:00,1.822,1.834,1.783,1.798,8730206.0,2026-01-14 23:59:59.999000+00:00
2026-01-15 00:00:00+00:00,1.799,1.814,1.741,1.749,12004659.0,2026-01-15 03:59:59.999000+00:00
2026-01-15 04:00:00+00:00,1.749,1.788,1.744,1.783,6896451.0,2026-01-15 07:59:59.999000+00:00
2026-01-15 08:00:00+00:00,1.782,1.8,1.766,1.79,6590420.0,2026-01-15 11:59:59.999000+00:00
2026-01-15 12:00:00+00:00,1.789,1.812,1.717,1.745,15113363.0,2026-01-15 15:59:59.999000+00:00
2026-01-15 16:00:00+00:00,1.744,1.753,1.697,1.712,12288243.0,2026-01-15 19:59:59.999000+00:00
2026-01-15 20:00:00+00:00,1.711,1.728,1.698,1.72,5334389.0,2026-01-15 23:59:59.999000+00:00
2026-01-16 00:00:00+00:00,1.721,1.729,1.701,1.715,5806300.0,2026-01-16 03:59:59.999000+00:00
2026-01-16 04:00:00+00:00,1.716,1.75,1.705,1.744,5555299.0,2026-01-16 07:59:59.999000+00:00
2026-01-16 08:00:00+00:00,1.744,1.755,1.719,1.728,4865811.0,2026-01-16 11:59:59.999000+00:00
2026-01-16 12:00:00+00:00,1.728,1.73,1.672,1.685,10893128.0,2026-01-16 15:59:59.999000+00:00
2026-01-16 16:00:00+00:00,1.685,1.703,1.673,1.692,8398419.0,2026-01-16 19:59:59.999000+00:00
2026-01-16 20:00:00+00:00,1.692,1.744,1.682,1.731,8374954.0,2026-01-16 23:59:59.999000+00:00
2026-01-17 00:00:00+00:00,1.731,1.739,1.722,1.728,3672485.0,2026-01-17 03:59:59.999000+00:00
2026-01-17 04:00:00+00:00,1.727,1.773,1.72,1.772,4816324.0,2026-01-17 07:59:59.999000+00:00
2026-01-17 08:00:00+00:00,1.772,1.803,1.763,1.767,13167913.0,2026-01-17 11:59:59.999000+00:00
2026-01-17 12:00:00+00:00,1.766,1.809,1.765,1.788,8701303.0,2026-01-17 15:59:59.999000+00:00
2026-01-17 16:00:00+00:00,1.788,1.794,1.766,1.783,6108015.0,2026-01-17 19:59:59.999000+00:00
2026-01-17 20:00:00+00:00,1.784,1.787,1.746,1.751,4510485.0,2026-01-17 23:59:59.999000+00:00
2026-01-18 00:00:00+00:00,1.75,1.767,1.714,1.721,8752888.0,2026-01-18 03:59:59.999000+00:00
2026-01-18 04:00:00+00:00,1.721,1.722,1.698,1.707,6251095.0,2026-01-18 07:59:59.999000+00:00
2026-01-18 08:00:00+00:00,1.707,1.714,1.698,1.707,5955360.0,2026-01-18 11:59:59.999000+00:00
2026-01-18 12:00:00+00:00,1.707,1.721,1.689,1.719,8587913.0,2026-01-18 15:59:59.999000+00:00
2026-01-18 16:00:00+00:00,1.719,1.741,1.709,1.718,8126745.0,2026-01-18 19:59:59.999000+00:00
2026-01-18 20:00:00+00:00,1.718,1.736,1.623,1.627,13683222.0,2026-01-18 23:59:59.999000+00:00
2026-01-19 00:00:00+00:00,1.627,1.627,1.44,1.593,44857035.0,2026-01-19 03:59:59.999000+00:00
2026-01-19 04:00:00+00:00,1.593,1.596,1.554,1.561,13879256.0,2026-01-19 07:59:59.999000+00:00
2026-01-19 08:00:00+00:00,1.561,1.583,1.55,1.555,9973858.0,2026-01-19 11:59:59.999000+00:00
2026-01-19 12:00:00+00:00,1.554,1.571,1.545,1.562,8894184.0,2026-01-19 15:59:59.999000+00:00
2026-01-19 16:00:00+00:00,1.562,1.62,1.559,1.607,10256244.0,2026-01-19 19:59:59.999000+00:00
2026-01-19 20:00:00+00:00,1.607,1.609,1.573,1.597,7960017.0,2026-01-19 23:59:59.999000+00:00
2026-01-20 00:00:00+00:00,1.596,1.604,1.577,1.587,8755224.0,2026-01-20 03:59:59.999000+00:00
2026-01-20 04:00:00+00:00,1.586,1.589,1.551,1.552,9356091.0,2026-01-20 07:59:59.999000+00:00
2026-01-20 08:00:00+00:00,1.552,1.564,1.532,1.537,9539938.0,2026-01-20 11:59:59.999000+00:00
2026-01-20 12:00:00+00:00,1.537,1.56,1.517,1.528,19376286.0,2026-01-20 15:59:59.999000+00:00
2026-01-20 16:00:00+00:00,1.527,1.535,1.505,1.519,16311980.0,2026-01-20 19:59:59.999000+00:00
2026-01-20 20:00:00+00:00,1.518,1.529,1.487,1.505,9171381.0,2026-01-20 23:59:59.999000+00:00
2026-01-21 00:00:00+00:00,1.505,1.551,1.503,1.541,8350001.0,2026-01-21 03:59:59.999000+00:00
2026-01-21 04:00:00+00:00,1.542,1.548,1.527,1.531,5288001.0,2026-01-21 07:59:59.999000+00:00
2026-01-21 08:00:00+00:00,1.531,1.538,1.507,1.513,8211497.0,2026-01-21 11:59:59.999000+00:00
2026-01-21 12:00:00+00:00,1.513,1.56,1.494,1.552,15295089.0,2026-01-21 15:59:59.999000+00:00
2026-01-21 16:00:00+00:00,1.552,1.57,1.481,1.569,21901349.0,2026-01-21 19:59:59.999000+00:00
2026-01-21 20:00:00+00:00,1.569,1.574,1.523,1.527,8412614.0,2026-01-21 23:59:59.999000+00:00
2026-01-22 00:00:00+00:00,1.528,1.555,1.527,1.536,7034542.0,2026-01-22 03:59:59.999000+00:00
2026-01-22 04:00:00+00:00,1.536,1.557,1.535,1.545,5017298.0,2026-01-22 07:59:59.999000+00:00
2026-01-22 08:00:00+00:00,1.545,1.559,1.53,1.53,5899569.0,2026-01-22 11:59:59.999000+00:00
2026-01-22 12:00:00+00:00,1.53,1.541,1.494,1.51,10402993.0,2026-01-22 15:59:59.999000+00:00
2026-01-22 16:00:00+00:00,1.511,1.534,1.507,1.522,6388177.0,2026-01-22 19:59:59.999000+00:00
2026-01-22 20:00:00+00:00,1.522,1.526,1.501,1.513,3775711.0,2026-01-22 23:59:59.999000+00:00
2026-01-23 00:00:00+00:00,1.512,1.531,1.508,1.529,4843675.0,2026-01-23 03:59:59.999000+00:00
2026-01-23 04:00:00+00:00,1.529,1.542,1.512,1.517,4514918.0,2026-01-23 07:59:59.999000+00:00
2026-01-23 08:00:00+00:00,1.517,1.524,1.501,1.521,5461368.0,2026-01-23 11:59:59.999000+00:00
2026-01-23 12:00:00+00:00,1.521,1.533,1.491,1.526,9558481.0,2026-01-23 15:59:59.999000+00:00
2026-01-23 16:00:00+00:00,1.525,1.55,1.498,1.506,13070351.0,2026-01-23 19:59:59.999000+00:00
2026-01-23 20:00:00+00:00,1.506,1.518,1.489,1.507,5668542.0,2026-01-23 23:59:59.999000+00:00
2026-01-24 00:00:00+00:00,1.507,1.518,1.5,1.51,3302069.0,2026-01-24 03:59:59.999000+00:00
2026-01-24 04:00:00+00:00,1.51,1.518,1.506,1.512,2542329.0,2026-01-24 07:59:59.999000+00:00
2026-01-24 08:00:00+00:00,1.512,1.52,1.506,1.508,2288596.0,2026-01-24 11:59:59.999000+00:00
2026-01-24 12:00:00+00:00,1.507,1.511,1.492,1.495,4166174.0,2026-01-24 15:59:59.999000+00:00
2026-01-24 16:00:00+00:00,1.494,1.504,1.487,1.495,3284658.0,2026-01-24 19:59:59.999000+00:00
2026-01-24 20:00:00+00:00,1.496,1.513,1.494,1.504,3426691.0,2026-01-24 23:59:59.999000+00:00
2026-01-25 00:00:00+00:00,1.505,1.516,1.492,1.499,4221862.0,2026-01-25 03:59:59.999000+00:00
2026-01-25 04:00:00+00:00,1.498,1.513,1.495,1.501,3076155.0,2026-01-25 07:59:59.999000+00:00
2026-01-25 08:00:00+00:00,1.502,1.511,1.482,1.496,5540530.0,2026-01-25 11:59:59.999000+00:00
2026-01-25 12:00:00+00:00,1.495,1.499,1.474,1.489,6511065.0,2026-01-25 15:59:59.999000+00:00
2026-01-25 16:00:00+00:00,1.488,1.488,1.409,1.417,21716037.0,2026-01-25 19:59:59.999000+00:00
2026-01-25 20:00:00+00:00,1.417,1.44,1.408,1.436,9460676.0,2026-01-25 23:59:59.999000+00:00
2026-01-26 00:00:00+00:00,1.436,1.471,1.43,1.446,6491477.0,2026-01-26 03:59:59.999000+00:00
2026-01-26 04:00:00+00:00,1.447,1.475,1.446,1.468,4688126.0,2026-01-26 07:59:59.999000+00:00
2026-01-26 08:00:00+00:00,1.468,1.479,1.448,1.453,5214498.0,2026-01-26 11:59:59.999000+00:00
2026-01-26 12:00:00+00:00,1.453,1.487,1.446,1.463,10184315.0,2026-01-26 15:59:59.999000+00:00
2026-01-26 16:00:00+00:00,1.462,1.474,1.44,1.46,8842526.0,2026-01-26 19:59:59.999000+00:00
2026-01-26 20:00:00+00:00,1.459,1.478,1.449,1.461,5116129.0,2026-01-26 23:59:59.999000+00:00
2026-01-27 00:00:00+00:00,1.462,1.479,1.46,1.471,3570121.0,2026-01-27 03:59:59.999000+00:00
2026-01-27 04:00:00+00:00,1.472,1.481,1.466,1.47,2799279.0,2026-01-27 07:59:59.999000+00:00
2026-01-27 08:00:00+00:00,1.47,1.474,1.454,1.456,3584997.0,2026-01-27 11:59:59.999000+00:00
2026-01-27 12:00:00+00:00,1.457,1.47,1.446,1.469,5278698.0,2026-01-27 15:59:59.999000+00:00
2026-01-27 16:00:00+00:00,1.469,1.504,1.449,1.48,13595281.0,2026-01-27 19:59:59.999000+00:00
2026-01-27 20:00:00+00:00,1.48,1.505,1.479,1.49,6538628.0,2026-01-27 23:59:59.999000+00:00
2026-01-28 00:00:00+00:00,1.489,1.497,1.474,1.474,5329607.0,2026-01-28 03:59:59.999000+00:00
2026-01-28 04:00:00+00:00,1.475,1.488,1.468,1.479,3991737.0,2026-01-28 07:59:59.999000+00:00
2026-01-28 08:00:00+00:00,1.479,1.496,1.463,1.494,5414448.0,2026-01-28 11:59:59.999000+00:00
2026-01-28 12:00:00+00:00,1.495,1.496,1.459,1.466,8831882.0,2026-01-28 15:59:59.999000+00:00
2026-01-28 16:00:00+00:00,1.467,1.487,1.457,1.477,6829777.0,2026-01-28 19:59:59.999000+00:00
2026-01-28 20:00:00+00:00,1.476,1.501,1.463,1.489,8867549.0,2026-01-28 23:59:59.999000+00:00
2026-01-29 00:00:00+00:00,1.489,1.496,1.44,1.447,10127380.0,2026-01-29 03:59:59.999000+00:00
2026-01-29 04:00:00+00:00,1.447,1.454,1.434,1.441,7989377.0,2026-01-29 07:59:59.999000+00:00
2026-01-29 08:00:00+00:00,1.44,1.443,1.417,1.419,7475285.0,2026-01-29 11:59:59.999000+00:00
2026-01-29 12:00:00+00:00,1.418,1.428,1.352,1.373,22514503.0,2026-01-29 15:59:59.999000+00:00
2026-01-29 16:00:00+00:00,1.373,1.403,1.341,1.361,21381510.0,2026-01-29 19:59:59.999000+00:00
2026-01-29 20:00:00+00:00,1.361,1.385,1.356,1.375,7214449.0,2026-01-29 23:59:59.999000+00:00
2026-01-30 00:00:00+00:00,1.375,1.381,1.309,1.328,22211598.0,2026-01-30 03:59:59.999000+00:00
2026-01-30 04:00:00+00:00,1.327,1.346,1.295,1.333,13271693.0,2026-01-30 07:59:59.999000+00:00
2026-01-30 08:00:00+00:00,1.333,1.349,1.313,1.343,8353197.0,2026-01-30 11:59:59.999000+00:00
2026-01-30 12:00:00+00:00,1.343,1.345,1.299,1.321,15233391.0,2026-01-30 15:59:59.999000+00:00
2026-01-30 16:00:00+00:00,1.321,1.35,1.287,1.338,19315050.0,2026-01-30 19:59:59.999000+00:00
2026-01-30 20:00:00+00:00,1.337,1.338,1.312,1.321,10731454.0,2026-01-30 23:59:59.999000+00:00
2026-01-31 00:00:00+00:00,1.322,1.327,1.313,1.324,4909766.0,2026-01-31 03:59:59.999000+00:00
2026-01-31 04:00:00+00:00,1.323,1.328,1.295,1.304,5842101.0,2026-01-31 07:59:59.999000+00:00
2026-01-31 08:00:00+00:00,1.304,1.307,1.274,1.278,13393522.0,2026-01-31 11:59:59.999000+00:00
2026-01-31 12:00:00+00:00,1.279,1.283,1.208,1.234,30461261.0,2026-01-31 15:59:59.999000+00:00
2026-01-31 16:00:00+00:00,1.235,1.258,1.09,1.172,62573240.0,2026-01-31 19:59:59.999000+00:00
2026-01-31 20:00:00+00:00,1.173,1.212,1.158,1.206,11693305.0,2026-01-31 23:59:59.999000+00:00
2026-02-01 00:00:00+00:00,1.206,1.216,1.193,1.206,11149792.0,2026-02-01 03:59:59.999000+00:00
2026-02-01 04:00:00+00:00,1.206,1.211,1.188,1.2,7659768.0,2026-02-01 07:59:59.999000+00:00
2026-02-01 08:00:00+00:00,1.2,1.211,1.183,1.2,9452961.0,2026-02-01 11:59:59.999000+00:00
2026-02-01 12:00:00+00:00,1.2,1.209,1.152,1.169,16090895.0,2026-02-01 15:59:59.999000+00:00
2026-02-01 16:00:00+00:00,1.169,1.194,1.155,1.168,13399549.0,2026-02-01 19:59:59.999000+00:00
2026-02-01 20:00:00+00:00,1.168,1.192,1.141,1.173,14498119.0,2026-02-01 23:59:59.999000+00:00
2026-02-02 00:00:00+00:00,1.172,1.205,1.135,1.179,16884986.0,2026-02-02 03:59:59.999000+00:00
2026-02-02 04:00:00+00:00,1.179,1.193,1.135,1.159,19586127.0,2026-02-02 07:59:59.999000+00:00
2026-02-02 08:00:00+00:00,1.16,1.19,1.158,1.18,10184174.0,2026-02-02 11:59:59.999000+00:00
2026-02-02 12:00:00+00:00,1.181,1.238,1.18,1.227,18620453.0,2026-02-02 15:59:59.999000+00:00
2026-02-02 16:00:00+00:00,1.228,1.236,1.212,1.212,9433811.0,2026-02-02 19:59:59.999000+00:00
2026-02-02 20:00:00+00:00,1.212,1.216,1.196,1.2,6646028.0,2026-02-02 23:59:59.999000+00:00
2026-02-03 00:00:00+00:00,1.2,1.205,1.171,1.196,10287555.0,2026-02-03 03:59:59.999000+00:00
2026-02-03 04:00:00+00:00,1.197,1.205,1.182,1.199,6699245.0,2026-02-03 07:59:59.999000+00:00
2026-02-03 08:00:00+00:00,1.2,1.21,1.18,1.193,8673262.0,2026-02-03 11:59:59.999000+00:00
2026-02-03 12:00:00+00:00,1.192,1.211,1.172,1.205,17797470.0,2026-02-03 15:59:59.999000+00:00
2026-02-03 16:00:00+00:00,1.204,1.206,1.122,1.178,30701239.0,2026-02-03 19:59:59.999000+00:00
2026-02-03 20:00:00+00:00,1.179,1.236,1.166,1.176,22730517.0,2026-02-03 23:59:59.999000+00:00
2026-02-04 00:00:00+00:00,1.176,1.205,1.171,1.2,7028409.0,2026-02-04 03:59:59.999000+00:00
2026-02-04 04:00:00+00:00,1.199,1.203,1.182,1.191,6134955.0,2026-02-04 07:59:59.999000+00:00
2026-02-04 08:00:00+00:00,1.191,1.197,1.172,1.183,7702490.0,2026-02-04 11:59:59.999000+00:00
2026-02-04 12:00:00+00:00,1.183,1.186,1.131,1.148,20869893.0,2026-02-04 15:59:59.999000+00:00
2026-02-04 16:00:00+00:00,1.148,1.187,1.127,1.18,29036742.0,2026-02-04 19:59:59.999000+00:00
2026-02-04 20:00:00+00:00,1.18,1.183,1.139,1.159,12231202.0,2026-02-04 23:59:59.999000+00:00
2026-02-05 00:00:00+00:00,1.158,1.167,1.134,1.139,13388947.0,2026-02-05 03:59:59.999000+00:00
2026-02-05 04:00:00+00:00,1.138,1.146,1.113,1.118,17048299.0,2026-02-05 07:59:59.999000+00:00
2026-02-05 08:00:00+00:00,1.117,1.142,1.086,1.106,19426656.0,2026-02-05 11:59:59.999000+00:00
2026-02-05 12:00:00+00:00,1.107,1.138,1.033,1.058,48041776.0,2026-02-05 15:59:59.999000+00:00
2026-02-05 16:00:00+00:00,1.059,1.088,1.012,1.016,50013171.0,2026-02-05 19:59:59.999000+00:00
2026-02-05 20:00:00+00:00,1.017,1.024,0.962,0.976,60958249.0,2026-02-05 23:59:59.999000+00:00
2026-02-06 00:00:00+00:00,0.976,0.985,0.84,0.959,104271451.0,2026-02-06 03:59:59.999000+00:00
2026-02-06 04:00:00+00:00,0.96,1.006,0.953,0.976,27119911.0,2026-02-06 07:59:59.999000+00:00
2026-02-06 08:00:00+00:00,0.976,1.021,0.968,1.017,21571132.0,2026-02-06 11:59:59.999000+00:00
2026-02-06 12:00:00+00:00,1.016,1.065,1.009,1.063,28019339.0,2026-02-06 15:59:59.999000+00:00
2026-02-06 16:00:00+00:00,1.062,1.113,1.057,1.09,31847685.0,2026-02-06 19:59:59.999000+00:00
2026-02-06 20:00:00+00:00,1.089,1.101,1.073,1.087,11317920.0,2026-02-06 23:59:59.999000+00:00
2026-02-07 00:00:00+00:00,1.087,1.094,1.07,1.091,9530455.0,2026-02-07 03:59:59.999000+00:00
2026-02-07 04:00:00+00:00,1.09,1.102,1.044,1.053,17106848.0,2026-02-07 07:59:59.999000+00:00
2026-02-07 08:00:00+00:00,1.053,1.063,1.039,1.044,9931793.0,2026-02-07 11:59:59.999000+00:00
2026-02-07 12:00:00+00:00,1.044,1.08,1.041,1.071,12427134.0,2026-02-07 15:59:59.999000+00:00
2026-02-07 16:00:00+00:00,1.071,1.104,1.068,1.082,37665747.0,2026-02-07 19:59:59.999000+00:00
2026-02-07 20:00:00+00:00,1.082,1.088,1.067,1.073,5232344.0,2026-02-07 23:59:59.999000+00:00
2026-02-08 00:00:00+00:00,1.074,1.076,1.06,1.062,4412849.0,2026-02-08 03:59:59.999000+00:00
2026-02-08 04:00:00+00:00,1.063,1.067,1.053,1.061,3412310.0,2026-02-08 07:59:59.999000+00:00
2026-02-08 08:00:00+00:00,1.061,1.079,1.051,1.072,7732891.0,2026-02-08 11:59:59.999000+00:00
2026-02-08 12:00:00+00:00,1.072,1.073,1.051,1.056,9476925.0,2026-02-08 15:59:59.999000+00:00
2026-02-08 16:00:00+00:00,1.055,1.058,1.029,1.053,8396896.0,2026-02-08 19:59:59.999000+00:00
2026-02-08 20:00:00+00:00,1.053,1.063,1.027,1.037,9179090.0,2026-02-08 23:59:59.999000+00:00
2026-02-09 00:00:00+00:00,1.038,1.05,1.03,1.047,7455898.0,2026-02-09 03:59:59.999000+00:00
2026-02-09 04:00:00+00:00,1.048,1.048,1.024,1.026,8379491.0,2026-02-09 07:59:59.999000+00:00
2026-02-09 08:00:00+00:00,1.027,1.03,0.985,0.991,15540964.0,2026-02-09 11:59:59.999000+00:00
2026-02-09 12:00:00+00:00,0.991,1.015,0.989,1.009,13080404.0,2026-02-09 15:59:59.999000+00:00
2026-02-09 16:00:00+00:00,1.009,1.042,1.001,1.04,14718780.0,2026-02-09 19:59:59.999000+00:00
2026-02-09 20:00:00+00:00,1.04,1.045,1.022,1.029,8428857.0,2026-02-09 23:59:59.999000+00:00
2026-02-10 00:00:00+00:00,1.03,1.037,1.003,1.012,7937875.0,2026-02-10 03:59:59.999000+00:00
2026-02-10 04:00:00+00:00,1.012,1.016,0.982,0.996,11896687.0,2026-02-10 07:59:59.999000+00:00
2026-02-10 08:00:00+00:00,0.996,1.008,0.993,0.994,8783746.0,2026-02-10 11:59:59.999000+00:00
2026-02-10 12:00:00+00:00,0.995,1.002,0.982,0.997,13553746.0,2026-02-10 15:59:59.999000+00:00
2026-02-10 16:00:00+00:00,0.997,1.007,0.98,0.987,9477078.0,2026-02-10 19:59:59.999000+00:00
2026-02-10 20:00:00+00:00,0.987,0.994,0.983,0.991,5605540.0,2026-02-10 23:59:59.999000+00:00
2026-02-11 00:00:00+00:00,0.991,1.003,0.984,0.989,5707101.0,2026-02-11 03:59:59.999000+00:00
2026-02-11 04:00:00+00:00,0.989,0.992,0.953,0.955,12174969.0,2026-02-11 07:59:59.999000+00:00
2026-02-11 08:00:00+00:00,0.954,0.96,0.943,0.958,7530007.0,2026-02-11 11:59:59.999000+00:00
2026-02-11 12:00:00+00:00,0.959,0.999,0.938,0.947,17665636.0,2026-02-11 15:59:59.999000+00:00
2026-02-11 16:00:00+00:00,0.947,0.976,0.943,0.966,10732833.0,2026-02-11 19:59:59.999000+00:00
2026-02-11 20:00:00+00:00,0.965,0.986,0.953,0.961,9062638.0,2026-02-11 23:59:59.999000+00:00
2026-02-12 00:00:00+00:00,0.961,0.979,0.96,0.976,7400080.0,2026-02-12 03:59:59.999000+00:00
2026-02-12 04:00:00+00:00,0.975,0.989,0.962,0.987,6571222.0,2026-02-12 07:59:59.999000+00:00
2026-02-12 08:00:00+00:00,0.988,1.011,0.977,0.992,13596940.0,2026-02-12 11:59:59.999000+00:00
2026-02-12 12:00:00+00:00,0.992,0.993,0.952,0.955,21179522.0,2026-02-12 15:59:59.999000+00:00
2026-02-12 16:00:00+00:00,0.955,0.967,0.933,0.953,20324784.0,2026-02-12 19:59:59.999000+00:00
2026-02-12 20:00:00+00:00,0.953,0.964,0.939,0.962,8003655.0,2026-02-12 23:59:59.999000+00:00
2026-02-13 00:00:00+00:00,0.963,0.968,0.954,0.962,7334404.0,2026-02-13 03:59:59.999000+00:00
2026-02-13 04:00:00+00:00,0.962,0.989,0.956,0.98,11691443.0,2026-02-13 07:59:59.999000+00:00
2026-02-13 08:00:00+00:00,0.98,0.991,0.975,0.98,8397868.0,2026-02-13 11:59:59.999000+00:00
2026-02-13 12:00:00+00:00,0.98,1.027,0.973,1.009,20990699.0,2026-02-13 15:59:59.999000+00:00
2026-02-13 16:00:00+00:00,1.009,1.028,1.006,1.022,12290543.0,2026-02-13 19:59:59.999000+00:00
2026-02-13 20:00:00+00:00,1.022,1.03,1.017,1.023,6154896.0,2026-02-13 23:59:59.999000+00:00
2026-02-14 00:00:00+00:00,1.023,1.03,1.019,1.027,6569979.0,2026-02-14 03:59:59.999000+00:00
2026-02-14 04:00:00+00:00,1.027,1.032,1.014,1.03,10356361.0,2026-02-14 07:59:59.999000+00:00
2026-02-14 08:00:00+00:00,1.03,1.054,1.029,1.052,8832197.0,2026-02-14 11:59:59.999000+00:00
2026-02-14 12:00:00+00:00,1.051,1.069,1.043,1.068,14362350.0,2026-02-14 15:59:59.999000+00:00
2026-02-14 16:00:00+00:00,1.067,1.094,1.057,1.09,18489797.0,2026-02-14 19:59:59.999000+00:00
2026-02-14 20:00:00+00:00,1.091,1.102,1.077,1.085,9952459.0,2026-02-14 23:59:59.999000+00:00
2026-02-15 00:00:00+00:00,1.084,1.085,1.057,1.071,10712281.0,2026-02-15 03:59:59.999000+00:00
2026-02-15 04:00:00+00:00,1.072,1.09,1.071,1.087,9474674.0,2026-02-15 07:59:59.999000+00:00
2026-02-15 08:00:00+00:00,1.087,1.089,1.065,1.082,11419784.0,2026-02-15 11:59:59.999000+00:00
2026-02-15 12:00:00+00:00,1.082,1.085,1.047,1.058,19535079.0,2026-02-15 15:59:59.999000+00:00
2026-02-15 16:00:00+00:00,1.058,1.059,1.031,1.04,13263780.0,2026-02-15 19:59:59.999000+00:00
2026-02-15 20:00:00+00:00,1.039,1.056,1.036,1.055,6114554.0,2026-02-15 23:59:59.999000+00:00
2026-02-16 00:00:00+00:00,1.055,1.063,1.043,1.048,9279993.0,2026-02-16 03:59:59.999000+00:00
2026-02-16 04:00:00+00:00,1.049,1.059,1.038,1.044,6229105.0,2026-02-16 07:59:59.999000+00:00
2026-02-16 08:00:00+00:00,1.043,1.055,1.03,1.046,8897209.0,2026-02-16 11:59:59.999000+00:00
2026-02-16 12:00:00+00:00,1.047,1.074,1.023,1.03,18990953.0,2026-02-16 15:59:59.999000+00:00
2026-02-16 16:00:00+00:00,1.031,1.058,1.029,1.053,9887641.0,2026-02-16 19:59:59.999000+00:00
2026-02-16 20:00:00+00:00,1.053,1.066,1.049,1.056,7130204.0,2026-02-16 23:59:59.999000+00:00
2026-02-17 00:00:00+00:00,1.056,1.062,1.043,1.054,7172725.0,2026-02-17 03:59:59.999000+00:00
2026-02-17 04:00:00+00:00,1.055,1.061,1.04,1.052,4348607.0,2026-02-17 07:59:59.999000+00:00
2026-02-17 08:00:00+00:00,1.053,1.057,1.043,1.054,4680247.0,2026-02-17 11:59:59.999000+00:00
2026-02-17 12:00:00+00:00,1.054,1.067,1.028,1.039,16248189.0,2026-02-17 15:59:59.999000+00:00
2026-02-17 16:00:00+00:00,1.039,1.058,1.027,1.046,14611059.0,2026-02-17 19:59:59.999000+00:00
2026-02-17 20:00:00+00:00,1.045,1.048,1.035,1.044,5869142.0,2026-02-17 23:59:59.999000+00:00
2026-02-18 00:00:00+00:00,1.044,1.051,1.036,1.049,5995599.0,2026-02-18 03:59:59.999000+00:00
2026-02-18 04:00:00+00:00,1.049,1.053,1.042,1.05,3357756.0,2026-02-18 07:59:59.999000+00:00
2026-02-18 08:00:00+00:00,1.051,1.058,1.034,1.04,6495651.0,2026-02-18 11:59:59.999000+00:00
2026-02-18 12:00:00+00:00,1.041,1.065,1.028,1.051,13176395.0,2026-02-18 15:59:59.999000+00:00
2026-02-18 16:00:00+00:00,1.052,1.054,1.011,1.017,15657424.0,2026-02-18 19:59:59.999000+00:00
2026-02-18 20:00:00+00:00,1.018,1.027,1.004,1.017,8920256.0,2026-02-18 23:59:59.999000+00:00
2026-02-19 00:00:00+00:00,1.017,1.018,1.003,1.013,8813914.0,2026-02-19 03:59:59.999000+00:00
2026-02-19 04:00:00+00:00,1.013,1.022,1.007,1.019,5744841.0,2026-02-19 07:59:59.999000+00:00
2026-02-19 08:00:00+00:00,1.018,1.019,1.001,1.004,8163985.0,2026-02-19 11:59:59.999000+00:00
2026-02-19 12:00:00+00:00,1.005,1.01,0.988,0.99,14194963.0,2026-02-19 15:59:59.999000+00:00
2026-02-19 16:00:00+00:00,0.991,1.009,0.98,1.0,14168741.0,2026-02-19 19:59:59.999000+00:00
2026-02-19 20:00:00+00:00,1.001,1.008,0.994,1.007,6012270.0,2026-02-19 23:59:59.999000+00:00
2026-02-20 00:00:00+00:00,1.007,1.014,1.003,1.009,5957955.0,2026-02-20 03:59:59.999000+00:00
2026-02-20 04:00:00+00:00,1.01,1.019,1.0,1.016,6247135.0,2026-02-20 07:59:59.999000+00:00
2026-02-20 08:00:00+00:00,1.016,1.024,1.007,1.014,10655575.0,2026-02-20 11:59:59.999000+00:00
2026-02-20 12:00:00+00:00,1.014,1.055,1.001,1.04,21991697.0,2026-02-20 15:59:59.999000+00:00
2026-02-20 16:00:00+00:00,1.04,1.046,1.017,1.039,20219178.0,2026-02-20 19:59:59.999000+00:00
2026-02-20 20:00:00+00:00,1.039,1.054,1.037,1.053,7199097.0,2026-02-20 23:59:59.999000+00:00
2026-02-21 00:00:00+00:00,1.053,1.065,1.041,1.057,8933306.0,2026-02-21 03:59:59.999000+00:00
2026-02-21 04:00:00+00:00,1.058,1.074,1.055,1.065,9580988.0,2026-02-21 07:59:59.999000+00:00
2026-02-21 08:00:00+00:00,1.066,1.108,1.065,1.091,20595265.0,2026-02-21 11:59:59.999000+00:00
2026-02-21 12:00:00+00:00,1.091,1.094,1.058,1.059,14550813.0,2026-02-21 15:59:59.999000+00:00
2026-02-21 16:00:00+00:00,1.059,1.06,1.048,1.054,8983893.0,2026-02-21 19:59:59.999000+00:00
2026-02-21 20:00:00+00:00,1.053,1.063,1.049,1.058,6357262.0,2026-02-21 23:59:59.999000+00:00
2026-02-22 00:00:00+00:00,1.057,1.057,1.024,1.03,12382984.0,2026-02-22 03:59:59.999000+00:00
2026-02-22 04:00:00+00:00,1.03,1.036,1.024,1.031,6510230.0,2026-02-22 07:59:59.999000+00:00
2026-02-22 08:00:00+00:00,1.031,1.034,1.023,1.028,4844699.0,2026-02-22 11:59:59.999000+00:00
2026-02-22 12:00:00+00:00,1.028,1.029,1.005,1.014,10353767.0,2026-02-22 15:59:59.999000+00:00
2026-02-22 16:00:00+00:00,1.014,1.021,1.008,1.011,5604732.0,2026-02-22 19:59:59.999000+00:00
2026-02-22 20:00:00+00:00,1.01,1.022,1.003,1.022,5066313.0,2026-02-22 23:59:59.999000+00:00
2026-02-23 00:00:00+00:00,1.021,1.029,0.971,0.986,23804736.0,2026-02-23 03:59:59.999000+00:00
2026-02-23 04:00:00+00:00,0.986,1.02,0.979,1.001,13890955.0,2026-02-23 07:59:59.999000+00:00
2026-02-23 08:00:00+00:00,1.001,1.016,0.993,1.008,9046318.0,2026-02-23 11:59:59.999000+00:00
2026-02-23 12:00:00+00:00,1.008,1.02,0.984,0.985,14476305.0,2026-02-23 15:59:59.999000+00:00
2026-02-23 16:00:00+00:00,0.985,0.99,0.966,0.97,17351489.0,2026-02-23 19:59:59.999000+00:00
2026-02-23 20:00:00+00:00,0.97,0.987,0.963,0.98,10030207.0,2026-02-23 23:59:59.999000+00:00
2026-02-24 00:00:00+00:00,0.981,0.993,0.965,0.976,16987823.0,2026-02-24 03:59:59.999000+00:00
2026-02-24 04:00:00+00:00,0.977,0.979,0.965,0.972,8606843.0,2026-02-24 07:59:59.999000+00:00
2026-02-24 08:00:00+00:00,0.972,0.978,0.967,0.97,5455589.0,2026-02-24 11:59:59.999000+00:00
2026-02-24 12:00:00+00:00,0.97,0.979,0.951,0.973,22657384.0,2026-02-24 15:59:59.999000+00:00
2026-02-24 16:00:00+00:00,0.972,0.99,0.971,0.976,11365382.0,2026-02-24 19:59:59.999000+00:00
2026-02-24 20:00:00+00:00,0.975,0.979,0.96,0.965,6040021.0,2026-02-24 23:59:59.999000+00:00
2026-02-25 00:00:00+00:00,0.966,1.013,0.964,0.986,17276312.0,2026-02-25 03:59:59.999000+00:00
2026-02-25 04:00:00+00:00,0.987,0.993,0.975,0.993,10033808.0,2026-02-25 07:59:59.999000+00:00
2026-02-25 08:00:00+00:00,0.992,1.03,0.99,1.028,13591304.0,2026-02-25 11:59:59.999000+00:00
2026-02-25 12:00:00+00:00,1.028,1.114,1.028,1.104,45717689.0,2026-02-25 15:59:59.999000+00:00
2026-02-25 16:00:00+00:00,1.105,1.199,1.105,1.197,35933529.0,2026-02-25 19:59:59.999000+00:00
2026-02-25 20:00:00+00:00,1.197,1.262,1.163,1.173,52638986.0,2026-02-25 23:59:59.999000+00:00
2026-02-26 00:00:00+00:00,1.173,1.184,1.15,1.159,25760698.0,2026-02-26 03:59:59.999000+00:00
2026-02-26 04:00:00+00:00,1.159,1.171,1.125,1.132,20994935.0,2026-02-26 07:59:59.999000+00:00
2026-02-26 08:00:00+00:00,1.132,1.143,1.119,1.12,18539200.0,2026-02-26 11:59:59.999000+00:00
2026-02-26 12:00:00+00:00,1.12,1.159,1.107,1.119,27693482.0,2026-02-26 15:59:59.999000+00:00
2026-02-26 16:00:00+00:00,1.119,1.122,1.083,1.116,26133501.0,2026-02-26 19:59:59.999000+00:00
2026-02-26 20:00:00+00:00,1.117,1.133,1.104,1.126,11463977.0,2026-02-26 23:59:59.999000+00:00
2026-02-27 00:00:00+00:00,1.127,1.13,1.108,1.128,12340446.0,2026-02-27 03:59:59.999000+00:00
2026-02-27 04:00:00+00:00,1.127,1.146,1.127,1.14,11584833.0,2026-02-27 07:59:59.999000+00:00
2026-02-27 08:00:00+00:00,1.14,1.144,1.119,1.122,23210077.0,2026-02-27 11:59:59.999000+00:00
2026-02-27 12:00:00+00:00,1.122,1.122,1.099,1.107,19445411.0,2026-02-27 15:59:59.999000+00:00
2026-02-27 16:00:00+00:00,1.106,1.112,1.081,1.087,15790751.0,2026-02-27 19:59:59.999000+00:00
2026-02-27 20:00:00+00:00,1.086,1.095,1.071,1.094,11119003.0,2026-02-27 23:59:59.999000+00:00
2026-02-28 00:00:00+00:00,1.093,1.096,1.078,1.084,10983559.0,2026-02-28 03:59:59.999000+00:00
2026-02-28 04:00:00+00:00,1.084,1.084,1.027,1.056,22202421.0,2026-02-28 07:59:59.999000+00:00
2026-02-28 08:00:00+00:00,1.056,1.069,1.037,1.043,20933148.0,2026-02-28 11:59:59.999000+00:00
2026-02-28 12:00:00+00:00,1.044,1.077,1.043,1.065,16484149.0,2026-02-28 15:59:59.999000+00:00
2026-02-28 16:00:00+00:00,1.065,1.135,1.063,1.124,35269233.0,2026-02-28 19:59:59.999000+00:00
2026-02-28 20:00:00+00:00,1.124,1.173,1.122,1.171,32661841.0,2026-02-28 23:59:59.999000+00:00
2026-03-01 00:00:00+00:00,1.17,1.195,1.127,1.151,35255738.0,2026-03-01 03:59:59.999000+00:00
2026-03-01 04:00:00+00:00,1.151,1.204,1.139,1.202,25528409.0,2026-03-01 07:59:59.999000+00:00
2026-03-01 08:00:00+00:00,1.202,1.211,1.144,1.148,20111807.0,2026-03-01 11:59:59.999000+00:00
2026-03-01 12:00:00+00:00,1.148,1.182,1.136,1.151,18654339.0,2026-03-01 15:59:59.999000+00:00
2026-03-01 16:00:00+00:00,1.152,1.161,1.127,1.13,16637355.0,2026-03-01 19:59:59.999000+00:00
2026-03-01 20:00:00+00:00,1.13,1.158,1.112,1.149,18830451.0,2026-03-01 23:59:59.999000+00:00
2026-03-02 00:00:00+00:00,1.15,1.201,1.141,1.194,29141007.0,2026-03-02 03:59:59.999000+00:00
2026-03-02 04:00:00+00:00,1.194,1.224,1.171,1.202,52481797.0,2026-03-02 07:59:59.999000+00:00
2026-03-02 08:00:00+00:00,1.202,1.214,1.168,1.201,27792761.0,2026-03-02 11:59:59.999000+00:00
2026-03-02 12:00:00+00:00,1.201,1.324,1.198,1.306,62623300.0,2026-03-02 15:59:59.999000+00:00
2026-03-02 16:00:00+00:00,1.307,1.342,1.276,1.329,49657295.0,2026-03-02 19:59:59.999000+00:00
2026-03-02 20:00:00+00:00,1.329,1.414,1.309,1.357,57319241.0,2026-03-02 23:59:59.999000+00:00
2026-03-03 00:00:00+00:00,1.358,1.424,1.344,1.419,47722794.0,2026-03-03 03:59:59.999000+00:00
2026-03-03 04:00:00+00:00,1.419,1.453,1.336,1.344,64943940.0,2026-03-03 07:59:59.999000+00:00
2026-03-03 08:00:00+00:00,1.344,1.411,1.318,1.33,53872798.0,2026-03-03 11:59:59.999000+00:00
2026-03-03 12:00:00+00:00,1.33,1.397,1.316,1.39,41517983.0,2026-03-03 15:59:59.999000+00:00
2026-03-03 16:00:00+00:00,1.39,1.411,1.348,1.364,35173398.0,2026-03-03 19:59:59.999000+00:00
2026-03-03 20:00:00+00:00,1.364,1.373,1.34,1.356,13944396.0,2026-03-03 23:59:59.999000+00:00
2026-03-04 00:00:00+00:00,1.356,1.414,1.346,1.394,26400943.0,2026-03-04 03:59:59.999000+00:00
2026-03-04 04:00:00+00:00,1.394,1.396,1.336,1.366,21727608.0,2026-03-04 07:59:59.999000+00:00
2026-03-04 08:00:00+00:00,1.366,1.413,1.331,1.337,33326731.0,2026-03-04 11:59:59.999000+00:00
2026-03-04 12:00:00+00:00,1.337,1.374,1.325,1.356,31571826.0,2026-03-04 15:59:59.999000+00:00
2026-03-04 16:00:00+00:00,1.356,1.357,1.302,1.325,27471454.0,2026-03-04 19:59:59.999000+00:00
2026-03-04 20:00:00+00:00,1.326,1.329,1.301,1.31,14282626.0,2026-03-04 23:59:59.999000+00:00
2026-03-05 00:00:00+00:00,1.31,1.312,1.243,1.278,33411002.0,2026-03-05 03:59:59.999000+00:00
2026-03-05 04:00:00+00:00,1.279,1.296,1.266,1.295,16908209.0,2026-03-05 07:59:59.999000+00:00
2026-03-05 08:00:00+00:00,1.295,1.328,1.278,1.291,22898289.0,2026-03-05 11:59:59.999000+00:00
2026-03-05 12:00:00+00:00,1.291,1.304,1.264,1.271,16859672.0,2026-03-05 15:59:59.999000+00:00
2026-03-05 16:00:00+00:00,1.27,1.285,1.249,1.263,20024190.0,2026-03-05 19:59:59.999000+00:00
2026-03-05 20:00:00+00:00,1.262,1.288,1.259,1.272,10432902.0,2026-03-05 23:59:59.999000+00:00
2026-03-06 00:00:00+00:00,1.272,1.299,1.26,1.281,17153177.0,2026-03-06 03:59:59.999000+00:00
2026-03-06 04:00:00+00:00,1.282,1.283,1.254,1.267,10867889.0,2026-03-06 07:59:59.999000+00:00
2026-03-06 08:00:00+00:00,1.268,1.271,1.244,1.251,9019208.0,2026-03-06 11:59:59.999000+00:00
2026-03-06 12:00:00+00:00,1.252,1.27,1.224,1.23,25597800.0,2026-03-06 15:59:59.999000+00:00
2026-03-06 16:00:00+00:00,1.229,1.244,1.212,1.232,14017902.0,2026-03-06 19:59:59.999000+00:00
2026-03-06 20:00:00+00:00,1.231,1.244,1.224,1.225,5447126.0,2026-03-06 23:59:59.999000+00:00
2026-03-07 00:00:00+00:00,1.226,1.247,1.225,1.234,6257010.0,2026-03-07 03:59:59.999000+00:00
2026-03-07 04:00:00+00:00,1.234,1.235,1.208,1.213,6587992.0,2026-03-07 07:59:59.999000+00:00
2026-03-07 08:00:00+00:00,1.213,1.229,1.213,1.221,5155904.0,2026-03-07 11:59:59.999000+00:00
2026-03-07 12:00:00+00:00,1.221,1.238,1.214,1.221,8351043.0,2026-03-07 15:59:59.999000+00:00
2026-03-07 16:00:00+00:00,1.221,1.233,1.201,1.208,6784187.0,2026-03-07 19:59:59.999000+00:00
2026-03-07 20:00:00+00:00,1.208,1.219,1.206,1.214,4340164.0,2026-03-07 23:59:59.999000+00:00
2026-03-08 00:00:00+00:00,1.214,1.218,1.198,1.214,5616560.0,2026-03-08 03:59:59.999000+00:00
2026-03-08 04:00:00+00:00,1.215,1.217,1.193,1.2,7068142.0,2026-03-08 07:59:59.999000+00:00
2026-03-08 08:00:00+00:00,1.201,1.254,1.197,1.242,17751845.0,2026-03-08 11:59:59.999000+00:00
2026-03-08 12:00:00+00:00,1.242,1.255,1.208,1.214,17390002.0,2026-03-08 15:59:59.999000+00:00
2026-03-08 16:00:00+00:00,1.214,1.239,1.202,1.23,9916821.0,2026-03-08 19:59:59.999000+00:00
2026-03-08 20:00:00+00:00,1.231,1.237,1.187,1.21,13733795.0,2026-03-08 23:59:59.999000+00:00
2026-03-09 00:00:00+00:00,1.211,1.268,1.202,1.239,19523913.0,2026-03-09 03:59:59.999000+00:00
2026-03-09 04:00:00+00:00,1.239,1.256,1.217,1.241,18853529.0,2026-03-09 07:59:59.999000+00:00
2026-03-09 08:00:00+00:00,1.241,1.259,1.218,1.23,15809765.0,2026-03-09 11:59:59.999000+00:00
2026-03-09 12:00:00+00:00,1.23,1.268,1.225,1.253,19482957.0,2026-03-09 15:59:59.999000+00:00
2026-03-09 16:00:00+00:00,1.253,1.282,1.234,1.253,18765985.0,2026-03-09 19:59:59.999000+00:00
2026-03-09 20:00:00+00:00,1.252,1.257,1.219,1.233,13104791.0,2026-03-09 23:59:59.999000+00:00
2026-03-10 00:00:00+00:00,1.234,1.263,1.223,1.242,14660189.0,2026-03-10 03:59:59.999000+00:00
2026-03-10 04:00:00+00:00,1.243,1.288,1.242,1.28,16567401.0,2026-03-10 07:59:59.999000+00:00
2026-03-10 08:00:00+00:00,1.279,1.317,1.279,1.306,21255706.0,2026-03-10 11:59:59.999000+00:00
2026-03-10 12:00:00+00:00,1.306,1.332,1.279,1.304,22741770.0,2026-03-10 15:59:59.999000+00:00
2026-03-10 16:00:00+00:00,1.303,1.318,1.275,1.279,17435702.0,2026-03-10 19:59:59.999000+00:00
2026-03-10 20:00:00+00:00,1.278,1.293,1.265,1.284,10180875.0,2026-03-10 23:59:59.999000+00:00
2026-03-11 00:00:00+00:00,1.283,1.303,1.27,1.282,15806140.0,2026-03-11 03:59:59.999000+00:00
2026-03-11 04:00:00+00:00,1.281,1.292,1.266,1.275,10594948.0,2026-03-11 07:59:59.999000+00:00
2026-03-11 08:00:00+00:00,1.275,1.289,1.268,1.284,9769417.0,2026-03-11 11:59:59.999000+00:00
2026-03-11 12:00:00+00:00,1.285,1.323,1.282,1.295,23684172.0,2026-03-11 15:59:59.999000+00:00
2026-03-11 16:00:00+00:00,1.295,1.305,1.284,1.295,15017292.0,2026-03-11 19:59:59.999000+00:00
2026-03-11 20:00:00+00:00,1.294,1.303,1.288,1.298,7664946.0,2026-03-11 23:59:59.999000+00:00
2026-03-12 00:00:00+00:00,1.298,1.305,1.282,1.284,11153471.0,2026-03-12 03:59:59.999000+00:00
2026-03-12 04:00:00+00:00,1.285,1.324,1.276,1.322,14222108.0,2026-03-12 07:59:59.999000+00:00
2026-03-12 08:00:00+00:00,1.323,1.342,1.31,1.322,20019087.0,2026-03-12 11:59:59.999000+00:00
2026-03-12 12:00:00+00:00,1.322,1.334,1.302,1.322,17191316.0,2026-03-12 15:59:59.999000+00:00
2026-03-12 16:00:00+00:00,1.321,1.352,1.312,1.339,18796642.0,2026-03-12 19:59:59.999000+00:00
2026-03-12 20:00:00+00:00,1.338,1.37,1.322,1.367,14087104.0,2026-03-12 23:59:59.999000+00:00
2026-03-13 00:00:00+00:00,1.366,1.422,1.362,1.387,26649462.0,2026-03-13 03:59:59.999000+00:00
2026-03-13 04:00:00+00:00,1.386,1.388,1.343,1.344,14820439.0,2026-03-13 07:59:59.999000+00:00
2026-03-13 08:00:00+00:00,1.344,1.355,1.321,1.349,24009553.0,2026-03-13 11:59:59.999000+00:00
2026-03-13 12:00:00+00:00,1.349,1.368,1.34,1.351,21193998.0,2026-03-13 15:59:59.999000+00:00
2026-03-13 16:00:00+00:00,1.352,1.376,1.339,1.344,15752576.0,2026-03-13 19:59:59.999000+00:00
2026-03-13 20:00:00+00:00,1.344,1.356,1.326,1.334,9500365.0,2026-03-13 23:59:59.999000+00:00
2026-03-14 00:00:00+00:00,1.335,1.34,1.307,1.332,12626512.0,2026-03-14 03:59:59.999000+00:00
2026-03-14 04:00:00+00:00,1.332,1.334,1.31,1.317,10054282.0,2026-03-14 07:59:59.999000+00:00
2026-03-14 08:00:00+00:00,1.316,1.319,1.302,1.305,7891303.0,2026-03-14 11:59:59.999000+00:00
2026-03-14 12:00:00+00:00,1.304,1.314,1.298,1.309,10328319.0,2026-03-14 15:59:59.999000+00:00
2026-03-14 16:00:00+00:00,1.309,1.316,1.302,1.304,5130769.0,2026-03-14 19:59:59.999000+00:00
2026-03-14 20:00:00+00:00,1.304,1.327,1.301,1.323,5937275.0,2026-03-14 23:59:59.999000+00:00
2026-03-15 00:00:00+00:00,1.324,1.377,1.316,1.355,16112297.0,2026-03-15 03:59:59.999000+00:00
2026-03-15 04:00:00+00:00,1.355,1.365,1.33,1.337,11387221.0,2026-03-15 07:59:59.999000+00:00
2026-03-15 08:00:00+00:00,1.337,1.358,1.335,1.35,11405560.0,2026-03-15 11:59:59.999000+00:00
2026-03-15 12:00:00+00:00,1.351,1.364,1.324,1.336,16383817.0,2026-03-15 15:59:59.999000+00:00
2026-03-15 16:00:00+00:00,1.336,1.352,1.331,1.34,11683048.0,2026-03-15 19:59:59.999000+00:00
2026-03-15 20:00:00+00:00,1.34,1.362,1.336,1.348,17376074.0,2026-03-15 23:59:59.999000+00:00
2026-03-16 00:00:00+00:00,1.349,1.406,1.338,1.389,27551910.0,2026-03-16 03:59:59.999000+00:00
2026-03-16 04:00:00+00:00,1.389,1.418,1.388,1.393,19792025.0,2026-03-16 07:59:59.999000+00:00
2026-03-16 08:00:00+00:00,1.393,1.407,1.369,1.391,19405336.0,2026-03-16 11:59:59.999000+00:00
2026-03-16 12:00:00+00:00,1.391,1.438,1.388,1.414,31687042.0,2026-03-16 15:59:59.999000+00:00
2026-03-16 16:00:00+00:00,1.413,1.449,1.412,1.446,18845125.0,2026-03-16 19:59:59.999000+00:00
2026-03-16 20:00:00+00:00,1.445,1.509,1.441,1.49,27064247.0,2026-03-16 23:59:59.999000+00:00
2026-03-17 00:00:00+00:00,1.49,1.509,1.448,1.456,21728138.0,2026-03-17 03:59:59.999000+00:00
2026-03-17 04:00:00+00:00,1.456,1.467,1.423,1.46,16842895.0,2026-03-17 07:59:59.999000+00:00
2026-03-17 08:00:00+00:00,1.461,1.475,1.439,1.443,13748411.0,2026-03-17 11:59:59.999000+00:00
2026-03-17 12:00:00+00:00,1.444,1.461,1.431,1.459,16721534.0,2026-03-17 15:59:59.999000+00:00
2026-03-17 16:00:00+00:00,1.459,1.465,1.451,1.452,11365086.0,2026-03-17 19:59:59.999000+00:00
2026-03-17 20:00:00+00:00,1.452,1.466,1.45,1.452,8084586.0,2026-03-17 23:59:59.999000+00:00
2026-03-18 00:00:00+00:00,1.451,1.469,1.447,1.456,13101014.0,2026-03-18 03:59:59.999000+00:00
2026-03-18 04:00:00+00:00,1.456,1.469,1.428,1.437,12420440.0,2026-03-18 07:59:59.999000+00:00
2026-03-18 08:00:00+00:00,1.438,1.458,1.422,1.433,16038335.0,2026-03-18 11:59:59.999000+00:00
2026-03-18 12:00:00+00:00,1.432,1.436,1.377,1.384,28243414.0,2026-03-18 15:59:59.999000+00:00
2026-03-18 16:00:00+00:00,1.384,1.406,1.372,1.39,19637268.0,2026-03-18 19:59:59.999000+00:00
2026-03-18 20:00:00+00:00,1.39,1.404,1.379,1.385,11768188.0,2026-03-18 23:59:59.999000+00:00
2026-03-19 00:00:00+00:00,1.386,1.396,1.369,1.385,13756170.0,2026-03-19 03:59:59.999000+00:00
2026-03-19 04:00:00+00:00,1.384,1.385,1.342,1.353,17301757.0,2026-03-19 07:59:59.999000+00:00
2026-03-19 08:00:00+00:00,1.352,1.362,1.346,1.355,7965267.0,2026-03-19 11:59:59.999000+00:00
2026-03-19 12:00:00+00:00,1.354,1.355,1.321,1.334,19597312.0,2026-03-19 15:59:59.999000+00:00
2026-03-19 16:00:00+00:00,1.334,1.35,1.321,1.342,14752125.0,2026-03-19 19:59:59.999000+00:00
2026-03-19 20:00:00+00:00,1.342,1.346,1.322,1.334,10432156.0,2026-03-19 23:59:59.999000+00:00
2026-03-20 00:00:00+00:00,1.334,1.36,1.332,1.344,12241684.0,2026-03-20 03:59:59.999000+00:00
2026-03-20 04:00:00+00:00,1.344,1.365,1.336,1.349,15527362.0,2026-03-20 07:59:59.999000+00:00
2026-03-20 08:00:00+00:00,1.35,1.36,1.326,1.333,8147990.0,2026-03-20 11:59:59.999000+00:00
2026-03-20 12:00:00+00:00,1.334,1.344,1.313,1.331,20293977.0,2026-03-20 15:59:59.999000+00:00
2026-03-20 16:00:00+00:00,1.331,1.338,1.307,1.321,16426547.0,2026-03-20 19:59:59.999000+00:00
2026-03-20 20:00:00+00:00,1.322,1.336,1.31,1.315,10853664.0,2026-03-20 23:59:59.999000+00:00
2026-03-21 00:00:00+00:00,1.314,1.322,1.311,1.315,7432019.0,2026-03-21 03:59:59.999000+00:00
2026-03-21 04:00:00+00:00,1.314,1.32,1.311,1.315,6840017.0,2026-03-21 07:59:59.999000+00:00
2026-03-21 08:00:00+00:00,1.315,1.322,1.31,1.312,4088112.0,2026-03-21 11:59:59.999000+00:00
2026-03-21 12:00:00+00:00,1.312,1.33,1.304,1.329,7577438.0,2026-03-21 15:59:59.999000+00:00
2026-03-21 16:00:00+00:00,1.329,1.332,1.316,1.319,5309243.0,2026-03-21 19:59:59.999000+00:00
2026-03-21 20:00:00+00:00,1.319,1.325,1.27,1.28,10473711.0,2026-03-21 23:59:59.999000+00:00
2026-03-22 00:00:00+00:00,1.28,1.306,1.259,1.296,16434959.0,2026-03-22 03:59:59.999000+00:00
2026-03-22 04:00:00+00:00,1.296,1.304,1.29,1.29,9286054.0,2026-03-22 07:59:59.999000+00:00
2026-03-22 08:00:00+00:00,1.29,1.3,1.275,1.276,9566866.0,2026-03-22 11:59:59.999000+00:00
2026-03-22 12:00:00+00:00,1.276,1.296,1.272,1.286,9149592.0,2026-03-22 15:59:59.999000+00:00
2026-03-22 16:00:00+00:00,1.286,1.293,1.27,1.277,8186164.0,2026-03-22 19:59:59.999000+00:00
2026-03-22 20:00:00+00:00,1.276,1.285,1.263,1.273,10542702.0,2026-03-22 23:59:59.999000+00:00
2026-03-23 00:00:00+00:00,1.273,1.291,1.264,1.281,12053561.0,2026-03-23 03:59:59.999000+00:00
2026-03-23 04:00:00+00:00,1.282,1.293,1.254,1.265,9427473.0,2026-03-23 07:59:59.999000+00:00
2026-03-23 08:00:00+00:00,1.264,1.332,1.25,1.302,26539330.0,2026-03-23 11:59:59.999000+00:00
2026-03-23 12:00:00+00:00,1.302,1.326,1.287,1.292,23912334.0,2026-03-23 15:59:59.999000+00:00
2026-03-23 16:00:00+00:00,1.292,1.319,1.289,1.303,9589763.0,2026-03-23 19:59:59.999000+00:00
2026-03-23 20:00:00+00:00,1.304,1.326,1.301,1.31,7546541.0,2026-03-23 23:59:59.999000+00:00
2026-03-24 00:00:00+00:00,1.31,1.317,1.295,1.308,8672018.0,2026-03-24 03:59:59.999000+00:00
2026-03-24 04:00:00+00:00,1.307,1.321,1.296,1.319,7284667.0,2026-03-24 07:59:59.999000+00:00
2026-03-24 08:00:00+00:00,1.318,1.329,1.295,1.299,11020720.0,2026-03-24 11:59:59.999000+00:00
2026-03-24 12:00:00+00:00,1.299,1.303,1.28,1.282,13549272.0,2026-03-24 15:59:59.999000+00:00
2026-03-24 16:00:00+00:00,1.282,1.297,1.272,1.293,11675281.0,2026-03-24 19:59:59.999000+00:00
2026-03-24 20:00:00+00:00,1.292,1.303,1.283,1.29,10221032.0,2026-03-24 23:59:59.999000+00:00
2026-03-25 00:00:00+00:00,1.291,1.301,1.285,1.291,8443478.0,2026-03-25 03:59:59.999000+00:00
2026-03-25 04:00:00+00:00,1.292,1.306,1.264,1.275,11735350.0,2026-03-25 07:59:59.999000+00:00
2026-03-25 08:00:00+00:00,1.275,1.307,1.275,1.306,13166580.0,2026-03-25 11:59:59.999000+00:00
2026-03-25 12:00:00+00:00,1.307,1.311,1.278,1.28,15317300.0,2026-03-25 15:59:59.999000+00:00
2026-03-25 16:00:00+00:00,1.28,1.298,1.271,1.279,9669296.0,2026-03-25 19:59:59.999000+00:00
2026-03-25 20:00:00+00:00,1.279,1.287,1.268,1.279,6819036.0,2026-03-25 23:59:59.999000+00:00
2026-03-26 00:00:00+00:00,1.278,1.279,1.252,1.254,9825636.0,2026-03-26 03:59:59.999000+00:00
2026-03-26 04:00:00+00:00,1.254,1.255,1.227,1.233,10675304.0,2026-03-26 07:59:59.999000+00:00
2026-03-26 08:00:00+00:00,1.233,1.235,1.217,1.224,8621303.0,2026-03-26 11:59:59.999000+00:00
2026-03-26 12:00:00+00:00,1.224,1.239,1.217,1.22,11983665.0,2026-03-26 15:59:59.999000+00:00
2026-03-26 16:00:00+00:00,1.219,1.226,1.201,1.207,11347991.0,2026-03-26 19:59:59.999000+00:00
2026-03-26 20:00:00+00:00,1.206,1.232,1.203,1.223,10153940.0,2026-03-26 23:59:59.999000+00:00
2026-03-27 00:00:00+00:00,1.223,1.24,1.222,1.228,7149857.0,2026-03-27 03:59:59.999000+00:00
2026-03-27 04:00:00+00:00,1.228,1.237,1.22,1.236,5390526.0,2026-03-27 07:59:59.999000+00:00
2026-03-27 08:00:00+00:00,1.236,1.238,1.182,1.187,16688292.0,2026-03-27 11:59:59.999000+00:00
2026-03-27 12:00:00+00:00,1.186,1.192,1.175,1.18,19718732.0,2026-03-27 15:59:59.999000+00:00
2026-03-27 16:00:00+00:00,1.181,1.19,1.174,1.18,12531341.0,2026-03-27 19:59:59.999000+00:00
2026-03-27 20:00:00+00:00,1.18,1.184,1.168,1.179,6931476.0,2026-03-27 23:59:59.999000+00:00
2026-03-28 00:00:00+00:00,1.179,1.181,1.16,1.165,6826375.0,2026-03-28 03:59:59.999000+00:00
2026-03-28 04:00:00+00:00,1.165,1.177,1.161,1.174,3640589.0,2026-03-28 07:59:59.999000+00:00
2026-03-28 08:00:00+00:00,1.175,1.178,1.16,1.169,4458001.0,2026-03-28 11:59:59.999000+00:00
2026-03-28 12:00:00+00:00,1.17,1.187,1.161,1.184,10768630.0,2026-03-28 15:59:59.999000+00:00
2026-03-28 16:00:00+00:00,1.184,1.189,1.177,1.188,6328676.0,2026-03-28 19:59:59.999000+00:00
2026-03-28 20:00:00+00:00,1.187,1.191,1.164,1.172,6053070.0,2026-03-28 23:59:59.999000+00:00
2026-03-29 00:00:00+00:00,1.173,1.177,1.161,1.171,9286854.0,2026-03-29 03:59:59.999000+00:00
2026-03-29 04:00:00+00:00,1.17,1.173,1.162,1.162,4814268.0,2026-03-29 07:59:59.999000+00:00
2026-03-29 08:00:00+00:00,1.162,1.167,1.154,1.164,11902762.0,2026-03-29 11:59:59.999000+00:00
2026-03-29 12:00:00+00:00,1.164,1.165,1.149,1.158,16132882.0,2026-03-29 15:59:59.999000+00:00
2026-03-29 16:00:00+00:00,1.159,1.162,1.147,1.156,6441704.0,2026-03-29 19:59:59.999000+00:00
2026-03-29 20:00:00+00:00,1.156,1.175,1.129,1.164,12239732.0,2026-03-29 23:59:59.999000+00:00
2026-03-30 00:00:00+00:00,1.164,1.198,1.162,1.19,11019761.0,2026-03-30 03:59:59.999000+00:00
2026-03-30 04:00:00+00:00,1.19,1.207,1.186,1.204,14304107.0,2026-03-30 07:59:59.999000+00:00
2026-03-30 08:00:00+00:00,1.204,1.224,1.194,1.2,13796092.0,2026-03-30 11:59:59.999000+00:00
2026-03-30 12:00:00+00:00,1.2,1.207,1.176,1.18,12639701.0,2026-03-30 15:59:59.999000+00:00
2026-03-30 16:00:00+00:00,1.18,1.181,1.148,1.153,14347697.0,2026-03-30 19:59:59.999000+00:00
2026-03-30 20:00:00+00:00,1.154,1.174,1.148,1.16,8007837.0,2026-03-30 23:59:59.999000+00:00
2026-03-31 00:00:00+00:00,1.161,1.203,1.159,1.178,12734172.0,2026-03-31 03:59:59.999000+00:00
2026-03-31 04:00:00+00:00,1.179,1.186,1.172,1.185,7913600.0,2026-03-31 07:59:59.999000+00:00
2026-03-31 08:00:00+00:00,1.186,1.187,1.16,1.175,10402648.0,2026-03-31 11:59:59.999000+00:00
2026-03-31 12:00:00+00:00,1.174,1.199,1.171,1.173,15896961.0,2026-03-31 15:59:59.999000+00:00
2026-03-31 16:00:00+00:00,1.173,1.202,1.171,1.186,19202706.0,2026-03-31 19:59:59.999000+00:00
2026-03-31 20:00:00+00:00,1.186,1.189,1.175,1.188,6338665.0,2026-03-31 23:59:59.999000+00:00
2026-04-01 00:00:00+00:00,1.188,1.193,1.177,1.192,7279559.0,2026-04-01 03:59:59.999000+00:00
2026-04-01 04:00:00+00:00,1.192,1.227,1.187,1.217,10941397.0,2026-04-01 07:59:59.999000+00:00
2026-04-01 08:00:00+00:00,1.217,1.222,1.199,1.211,10457454.0,2026-04-01 11:59:59.999000+00:00
2026-04-01 12:00:00+00:00,1.211,1.229,1.2,1.205,17716496.0,2026-04-01 15:59:59.999000+00:00
2026-04-01 16:00:00+00:00,1.206,1.215,1.196,1.2,11076422.0,2026-04-01 19:59:59.999000+00:00
2026-04-01 20:00:00+00:00,1.201,1.205,1.183,1.19,6685551.0,2026-04-01 23:59:59.999000+00:00
2026-04-02 00:00:00+00:00,1.191,1.205,1.152,1.156,19165497.0,2026-04-02 03:59:59.999000+00:00
2026-04-02 04:00:00+00:00,1.155,1.167,1.144,1.164,10573825.0,2026-04-02 07:59:59.999000+00:00
2026-04-02 08:00:00+00:00,1.164,1.166,1.145,1.152,9560027.0,2026-04-02 11:59:59.999000+00:00
2026-04-02 12:00:00+00:00,1.152,1.17,1.138,1.156,16596868.0,2026-04-02 15:59:59.999000+00:00
2026-04-02 16:00:00+00:00,1.156,1.166,1.147,1.157,9557231.0,2026-04-02 19:59:59.999000+00:00
2026-04-02 20:00:00+00:00,1.157,1.163,1.152,1.162,11282285.0,2026-04-02 23:59:59.999000+00:00
2026-04-03 00:00:00+00:00,1.162,1.179,1.157,1.176,8981545.0,2026-04-03 03:59:59.999000+00:00
2026-04-03 04:00:00+00:00,1.176,1.211,1.173,1.204,13326219.0,2026-04-03 07:59:59.999000+00:00
2026-04-03 08:00:00+00:00,1.205,1.227,1.203,1.223,18431447.0,2026-04-03 11:59:59.999000+00:00
2026-04-03 12:00:00+00:00,1.223,1.228,1.201,1.204,11102755.0,2026-04-03 15:59:59.999000+00:00
2026-04-03 16:00:00+00:00,1.204,1.212,1.196,1.206,6771574.0,2026-04-03 19:59:59.999000+00:00
2026-04-03 20:00:00+00:00,1.206,1.221,1.203,1.208,6332316.0,2026-04-03 23:59:59.999000+00:00
2026-04-04 00:00:00+00:00,1.207,1.224,1.205,1.222,5593138.0,2026-04-04 03:59:59.999000+00:00
2026-04-04 04:00:00+00:00,1.222,1.233,1.217,1.23,7445093.0,2026-04-04 07:59:59.999000+00:00
2026-04-04 08:00:00+00:00,1.23,1.237,1.223,1.231,7435822.0,2026-04-04 11:59:59.999000+00:00
2026-04-04 12:00:00+00:00,1.23,1.268,1.23,1.263,18466130.0,2026-04-04 15:59:59.999000+00:00
2026-04-04 16:00:00+00:00,1.263,1.287,1.251,1.27,16402913.0,2026-04-04 19:59:59.999000+00:00
2026-04-04 20:00:00+00:00,1.269,1.273,1.251,1.254,7818683.0,2026-04-04 23:59:59.999000+00:00
2026-04-05 00:00:00+00:00,1.254,1.265,1.251,1.259,7581319.0,2026-04-05 03:59:59.999000+00:00
2026-04-05 04:00:00+00:00,1.26,1.27,1.237,1.239,13595370.0,2026-04-05 07:59:59.999000+00:00
2026-04-05 08:00:00+00:00,1.239,1.249,1.237,1.246,6071709.0,2026-04-05 11:59:59.999000+00:00
2026-04-05 12:00:00+00:00,1.247,1.263,1.232,1.246,12889974.0,2026-04-05 15:59:59.999000+00:00
2026-04-05 16:00:00+00:00,1.246,1.25,1.226,1.233,7964340.0,2026-04-05 19:59:59.999000+00:00
2026-04-05 20:00:00+00:00,1.232,1.252,1.222,1.246,12765532.0,2026-04-05 23:59:59.999000+00:00
2026-04-06 00:00:00+00:00,1.247,1.276,1.247,1.272,15452997.0,2026-04-06 03:59:59.999000+00:00
2026-04-06 04:00:00+00:00,1.273,1.279,1.262,1.267,11104729.0,2026-04-06 07:59:59.999000+00:00
2026-04-06 08:00:00+00:00,1.267,1.301,1.267,1.295,16614494.0,2026-04-06 11:59:59.999000+00:00
2026-04-06 12:00:00+00:00,1.296,1.302,1.269,1.278,13673401.0,2026-04-06 15:59:59.999000+00:00
2026-04-06 16:00:00+00:00,1.278,1.285,1.266,1.273,7393223.0,2026-04-06 19:59:59.999000+00:00
2026-04-06 20:00:00+00:00,1.273,1.279,1.235,1.248,14899902.0,2026-04-06 23:59:59.999000+00:00
2026-04-07 00:00:00+00:00,1.248,1.251,1.229,1.238,10041568.0,2026-04-07 03:59:59.999000+00:00
2026-04-07 04:00:00+00:00,1.238,1.242,1.225,1.235,7870445.0,2026-04-07 07:59:59.999000+00:00
2026-04-07 08:00:00+00:00,1.235,1.256,1.233,1.236,13674007.0,2026-04-07 11:59:59.999000+00:00
2026-04-07 12:00:00+00:00,1.235,1.248,1.22,1.238,15455402.0,2026-04-07 15:59:59.999000+00:00
2026-04-07 16:00:00+00:00,1.238,1.265,1.233,1.26,12257552.0,2026-04-07 19:59:59.999000+00:00
2026-04-07 20:00:00+00:00,1.261,1.34,1.26,1.309,29807347.0,2026-04-07 23:59:59.999000+00:00
2026-04-08 00:00:00+00:00,1.308,1.312,1.284,1.298,12242360.0,2026-04-08 03:59:59.999000+00:00
2026-04-08 04:00:00+00:00,1.297,1.351,1.296,1.348,24502267.0,2026-04-08 07:59:59.999000+00:00
2026-04-08 08:00:00+00:00,1.349,1.378,1.337,1.358,20251382.0,2026-04-08 11:59:59.999000+00:00
2026-04-08 12:00:00+00:00,1.359,1.391,1.343,1.349,20451080.0,2026-04-08 15:59:59.999000+00:00
2026-04-08 16:00:00+00:00,1.35,1.368,1.337,1.344,12580451.0,2026-04-08 19:59:59.999000+00:00
2026-04-08 20:00:00+00:00,1.345,1.353,1.326,1.329,11360343.0,2026-04-08 23:59:59.999000+00:00
2026-04-09 00:00:00+00:00,1.329,1.342,1.319,1.33,16531646.0,2026-04-09 03:59:59.999000+00:00
2026-04-09 04:00:00+00:00,1.329,1.354,1.326,1.348,12568847.0,2026-04-09 07:59:59.999000+00:00
2026-04-09 08:00:00+00:00,1.347,1.349,1.325,1.328,10699111.0,2026-04-09 11:59:59.999000+00:00
2026-04-09 12:00:00+00:00,1.328,1.391,1.322,1.379,24620330.0,2026-04-09 15:59:59.999000+00:00
2026-04-09 16:00:00+00:00,1.38,1.39,1.347,1.361,17495745.0,2026-04-09 19:59:59.999000+00:00
2026-04-09 20:00:00+00:00,1.361,1.387,1.35,1.366,15116826.0,2026-04-09 23:59:59.999000+00:00
2026-04-10 00:00:00+00:00,1.366,1.377,1.351,1.356,17411889.0,2026-04-10 03:59:59.999000+00:00
2026-04-10 04:00:00+00:00,1.356,1.376,1.347,1.355,12491896.0,2026-04-10 07:59:59.999000+00:00
2026-04-10 08:00:00+00:00,1.356,1.384,1.343,1.363,13396422.0,2026-04-10 11:59:59.999000+00:00
2026-04-10 12:00:00+00:00,1.363,1.394,1.352,1.375,20856358.0,2026-04-10 15:59:59.999000+00:00
2026-04-10 16:00:00+00:00,1.376,1.38,1.358,1.377,8959795.0,2026-04-10 19:59:59.999000+00:00
2026-04-10 20:00:00+00:00,1.376,1.379,1.345,1.36,10152998.0,2026-04-10 23:59:59.999000+00:00
2026-04-11 00:00:00+00:00,1.36,1.364,1.338,1.352,9256526.0,2026-04-11 03:59:59.999000+00:00
2026-04-11 04:00:00+00:00,1.353,1.354,1.329,1.34,10037285.0,2026-04-11 07:59:59.999000+00:00
2026-04-11 08:00:00+00:00,1.34,1.352,1.338,1.351,6900562.0,2026-04-11 11:59:59.999000+00:00
2026-04-11 12:00:00+00:00,1.351,1.369,1.346,1.366,11176232.0,2026-04-11 15:59:59.999000+00:00
2026-04-11 16:00:00+00:00,1.367,1.422,1.365,1.407,24509193.0,2026-04-11 19:59:59.999000+00:00
2026-04-11 20:00:00+00:00,1.407,1.424,1.392,1.402,16934251.0,2026-04-11 23:59:59.999000+00:00
2026-04-12 00:00:00+00:00,1.402,1.407,1.333,1.343,21989837.0,2026-04-12 03:59:59.999000+00:00
2026-04-12 04:00:00+00:00,1.344,1.344,1.33,1.335,8380184.0,2026-04-12 07:59:59.999000+00:00
2026-04-12 08:00:00+00:00,1.335,1.342,1.323,1.331,8107878.0,2026-04-12 11:59:59.999000+00:00
2026-04-12 12:00:00+00:00,1.33,1.352,1.328,1.334,13170882.0,2026-04-12 15:59:59.999000+00:00
2026-04-12 16:00:00+00:00,1.334,1.367,1.333,1.356,7576918.0,2026-04-12 19:59:59.999000+00:00
2026-04-12 20:00:00+00:00,1.356,1.368,1.341,1.345,9500391.0,2026-04-12 23:59:59.999000+00:00
2026-04-13 00:00:00+00:00,1.346,1.387,1.344,1.367,16128486.0,2026-04-13 03:59:59.999000+00:00
2026-04-13 04:00:00+00:00,1.367,1.395,1.348,1.385,13738296.0,2026-04-13 07:59:59.999000+00:00
2026-04-13 08:00:00+00:00,1.386,1.394,1.368,1.378,10226748.0,2026-04-13 11:59:59.999000+00:00
2026-04-13 12:00:00+00:00,1.379,1.409,1.362,1.374,17681518.0,2026-04-13 15:59:59.999000+00:00
2026-04-13 16:00:00+00:00,1.375,1.413,1.372,1.407,10982266.0,2026-04-13 19:59:59.999000+00:00
2026-04-13 20:00:00+00:00,1.406,1.42,1.385,1.417,14585691.0,2026-04-13 23:59:59.999000+00:00
2026-04-14 00:00:00+00:00,1.417,1.422,1.402,1.408,9885094.0,2026-04-14 03:59:59.999000+00:00
2026-04-14 04:00:00+00:00,1.409,1.433,1.397,1.433,9388666.0,2026-04-14 07:59:59.999000+00:00
2026-04-14 08:00:00+00:00,1.432,1.438,1.398,1.404,12809282.0,2026-04-14 11:59:59.999000+00:00
2026-04-14 12:00:00+00:00,1.404,1.414,1.369,1.383,22808151.0,2026-04-14 15:59:59.999000+00:00
2026-04-14 16:00:00+00:00,1.383,1.389,1.356,1.369,15421744.0,2026-04-14 19:59:59.999000+00:00
2026-04-14 20:00:00+00:00,1.37,1.372,1.35,1.359,9098701.0,2026-04-14 23:59:59.999000+00:00
2026-04-15 00:00:00+00:00,1.359,1.37,1.357,1.366,7618506.0,2026-04-15 03:59:59.999000+00:00
2026-04-15 04:00:00+00:00,1.366,1.372,1.341,1.343,8097435.0,2026-04-15 07:59:59.999000+00:00
2026-04-15 08:00:00+00:00,1.343,1.385,1.342,1.38,9911043.0,2026-04-15 11:59:59.999000+00:00
2026-04-15 12:00:00+00:00,1.38,1.401,1.377,1.399,15010791.0,2026-04-15 15:59:59.999000+00:00
2026-04-15 16:00:00+00:00,1.399,1.416,1.39,1.412,9780351.0,2026-04-15 19:59:59.999000+00:00
2026-04-15 20:00:00+00:00,1.412,1.421,1.4,1.409,9297219.0,2026-04-15 23:59:59.999000+00:00
2026-04-16 00:00:00+00:00,1.409,1.43,1.399,1.429,8177334.0,2026-04-16 03:59:59.999000+00:00
2026-04-16 04:00:00+00:00,1.428,1.442,1.419,1.43,11907287.0,2026-04-16 07:59:59.999000+00:00
2026-04-16 08:00:00+00:00,1.43,1.431,1.399,1.404,12307581.0,2026-04-16 11:59:59.999000+00:00
2026-04-16 12:00:00+00:00,1.404,1.416,1.365,1.414,18084325.0,2026-04-16 15:59:59.999000+00:00
2026-04-16 16:00:00+00:00,1.415,1.434,1.382,1.431,16081229.0,2026-04-16 19:59:59.999000+00:00
2026-04-16 20:00:00+00:00,1.431,1.441,1.416,1.431,10850666.0,2026-04-16 23:59:59.999000+00:00
2026-04-17 00:00:00+00:00,1.431,1.434,1.403,1.408,7671765.0,2026-04-17 03:59:59.999000+00:00
2026-04-17 04:00:00+00:00,1.407,1.427,1.392,1.425,9606241.0,2026-04-17 07:59:59.999000+00:00
2026-04-17 08:00:00+00:00,1.425,1.432,1.37,1.394,19645879.0,2026-04-17 11:59:59.999000+00:00
2026-04-17 12:00:00+00:00,1.394,1.441,1.388,1.41,18558974.0,2026-04-17 15:59:59.999000+00:00
2026-04-17 16:00:00+00:00,1.411,1.431,1.407,1.423,13596465.0,2026-04-17 19:59:59.999000+00:00
2026-04-17 20:00:00+00:00,1.424,1.428,1.401,1.406,7898529.0,2026-04-17 23:59:59.999000+00:00
2026-04-18 00:00:00+00:00,1.406,1.409,1.39,1.396,10645803.0,2026-04-18 03:59:59.999000+00:00
2026-04-18 04:00:00+00:00,1.397,1.421,1.396,1.418,10702856.0,2026-04-18 07:59:59.999000+00:00
2026-04-18 08:00:00+00:00,1.417,1.42,1.383,1.39,17284611.0,2026-04-18 11:59:59.999000+00:00
2026-04-18 12:00:00+00:00,1.39,1.392,1.368,1.375,14775466.0,2026-04-18 15:59:59.999000+00:00
2026-04-18 16:00:00+00:00,1.375,1.384,1.349,1.356,14923382.0,2026-04-18 19:59:59.999000+00:00
2026-04-18 20:00:00+00:00,1.357,1.36,1.341,1.343,8063375.0,2026-04-18 23:59:59.999000+00:00
2026-04-19 00:00:00+00:00,1.342,1.35,1.328,1.342,9914339.0,2026-04-19 03:59:59.999000+00:00
2026-04-19 04:00:00+00:00,1.342,1.357,1.323,1.334,9518335.0,2026-04-19 07:59:59.999000+00:00
2026-04-19 08:00:00+00:00,1.334,1.36,1.328,1.359,7968642.0,2026-04-19 11:59:59.999000+00:00
2026-04-19 12:00:00+00:00,1.359,1.388,1.348,1.366,16694880.0,2026-04-19 15:59:59.999000+00:00
2026-04-19 16:00:00+00:00,1.366,1.368,1.344,1.359,11372335.0,2026-04-19 19:59:59.999000+00:00
2026-04-19 20:00:00+00:00,1.358,1.358,1.321,1.325,11698855.0,2026-04-19 23:59:59.999000+00:00
2026-04-20 00:00:00+00:00,1.325,1.36,1.324,1.357,8679485.0,2026-04-20 03:59:59.999000+00:00
2026-04-20 04:00:00+00:00,1.358,1.364,1.338,1.348,9909631.0,2026-04-20 07:59:59.999000+00:00
2026-04-20 08:00:00+00:00,1.348,1.359,1.338,1.349,8396820.0,2026-04-20 11:59:59.999000+00:00
2026-04-20 12:00:00+00:00,1.349,1.364,1.333,1.351,15245980.0,2026-04-20 15:59:59.999000+00:00
2026-04-20 16:00:00+00:00,1.352,1.37,1.343,1.359,8963673.0,2026-04-20 19:59:59.999000+00:00
2026-04-20 20:00:00+00:00,1.358,1.372,1.352,1.361,5825618.0,2026-04-20 23:59:59.999000+00:00
2026-04-21 00:00:00+00:00,1.361,1.371,1.348,1.354,6843978.0,2026-04-21 03:59:59.999000+00:00
2026-04-21 04:00:00+00:00,1.354,1.382,1.352,1.377,8345767.0,2026-04-21 07:59:59.999000+00:00
2026-04-21 08:00:00+00:00,1.378,1.398,1.374,1.392,9673943.0,2026-04-21 11:59:59.999000+00:00
2026-04-21 12:00:00+00:00,1.393,1.395,1.362,1.375,15880604.0,2026-04-21 15:59:59.999000+00:00
2026-04-21 16:00:00+00:00,1.375,1.381,1.349,1.354,13646479.0,2026-04-21 19:59:59.999000+00:00
2026-04-21 20:00:00+00:00,1.354,1.387,1.353,1.385,9375778.0,2026-04-21 23:59:59.999000+00:00
2026-04-22 00:00:00+00:00,1.385,1.404,1.376,1.403,9860174.0,2026-04-22 03:59:59.999000+00:00
2026-04-22 04:00:00+00:00,1.403,1.415,1.397,1.414,11787588.0,2026-04-22 07:59:59.999000+00:00
2026-04-22 08:00:00+00:00,1.414,1.426,1.411,1.424,7441713.0,2026-04-22 11:59:59.999000+00:00
2026-04-22 12:00:00+00:00,1.423,1.431,1.409,1.423,9975195.0,2026-04-22 15:59:59.999000+00:00
2026-04-22 16:00:00+00:00,1.423,1.424,1.404,1.415,8117011.0,2026-04-22 19:59:59.999000+00:00
2026-04-22 20:00:00+00:00,1.415,1.417,1.398,1.401,6870624.0,2026-04-22 23:59:59.999000+00:00
2026-04-23 00:00:00+00:00,1.401,1.408,1.375,1.38,11999718.0,2026-04-23 03:59:59.999000+00:00
2026-04-23 04:00:00+00:00,1.38,1.393,1.376,1.383,7659281.0,2026-04-23 07:59:59.999000+00:00
2026-04-23 08:00:00+00:00,1.384,1.39,1.369,1.389,7453429.0,2026-04-23 11:59:59.999000+00:00
2026-04-23 12:00:00+00:00,1.388,1.411,1.381,1.409,9062523.0,2026-04-23 15:59:59.999000+00:00
2026-04-23 16:00:00+00:00,1.409,1.414,1.376,1.392,22856698.0,2026-04-23 19:59:59.999000+00:00
2026-04-23 20:00:00+00:00,1.391,1.408,1.39,1.405,7186467.0,2026-04-23 23:59:59.999000+00:00
2026-04-24 00:00:00+00:00,1.405,1.411,1.395,1.405,6772487.0,2026-04-24 03:59:59.999000+00:00
2026-04-24 04:00:00+00:00,1.406,1.416,1.4,1.409,5008187.0,2026-04-24 07:59:59.999000+00:00
2026-04-24 08:00:00+00:00,1.408,1.424,1.403,1.42,8690751.0,2026-04-24 11:59:59.999000+00:00
2026-04-24 12:00:00+00:00,1.42,1.427,1.405,1.426,7327117.0,2026-04-24 15:59:59.999000+00:00
2026-04-24 16:00:00+00:00,1.426,1.432,1.408,1.412,10091323.0,2026-04-24 19:59:59.999000+00:00
2026-04-24 20:00:00+00:00,1.412,1.419,1.398,1.408,4945049.0,2026-04-24 23:59:59.999000+00:00
2026-04-25 00:00:00+00:00,1.407,1.417,1.401,1.415,4941934.0,2026-04-25 03:59:59.999000+00:00
2026-04-25 04:00:00+00:00,1.415,1.421,1.409,1.414,4161356.0,2026-04-25 07:59:59.999000+00:00
2026-04-25 08:00:00+00:00,1.415,1.418,1.4,1.403,3560007.0,2026-04-25 11:59:59.999000+00:00
2026-04-25 12:00:00+00:00,1.403,1.408,1.398,1.4,4181790.0,2026-04-25 15:59:59.999000+00:00
2026-04-25 16:00:00+00:00,1.4,1.404,1.387,1.389,4466296.0,2026-04-25 19:59:59.999000+00:00
2026-04-25 20:00:00+00:00,1.39,1.403,1.389,1.401,4068254.0,2026-04-25 23:59:59.999000+00:00
2026-04-26 00:00:00+00:00,1.4,1.401,1.386,1.393,3948091.0,2026-04-26 03:59:59.999000+00:00
2026-04-26 04:00:00+00:00,1.393,1.411,1.392,1.407,4136114.0,2026-04-26 07:59:59.999000+00:00
2026-04-26 08:00:00+00:00,1.407,1.413,1.402,1.402,3146724.0,2026-04-26 11:59:59.999000+00:00
2026-04-26 12:00:00+00:00,1.403,1.404,1.383,1.389,5868807.0,2026-04-26 15:59:59.999000+00:00
2026-04-26 16:00:00+00:00,1.389,1.397,1.382,1.39,4652832.0,2026-04-26 19:59:59.999000+00:00
2026-04-26 20:00:00+00:00,1.39,1.399,1.378,1.394,6599302.0,2026-04-26 23:59:59.999000+00:00
2026-04-27 00:00:00+00:00,1.394,1.413,1.391,1.403,8102654.0,2026-04-27 03:59:59.999000+00:00
2026-04-27 04:00:00+00:00,1.404,1.405,1.365,1.368,12926243.0,2026-04-27 07:59:59.999000+00:00
2026-04-27 08:00:00+00:00,1.369,1.381,1.366,1.377,5774565.0,2026-04-27 11:59:59.999000+00:00
2026-04-27 12:00:00+00:00,1.378,1.379,1.345,1.346,12650648.0,2026-04-27 15:59:59.999000+00:00
2026-04-27 16:00:00+00:00,1.346,1.358,1.339,1.345,6373300.0,2026-04-27 19:59:59.999000+00:00
2026-04-27 20:00:00+00:00,1.345,1.365,1.344,1.364,3750923.0,2026-04-27 23:59:59.999000+00:00
2026-04-28 00:00:00+00:00,1.363,1.363,1.351,1.358,5742834.0,2026-04-28 03:59:59.999000+00:00
2026-04-28 04:00:00+00:00,1.359,1.366,1.344,1.35,6027740.0,2026-04-28 07:59:59.999000+00:00
2026-04-28 08:00:00+00:00,1.35,1.354,1.341,1.345,4246508.0,2026-04-28 11:59:59.999000+00:00
2026-04-28 12:00:00+00:00,1.345,1.36,1.328,1.332,11634745.0,2026-04-28 15:59:59.999000+00:00
2026-04-28 16:00:00+00:00,1.332,1.353,1.33,1.349,5079396.0,2026-04-28 19:59:59.999000+00:00
2026-04-28 20:00:00+00:00,1.349,1.353,1.342,1.347,2803864.0,2026-04-28 23:59:59.999000+00:00
2026-04-29 00:00:00+00:00,1.347,1.365,1.343,1.364,5444644.0,2026-04-29 03:59:59.999000+00:00
2026-04-29 04:00:00+00:00,1.364,1.374,1.359,1.36,5278846.0,2026-04-29 07:59:59.999000+00:00
2026-04-29 08:00:00+00:00,1.36,1.372,1.353,1.356,7617063.0,2026-04-29 11:59:59.999000+00:00
2026-04-29 12:00:00+00:00,1.356,1.356,1.316,1.319,13513499.0,2026-04-29 15:59:59.999000+00:00
2026-04-29 16:00:00+00:00,1.319,1.328,1.291,1.312,16110158.0,2026-04-29 19:59:59.999000+00:00
2026-04-29 20:00:00+00:00,1.312,1.328,1.311,1.327,4995079.0,2026-04-29 23:59:59.999000+00:00
2026-04-30 00:00:00+00:00,1.327,1.341,1.32,1.327,5633666.0,2026-04-30 03:59:59.999000+00:00
2026-04-30 04:00:00+00:00,1.327,1.329,1.314,1.328,4580481.0,2026-04-30 07:59:59.999000+00:00
2026-04-30 08:00:00+00:00,1.328,1.331,1.317,1.324,5947950.0,2026-04-30 11:59:59.999000+00:00
2026-04-30 12:00:00+00:00,1.324,1.329,1.305,1.311,5340563.0,2026-04-30 15:59:59.999000+00:00
2026-04-30 16:00:00+00:00,1.312,1.313,1.3,1.302,2987670.0,2026-04-30 19:59:59.999000+00:00
2026-04-30 20:00:00+00:00,1.302,1.305,1.289,1.297,3739104.0,2026-04-30 23:59:59.999000+00:00
2026-05-01 00:00:00+00:00,1.297,1.319,1.292,1.309,6245155.0,2026-05-01 03:59:59.999000+00:00
2026-05-01 04:00:00+00:00,1.309,1.312,1.293,1.296,4502381.0,2026-05-01 07:59:59.999000+00:00
2026-05-01 08:00:00+00:00,1.297,1.301,1.292,1.298,3552586.0,2026-05-01 11:59:59.999000+00:00
2026-05-01 12:00:00+00:00,1.297,1.312,1.286,1.294,11598473.0,2026-05-01 15:59:59.999000+00:00
2026-05-01 16:00:00+00:00,1.294,1.297,1.284,1.292,6095629.0,2026-05-01 19:59:59.999000+00:00
2026-05-01 20:00:00+00:00,1.291,1.293,1.276,1.288,6892596.0,2026-05-01 23:59:59.999000+00:00
2026-05-02 00:00:00+00:00,1.287,1.299,1.284,1.297,4748162.0,2026-05-02 03:59:59.999000+00:00
2026-05-02 04:00:00+00:00,1.296,1.298,1.284,1.289,3918467.0,2026-05-02 07:59:59.999000+00:00
2026-05-02 08:00:00+00:00,1.288,1.296,1.277,1.28,5817514.0,2026-05-02 11:59:59.999000+00:00
2026-05-02 12:00:00+00:00,1.28,1.288,1.276,1.286,3943204.0,2026-05-02 15:59:59.999000+00:00
2026-05-02 16:00:00+00:00,1.286,1.3,1.285,1.291,3936209.0,2026-05-02 19:59:59.999000+00:00
2026-05-02 20:00:00+00:00,1.291,1.303,1.289,1.298,4514254.0,2026-05-02 23:59:59.999000+00:00
2026-05-03 00:00:00+00:00,1.298,1.302,1.276,1.282,6177237.0,2026-05-03 03:59:59.999000+00:00
2026-05-03 04:00:00+00:00,1.281,1.286,1.273,1.278,4868518.0,2026-05-03 07:59:59.999000+00:00
2026-05-03 08:00:00+00:00,1.278,1.283,1.266,1.276,4966658.0,2026-05-03 11:59:59.999000+00:00
2026-05-03 12:00:00+00:00,1.276,1.283,1.267,1.273,4634464.0,2026-05-03 15:59:59.999000+00:00
2026-05-03 16:00:00+00:00,1.273,1.278,1.268,1.276,2654580.0,2026-05-03 19:59:59.999000+00:00
2026-05-03 20:00:00+00:00,1.277,1.285,1.267,1.275,6738599.0,2026-05-03 23:59:59.999000+00:00
2026-05-04 00:00:00+00:00,1.275,1.301,1.261,1.297,11938916.0,2026-05-04 03:59:59.999000+00:00
2026-05-04 04:00:00+00:00,1.297,1.312,1.28,1.284,9999499.0,2026-05-04 07:59:59.999000+00:00
2026-05-04 08:00:00+00:00,1.283,1.285,1.244,1.252,18238214.0,2026-05-04 11:59:59.999000+00:00
2026-05-04 12:00:00+00:00,1.252,1.282,1.245,1.268,19641254.0,2026-05-04 15:59:59.999000+00:00
2026-05-04 16:00:00+00:00,1.268,1.282,1.259,1.275,9981582.0,2026-05-04 19:59:59.999000+00:00
2026-05-04 20:00:00+00:00,1.275,1.286,1.256,1.262,10593140.0,2026-05-04 23:59:59.999000+00:00
2026-05-05 00:00:00+00:00,1.261,1.275,1.256,1.268,6932131.0,2026-05-05 03:59:59.999000+00:00
2026-05-05 04:00:00+00:00,1.269,1.28,1.268,1.273,4388937.0,2026-05-05 07:59:59.999000+00:00
2026-05-05 08:00:00+00:00,1.273,1.281,1.268,1.279,5329227.0,2026-05-05 11:59:59.999000+00:00
2026-05-05 12:00:00+00:00,1.279,1.295,1.272,1.272,11017574.0,2026-05-05 15:59:59.999000+00:00
2026-05-05 16:00:00+00:00,1.272,1.29,1.262,1.289,7645852.0,2026-05-05 19:59:59.999000+00:00
2026-05-05 20:00:00+00:00,1.289,1.317,1.287,1.295,14155133.0,2026-05-05 23:59:59.999000+00:00
2026-05-06 00:00:00+00:00,1.295,1.32,1.287,1.316,9349371.0,2026-05-06 03:59:59.999000+00:00
2026-05-06 04:00:00+00:00,1.317,1.358,1.307,1.358,18360894.0,2026-05-06 07:59:59.999000+00:00
2026-05-06 08:00:00+00:00,1.357,1.481,1.357,1.481,55724246.0,2026-05-06 11:59:59.999000+00:00
2026-05-06 12:00:00+00:00,1.481,1.516,1.429,1.509,56819007.0,2026-05-06 15:59:59.999000+00:00
2026-05-06 16:00:00+00:00,1.509,1.526,1.492,1.504,29707425.0,2026-05-06 19:59:59.999000+00:00
2026-05-06 20:00:00+00:00,1.503,1.546,1.476,1.488,28457367.0,2026-05-06 23:59:59.999000+00:00
2026-05-07 00:00:00+00:00,1.487,1.502,1.462,1.487,29352987.0,2026-05-07 03:59:59.999000+00:00
2026-05-07 04:00:00+00:00,1.486,1.527,1.48,1.503,25132981.0,2026-05-07 07:59:59.999000+00:00
2026-05-07 08:00:00+00:00,1.504,1.504,1.464,1.472,13332804.0,2026-05-07 11:59:59.999000+00:00
2026-05-07 12:00:00+00:00,1.472,1.504,1.465,1.481,16235577.0,2026-05-07 15:59:59.999000+00:00
2026-05-07 16:00:00+00:00,1.482,1.493,1.454,1.459,11850607.0,2026-05-07 19:59:59.999000+00:00
2026-05-07 20:00:00+00:00,1.459,1.472,1.451,1.47,9996060.0,2026-05-07 23:59:59.999000+00:00
2026-05-08 00:00:00+00:00,1.469,1.486,1.454,1.48,10369996.0,2026-05-08 03:59:59.999000+00:00
2026-05-08 04:00:00+00:00,1.48,1.537,1.477,1.533,15194751.0,2026-05-08 07:59:59.999000+00:00
2026-05-08 08:00:00+00:00,1.533,1.58,1.509,1.549,32167058.0,2026-05-08 11:59:59.999000+00:00
2026-05-08 12:00:00+00:00,1.549,1.589,1.521,1.58,22942072.0,2026-05-08 15:59:59.999000+00:00
2026-05-08 16:00:00+00:00,1.58,1.582,1.535,1.569,15888726.0,2026-05-08 19:59:59.999000+00:00
2026-05-08 20:00:00+00:00,1.569,1.605,1.566,1.596,11817893.0,2026-05-08 23:59:59.999000+00:00
2026-05-09 00:00:00+00:00,1.596,1.617,1.577,1.599,18024220.0,2026-05-09 03:59:59.999000+00:00
2026-05-09 04:00:00+00:00,1.599,1.604,1.566,1.573,13002697.0,2026-05-09 07:59:59.999000+00:00
2026-05-09 08:00:00+00:00,1.573,1.591,1.563,1.588,8290288.0,2026-05-09 11:59:59.999000+00:00
2026-05-09 12:00:00+00:00,1.587,1.592,1.549,1.556,11052511.0,2026-05-09 15:59:59.999000+00:00
2026-05-09 16:00:00+00:00,1.556,1.576,1.549,1.56,8703261.0,2026-05-09 19:59:59.999000+00:00
2026-05-09 20:00:00+00:00,1.56,1.573,1.555,1.566,4808725.0,2026-05-09 23:59:59.999000+00:00
2026-05-10 00:00:00+00:00,1.566,1.567,1.544,1.554,6671426.0,2026-05-10 03:59:59.999000+00:00
2026-05-10 04:00:00+00:00,1.554,1.573,1.548,1.562,4891151.0,2026-05-10 07:59:59.999000+00:00
2026-05-10 08:00:00+00:00,1.563,1.58,1.561,1.563,7655329.0,2026-05-10 11:59:59.999000+00:00
2026-05-10 12:00:00+00:00,1.562,1.584,1.56,1.579,8273791.0,2026-05-10 15:59:59.999000+00:00
2026-05-10 16:00:00+00:00,1.579,1.625,1.574,1.621,16807116.0,2026-05-10 19:59:59.999000+00:00
2026-05-10 20:00:00+00:00,1.622,1.631,1.534,1.563,24377615.0,2026-05-10 23:59:59.999000+00:00
2026-05-11 00:00:00+00:00,1.563,1.57,1.52,1.528,13508747.0,2026-05-11 03:59:59.999000+00:00
2026-05-11 04:00:00+00:00,1.528,1.563,1.515,1.559,9875417.0,2026-05-11 07:59:59.999000+00:00
2026-05-11 08:00:00+00:00,1.56,1.574,1.539,1.543,10265759.0,2026-05-11 11:59:59.999000+00:00
2026-05-11 12:00:00+00:00,1.544,1.551,1.51,1.521,18017359.0,2026-05-11 15:59:59.999000+00:00
2026-05-11 16:00:00+00:00,1.521,1.552,1.517,1.551,10716359.0,2026-05-11 19:59:59.999000+00:00
2026-05-11 20:00:00+00:00,1.551,1.56,1.535,1.547,7623881.0,2026-05-11 23:59:59.999000+00:00
2026-05-12 00:00:00+00:00,1.547,1.547,1.503,1.521,9996726.0,2026-05-12 03:59:59.999000+00:00
2026-05-12 04:00:00+00:00,1.52,1.585,1.518,1.578,16640959.0,2026-05-12 07:59:59.999000+00:00
2026-05-12 08:00:00+00:00,1.579,1.605,1.535,1.551,27371950.0,2026-05-12 11:59:59.999000+00:00
2026-05-12 12:00:00+00:00,1.552,1.576,1.513,1.55,22379465.0,2026-05-12 15:59:59.999000+00:00
2026-05-12 16:00:00+00:00,1.549,1.641,1.523,1.601,34486709.0,2026-05-12 19:59:59.999000+00:00
2026-05-12 20:00:00+00:00,1.601,1.65,1.592,1.607,16747113.0,2026-05-12 23:59:59.999000+00:00
2026-05-13 00:00:00+00:00,1.607,1.69,1.599,1.685,30706058.0,2026-05-13 03:59:59.999000+00:00
2026-05-13 04:00:00+00:00,1.685,1.687,1.606,1.619,20299581.0,2026-05-13 07:59:59.999000+00:00
2026-05-13 08:00:00+00:00,1.619,1.632,1.582,1.591,20959311.0,2026-05-13 11:59:59.999000+00:00
2026-05-13 12:00:00+00:00,1.591,1.599,1.549,1.553,24318306.0,2026-05-13 15:59:59.999000+00:00
2026-05-13 16:00:00+00:00,1.553,1.613,1.552,1.586,16869392.0,2026-05-13 19:59:59.999000+00:00
2026-05-13 20:00:00+00:00,1.585,1.593,1.556,1.575,8000084.0,2026-05-13 23:59:59.999000+00:00
2026-05-14 00:00:00+00:00,1.574,1.62,1.537,1.551,16380103.0,2026-05-14 03:59:59.999000+00:00
2026-05-14 04:00:00+00:00,1.551,1.583,1.545,1.574,12672969.0,2026-05-14 07:59:59.999000+00:00
2026-05-14 08:00:00+00:00,1.574,1.591,1.55,1.562,11226025.0,2026-05-14 11:59:59.999000+00:00
2026-05-14 12:00:00+00:00,1.561,1.618,1.553,1.613,11806537.0,2026-05-14 15:59:59.999000+00:00
2026-05-14 16:00:00+00:00,1.614,1.633,1.579,1.58,15578719.0,2026-05-14 19:59:59.999000+00:00
2026-05-14 20:00:00+00:00,1.58,1.591,1.563,1.572,9048017.0,2026-05-14 23:59:59.999000+00:00
2026-05-15 00:00:00+00:00,1.572,1.58,1.55,1.574,8887251.0,2026-05-15 03:59:59.999000+00:00
2026-05-15 04:00:00+00:00,1.574,1.593,1.538,1.578,12644474.0,2026-05-15 07:59:59.999000+00:00
2026-05-15 08:00:00+00:00,1.578,1.584,1.534,1.553,9445341.0,2026-05-15 11:59:59.999000+00:00
2026-05-15 12:00:00+00:00,1.553,1.557,1.508,1.523,14891501.0,2026-05-15 15:59:59.999000+00:00
2026-05-15 16:00:00+00:00,1.523,1.575,1.521,1.544,12192098.0,2026-05-15 19:59:59.999000+00:00
2026-05-15 20:00:00+00:00,1.545,1.547,1.529,1.543,4728424.0,2026-05-15 23:59:59.999000+00:00
2026-05-16 00:00:00+00:00,1.544,1.553,1.535,1.552,4699730.0,2026-05-16 03:59:59.999000+00:00
2026-05-16 04:00:00+00:00,1.551,1.554,1.483,1.501,13840116.0,2026-05-16 07:59:59.999000+00:00
2026-05-16 08:00:00+00:00,1.501,1.515,1.477,1.495,13631141.0,2026-05-16 11:59:59.999000+00:00
2026-05-16 12:00:00+00:00,1.494,1.502,1.478,1.49,7078946.0,2026-05-16 15:59:59.999000+00:00
2026-05-16 16:00:00+00:00,1.49,1.504,1.487,1.5,5540991.0,2026-05-16 19:59:59.999000+00:00
2026-05-16 20:00:00+00:00,1.5,1.501,1.488,1.496,2412998.0,2026-05-16 23:59:59.999000+00:00
2026-05-17 00:00:00+00:00,1.496,1.509,1.476,1.504,6700777.0,2026-05-17 03:59:59.999000+00:00
2026-05-17 04:00:00+00:00,1.504,1.537,1.501,1.531,7785807.0,2026-05-17 07:59:59.999000+00:00
2026-05-17 08:00:00+00:00,1.532,1.559,1.523,1.552,8346694.0,2026-05-17 11:59:59.999000+00:00
2026-05-17 12:00:00+00:00,1.552,1.556,1.518,1.524,7248649.0,2026-05-17 15:59:59.999000+00:00
2026-05-17 16:00:00+00:00,1.525,1.533,1.511,1.525,5863891.0,2026-05-17 19:59:59.999000+00:00
2026-05-17 20:00:00+00:00,1.525,1.548,1.462,1.508,14504453.0,2026-05-17 23:59:59.999000+00:00
2026-05-18 00:00:00+00:00,1.507,1.521,1.489,1.502,12697889.0,2026-05-18 03:59:59.999000+00:00
2026-05-18 04:00:00+00:00,1.502,1.515,1.48,1.484,9872956.0,2026-05-18 07:59:59.999000+00:00
2026-05-18 08:00:00+00:00,1.483,1.529,1.477,1.519,12526840.0,2026-05-18 11:59:59.999000+00:00
2026-05-18 12:00:00+00:00,1.519,1.534,1.485,1.514,13807548.0,2026-05-18 15:59:59.999000+00:00
2026-05-18 16:00:00+00:00,1.515,1.586,1.509,1.574,20277474.0,2026-05-18 19:59:59.999000+00:00
2026-05-18 20:00:00+00:00,1.574,1.628,1.574,1.625,18581815.0,2026-05-18 23:59:59.999000+00:00
2026-05-19 00:00:00+00:00,1.625,1.639,1.601,1.609,16169527.0,2026-05-19 03:59:59.999000+00:00
2026-05-19 04:00:00+00:00,1.609,1.667,1.591,1.654,17905747.0,2026-05-19 07:59:59.999000+00:00
2026-05-19 08:00:00+00:00,1.655,1.658,1.58,1.597,19791574.0,2026-05-19 11:59:59.999000+00:00
2026-05-19 12:00:00+00:00,1.596,1.635,1.593,1.622,17390559.0,2026-05-19 15:59:59.999000+00:00
2026-05-19 16:00:00+00:00,1.622,1.687,1.617,1.626,24425985.0,2026-05-19 19:59:59.999000+00:00
2026-05-19 20:00:00+00:00,1.627,1.634,1.598,1.602,9645786.0,2026-05-19 23:59:59.999000+00:00
2026-05-20 00:00:00+00:00,1.603,1.607,1.579,1.594,10339868.0,2026-05-20 03:59:59.999000+00:00
2026-05-20 04:00:00+00:00,1.594,1.671,1.593,1.648,23587583.0,2026-05-20 07:59:59.999000+00:00
2026-05-20 08:00:00+00:00,1.648,1.659,1.634,1.64,9067001.0,2026-05-20 11:59:59.999000+00:00
2026-05-20 12:00:00+00:00,1.64,1.713,1.627,1.686,25352360.0,2026-05-20 15:59:59.999000+00:00
2026-05-20 16:00:00+00:00,1.687,1.702,1.658,1.688,19784223.0,2026-05-20 19:59:59.999000+00:00
2026-05-20 20:00:00+00:00,1.687,1.731,1.672,1.702,16001602.0,2026-05-20 23:59:59.999000+00:00
2026-05-21 00:00:00+00:00,1.702,1.757,1.694,1.736,21130292.0,2026-05-21 03:59:59.999000+00:00
2026-05-21 04:00:00+00:00,1.736,1.781,1.701,1.722,23115993.0,2026-05-21 07:59:59.999000+00:00
2026-05-21 08:00:00+00:00,1.722,1.786,1.72,1.739,22495965.0,2026-05-21 11:59:59.999000+00:00
2026-05-21 12:00:00+00:00,1.739,1.831,1.721,1.805,35336731.0,2026-05-21 15:59:59.999000+00:00
2026-05-21 16:00:00+00:00,1.805,1.935,1.763,1.923,47879404.0,2026-05-21 19:59:59.999000+00:00
2026-05-21 20:00:00+00:00,1.923,1.966,1.911,1.926,38794551.0,2026-05-21 23:59:59.999000+00:00
2026-05-22 00:00:00+00:00,1.926,2.133,1.917,2.118,82831344.0,2026-05-22 03:59:59.999000+00:00
2026-05-22 04:00:00+00:00,2.119,2.254,2.101,2.24,110247832.0,2026-05-22 07:59:59.999000+00:00
2026-05-22 08:00:00+00:00,2.24,2.305,2.192,2.23,90452685.0,2026-05-22 11:59:59.999000+00:00
2026-05-22 12:00:00+00:00,2.229,2.336,2.183,2.197,108110652.0,2026-05-22 15:59:59.999000+00:00
2026-05-22 16:00:00+00:00,2.197,2.238,2.098,2.116,83375906.0,2026-05-22 19:59:59.999000+00:00
2026-05-22 20:00:00+00:00,2.116,2.139,2.052,2.101,56018312.0,2026-05-22 23:59:59.999000+00:00
2026-05-23 00:00:00+00:00,2.102,2.137,2.066,2.114,44590614.0,2026-05-23 03:59:59.999000+00:00
2026-05-23 04:00:00+00:00,2.114,2.117,2.016,2.027,37517613.0,2026-05-23 07:59:59.999000+00:00
2026-05-23 08:00:00+00:00,2.027,2.1,2.01,2.078,33251872.0,2026-05-23 11:59:59.999000+00:00
2026-05-23 12:00:00+00:00,2.078,2.274,2.035,2.259,73222496.0,2026-05-23 15:59:59.999000+00:00
2026-05-23 16:00:00+00:00,2.258,2.473,2.238,2.387,123620574.0,2026-05-23 19:59:59.999000+00:00
2026-05-23 20:00:00+00:00,2.387,2.472,2.338,2.451,69147890.0,2026-05-23 23:59:59.999000+00:00
2026-05-24 00:00:00+00:00,2.45,2.462,2.358,2.386,36877036.0,2026-05-24 03:59:59.999000+00:00
2026-05-24 04:00:00+00:00,2.386,2.432,2.325,2.387,54394426.0,2026-05-24 07:59:59.999000+00:00
2026-05-24 08:00:00+00:00,2.387,2.403,2.335,2.398,23106557.0,2026-05-24 11:59:59.999000+00:00
2026-05-24 12:00:00+00:00,2.397,2.509,2.354,2.438,77999289.0,2026-05-24 15:59:59.999000+00:00
2026-05-24 16:00:00+00:00,2.439,2.472,2.389,2.424,41031764.0,2026-05-24 19:59:59.999000+00:00
2026-05-24 20:00:00+00:00,2.425,2.504,2.368,2.394,42997984.0,2026-05-24 23:59:59.999000+00:00
2026-05-25 00:00:00+00:00,2.393,2.425,2.332,2.347,39076762.0,2026-05-25 03:59:59.999000+00:00
2026-05-25 04:00:00+00:00,2.347,2.415,2.34,2.382,25102842.0,2026-05-25 07:59:59.999000+00:00
2026-05-25 08:00:00+00:00,2.381,2.474,2.366,2.44,34659479.0,2026-05-25 11:59:59.999000+00:00
2026-05-25 12:00:00+00:00,2.44,2.718,2.428,2.71,106232855.0,2026-05-25 15:59:59.999000+00:00
2026-05-25 16:00:00+00:00,2.711,2.82,2.666,2.754,67036698.0,2026-05-25 19:59:59.999000+00:00
2026-05-25 20:00:00+00:00,2.754,2.805,2.716,2.77,36859160.0,2026-05-25 23:59:59.999000+00:00
2026-05-26 00:00:00+00:00,2.769,2.774,2.663,2.722,55064292.0,2026-05-26 03:59:59.999000+00:00
2026-05-26 04:00:00+00:00,2.722,2.806,2.7,2.718,39861562.0,2026-05-26 07:59:59.999000+00:00
2026-05-26 08:00:00+00:00,2.719,2.978,2.677,2.85,91556873.0,2026-05-26 11:59:59.999000+00:00
2026-05-26 12:00:00+00:00,2.851,2.912,2.731,2.763,103884305.0,2026-05-26 15:59:59.999000+00:00
2026-05-26 16:00:00+00:00,2.762,2.763,2.588,2.651,61023375.0,2026-05-26 19:59:59.999000+00:00
2026-05-26 20:00:00+00:00,2.651,2.677,2.523,2.553,34031032.0,2026-05-26 23:59:59.999000+00:00
2026-05-27 00:00:00+00:00,2.552,2.602,2.461,2.489,43789668.0,2026-05-27 03:59:59.999000+00:00
2026-05-27 04:00:00+00:00,2.49,2.551,2.471,2.521,31136686.0,2026-05-27 07:59:59.999000+00:00
2026-05-27 08:00:00+00:00,2.522,2.579,2.45,2.521,44269027.0,2026-05-27 11:59:59.999000+00:00
2026-05-27 12:00:00+00:00,2.521,2.624,2.496,2.578,51441393.0,2026-05-27 15:59:59.999000+00:00
2026-05-27 16:00:00+00:00,2.579,2.738,2.509,2.67,49793877.0,2026-05-27 19:59:59.999000+00:00
2026-05-27 20:00:00+00:00,2.67,2.672,2.47,2.488,42251393.0,2026-05-27 23:59:59.999000+00:00
2026-05-28 00:00:00+00:00,2.487,2.507,2.366,2.383,39055782.0,2026-05-28 03:59:59.999000+00:00
2026-05-28 04:00:00+00:00,2.383,2.437,2.363,2.414,36461967.0,2026-05-28 07:59:59.999000+00:00
2026-05-28 08:00:00+00:00,2.415,2.426,2.365,2.385,24843941.0,2026-05-28 11:59:59.999000+00:00
2026-05-28 12:00:00+00:00,2.386,2.388,2.269,2.302,64703996.0,2026-05-28 15:59:59.999000+00:00
2026-05-28 16:00:00+00:00,2.301,2.436,2.29,2.389,37118551.0,2026-05-28 19:59:59.999000+00:00
2026-05-28 20:00:00+00:00,2.39,2.478,2.355,2.418,25285931.0,2026-05-28 23:59:59.999000+00:00
2026-05-29 00:00:00+00:00,2.419,2.562,2.417,2.456,46539718.0,2026-05-29 03:59:59.999000+00:00
2026-05-29 04:00:00+00:00,2.456,2.575,2.442,2.496,26305456.0,2026-05-29 07:59:59.999000+00:00
2026-05-29 08:00:00+00:00,2.496,2.549,2.474,2.485,26011718.0,2026-05-29 11:59:59.999000+00:00
2026-05-29 12:00:00+00:00,2.486,2.601,2.404,2.55,55545132.0,2026-05-29 15:59:59.999000+00:00
2026-05-29 16:00:00+00:00,2.551,2.632,2.516,2.537,43099804.0,2026-05-29 19:59:59.999000+00:00
2026-05-29 20:00:00+00:00,2.538,2.563,2.361,2.378,33175076.0,2026-05-29 23:59:59.999000+00:00
2026-05-30 00:00:00+00:00,2.379,2.402,2.352,2.354,16127694.0,2026-05-30 03:59:59.999000+00:00
2026-05-30 04:00:00+00:00,2.354,2.401,2.245,2.398,41194313.0,2026-05-30 07:59:59.999000+00:00
2026-05-30 08:00:00+00:00,2.398,2.443,2.382,2.413,17643447.0,2026-05-30 11:59:59.999000+00:00
2026-05-30 12:00:00+00:00,2.413,2.431,2.328,2.341,20010532.0,2026-05-30 15:59:59.999000+00:00
2026-05-30 16:00:00+00:00,2.34,2.361,2.274,2.303,24135469.0,2026-05-30 19:59:59.999000+00:00
2026-05-30 20:00:00+00:00,2.303,2.324,2.223,2.248,22305427.0,2026-05-30 23:59:59.999000+00:00
2026-05-31 00:00:00+00:00,2.249,2.289,2.227,2.276,19739561.0,2026-05-31 03:59:59.999000+00:00
2026-05-31 04:00:00+00:00,2.276,2.346,2.269,2.302,26923253.0,2026-05-31 07:59:59.999000+00:00
2026-05-31 08:00:00+00:00,2.303,2.314,2.237,2.272,23617463.0,2026-05-31 11:59:59.999000+00:00
2026-05-31 12:00:00+00:00,2.271,2.352,2.266,2.316,28445203.0,2026-05-31 15:59:59.999000+00:00
2026-05-31 16:00:00+00:00,2.315,2.32,2.209,2.245,21428924.0,2026-05-31 19:59:59.999000+00:00
2026-05-31 20:00:00+00:00,2.245,2.357,2.24,2.32,22572283.0,2026-05-31 23:59:59.999000+00:00
2026-06-01 00:00:00+00:00,2.32,2.418,2.257,2.378,33240110.0,2026-06-01 03:59:59.999000+00:00
2026-06-01 04:00:00+00:00,2.379,2.397,2.288,2.305,27386910.0,2026-06-01 07:59:59.999000+00:00
2026-06-01 08:00:00+00:00,2.306,2.37,2.283,2.317,24766396.0,2026-06-01 11:59:59.999000+00:00
2026-06-01 12:00:00+00:00,2.318,2.447,2.296,2.407,55494110.0,2026-06-01 15:59:59.999000+00:00
2026-06-01 16:00:00+00:00,2.406,2.65,2.378,2.613,47849041.0,2026-06-01 19:59:59.999000+00:00
2026-06-01 20:00:00+00:00,2.612,2.71,2.567,2.637,44369479.0,2026-06-01 23:59:59.999000+00:00
2026-06-02 00:00:00+00:00,2.637,2.752,2.561,2.731,44072778.0,2026-06-02 03:59:59.999000+00:00
2026-06-02 04:00:00+00:00,2.731,2.758,2.566,2.6,35504743.0,2026-06-02 07:59:59.999000+00:00
2026-06-02 08:00:00+00:00,2.6,2.717,2.59,2.672,34622197.0,2026-06-02 11:59:59.999000+00:00
2026-06-02 12:00:00+00:00,2.671,2.735,2.456,2.484,61248745.0,2026-06-02 15:59:59.999000+00:00
2026-06-02 16:00:00+00:00,2.484,2.656,2.454,2.628,52074951.0,2026-06-02 19:59:59.999000+00:00
2026-06-02 20:00:00+00:00,2.629,2.775,2.534,2.626,52084658.0,2026-06-02 23:59:59.999000+00:00
2026-06-03 00:00:00+00:00,2.627,2.771,2.626,2.681,45126354.0,2026-06-03 03:59:59.999000+00:00
2026-06-03 04:00:00+00:00,2.68,2.895,2.678,2.856,46985309.0,2026-06-03 07:59:59.999000+00:00
2026-06-03 08:00:00+00:00,2.856,2.975,2.815,2.948,46008878.0,2026-06-03 11:59:59.999000+00:00
2026-06-03 12:00:00+00:00,2.948,3.085,2.792,2.94,77168883.0,2026-06-03 15:59:59.999000+00:00
2026-06-03 16:00:00+00:00,2.941,2.952,2.768,2.851,53405506.0,2026-06-03 19:59:59.999000+00:00
2026-06-03 20:00:00+00:00,2.85,2.937,2.771,2.816,29133172.0,2026-06-03 23:59:59.999000+00:00
2026-06-04 00:00:00+00:00,2.815,2.853,2.631,2.729,64085183.0,2026-06-04 03:59:59.999000+00:00
2026-06-04 04:00:00+00:00,2.73,2.756,2.377,2.403,68123609.0,2026-06-04 07:59:59.999000+00:00
2026-06-04 08:00:00+00:00,2.403,2.446,2.293,2.446,67869709.0,2026-06-04 11:59:59.999000+00:00
2026-06-04 12:00:00+00:00,2.445,2.489,2.341,2.39,52365303.0,2026-06-04 15:59:59.999000+00:00
2026-06-04 16:00:00+00:00,2.391,2.485,2.327,2.347,33697494.0,2026-06-04 19:59:59.999000+00:00
2026-06-04 20:00:00+00:00,2.347,2.35,2.172,2.2,43614784.0,2026-06-04 23:59:59.999000+00:00
2026-06-05 00:00:00+00:00,2.199,2.303,2.09,2.127,58477890.0,2026-06-05 03:59:59.999000+00:00
2026-06-05 04:00:00+00:00,2.127,2.235,1.986,2.099,73907088.0,2026-06-05 07:59:59.999000+00:00
2026-06-05 08:00:00+00:00,2.1,2.116,1.993,2.017,35603440.0,2026-06-05 11:59:59.999000+00:00
2026-06-05 12:00:00+00:00,2.016,2.082,1.906,1.918,57504487.0,2026-06-05 15:59:59.999000+00:00
2026-06-05 16:00:00+00:00,1.918,2.003,1.794,1.975,67826326.0,2026-06-05 19:59:59.999000+00:00
2026-06-05 20:00:00+00:00,1.974,2.045,1.935,1.968,35516549.0,2026-06-05 23:59:59.999000+00:00
2026-06-06 00:00:00+00:00,1.968,2.006,1.939,1.945,23809815.0,2026-06-06 03:59:59.999000+00:00
2026-06-06 04:00:00+00:00,1.945,1.99,1.828,1.936,39827649.0,2026-06-06 07:59:59.999000+00:00
2026-06-06 08:00:00+00:00,1.936,1.951,1.849,1.916,25337008.0,2026-06-06 11:59:59.999000+00:00
2026-06-06 12:00:00+00:00,1.916,1.92,1.825,1.886,26266130.0,2026-06-06 15:59:59.999000+00:00
2026-06-06 16:00:00+00:00,1.887,1.915,1.848,1.859,17401299.0,2026-06-06 19:59:59.999000+00:00
2026-06-06 20:00:00+00:00,1.859,1.893,1.845,1.858,10786009.0,2026-06-06 23:59:59.999000+00:00
2026-06-07 00:00:00+00:00,1.858,1.955,1.814,1.848,36377240.0,2026-06-07 03:59:59.999000+00:00
2026-06-07 04:00:00+00:00,1.847,1.951,1.837,1.909,26767162.0,2026-06-07 07:59:59.999000+00:00
2026-06-07 08:00:00+00:00,1.909,1.965,1.878,1.917,24915297.0,2026-06-07 11:59:59.999000+00:00
2026-06-07 12:00:00+00:00,1.918,2.061,1.855,2.021,39257866.0,2026-06-07 15:59:59.999000+00:00
2026-06-07 16:00:00+00:00,2.022,2.098,1.96,1.965,36302461.0,2026-06-07 19:59:59.999000+00:00
2026-06-07 20:00:00+00:00,1.965,2.101,1.954,2.058,22880009.0,2026-06-07 23:59:59.999000+00:00
2026-06-08 00:00:00+00:00,2.057,2.108,2.011,2.075,25500034.0,2026-06-08 03:59:59.999000+00:00
2026-06-08 04:00:00+00:00,2.074,2.195,2.017,2.141,30572607.0,2026-06-08 07:59:59.999000+00:00
2026-06-08 08:00:00+00:00,2.14,2.183,2.103,2.122,29008864.0,2026-06-08 11:59:59.999000+00:00
2026-06-08 12:00:00+00:00,2.122,2.23,2.093,2.212,35469754.0,2026-06-08 15:59:59.999000+00:00
2026-06-08 16:00:00+00:00,2.213,2.264,2.166,2.188,26485083.0,2026-06-08 19:59:59.999000+00:00
2026-06-08 20:00:00+00:00,2.188,2.206,2.115,2.129,20444938.0,2026-06-08 23:59:59.999000+00:00
2026-06-09 00:00:00+00:00,2.129,2.138,2.042,2.048,24343696.0,2026-06-09 03:59:59.999000+00:00
2026-06-09 04:00:00+00:00,2.048,2.202,2.044,2.18,25570720.0,2026-06-09 07:59:59.999000+00:00
2026-06-09 08:00:00+00:00,2.18,2.2,2.126,2.157,20186060.0,2026-06-09 11:59:59.999000+00:00
2026-06-09 12:00:00+00:00,2.156,2.19,2.042,2.076,39087843.0,2026-06-09 15:59:59.999000+00:00
2026-06-09 16:00:00+00:00,2.076,2.219,2.032,2.218,38407363.0,2026-06-09 19:59:59.999000+00:00
2026-06-09 20:00:00+00:00,2.217,2.26,2.141,2.151,21698455.0,2026-06-09 23:59:59.999000+00:00
2026-06-10 00:00:00+00:00,2.151,2.204,2.113,2.133,25844634.0,2026-06-10 03:59:59.999000+00:00
2026-06-10 04:00:00+00:00,2.133,2.15,1.993,2.08,32919986.0,2026-06-10 07:59:59.999000+00:00
2026-06-10 08:00:00+00:00,2.081,2.098,2.029,2.038,19038186.0,2026-06-10 11:59:59.999000+00:00
2026-06-10 12:00:00+00:00,2.038,2.173,2.024,2.093,41983259.0,2026-06-10 15:59:59.999000+00:00
2026-06-10 16:00:00+00:00,2.093,2.112,2.004,2.008,26504365.0,2026-06-10 19:59:59.999000+00:00
2026-06-10 20:00:00+00:00,2.008,2.024,1.927,1.968,28232039.0,2026-06-10 23:59:59.999000+00:00
2026-06-11 00:00:00+00:00,1.969,2.072,1.948,2.025,24048111.0,2026-06-11 03:59:59.999000+00:00
2026-06-11 04:00:00+00:00,2.026,2.083,2.007,2.038,18767298.0,2026-06-11 07:59:59.999000+00:00
2026-06-11 08:00:00+00:00,2.038,2.078,1.986,2.063,25966845.0,2026-06-11 11:59:59.999000+00:00
2026-06-11 12:00:00+00:00,2.063,2.069,1.983,2.01,24633684.0,2026-06-11 15:59:59.999000+00:00
2026-06-11 16:00:00+00:00,2.011,2.08,1.957,2.037,31510901.0,2026-06-11 19:59:59.999000+00:00
2026-06-11 20:00:00+00:00,2.039,2.117,2.012,2.064,17842997.0,2026-06-11 23:59:59.999000+00:00
2026-06-12 00:00:00+00:00,2.064,2.107,2.03,2.082,11524696.0,2026-06-12 03:59:59.999000+00:00
2026-06-12 04:00:00+00:00,2.082,2.132,2.019,2.087,24844037.0,2026-06-12 07:59:59.999000+00:00
2026-06-12 08:00:00+00:00,2.087,2.153,2.076,2.091,20746090.0,2026-06-12 11:59:59.999000+00:00
2026-06-12 12:00:00+00:00,2.091,2.126,2.033,2.038,30008705.0,2026-06-12 15:59:59.999000+00:00
2026-06-12 16:00:00+00:00,2.037,2.07,2.004,2.006,16457054.0,2026-06-12 19:59:59.999000+00:00
2026-06-12 20:00:00+00:00,2.005,2.02,1.973,2.009,12739935.0,2026-06-12 23:59:59.999000+00:00
2026-06-13 00:00:00+00:00,2.01,2.034,1.995,2.011,9637400.0,2026-06-13 03:59:59.999000+00:00
2026-06-13 04:00:00+00:00,2.011,2.056,1.987,2.025,14965726.0,2026-06-13 07:59:59.999000+00:00
2026-06-13 08:00:00+00:00,2.025,2.047,2.012,2.04,10576836.0,2026-06-13 11:59:59.999000+00:00
2026-06-13 12:00:00+00:00,2.041,2.184,2.037,2.177,25551350.0,2026-06-13 15:59:59.999000+00:00
2026-06-13 16:00:00+00:00,2.178,2.186,2.089,2.104,28102597.0,2026-06-13 19:59:59.999000+00:00
2026-06-13 20:00:00+00:00,2.104,2.142,2.081,2.127,10145319.0,2026-06-13 23:59:59.999000+00:00
2026-06-14 00:00:00+00:00,2.127,2.173,2.109,2.139,16134075.0,2026-06-14 03:59:59.999000+00:00
2026-06-14 04:00:00+00:00,2.138,2.142,2.088,2.102,11676465.0,2026-06-14 07:59:59.999000+00:00
2026-06-14 08:00:00+00:00,2.102,2.131,2.084,2.108,10981972.0,2026-06-14 11:59:59.999000+00:00
2026-06-14 12:00:00+00:00,2.108,2.114,2.061,2.069,14963267.0,2026-06-14 15:59:59.999000+00:00
2026-06-14 16:00:00+00:00,2.069,2.11,2.066,2.102,9892155.0,2026-06-14 19:59:59.999000+00:00
2026-06-14 20:00:00+00:00,2.102,2.235,2.098,2.217,23288225.0,2026-06-14 23:59:59.999000+00:00
2026-06-15 00:00:00+00:00,2.216,2.318,2.208,2.315,18161007.0,2026-06-15 03:59:59.999000+00:00
2026-06-15 04:00:00+00:00,2.316,2.412,2.314,2.374,28933433.0,2026-06-15 07:59:59.999000+00:00
2026-06-15 08:00:00+00:00,2.374,2.5,2.348,2.493,28119528.0,2026-06-15 11:59:59.999000+00:00
2026-06-15 12:00:00+00:00,2.493,2.543,2.44,2.487,32947659.0,2026-06-15 15:59:59.999000+00:00
2026-06-15 16:00:00+00:00,2.486,2.53,2.458,2.466,18137469.0,2026-06-15 19:59:59.999000+00:00
2026-06-15 20:00:00+00:00,2.466,2.49,2.365,2.391,17823924.0,2026-06-15 23:59:59.999000+00:00
2026-06-16 00:00:00+00:00,2.392,2.427,2.339,2.397,16627345.0,2026-06-16 03:59:59.999000+00:00
2026-06-16 04:00:00+00:00,2.397,2.464,2.364,2.45,15360838.0,2026-06-16 07:59:59.999000+00:00
2026-06-16 08:00:00+00:00,2.451,2.562,2.421,2.438,29876599.0,2026-06-16 11:59:59.999000+00:00
2026-06-16 12:00:00+00:00,2.439,2.455,2.3,2.337,31951719.0,2026-06-16 15:59:59.999000+00:00
2026-06-16 16:00:00+00:00,2.337,2.359,2.276,2.302,16247364.0,2026-06-16 19:59:59.999000+00:00
2026-06-16 20:00:00+00:00,2.302,2.384,2.296,2.306,13927262.0,2026-06-16 23:59:59.999000+00:00
2026-06-17 00:00:00+00:00,2.307,2.358,2.302,2.314,11599033.0,2026-06-17 03:59:59.999000+00:00
2026-06-17 04:00:00+00:00,2.315,2.347,2.267,2.314,12938436.0,2026-06-17 07:59:59.999000+00:00
2026-06-17 08:00:00+00:00,2.315,2.32,2.256,2.284,14133798.0,2026-06-17 11:59:59.999000+00:00
2026-06-17 12:00:00+00:00,2.284,2.384,2.271,2.38,20951472.0,2026-06-17 15:59:59.999000+00:00
2026-06-17 16:00:00+00:00,2.379,2.388,2.225,2.235,33427665.0,2026-06-17 19:59:59.999000+00:00
2026-06-17 20:00:00+00:00,2.235,2.273,2.172,2.18,18124212.0,2026-06-17 23:59:59.999000+00:00
2026-06-18 00:00:00+00:00,2.181,2.244,2.175,2.205,12422773.0,2026-06-18 03:59:59.999000+00:00
2026-06-18 04:00:00+00:00,2.205,2.221,2.148,2.215,15629880.0,2026-06-18 07:59:59.999000+00:00
2026-06-18 08:00:00+00:00,2.215,2.237,2.184,2.204,12458036.0,2026-06-18 11:59:59.999000+00:00
2026-06-18 12:00:00+00:00,2.204,2.3,2.167,2.178,33275382.0,2026-06-18 15:59:59.999000+00:00
2026-06-18 16:00:00+00:00,2.178,2.23,2.126,2.196,30011525.0,2026-06-18 19:59:59.999000+00:00
2026-06-18 20:00:00+00:00,2.196,2.238,2.182,2.236,9813333.0,2026-06-18 23:59:59.999000+00:00
2026-06-19 00:00:00+00:00,2.237,2.254,2.102,2.133,21331197.0,2026-06-19 03:59:59.999000+00:00
2026-06-19 04:00:00+00:00,2.132,2.153,2.093,2.119,17103270.0,2026-06-19 07:59:59.999000+00:00
2026-06-19 08:00:00+00:00,2.119,2.149,2.096,2.1,11257282.0,2026-06-19 11:59:59.999000+00:00
2026-06-19 12:00:00+00:00,2.1,2.178,2.083,2.163,17656483.0,2026-06-19 15:59:59.999000+00:00
2026-06-19 16:00:00+00:00,2.163,2.181,2.118,2.121,11090315.0,2026-06-19 19:59:59.999000+00:00
2026-06-19 20:00:00+00:00,2.122,2.191,2.12,2.185,7889648.0,2026-06-19 23:59:59.999000+00:00
2026-06-20 00:00:00+00:00,2.184,2.19,2.15,2.158,8570055.0,2026-06-20 03:59:59.999000+00:00
2026-06-20 04:00:00+00:00,2.159,2.192,2.137,2.139,9015030.0,2026-06-20 07:59:59.999000+00:00
2026-06-20 08:00:00+00:00,2.139,2.158,2.12,2.133,7934407.0,2026-06-20 11:59:59.999000+00:00
2026-06-20 12:00:00+00:00,2.133,2.179,2.096,2.163,16841852.0,2026-06-20 15:59:59.999000+00:00
2026-06-20 16:00:00+00:00,2.163,2.195,2.133,2.152,10348664.0,2026-06-20 19:59:59.999000+00:00
2026-06-20 20:00:00+00:00,2.153,2.203,2.144,2.192,10058319.0,2026-06-20 23:59:59.999000+00:00
2026-06-21 00:00:00+00:00,2.192,2.226,2.165,2.206,9411926.0,2026-06-21 03:59:59.999000+00:00
2026-06-21 04:00:00+00:00,2.207,2.249,2.185,2.215,8393555.0,2026-06-21 07:59:59.999000+00:00
2026-06-21 08:00:00+00:00,2.216,2.279,2.197,2.234,17874686.0,2026-06-21 11:59:59.999000+00:00
2026-06-21 12:00:00+00:00,2.234,2.235,2.158,2.202,13239788.0,2026-06-21 15:59:59.999000+00:00
2026-06-21 16:00:00+00:00,2.202,2.204,2.143,2.179,9495719.0,2026-06-21 19:59:59.999000+00:00
2026-06-21 20:00:00+00:00,2.179,2.181,2.087,2.1,15991868.0,2026-06-21 23:59:59.999000+00:00
2026-06-22 00:00:00+00:00,2.101,2.185,2.094,2.139,14285894.0,2026-06-22 03:59:59.999000+00:00
2026-06-22 04:00:00+00:00,2.14,2.198,2.127,2.17,8742960.0,2026-06-22 07:59:59.999000+00:00
2026-06-22 08:00:00+00:00,2.17,2.172,2.132,2.164,8914769.0,2026-06-22 11:59:59.999000+00:00
2026-06-22 12:00:00+00:00,2.164,2.19,2.111,2.12,15834443.0,2026-06-22 15:59:59.999000+00:00
2026-06-22 16:00:00+00:00,2.12,2.139,2.101,2.111,9454538.0,2026-06-22 19:59:59.999000+00:00
2026-06-22 20:00:00+00:00,2.111,2.146,2.053,2.066,14791134.0,2026-06-22 23:59:59.999000+00:00
2026-06-23 00:00:00+00:00,2.066,2.069,2.018,2.061,15344755.0,2026-06-23 03:59:59.999000+00:00
2026-06-23 04:00:00+00:00,2.061,2.068,2.001,2.016,16278607.0,2026-06-23 07:59:59.999000+00:00
2026-06-23 08:00:00+00:00,2.017,2.022,1.961,2.009,15377723.0,2026-06-23 11:59:59.999000+00:00
2026-06-23 12:00:00+00:00,2.01,2.012,1.966,1.978,11847312.0,2026-06-23 15:59:59.999000+00:00
2026-06-23 16:00:00+00:00,1.978,2.006,1.962,1.98,9400052.0,2026-06-23 19:59:59.999000+00:00
2026-06-23 20:00:00+00:00,1.98,2.001,1.97,1.98,4868600.0,2026-06-23 23:59:59.999000+00:00
2026-06-24 00:00:00+00:00,1.981,2.004,1.953,1.968,7423402.0,2026-06-24 03:59:59.999000+00:00
2026-06-24 04:00:00+00:00,1.969,1.99,1.948,1.953,7332882.0,2026-06-24 07:59:59.999000+00:00
2026-06-24 08:00:00+00:00,1.954,1.984,1.937,1.972,8331226.0,2026-06-24 11:59:59.999000+00:00
2026-06-24 12:00:00+00:00,1.973,1.98,1.894,1.912,20104290.0,2026-06-24 15:59:59.999000+00:00
2026-06-24 16:00:00+00:00,1.912,1.931,1.857,1.905,21740400.0,2026-06-24 19:59:59.999000+00:00
2026-06-24 20:00:00+00:00,1.905,1.98,1.901,1.965,10467101.0,2026-06-24 23:59:59.999000+00:00
2026-06-25 00:00:00+00:00,1.965,1.972,1.934,1.941,4532738.0,2026-06-25 03:59:59.999000+00:00
2026-06-25 04:00:00+00:00,1.941,1.976,1.927,1.969,6416431.0,2026-06-25 07:59:59.999000+00:00
2026-06-25 08:00:00+00:00,1.969,1.971,1.9,1.904,11897572.0,2026-06-25 11:59:59.999000+00:00
2026-06-25 12:00:00+00:00,1.904,1.95,1.801,1.863,36053720.0,2026-06-25 15:59:59.999000+00:00
2026-06-25 16:00:00+00:00,1.863,1.89,1.821,1.832,12353651.0,2026-06-25 19:59:59.999000+00:00
2026-06-25 20:00:00+00:00,1.833,1.859,1.775,1.833,16391394.0,2026-06-25 23:59:59.999000+00:00
2026-06-26 00:00:00+00:00,1.833,1.842,1.756,1.824,18966295.0,2026-06-26 03:59:59.999000+00:00
2026-06-26 04:00:00+00:00,1.825,1.865,1.797,1.848,13215281.0,2026-06-26 07:59:59.999000+00:00
2026-06-26 08:00:00+00:00,1.848,1.851,1.777,1.789,13503227.0,2026-06-26 11:59:59.999000+00:00
2026-06-26 12:00:00+00:00,1.788,1.817,1.751,1.802,22209205.0,2026-06-26 15:59:59.999000+00:00
2026-06-26 16:00:00+00:00,1.801,1.845,1.787,1.806,16365950.0,2026-06-26 19:59:59.999000+00:00
2026-06-26 20:00:00+00:00,1.806,1.829,1.768,1.803,16660065.0,2026-06-26 23:59:59.999000+00:00
2026-06-27 00:00:00+00:00,1.803,1.837,1.789,1.807,8927623.0,2026-06-27 03:59:59.999000+00:00
2026-06-27 04:00:00+00:00,1.808,1.82,1.796,1.812,7763553.0,2026-06-27 07:59:59.999000+00:00
2026-06-27 08:00:00+00:00,1.811,1.823,1.791,1.821,5900173.0,2026-06-27 11:59:59.999000+00:00
2026-06-27 12:00:00+00:00,1.82,1.904,1.809,1.893,19847558.0,2026-06-27 15:59:59.999000+00:00
2026-06-27 16:00:00+00:00,1.893,1.928,1.831,1.859,31831405.0,2026-06-27 19:59:59.999000+00:00
2026-06-27 20:00:00+00:00,1.859,1.912,1.854,1.867,15296353.0,2026-06-27 23:59:59.999000+00:00
2026-06-28 00:00:00+00:00,1.867,1.954,1.867,1.909,18837966.0,2026-06-28 03:59:59.999000+00:00
2026-06-28 04:00:00+00:00,1.909,1.909,1.839,1.873,13548410.0,2026-06-28 07:59:59.999000+00:00
2026-06-28 08:00:00+00:00,1.873,1.892,1.833,1.868,10108559.0,2026-06-28 11:59:59.999000+00:00
2026-06-28 12:00:00+00:00,1.868,1.885,1.847,1.864,10813643.0,2026-06-28 15:59:59.999000+00:00
2026-06-28 16:00:00+00:00,1.865,1.871,1.811,1.826,12335352.0,2026-06-28 19:59:59.999000+00:00
2026-06-28 20:00:00+00:00,1.825,1.854,1.801,1.833,12220888.0,2026-06-28 23:59:59.999000+00:00
2026-06-29 00:00:00+00:00,1.833,1.882,1.805,1.866,11224887.0,2026-06-29 03:59:59.999000+00:00
2026-06-29 04:00:00+00:00,1.866,1.877,1.821,1.866,8539235.0,2026-06-29 07:59:59.999000+00:00
2026-06-29 08:00:00+00:00,1.866,1.873,1.829,1.84,10141073.0,2026-06-29 11:59:59.999000+00:00
2026-06-29 12:00:00+00:00,1.84,1.875,1.812,1.846,22082383.0,2026-06-29 15:59:59.999000+00:00
2026-06-29 16:00:00+00:00,1.846,1.916,1.839,1.895,16181721.0,2026-06-29 19:59:59.999000+00:00
2026-06-29 20:00:00+00:00,1.894,1.899,1.853,1.865,12943706.0,2026-06-29 23:59:59.999000+00:00
2026-06-30 00:00:00+00:00,1.865,1.867,1.826,1.85,9153298.0,2026-06-30 03:59:59.999000+00:00
2026-06-30 04:00:00+00:00,1.85,1.875,1.84,1.857,8024549.0,2026-06-30 07:59:59.999000+00:00
2026-06-30 08:00:00+00:00,1.856,1.861,1.832,1.845,9328456.0,2026-06-30 11:59:59.999000+00:00
2026-06-30 12:00:00+00:00,1.845,1.845,1.757,1.786,25832899.0,2026-06-30 15:59:59.999000+00:00
2026-06-30 16:00:00+00:00,1.787,1.811,1.774,1.797,6687501.0,2026-06-30 19:59:59.999000+00:00
2026-06-30 20:00:00+00:00,1.796,1.801,1.777,1.782,3953907.0,2026-06-30 23:59:59.999000+00:00
2026-07-01 00:00:00+00:00,1.783,1.844,1.721,1.841,19252113.0,2026-07-01 03:59:59.999000+00:00
2026-07-01 04:00:00+00:00,1.841,1.854,1.787,1.795,10272865.0,2026-07-01 07:59:59.999000+00:00
2026-07-01 08:00:00+00:00,1.795,1.803,1.768,1.789,10555299.0,2026-07-01 11:59:59.999000+00:00
2026-07-01 12:00:00+00:00,1.789,1.866,1.767,1.84,19328889.0,2026-07-01 15:59:59.999000+00:00
2026-07-01 16:00:00+00:00,1.841,1.85,1.814,1.828,10384482.0,2026-07-01 19:59:59.999000+00:00
2026-07-01 20:00:00+00:00,1.827,1.877,1.801,1.806,13453263.0,2026-07-01 23:59:59.999000+00:00
2026-07-02 00:00:00+00:00,1.805,1.927,1.8,1.923,19888957.0,2026-07-02 03:59:59.999000+00:00
2026-07-02 04:00:00+00:00,1.922,1.926,1.892,1.916,8846394.0,2026-07-02 07:59:59.999000+00:00
2026-07-02 08:00:00+00:00,1.916,1.953,1.909,1.945,13411826.0,2026-07-02 11:59:59.999000+00:00
2026-07-02 12:00:00+00:00,1.945,1.955,1.898,1.914,16741984.0,2026-07-02 15:59:59.999000+00:00
2026-07-02 16:00:00+00:00,1.914,1.95,1.904,1.939,9911107.0,2026-07-02 19:59:59.999000+00:00
2026-07-02 20:00:00+00:00,1.939,1.948,1.914,1.942,11701246.0,2026-07-02 23:59:59.999000+00:00
2026-07-03 00:00:00+00:00,1.942,1.967,1.92,1.958,10946283.0,2026-07-03 03:59:59.999000+00:00
2026-07-03 04:00:00+00:00,1.959,1.968,1.933,1.956,6274404.0,2026-07-03 07:59:59.999000+00:00
2026-07-03 08:00:00+00:00,1.956,2.021,1.949,2.014,15389663.0,2026-07-03 11:59:59.999000+00:00
2026-07-03 12:00:00+00:00,2.014,2.115,2.013,2.033,35327977.0,2026-07-03 15:59:59.999000+00:00
2026-07-03 16:00:00+00:00,2.033,2.041,1.995,2.008,13777511.0,2026-07-03 19:59:59.999000+00:00
2026-07-03 20:00:00+00:00,2.008,2.061,2.0,2.043,10983852.0,2026-07-03 23:59:59.999000+00:00
2026-07-04 00:00:00+00:00,2.044,2.056,2.002,2.008,9998935.0,2026-07-04 03:59:59.999000+00:00
2026-07-04 04:00:00+00:00,2.009,2.017,1.967,1.979,12538802.0,2026-07-04 07:59:59.999000+00:00
2026-07-04 08:00:00+00:00,1.979,1.983,1.955,1.966,9977699.0,2026-07-04 11:59:59.999000+00:00
2026-07-04 12:00:00+00:00,1.965,2.046,1.965,2.036,18352481.0,2026-07-04 15:59:59.999000+00:00
